dummy_ID,lat_lon_ID,Lat_dec,Lon_dec,Biome_short_name,MAT,min_T,max_T,MAP,annual_PET,mean_soil_moisture,min_soil_moisture,max_soil_moisture,annual_N_rate,annual_N_change
1,475200_61200,47.86666666666667,6.2,Continental,11.007082199541259,1.3642769824581455,20.646514734086832,1227.7871213155295,-845.8992612817499,0.3475702916360767,0.24200723749875858,0.4057734994695459,14.993612408108183,-0.32757733245629933
2,465800_51400,46.96666666666667,5.233333333333333,Continental,12.081705277483739,2.196482189757368,21.806571620600845,1075.9188258301579,-918.4054441425724,0.3376026808812737,0.2255625702973507,0.4049704595440664,13.223990258110893,-0.26577725625998605
3,461000_51400,46.166666666666664,5.233333333333333,Continental,12.629185370128887,2.7354155344746136,22.403654277221538,1107.13457049849,-931.6224210004835,0.3336675003487183,0.20600124605985015,0.4063970538401866,15.996397959391276,-0.39967364457862714
4,470400_50400,47.06666666666667,5.066666666666666,Continental,11.88328379801237,2.100790038958522,21.599294745049214,999.3413945271293,-918.2662998448402,0.33346355075172585,0.22224338815279607,0.40299165917239677,14.708781110975478,-0.2691047178727151
5,481000_-13200,48.166666666666664,-1.5333333333333332,Atlantic,11.740194514581153,4.633534330035354,18.900149817361573,814.0222420396506,-833.3065463250438,0.34512648866063567,0.2520324161704776,0.4018010344980626,13.096993874443902,-0.25413069041029335
6,455600_42800,45.93333333333333,4.466666666666667,Continental,11.484911627769335,1.730412256133973,21.22938835213008,943.5065580487508,-960.7807408974894,0.3291874839204014,0.2267736332853829,0.39185537944691395,12.444341261121963,-0.28048941062085686
7,470500_40500,47.083333333333336,4.083333333333333,Continental,10.722121389934477,1.5900727471509981,19.994245787825285,1180.6075281877165,8.495867496580466,0.3428232765097233,0.24724316186248163,0.4012722395818399,12.751536763509115,-0.3159515412353357
8,463400_55200,46.56666666666667,5.866666666666667,Continental,9.89927383343616,0.27348074133232286,19.24136876746557,1746.5036958826522,-838.6236168447697,0.3708154980490732,0.29398261244417057,0.4087069548937638,11.870723893907336,-0.30765773021277665
9,463100_60300,46.516666666666666,6.05,Continental,8.63632207060428,-1.043481642269171,17.946460697295898,1947.6242059655592,-792.4937856436138,0.37710907417952566,0.325113880263255,0.4067485928357921,10.5361515850491,-0.2713328901040979
10,453500_64700,45.583333333333336,6.783333333333333,Alpine,0.892230498248261,-10.238514149378878,11.67279978756856,1379.9919045697334,-556.45731703561,0.4248507763109655,0.3358016319044927,0.4901484325004289,4.868424712287055,-0.13165168014227632
11,461300_62000,46.21666666666667,6.333333333333333,Alpine,9.563675085597298,-0.07585284928628212,19.074429399534285,1483.839211718478,-791.6571700762263,0.3589353256392673,0.2860220750616527,0.3967315894895523,13.600132412380642,-0.3032824990476331
12,440700_54800,44.11666666666667,5.8,Mediterranean,11.714761906827201,2.4107962431826677,21.619934888764796,915.5041788852171,-1137.1813572041513,0.29303452242571926,0.18802333372538896,0.37740660647954133,6.665490040249295,-0.18388546930870878
13,474800_45100,47.8,4.85,Continental,10.725137724150663,1.4964008388039196,19.949834124593863,1019.6590009530175,-831.1229236522258,0.3408542927220571,0.2299857929873007,0.40600315179437063,13.852736316257053,-0.25606753275491184
14,471100_61600,47.18333333333333,6.266666666666667,Continental,11.06833763421431,1.4979160206427453,20.501360313927147,1291.7199891610178,-889.32559519323,0.3515637523298134,0.24648954549558097,0.40555202247020034,14.492101262410483,-0.32781506313013986
15,445500_51700,44.916666666666664,5.283333333333333,Alpine,11.156543664372434,1.3049491957911565,20.972076805189612,1062.4915000296776,-978.8522159267714,0.33226019858204336,0.22537230817710752,0.3917777138548616,11.214684918721517,-0.33504134667302143
16,474700_50400,47.78333333333333,5.066666666666666,Continental,10.879686271711087,1.5247852452512876,20.252735809529284,991.7931921006751,-844.4429234547579,0.33578633413636116,0.2215741262806126,0.4045193302198961,13.554584460788304,-0.2494312561161197
17,483800_60400,48.63333333333333,6.066666666666666,Continental,10.60500063968539,1.0884128756689175,20.067513247409483,879.9158990312344,-799.6349661411156,0.32998925419306024,0.21106883303984247,0.4004684564449532,17.784530987209745,-0.33503369515402925
18,444200_63300,44.7,6.55,Alpine,1.5211965090071053,-9.371830137569445,12.405878431900929,1151.0056815181565,-619.272539757785,0.4085602635422677,0.3021999293678759,0.49090725134718,4.029781019422743,-0.09739127569523688
19,440100_64000,44.016666666666666,6.666666666666667,Alpine,7.575450670795312,-2.120573905430479,17.059641602383813,1192.0495985249431,-955.6621971032225,0.3284139556812162,0.24335282175149392,0.3844693444821617,4.683055051167806,-0.12758809604389404
20,481200_-13300,48.2,-1.55,Atlantic,11.740194514581153,4.633534330035354,18.900149817361573,814.0222420396506,-833.3065463250438,0.34512648866063567,0.2520324161704776,0.4018010344980626,13.096993874443902,-0.25413069041029335
21,475600_34300,47.93333333333333,3.716666666666667,Continental,11.56001694680619,2.4756460258844903,20.752611133512303,858.0634666753516,-839.5908052302638,0.3253645902446171,0.21334974884853886,0.3974339242693562,13.393359154595268,-0.2410109859502075
22,442900_62700,44.483333333333334,6.45,Alpine,4.515726136174208,-6.2554714728837135,15.017984580624804,971.8306269342922,-783.3287387016888,0.4000956430228166,0.3077870211215009,0.45933377274081155,4.375094663831923,-0.11344364642605258
23,465800_62700,46.96666666666667,6.45,Continental,8.62258161603995,-1.1946631190766395,17.905315092694842,1784.9249227698788,-388.55468343457886,0.3826850796963266,0.3325482239694753,0.4098388658669292,11.84901852077908,-0.23726219909479582
24,445600_51900,44.93333333333333,5.316666666666666,Alpine,11.156543664372434,1.3049491957911565,20.972076805189612,1062.4915000296776,-978.8522159267714,0.33226019858204336,0.22537230817710752,0.3917777138548616,9.717052264743382,-0.29346297115488323
25,452500_60700,45.416666666666664,6.116666666666666,Alpine,9.357812379761908,-0.9150952344591716,19.052610781055172,1727.031575702281,-764.4469070561634,0.4635914760569498,0.4115567990346717,0.488687278873874,10.862965210808648,-0.27533975898420715
26,465000_54700,46.833333333333336,5.783333333333333,Continental,10.576501191653959,0.8701593494626683,19.948251601339976,1564.2684979030114,-877.8413603782432,0.3645131891845862,0.2750073104012471,0.41087044330012257,14.966493623521593,-0.40208907734622945
27,482000_41800,48.333333333333336,4.3,Continental,11.455306658174019,2.3323771653464473,20.64607701488895,888.7047402991366,-821.2095149570448,0.3280194342925609,0.21947827011230897,0.39638971224224034,18.77714191860623,-0.2646898924332606
28,464900_23400,46.81666666666667,2.5666666666666664,Atlantic,12.226318160430665,3.2100714985180323,21.314204864396903,800.6246561583284,-919.544404735037,0.3210217582552125,0.21778672094952206,0.39080224888291176,12.694998592800564,-0.24559777290337081
29,434400_-5000,43.733333333333334,-0.8333333333333334,Atlantic,14.177967769178727,5.760896959538212,22.263247426823508,989.1678172382786,-1026.0394104157772,0.31724677074805063,0.2170840145640146,0.38031739395583963,21.02958381228977,-0.23009310435953872
30,472700_-100,47.45,-0.016666666666666666,Atlantic,12.456440611041062,4.363394243526138,20.70223975504817,760.3930975881311,-924.3886244725957,0.32331165453507926,0.21072955703245572,0.3964889309651015,12.605003390842015,-0.2281655792456851
31,490100_54600,49.016666666666666,5.766666666666667,Continental,10.530383545907714,1.133969342956334,19.897678198630658,860.2634696042953,-777.3069530637164,0.3317354603614183,0.21804981778767082,0.40130011000960986,16.34242897881402,-0.25025754221945434
32,501000_34500,50.166666666666664,3.75,Atlantic,10.640688783774372,2.4122777543139606,18.884391926237765,900.6623132221816,-714.038218922041,0.337488164390281,0.24219638480189093,0.39640346165327356,19.6727247789171,-0.3749440381942851
33,431200_-200,43.2,-0.03333333333333333,Atlantic,12.50126193454742,4.445853806265895,20.463615450786573,1480.887320989213,-903.6209510652676,0.3612481066370474,0.29444823439078127,0.4001425582428961,11.519928732977974,-0.24232832161635792
34,464000_24300,46.666666666666664,2.716666666666667,Continental,12.142043185376611,3.1083522910714048,21.25528112622027,826.1090341923108,-922.8403558441383,0.32608327567537937,0.2250155667016516,0.39291594212498815,12.652778896755642,-0.22479495431371305
35,481700_42700,48.28333333333333,4.45,Continental,11.39741268246933,2.2361799539346574,20.61206960028416,939.9160181366584,-829.0009471098195,0.3311037306652984,0.22241321195934124,0.3984361448519652,18.46112414042155,-0.28258468250003954
36,471500_20700,47.25,2.1166666666666667,Atlantic,12.33111262583166,3.489201663937627,21.354306677064546,811.1232311558961,-954.6879790031746,0.24418896555173575,0.1405503334847938,0.31646847356900254,12.972097625732422,-0.2337072879881868
37,492100_13000,49.35,1.5,Atlantic,11.211379217476528,3.314484362567025,19.26722787084823,762.9540865642897,-757.0967011472374,0.3248675676160522,0.22031326812829802,0.3923236026334499,16.743818223741318,-0.29892794236064557
38,473400_11500,47.56666666666667,1.25,Atlantic,12.249719302163669,3.670350070446362,21.059755327596438,745.2365417111971,-903.2641976402549,0.29704058674623635,0.1798777367024784,0.3770305415074982,14.214266772800022,-0.24138431151462697
39,490200_45700,49.03333333333333,4.95,Continental,10.867994118521466,1.7360352642914045,20.09943307814745,989.7296795798618,-785.0835549048478,0.32891261956830536,0.21963322969071014,0.39902030901802427,20.87771243625217,-0.34548298933189564
40,485200_62900,48.86666666666667,6.483333333333333,Continental,10.812889199757139,1.1117466759868666,20.641767164325177,927.4946399080084,-798.4246377329255,0.39596032185173063,0.29022233432944283,0.46062510256082134,19.696182284884983,-0.291725804316129
41,490000_72700,49,7.45,Continental,10.437098850697224,0.7357122142973587,20.18084884895379,1026.5420583417467,-831.6832023029501,0.336355912778554,0.23274162088519781,0.3972366016407446,17.11844243367513,-0.3703144592348228
42,465800_33900,46.96666666666667,3.65,Continental,11.471608892402886,2.339313331097522,20.78328514807168,1042.1745488088861,6.812168266417143,0.33364542077649606,0.23049080513849302,0.4001473891170429,12.51700311448839,-0.2513400840168833
43,492300_21800,49.38333333333333,2.3,Atlantic,11.042009946818531,2.97020137807785,19.261436509153146,748.3483024841265,-750.2374617600725,0.3257698572315348,0.22516569540590595,0.39124594609301006,15.857279222276475,-0.28479146258627197
44,483100_4000,48.516666666666666,0.6666666666666666,Atlantic,10.954106953028173,3.0168353080062116,19.120389915312057,750.1390579172484,-785.6717933427873,0.3284458208702999,0.2198851783577509,0.39701178019006667,13.711691869099935,-0.22579749753970282
45,474100_72800,47.68333333333333,7.466666666666667,Continental,10.682732273909545,0.7864876412518481,20.604628373920132,981.5422526685438,-809.4162357806567,0.33325198323780963,0.22512407556710276,0.3945632702090467,18.111231570773654,-0.33431387949532104
46,474700_2200,47.78333333333333,0.36666666666666664,Atlantic,12.092645451538532,4.000019967867733,20.403176530771105,774.2135624274149,-864.3264680107786,0.31377532316644596,0.19103482634736282,0.39374164999838723,13.495824813842773,-0.2459172719477199
47,440200_14400,44.03333333333333,1.7333333333333334,Atlantic,13.664719562521908,4.61471240452636,22.77204548830185,838.0355887472277,-1004.7020242238328,0.31759521302945953,0.2114404387434424,0.39150123921138325,9.971313730875652,-0.26677448725430747
48,463700_2900,46.61666666666667,0.48333333333333334,Atlantic,12.488946873268505,4.015946212529188,21.029317007989768,772.5207521659863,-941.2055065290261,0.3161036806366353,0.20036733198757156,0.39359337932265087,13.013869111802842,-0.23096227041585649
49,480100_60200,48.016666666666666,6.033333333333333,Continental,10.822998829692871,1.2427930696916933,20.45108994758559,1083.9030272971254,-832.552935228805,0.3411839689154342,0.23999053334532172,0.3998344971146117,15.820297461615668,-0.3168749023689529
50,485900_74300,48.983333333333334,7.716666666666667,Continental,10.803416507372171,0.9652454275259912,20.695236247882026,904.5788576215546,-852.535899159497,0.3292400041931769,0.22057636496644678,0.39471414212470823,16.044603805541993,-0.3257917628175157
51,482700_24300,48.45,2.716666666666667,Atlantic,11.812378899739823,3.0500009549227705,20.81203993230188,753.0290717163784,-859.8151961113498,0.3132583576984545,0.2006285707972023,0.38915120474181725,16.782246899074977,-0.35360252561461814
52,460900_14900,46.15,1.8166666666666667,Continental,11.29619011795876,2.697502317796393,19.919025427204367,993.1324792607497,-58.3106179096275,0.3435597061128325,0.24820822187473066,0.4017976900467302,10.615591540866427,-0.24892098835255852
53,432600_24200,43.43333333333333,2.7,Continental,12.29911984189404,3.855404279028513,21.200027495164356,1019.8314317578097,-1052.889371503916,0.320687870530528,0.20834905089519454,0.3915755603521032,8.6129894595676,-0.26372849156367884
54,483400_-400,48.56666666666667,-0.06666666666666667,Atlantic,10.9058063230771,3.3064707341750053,18.71280600066741,818.9178066794288,-780.1328310150259,0.34715043912529275,0.2544259285073648,0.402657957250564,13.094293204413521,-0.21405245203229348
55,430600_-600,43.1,-0.1,Atlantic,8.501075256135143,0.379274104390029,16.939201481550775,1784.0216026890935,-809.282909810636,0.41645227063961326,0.37278866240090497,0.4413885617082672,10.483631159464519,-0.23846564073435697
56,495600_44800,49.93333333333333,4.8,Continental,9.829836416833441,1.2234324128622325,18.450780554672807,1009.4972972589734,-697.9591632242092,0.3400474128709738,0.24268244506219966,0.39862752178931915,18.677982347276476,-0.3794997995729035
57,433800_25500,43.63333333333333,2.9166666666666665,Continental,11.285645574717435,2.8075045192952865,20.27512683003641,1135.6161442971018,-1011.3440949880236,0.35251373134392466,0.25459835355383514,0.40915473976660166,8.849933908250597,-0.2780941966935798
58,454500_25700,45.75,2.95,Continental,10.044649919087089,1.1540034139363908,18.898466281985094,977.7751110118958,-859.5550110192486,0.34767300964598014,0.27822058492027574,0.39077475006084533,10.023692126803928,-0.23429174732252492
59,470000_40700,47,4.116666666666666,Continental,10.722121389934477,1.5900727471509981,19.994245787825285,1180.6075281877165,8.495867496580466,0.3428232765097233,0.24724316186248163,0.4012722395818399,10.98628392537435,-0.24043763435293672
60,432600_22600,43.43333333333333,2.4333333333333336,Continental,11.698013535723568,3.2145497026194567,20.49290896633724,1045.474976688523,-997.2278469432783,0.33096834232062017,0.2262117654615398,0.39303634237295454,9.3450087568495,-0.25855395447975216
61,454800_14800,45.8,1.8,Continental,10.537824772271735,2.0758063739716315,19.08725793910303,1291.108267309615,8.566378776154988,0.3512645787712735,0.26462055937992535,0.40173971955696863,9.920894758436415,-0.2385460550251224
62,481400_70600,48.233333333333334,7.1,Continental,9.341162214888568,-0.38383881105865625,18.783682840017022,1284.3161076426336,-790.8789274475305,0.3595507975858547,0.2800760121983502,0.40097978589310673,14.16110223558214,-0.2982781373015218
63,491200_30700,49.2,3.1166666666666667,Atlantic,11.330601581053912,2.8639702958222597,19.97895928660689,781.7040748441101,-802.0804563877599,0.3210615510326397,0.21634191797392552,0.391786632391748,17.066350190904405,-0.32190467684877416
64,425500_11600,42.916666666666664,1.2666666666666666,Alpine,10.969312083370037,2.398405422811808,19.312784338135646,1294.0685958020802,-911.0009277235567,0.36459664563218636,0.3105398761737692,0.3986145155896932,11.001704898410374,-0.29175950781604143
65,491000_-5100,49.166666666666664,-0.85,Atlantic,11.715511080069733,5.076775523953751,18.562769327915937,821.1631306243495,-801.4386110229976,0.3385896656300352,0.23886716930333912,0.4027166709517328,13.710011571248373,-0.24899575862353687
66,475000_-33200,47.833333333333336,-3.533333333333333,Atlantic,12.57199847928232,7.026343160619571,18.283639162496353,883.7253893100047,-334.2298691912134,0.13012725800594513,0.08333940578136234,0.1613866368913457,10.047804408603245,-0.2126683509755862
67,440600_33200,44.1,3.533333333333333,Mediterranean,11.292508787268865,2.7437658699419325,20.521596409152377,1147.1937781669558,-1086.6077491522665,0.3274753106410647,0.21135719906583603,0.3955799834140961,8.498520707024468,-0.24648097043190662
68,483000_64200,48.5,6.7,Continental,10.557308888362142,0.9203960450966886,20.196270033002307,1024.4392814569508,-823.6744914011247,0.3275002391903479,0.20948579274250675,0.3978334004007261,18.865430823432074,-0.31685007731120624
69,491000_50000,49.166666666666664,5,Continental,10.768376524403134,1.73344261981163,19.87818285897108,990.4303495183333,-763.1913351848536,0.329605850008371,0.22186435033512414,0.39856249079118916,21.391650627983942,-0.3610329995485134
70,491900_25200,49.31666666666667,2.8666666666666667,Atlantic,11.419475413578038,3.0340410395537836,19.979161310852064,757.8916044309013,-807.8815921951159,0.31870972046883966,0.2119822398592911,0.3904923297261094,19.764739735921225,-0.3941468031561504
71,430900_-3900,43.15,-0.65,Atlantic,13.051996862253754,5.210515574260934,20.63520137635692,1360.0972570048673,-913.6105058242739,0.3584017308160397,0.2876601130031213,0.4020407201768846,12.729597180684408,-0.27399291149727123
72,430100_2600,43.016666666666666,0.43333333333333335,Alpine,9.868459524262075,1.5545838214149,18.071143327277653,1457.0321184191912,-409.74848357703627,0.3749410336032977,0.33436017338022855,0.3995167742380338,10.661570748223198,-0.24800938876913928
73,494200_11900,49.7,1.3166666666666667,Atlantic,10.90437812389939,3.4460021461772663,18.421958429027555,876.6877674408356,-736.4663733117244,0.33550790856293894,0.23628339484620878,0.3968661107542555,20.536338119506837,-0.2829910698763751
74,432400_21000,43.4,2.1666666666666665,Continental,12.341904087594864,3.674962957377901,21.178006852440063,1069.4682517472754,-1018.2464120254691,0.3297459143914862,0.22260235926247363,0.3957405170780513,11.177157567342123,-0.27333998342540866
75,480600_61400,48.1,6.233333333333333,Continental,10.426453295333312,0.8953113679872075,19.964884930859554,1279.3303324474289,-811.9109401472922,0.34865033264644796,0.25133305423630253,0.40199129661830574,15.680689154730903,-0.3474882326234434
76,421500_85000,42.25,8.833333333333334,Mediterranean,13.447737105524899,5.702983342587462,22.207017345249238,913.6176356630384,-649.5466387081399,0.17744167551252904,0.0982459969755701,0.22683123216944087,5.831623918745253,-0.15400244859473294
77,473900_20500,47.65,2.0833333333333335,Atlantic,12.144624606287206,3.4010854223329132,21.03194332317707,790.0115960555219,-937.0946530439655,0.2523212467036006,0.1528382192857328,0.32217039148503995,13.456355751885308,-0.25502551713595994
78,414500_91200,41.75,9.2,Mediterranean,15.719951491199902,7.332443562770288,25.612708399736004,724.4138200973694,-1333.549103758942,0.2143318717560115,0.07562858743166372,0.36489724367925674,6.58966106414795,-0.17370581549142067
79,435600_-12000,43.93333333333333,-1.3333333333333333,Atlantic,14.801423007471909,7.513558298571499,22.002434126299967,1018.7837428271177,-795.1796994697323,0.13512851336784484,0.07148555544222805,0.18512109318027348,10.179760174221464,-0.2943671669974876
80,440600_600,44.1,0.1,Atlantic,14.217592580156365,5.38967740902543,23.059391306358638,782.1049165379561,-1100.7676499501365,0.3021094743461913,0.1928248510216037,0.3803853977995984,11.166269158257379,-0.2782194608800598
81,440200_0,44.03333333333333,-0,Atlantic,14.217592580156365,5.38967740902543,23.059391306358638,782.1049165379561,-1100.7676499501365,0.3021094743461913,0.1928248510216037,0.3803853977995984,11.971340391370985,-0.2838475946794517
82,474400_2000,47.733333333333334,0.3333333333333333,Atlantic,12.092645451538532,4.000019967867733,20.403176530771105,774.2135624274149,-864.3264680107786,0.31377532316644596,0.19103482634736282,0.39374164999838723,13.495824813842773,-0.2459172719477199
83,445100_30300,44.85,3.05,Continental,8.871001290300336,0.23829485196399636,17.86366442748084,1059.6484532495729,10.818738475091788,0.34414656442024266,0.25725719236309263,0.3954603263775369,7.958960728115506,-0.14776856878102243
84,473200_-14800,47.53333333333333,-1.8,Atlantic,12.35021233467777,4.983440322681962,19.818181658153502,751.901016287327,-854.1248777275889,0.30948829396686534,0.19257476038308094,0.38960159085458035,11.608538945515951,-0.16921686272872663
85,474900_22600,47.81666666666667,2.4333333333333336,Atlantic,11.928029362426786,3.1007090404622004,20.90106528300989,789.2764079948679,-891.6344862781337,0.2773850294957313,0.16776301915941697,0.3528917782130537,15.233674443562826,-0.24275771307380128
86,483600_-3000,48.6,-0.5,Atlantic,11.051743587186852,3.651090425739481,18.66024602621385,841.6525765723813,-774.5863066966742,0.3529689483308346,0.2670634952753913,0.40479580486337446,13.856651628282336,-0.2252354640586746
87,452400_34100,45.4,3.6833333333333336,Continental,9.698557134068196,0.49267704734939805,18.90688395886747,1030.0471179596007,5.600805896730418,0.34014022139544786,0.264189868369453,0.388278302944061,8.21742524464925,-0.18231354743950506
88,485100_74200,48.85,7.7,Continental,11.214822047321418,1.3547818429348255,20.95635258477333,944.3999541694086,-840.3492863463326,0.3364047479614354,0.23574233694176727,0.39656548174004314,16.597603352864585,-0.34260784735744243
89,485500_72600,48.916666666666664,7.433333333333334,Continental,10.437098850697224,0.7357122142973587,20.18084884895379,1026.5420583417467,-831.6832023029501,0.336355912778554,0.23274162088519781,0.3972366016407446,17.11844243367513,-0.3703144592348228
90,492700_4400,49.45,0.7333333333333333,Atlantic,11.016392150173168,3.5474183172561347,18.546607388301776,892.1397568940615,-741.7009777544538,0.33486812740990773,0.23657733495775635,0.39682263288693426,20.646887953016492,-0.3490512333762729
91,484100_14300,48.68333333333333,1.7166666666666668,Atlantic,11.359086999623871,3.1256927054490946,19.830673490646948,743.2902789415201,-809.8066510764041,0.31926969929702276,0.21097667482534968,0.38966179097856357,16.02277975294325,-0.32075938269081544
92,481300_64100,48.21666666666667,6.683333333333334,Continental,9.586983632884596,-0.07312552197638782,19.019108427063305,1211.2887213805814,-802.6072138844027,0.35225747824415055,0.25902454908941397,0.4017029305923122,16.185517247517904,-0.3549653827049274
93,444200_35700,44.7,3.95,Continental,8.340376192666,-0.4802380467156218,17.452208381470307,1183.6673200100265,-293.9084727090432,0.34389892018593526,0.25746306192288704,0.3922790099490179,7.702291997273763,-0.21352977457431174
94,425100_12000,42.85,1.3333333333333333,Alpine,6.975607016157192,-2.0651519208369145,15.940494625518152,1360.8604750591826,-810.0114121614195,0.3890597278044477,0.3421453128706472,0.4231155944451476,8.926660058763293,-0.25223642441757643
95,425200_20600,42.86666666666667,2.1,Alpine,8.421699369026634,-0.2537688678721844,16.9653636213012,1332.2437372432462,-899.4037157902511,0.4003189161163962,0.36448661937677884,0.4248848091999869,8.60872026655409,-0.2441316855384474
96,483600_70800,48.6,7.133333333333334,Continental,9.59406570503497,-0.24158007174649707,19.10665226664002,1361.779424178623,-793.2151542718823,0.36358039693426647,0.29002092403809165,0.40084935229114316,16.323601769341362,-0.3649997011230082
97,452600_33100,45.43333333333333,3.5166666666666666,Continental,9.86326581762565,0.6659128375886982,19.143218655017066,937.7476887809396,-605.5819840619782,0.3246557523650002,0.24109122943938474,0.3825503726287716,9.118536059061686,-0.21497102727585865
98,475600_70700,47.93333333333333,7.116666666666666,Continental,9.474540305089818,-0.26498121347950226,19.053688243696108,1272.6816467160752,-781.2821251043409,0.3545395708042417,0.2710760936628634,0.3992640823595858,12.694146991305882,-0.27200594891213414
99,455800_-11600,45.96666666666667,-1.2666666666666666,Atlantic,13.760246165675404,6.4527963285619965,21.005814854134172,811.7889674762696,-718.7535238507567,0.17198272579236207,0.0688906328139897,0.25734414809773504,8.487849265204536,-0.25661302722030355
100,465200_-20800,46.86666666666667,-2.1333333333333333,Atlantic,13.43650792456381,7.277189931714371,19.45719800272969,766.2750175692786,-288.96913463191447,0.0987642940306661,0.0582366972917796,0.12544567645056726,7.021585434807672,-0.1660222802098259
101,461100_25900,46.18333333333333,2.9833333333333334,Continental,11.431776445395485,2.3214005146918306,20.522101469765317,911.0351687441885,-816.2182707891645,0.33957460654742677,0.25503536186126863,0.39230502234826986,10.975495402018229,-0.21101009687772732
102,510400_30200,51.06666666666667,3.033333333333333,Atlantic,11.121652393694985,3.480615633517602,18.79102305425845,807.0796408901564,-734.082737211414,0.3152541280639219,0.21777408635559967,0.37297669488692653,31.19373094346788,-0.7140063212013932
103,504700_44200,50.78333333333333,4.7,Atlantic,10.698484553248765,2.2674937119370973,19.109143898997203,863.6674997923166,-724.5247604283269,0.33988071674576725,0.24373557562620185,0.39471228409619025,19.773172743055557,-0.4794334558067783
104,504200_41800,50.7,4.3,Atlantic,10.830891804716247,2.5567587603230666,19.107729729280965,829.1389902117896,-727.9923124371685,0.33614753488026033,0.2379336957758961,0.3945933702710383,20.28779764811198,-0.5087048749264412
105,512400_50300,51.4,5.05,Atlantic,10.886459695709105,2.4997205817680843,19.327868815108864,875.1263337916587,-751.8281044555436,0.22154622488570064,0.1332126072615095,0.27409501839890926,34.2315182156033,-0.7268474592242444
106,511800_43100,51.3,4.516666666666667,Atlantic,11.06745377814166,2.763900953044572,19.39423377964952,840.3570443282956,-754.1805626399571,0.26084352804139366,0.1703575701819517,0.3157906647656363,29.33770463731554,-0.6240018131661672
107,505800_34800,50.96666666666667,3.8,Atlantic,11.041053137546234,2.96063889713947,19.11692183243652,809.5407510405549,-762.4791865564392,0.2228810325730316,0.1365340190402857,0.27549151263303784,22.825840301513672,-0.5362594591894687
108,505900_41200,50.983333333333334,4.2,Atlantic,11.074998822520564,2.8481450632833907,19.30103326120785,808.3431639681625,-745.3615073581188,0.3349302474966928,0.23745804047528818,0.3934179814305517,21.06973687065972,-0.4854692734284368
109,505800_25700,50.96666666666667,2.95,Atlantic,11.121652393694985,3.480615633517602,18.79102305425845,807.0796408901564,-734.082737211414,0.3152541280639219,0.21777408635559967,0.37297669488692653,29.03846723768446,-0.6559208542200875
110,511000_51900,51.166666666666664,5.316666666666666,Atlantic,10.962412394218784,2.3896510388541365,19.581240889268383,881.2902476543038,-784.2615188063737,0.22377830551151562,0.13836937961036577,0.27416116421415004,25.598123287624784,-0.5754834132396396
111,505600_53600,50.93333333333333,5.6,Atlantic,10.985246745708377,2.2817700919296064,19.747506843049077,864.8875715859641,-787.422828550651,0.2439514166057095,0.1529582479279956,0.2982192890709134,26.321519402398003,-0.6072904799769547
112,504400_42400,50.733333333333334,4.4,Atlantic,10.760480743487465,2.4000216167732225,19.112477299042624,843.9304690048058,-733.4895247456833,0.33748488187323256,0.24036288226032887,0.3943707784545819,21.010806562635633,-0.5322391553313974
113,495700_44900,49.95,4.816666666666666,Continental,9.829836416833441,1.2234324128622325,18.450780554672807,1009.4972972589734,-697.9591632242092,0.3400474128709738,0.24268244506219966,0.39862752178931915,18.666453687879773,-0.392359280896272
114,501300_53700,50.21666666666667,5.616666666666667,Continental,9.32420620775517,0.5259437063885494,17.963801111673586,1043.5450940462706,-667.7275301125985,0.343266602114118,0.24486600017655286,0.39942870368628064,20.114357401529947,-0.46389261377609325
115,494600_52700,49.766666666666666,5.45,Continental,9.289542214353546,0.2598441047828788,18.285827758485766,1064.2282729550525,-690.7471104783264,0.34132180366432774,0.2378054918081541,0.40198089165860496,18.946837632921007,-0.4034198766497846
116,501400_55900,50.233333333333334,5.983333333333333,Continental,8.34558673465619,-0.6710836169928525,17.14486216314099,1134.145400621715,-636.4018005484902,0.35450021156680206,0.2687085937252282,0.40152270182606625,19.007144402398005,-0.4174829536178256
117,503500_60600,50.583333333333336,6.1,Continental,8.876649551488413,4.09254852211087e-5,17.60332251686272,1142.3762947980038,-662.9456906792951,0.3523412443631704,0.26072018591494045,0.400718547083476,20.666217447916665,-0.5249707944572902
118,500300_51300,50.05,5.216666666666667,Continental,9.25220420559562,0.41355088465506595,17.9853840352,1058.696839758956,-672.4387359040201,0.34413999938614576,0.24711793074036847,0.4001856645045137,18.797450018988716,-0.41586939824502045
119,493100_53400,49.516666666666666,5.566666666666666,Continental,10.012707641210765,0.9249079199056423,19.15672060873639,975.8750801530864,-734.4209772193341,0.331468244893388,0.22003679348481966,0.39995192451694933,19.813004286024306,-0.37821946969835063
120,500600_41600,50.1,4.266666666666667,Continental,10.065208691926143,1.6180867758155493,18.547886875187892,998.544665129195,-694.5674085466169,0.3400293899943492,0.24278575144780043,0.39874792203728554,19.586734229193794,-0.40332781591898514
121,504000_43600,50.666666666666664,4.6,Atlantic,10.760480743487465,2.4000216167732225,19.112477299042624,843.9304690048058,-733.4895247456833,0.33748488187323256,0.24036288226032887,0.3943707784545819,18.9950495062934,-0.473264467536614
122,525800_64400,52.96666666666667,6.733333333333333,Atlantic,9.980936522764384,1.6426663923120886,18.251955026711087,856.369346003729,-656.9432260496433,0.6079099083655444,0.5010963081341866,0.6718249745676222,26.511287790934244,-0.39144274102399623
123,525200_62000,52.86666666666667,6.333333333333333,Atlantic,10.171672663242143,1.818898875521502,18.54317297613377,864.1529748079586,-672.0764578208334,0.23826290746214368,0.15404630942813619,0.2881056682417376,27.0691042582194,-0.4130050319045747
124,525200_62100,52.86666666666667,6.35,Atlantic,10.171672663242143,1.818898875521502,18.54317297613377,864.1529748079586,-672.0764578208334,0.23826290746214368,0.15404630942813619,0.2881056682417376,27.0691042582194,-0.4130050319045747
125,525400_64300,52.9,6.716666666666667,Atlantic,9.980936522764384,1.6426663923120886,18.251955026711087,856.369346003729,-656.9432260496433,0.6079099083655444,0.5010963081341866,0.6718249745676222,26.419726528591582,-0.39163568864789616
126,523200_63300,52.53333333333333,6.55,Atlantic,10.309343768653402,1.7996729015221606,18.90472903358558,864.9298083438015,-696.3680066070475,0.22199370008711888,0.1376588695050827,0.2738980673760013,30.392170715332032,-0.5798737258832486
127,521000_54500,52.166666666666664,5.75,Atlantic,10.407723964270026,2.038398217906349,18.84435745498518,896.4181502937038,-716.5542020939137,0.22267150889048518,0.13335790509161707,0.2750455857887179,40.956435716417104,-0.8438803072241514
128,511900_53100,51.31666666666667,5.516666666666667,Atlantic,10.983470615886196,2.334330066383157,19.670165227853804,876.6944633173146,-791.4983499194823,0.22396209549908774,0.13915569727918323,0.27374273619189654,32.48555352105035,-0.9034975865603426
129,513300_44600,51.55,4.766666666666667,Atlantic,10.90094371173138,2.6136622560479186,19.23867511086321,861.6662477363291,-747.1780920539966,0.2212992619285165,0.13465852505421683,0.2740299874007793,30.901170450846354,-0.7391411465388124
130,521400_53800,52.233333333333334,5.633333333333333,Atlantic,10.407723964270026,2.038398217906349,18.84435745498518,896.4181502937038,-716.5542020939137,0.22267150889048518,0.13335790509161707,0.2750455857887179,36.193574354383685,-0.9094131428784662
131,520600_51300,52.1,5.216666666666667,Atlantic,10.631025290713403,2.3762164265498606,18.897590843589334,865.0865142262659,-701.0691909255022,0.28346477751090393,0.19088023837466525,0.33497815366531525,32.649586588541666,-0.6046429386670465
132,520900_55300,52.15,5.883333333333333,Atlantic,10.371651412936751,1.9110556020297695,18.91287734480772,880.1146499041906,-706.6425370616114,0.22174277333576303,0.13341513236997146,0.27468178380489355,32.698114166259764,-0.7011893197798845
133,525000_62600,52.833333333333336,6.433333333333334,Atlantic,10.126893428120196,1.7062366881277924,18.56485691178277,866.2043260829473,-675.2134970014602,0.22486141226894155,0.14160718010583198,0.27483525696048033,26.950577002631295,-0.37002619945105336
134,521600_54400,52.266666666666666,5.733333333333333,Atlantic,10.407723964270026,2.038398217906349,18.84435745498518,896.4181502937038,-716.5542020939137,0.22267150889048518,0.13335790509161707,0.2750455857887179,34.87192379421658,-0.6517786671232093
135,522800_131300,52.46666666666667,13.216666666666667,Continental,10.0486567332831,-0.4511465554101307,20.385162702242827,673.4496504650838,-803.1852289515683,0.3168467062409833,0.21430217426686549,0.38363025880343304,18.08541970147027,-0.32335017343055195
136,522500_133600,52.416666666666664,13.6,Continental,9.922077320110516,-0.6043819453769123,20.293443694932453,682.0102726112774,-800.8214828443075,0.31582169384188685,0.21015616943180102,0.38353958701175467,15.88223163180881,-0.26124735451335596
137,530600_122500,53.1,12.416666666666666,Continental,9.595505127781854,-0.41232422962861487,19.45834280678569,708.6284431140626,-760.5183183459233,0.3421876759208576,0.25738948399357425,0.38965993295004553,16.010394304063585,-0.16641001887365936
138,530800_125700,53.13333333333333,12.95,Continental,9.319436190855155,-0.6767402958578076,19.126753679035133,687.4529335070386,-733.0409322909359,0.3416103864603151,0.25541811573597656,0.38868558279520654,16.722043897840713,-0.22732730893035982
139,525800_133800,52.96666666666667,13.633333333333333,Continental,9.477769887120356,-0.8177532189913765,19.555011408102896,686.5319548498588,-747.5800277609752,0.33150534352946404,0.23604110792746164,0.3855206170176459,15.542413652208117,-0.20029325880871796
140,521100_123300,52.18333333333333,12.55,Continental,10.035780493545358,-0.3747477200256893,20.147279153546876,702.3910344162704,-819.5837114525747,0.33552710819095827,0.24731376694616564,0.3888676695899705,15.697124989827474,-0.24731858669789153
141,514700_133300,51.78333333333333,13.55,Continental,10.172755737667677,-0.32700265674884943,20.41987720170574,717.5911694224599,-836.7501703846954,0.3340721789599386,0.2469793218129257,0.38767518688711833,17.01609649658203,-0.30443053191414865
142,520800_140000,52.13333333333333,14,Continental,10.121452802961887,-0.4783524870939701,20.518195667691895,683.0372346880475,-823.4288307148985,0.3257465699407759,0.2322488717222243,0.3843493158398989,16.437112274169923,-0.25913009816771443
143,530800_125800,53.13333333333333,12.966666666666667,Continental,9.319436190855155,-0.6767402958578076,19.126753679035133,687.4529335070386,-733.0409322909359,0.3416103864603151,0.25541811573597656,0.38868558279520654,16.722043897840713,-0.22732730893035982
144,514700_133400,51.78333333333333,13.566666666666666,Continental,10.172755737667677,-0.32700265674884943,20.41987720170574,717.5911694224599,-836.7501703846954,0.3340721789599386,0.2469793218129257,0.38767518688711833,17.01609649658203,-0.30443053191414865
145,520900_140100,52.15,14.016666666666667,Continental,10.121452802961887,-0.4783524870939701,20.518195667691895,683.0372346880475,-823.4288307148985,0.3257465699407759,0.2322488717222243,0.3843493158398989,14.794513922797309,-0.2214474125124994
146,530900_125900,53.15,12.983333333333333,Continental,9.319436190855155,-0.6767402958578076,19.126753679035133,687.4529335070386,-733.0409322909359,0.3416103864603151,0.25541811573597656,0.38868558279520654,16.722043897840713,-0.22732730893035982
147,520900_142900,52.15,14.483333333333333,Continental,9.976626672200608,-0.7498057311968351,20.484558630869927,689.9092654544128,-812.4571287783323,0.3196900472820782,0.22118133905190746,0.38533964503999274,16.001382937961154,-0.20637307969163413
148,484800_82300,48.8,8.383333333333333,Continental,9.294222442700146,-0.9801133706986376,18.913752783203492,1342.8814234693323,-800.5402514353528,0.3694403401757597,0.29058910915889596,0.4075601796924544,18.26279709710015,-0.42502183361074375
149,492700_84500,49.45,8.75,Continental,10.423271413471774,0.3695095992064716,20.361290170604406,948.2291964847612,-822.3140427962386,0.33522078122262405,0.23039009999281743,0.3966632140400899,21.919602881537543,-0.4819797433197767
150,475900_85900,47.983333333333334,8.983333333333333,Continental,8.686974038297832,-1.4866554947725032,18.452396748634225,1053.690657322072,-767.286703719927,0.43441572131877604,0.3663632281799585,0.46773206164217007,15.343172573513455,-0.17063270875913214
151,481700_83900,48.28333333333333,8.65,Continental,8.40937308417854,-1.935923745338678,18.109729958106456,1096.4655143308094,-762.0412946854641,0.4279028978231997,0.3578913613492872,0.4621375377744731,15.258260887993707,-0.20358592345373028
152,474700_74200,47.78333333333333,7.7,Continental,9.989079222201935,0.015159073165971076,19.797541514437917,1200.4779811058306,-802.536127501984,0.3494035464405031,0.2539134842421005,0.40095525991666914,18.544475546942817,-0.3919268847643753
153,480100_75800,48.016666666666666,7.966666666666667,Continental,8.857636825303418,-1.2633513624368349,18.454821039576345,1496.5204506808375,-795.3401042183558,0.37257285238853927,0.2981219283765702,0.40994180064682634,17.03158554924859,-0.3730222009554572
154,480000_95700,48,9.95,Continental,9.047079449433586,-0.8999770867784271,18.676037588045194,1163.301851650834,-750.9309562547409,0.3584119809400307,0.2907667366852167,0.39313779073003735,23.052546768188478,-0.08398137253011964
155,483600_83800,48.6,8.633333333333333,Continental,9.068813891143881,-1.142136815330618,18.757183993191294,1033.362056235044,-779.5294869502518,0.3520475210216166,0.26777363377497077,0.3989210902951631,13.456789711846245,-0.24283100596646126
156,485200_93400,48.86666666666667,9.566666666666666,Continental,9.426755959320861,-0.8182582796043184,19.189886255652958,1038.16427811942,-786.912657264761,0.355792315565361,0.2718683570229385,0.39940417770984304,20.530371585422092,-0.37023428965156907
157,493100_91000,49.516666666666666,9.166666666666666,Continental,9.650542705131125,-0.4230651853305253,19.493663378984145,1031.0905720280803,-793.9105270279675,0.352285875113334,0.2683957017227971,0.3984034435500484,17.742513444688583,-0.34012978726004567
158,484500_92500,48.75,9.416666666666666,Continental,9.426755959320861,-0.8182582796043184,19.189886255652958,1038.16427811942,-786.912657264761,0.355792315565361,0.2718683570229385,0.39940417770984304,20.698421037462023,-0.3953679793193576
159,483500_83800,48.583333333333336,8.633333333333333,Continental,9.068813891143881,-1.142136815330618,18.757183993191294,1033.362056235044,-779.5294869502518,0.3520475210216166,0.26777363377497077,0.3989210902951631,13.456789711846245,-0.24283100596646126
160,492800_84400,49.46666666666667,8.733333333333333,Continental,10.423271413471774,0.3695095992064716,20.361290170604406,948.2291964847612,-822.3140427962386,0.33522078122262405,0.23039009999281743,0.3966632140400899,21.919602881537543,-0.4819797433197767
161,480100_75700,48.016666666666666,7.95,Continental,8.857636825303418,-1.2633513624368349,18.454821039576345,1496.5204506808375,-795.3401042183558,0.37257285238853927,0.2981219283765702,0.40994180064682634,17.03158554924859,-0.3730222009554572
162,480000_95800,48,9.966666666666667,Continental,9.047079449433586,-0.8999770867784271,18.676037588045194,1163.301851650834,-750.9309562547409,0.3584119809400307,0.2907667366852167,0.39313779073003735,23.052546768188478,-0.08398137253011964
163,483500_83700,48.583333333333336,8.616666666666667,Continental,8.766495831805639,-1.5231882124420177,18.402126382292675,1325.4087974776153,-791.7283482303756,0.3698212979562336,0.2953954573292575,0.4081703562577655,13.456789711846245,-0.24283100596646126
164,492400_111900,49.4,11.316666666666666,Continental,9.348165722054706,-1.0046593164876534,19.59386740459194,902.5543697555422,-842.6385627533781,0.22580584816464078,0.14029801321204943,0.27371746700405175,20.00733152601454,-0.3610811225253413
165,480700_115500,48.11666666666667,11.916666666666666,Continental,9.50693713751779,-0.6927338819343255,19.363627106505195,1160.5568619067074,-780.4395504925886,0.3653272534126058,0.3060560817541324,0.3943756093287287,23.934347585042318,-0.24152173084617432
166,494500_122300,49.75,12.383333333333333,Continental,7.833379514040491,-2.931600237693645,18.14838393035033,900.3894282895932,-754.9419376245933,0.35668274476547035,0.283421949953564,0.3978831955650085,17.77062767876519,-0.26537069377761735
167,485800_125200,48.96666666666667,12.866666666666667,Continental,8.72143600745428,-2.1174762003377605,19.076685336938763,1124.1285931377772,-781.5839439714968,0.3680823071319537,0.3010605862806385,0.4039812451610834,19.476974487304688,-0.28392292475429837
168,485500_114500,48.916666666666664,11.75,Continental,9.254799655967684,-1.418236617072547,19.51578503383103,892.3664099157822,-831.3580672981407,0.3558267819943699,0.2852372438156497,0.39357405582606364,17.875215420193143,-0.23192256081092047
169,482400_113900,48.4,11.65,Continental,9.831783706085563,-0.6539452268603348,19.945052884124678,974.4846710148348,-845.7524020405432,0.362516365936292,0.30187365956011514,0.39368330790292205,20.943508504231772,-0.27693736734774205
170,481300_124400,48.21666666666667,12.733333333333333,Continental,10.240607825124213,-0.3243426708540241,20.378058182954103,1063.0446209764302,-674.6984740500862,0.3604485969657521,0.29508962583519477,0.39365803871507726,25.94747792561849,-0.13086679621992836
171,502100_95500,50.35,9.916666666666666,Continental,8.902786438208189,-1.0155349550196797,18.80681461608978,869.5848647711497,-745.3989257516873,0.34840950118337327,0.2640542322876391,0.3948427176981538,15.240749045477973,-0.25955937577475235
172,473400_125600,47.56666666666667,12.933333333333334,Alpine,5.598825814737237,-5.257438031001683,15.63513497893308,1963.996422987195,-638.6247871755626,0.3751761671122506,0.33822635912048227,0.40248701862690806,11.491929094526503,-0.17090143898569793
173,490700_103500,49.11666666666667,10.583333333333334,Continental,9.181669685105895,-1.221195636609896,19.252715795903015,895.9999536550937,-802.771595408013,0.43802320755504026,0.36267541317743274,0.4733132077045375,19.09291030883789,-0.15835937972408395
174,495100_103100,49.85,10.516666666666667,Continental,9.691699533301355,-0.3778117544108696,19.75067188955685,829.8620809490676,-801.9686233570143,0.3689457949185521,0.2800310479082146,0.41822043251162566,18.293710394965277,-0.3059555037964026
175,495800_114800,49.96666666666667,11.8,Continental,8.199660694115613,-2.2020233469443524,18.32397667011669,967.0879967525176,-759.4260022649967,0.3122104605814447,0.23995820364910853,0.3511244214867324,18.041982981363933,-0.2944863639650489
176,484200_124400,48.7,12.733333333333333,Continental,10.061128924530486,-0.4681839334200632,20.507825089772812,815.557739155354,-790.8345772292541,0.3331993390964663,0.24157468845976823,0.39038010480362223,19.658231904771593,-0.16190989696081654
177,494100_113000,49.68333333333333,11.5,Continental,8.933151804615212,-1.3253728057061784,19.048974344641984,966.7654760386796,-801.8566924364229,0.3380282932804635,0.25837795516515005,0.38025236295770964,19.663977711995443,-0.37532373859417867
178,495800_92700,49.96666666666667,9.45,Continental,9.720614253392316,-0.15612381603662126,19.575853576063665,902.7753496599596,-784.988962723199,0.34194294259789504,0.24882991821685335,0.39536965458585854,19.254962251451282,-0.41155803085973397
179,475200_104700,47.86666666666667,10.783333333333333,Continental,7.638313881752896,-2.892845253327182,17.331835602052323,1438.3336995746872,-672.7453574917369,0.37218573214681405,0.3263788260783092,0.39710988409581705,25.039938769870332,-0.09667059442699286
180,473400_102300,47.56666666666667,10.383333333333333,Alpine,5.205369567793511,-5.303061839704156,14.867712212920624,1848.245477481316,-624.5976188905228,0.3772269041547088,0.34372946798509374,0.40267096345019004,18.890065235561796,-0.19570496526665584
181,482400_103200,48.4,10.533333333333333,Continental,9.495797745110112,-0.7632740142086325,19.464100497773238,871.4041615775208,-813.836696493732,0.34993540710378046,0.27371858182116254,0.39087694162933534,21.02196292453342,-0.12647114756675698
182,491600_122300,49.266666666666666,12.383333333333333,Continental,9.05734620933779,-1.6889827763172962,19.3627179974019,885.0720275516553,-197.27628502753612,0.36068301823043974,0.28402841046183913,0.4030919927123688,20.542295667860245,-0.35323455338138865
183,502700_112100,50.45,11.35,Continental,7.833185907472195,-2.595027845228722,17.924541066694186,933.7226360252611,-740.3463535953946,0.3612607102638278,0.29059171039882115,0.4047619887443469,15.924898630777994,-0.32924334767187713
184,494300_95300,49.71666666666667,9.883333333333333,Continental,9.848851948910728,-0.1322849551057193,19.79360204165696,781.1323524648478,-792.6583568288004,0.33859505391273736,0.24679017450979332,0.3917483570042772,17.553918846978082,-0.33948745239384426
185,474300_114000,47.71666666666667,11.666666666666666,Alpine,7.742954023077712,-2.68987822833934,17.553052150521168,1598.2040788319905,-704.2444744452719,0.37629008617593335,0.33319593271084996,0.39957437312209176,22.14553456624349,-0.19548233898308837
186,481700_110400,48.28333333333333,11.066666666666666,Continental,9.48303093517184,-0.8045879723473398,19.340259635479722,1062.1967376390946,-649.9925759008191,0.3640427363638287,0.30469043079340263,0.3939958282996496,20.756304779052734,-0.16453549695088826
187,525000_101500,52.833333333333336,10.25,Atlantic,9.774992446052465,0.173950129875108,19.362953692354605,822.3284848020927,-780.8825265174315,0.22476386577174656,0.14595459523224763,0.2726695389198999,21.55705325656467,-0.21926082394564061
188,515100_102400,51.85,10.4,Continental,8.250492238915987,-1.8538008896742142,17.957235323705333,925.525476921161,-688.5756567369682,0.35006779163568796,0.26633700612485345,0.4002023867611757,23.539095289442276,-0.46406323128810484
189,515100_102500,51.85,10.416666666666666,Continental,8.250492238915987,-1.8538008896742142,17.957235323705333,925.525476921161,-688.5756567369682,0.35006779163568796,0.26633700612485345,0.4002023867611757,21.744657101101346,-0.43505919748785504
190,514500_93400,51.75,9.566666666666666,Continental,9.399726798851553,0.04313943112299329,18.745365574848442,875.4431494269693,-713.0469557525879,0.3535634245551686,0.2808392903135445,0.3955978204878689,21.238768497043186,-0.3592770228272814
191,513100_100200,51.516666666666666,10.033333333333333,Continental,9.199806972895123,-0.36360271583341836,18.684084887144742,819.494387164776,-707.8145599495051,0.34796843618034207,0.268761733340843,0.39493524751835024,19.304156731499567,-0.34559764755769284
192,531000_95400,53.166666666666664,9.9,Atlantic,9.67014186280559,0.34365049582381485,19.020825633147318,838.9960714775721,-746.3321035338708,0.22630859971446954,0.14954653596324458,0.27218533668810924,22.982032691107857,-0.11907101815207244
193,525400_75100,52.9,7.85,Atlantic,10.045744217081797,1.3969038980542299,18.699506071193255,856.3746036251171,-704.7880873497435,0.3784337556114335,0.29997884207745906,0.42395839618091224,33.45797131856283,0.1829428423398374
194,503800_94000,50.63333333333333,9.666666666666666,Continental,8.994168738443264,-0.6029004342456064,18.547247131744836,879.8954598283309,-733.195824617616,0.3505190448284261,0.2723451271406572,0.3943064906678591,18.869225819905598,-0.37002972676658513
195,502500_94000,50.416666666666664,9.666666666666666,Continental,8.517983563099545,-1.4200548352791444,18.206735266498963,1013.2478670208515,-713.8170796421953,0.3571293838540555,0.27928746489531114,0.3990006139157335,17.4123582288954,-0.308447321054246
196,504200_85300,50.7,8.883333333333333,Continental,9.424805864176445,-0.00847776351974238,18.942002506820742,809.9601941669105,-740.2033793574443,0.33999297263539635,0.24714468635102765,0.39451830591891107,18.276402604844836,-0.36601565554907717
197,500900_92300,50.15,9.383333333333333,Continental,9.240304416376235,-0.6508475217676201,19.06456388222814,977.8383782552851,-762.8696507971097,0.3435305969993838,0.2481082599404623,0.3976661778341061,20.072758958604602,-0.4217352213037828
198,503400_81200,50.56666666666667,8.2,Continental,9.461753853905488,-0.05797370358811437,18.933180781448012,860.7541862607133,-741.2740128375194,0.34318587077501095,0.24875113780769018,0.39683861193218906,16.21098125881619,-0.33355862770041755
199,505500_92000,50.916666666666664,9.333333333333334,Continental,9.249970715329496,-0.1398271935923353,18.799777438216125,739.0862113688554,-729.077659984695,0.3310043880738694,0.2356434898246097,0.3882571214189558,17.518428565131295,-0.3141381637526048
200,540500_101400,54.083333333333336,10.233333333333333,Continental,9.266286979019835,0.25701576535039755,18.393439339750067,811.6806508873094,-676.1073658924275,0.3210593213984181,0.2396263597557938,0.3675876689733203,21.88302430046929,-0.132897931424702
201,493800_85000,49.63333333333333,8.833333333333334,Continental,10.49976564919422,0.5153374335167549,20.453783604187954,883.7360164170657,-829.3446750672214,0.3293035178013505,0.22292008213905157,0.3940092061049792,20.027027604844836,-0.4155876491928555
202,523400_111000,52.56666666666667,11.166666666666666,Continental,9.892334861792786,-0.00615448470020855,19.65710099333236,721.5500464633429,-776.8271459843799,0.34221892176710195,0.25153334971054286,0.3936402016413044,17.298944625854492,-0.19486616057877584
203,520300_121800,52.05,12.3,Continental,10.057963878022713,-0.24360031419827383,20.125224840115052,698.075438151609,-820.0517595141807,0.33544612911471544,0.2474668684960488,0.388417655082911,17.729893205430773,-0.3194122689230468
204,512200_91600,51.36666666666667,9.266666666666667,Continental,9.02207894909293,-0.31319766666175136,18.396234008475012,783.2381337047227,-711.0680635742084,0.3427327905208967,0.261047570539812,0.39023257733929306,17.990767856174045,-0.31823092402565917
205,511700_94500,51.28333333333333,9.75,Continental,9.05016312506483,-0.445456205837654,18.50983897567956,823.7447985125933,-718.171446354989,0.34813736193977024,0.2704235540473419,0.39243582755593703,19.172340460883248,-0.3616994618828247
206,504100_83800,50.68333333333333,8.633333333333333,Continental,9.537686911169109,0.08768577718451855,19.060624409447186,766.9498308773373,-733.3364800898432,0.33338953928242554,0.23007720799038628,0.39679030319072106,16.88133614434136,-0.33391335218683926
207,510900_90100,51.15,9.016666666666667,Continental,8.775850676714253,-0.575761843976825,18.10060519636597,825.2131291155498,-696.5292984823988,0.3499975271905656,0.2706227347044715,0.3956115698989021,16.047399597167967,-0.28267281956471235
208,494200_83100,49.7,8.516666666666667,Continental,10.944926073441794,0.9739998114836611,21.013862153233724,740.3374613367521,-836.178053180741,0.3172581976234363,0.2097912526308659,0.388064629664491,21.02690212673611,-0.48951653227595204
209,494200_83200,49.7,8.533333333333333,Continental,10.944926073441794,0.9739998114836611,21.013862153233724,740.3374613367521,-836.178053180741,0.3172581976234363,0.2097912526308659,0.388064629664491,21.02690212673611,-0.48951653227595204
210,523400_111100,52.56666666666667,11.183333333333334,Continental,9.892334861792786,-0.00615448470020855,19.65710099333236,721.5500464633429,-776.8271459843799,0.34221892176710195,0.25153334971054286,0.3936402016413044,17.298944625854492,-0.19486616057877584
211,534000_120300,53.666666666666664,12.05,Continental,9.284269942732884,-0.3498650671613874,18.83664686296093,732.9772388506843,-689.1912064418942,0.33776017976531614,0.24837432962423983,0.38972719358239716,16.12190562778049,-0.15362936313184689
212,533800_135600,53.63333333333333,13.933333333333334,Continental,9.559831013154346,-0.4128629609490839,19.477770805030215,657.3148254365141,-784.8327855922923,0.19601180346996067,0.10318946765056002,0.2591843395419619,15.85986094156901,-0.3034591892112555
213,514500_60300,51.75,6.05,Atlantic,10.75735497947181,2.2079302303174,19.32480478072367,865.4089070952069,-724.6122250055761,0.35027372312976623,0.2579885123877773,0.4007103717579968,34.54544840494792,-0.8062150254067609
214,514300_61000,51.71666666666667,6.166666666666667,Atlantic,10.756670341752043,2.1409928637487443,19.40955395157544,873.8315686169548,-730.1267087537645,0.3462019155668539,0.25840954164995605,0.39539343735088894,30.361590423583984,-0.5922649645731617
215,514100_71500,51.68333333333333,7.25,Atlantic,10.614986810360184,1.6954957324258746,19.627672794951568,889.2810331334656,-762.8057837908209,0.2635994178735747,0.17574919733548314,0.31818677834244863,30.60090523613824,-0.43507393347836104
216,515000_85700,51.833333333333336,8.95,Continental,9.337590313998149,0.11240007651117741,18.544991194340366,976.957303186573,-694.8262598895686,0.34989716268345167,0.2740452232346269,0.39252204007917224,25.925320468478734,-0.33211061900860844
217,511300_84000,51.21666666666667,8.666666666666666,Continental,8.31544864552499,-1.0825396630033952,17.549988116135985,931.2087419130249,-670.1097529282597,0.36517043580568664,0.29150734685249136,0.4061740904180266,16.71390872531467,-0.2743237531443543
218,510100_81100,51.016666666666666,8.183333333333334,Continental,7.997378306847527,-1.4904602847233375,17.273450595196163,1069.2889972211076,-661.9490925132444,0.3657858148508481,0.2817281711565555,0.410634102072633,19.126800842285157,-0.4128216766892886
219,504000_61500,50.666666666666664,6.25,Continental,9.870701432205081,1.0551125459222372,18.562264267302993,967.5299246001282,-731.1813494802772,0.34704434569691495,0.2582125906270481,0.3955305598555173,20.866124318440754,-0.48799975226908365
220,514200_85900,51.7,8.983333333333333,Continental,9.337590313998149,0.11240007651117741,18.544991194340366,976.957303186573,-694.8262598895686,0.34989716268345167,0.2740452232346269,0.39252204007917224,25.6493435160319,-0.29423545341373947
221,494100_70100,49.68333333333333,7.016666666666667,Continental,9.254221642155095,-0.12585384996759968,18.594318780871085,995.2319161976122,-729.0575069126847,0.34574697728422166,0.24347953929642152,0.40166651323335945,17.30187783135308,-0.4006265611520708
222,502500_70500,50.416666666666664,7.083333333333333,Continental,9.678565151472554,0.6439595362794627,18.706273883406684,849.3023517694804,-736.9529714991154,0.33992741519585296,0.25035387320731667,0.39092339234228535,17.976187218560113,-0.4038357468360069
223,493800_75500,49.63333333333333,7.916666666666667,Continental,10.458067283811221,0.6760813912626032,20.407217015674647,714.2458360227613,-806.5156434045173,0.3150796901532237,0.20714281878130916,0.3865897266269029,15.053088811238608,-0.32693523442413586
224,502400_74300,50.4,7.716666666666667,Continental,9.739410925870661,0.35839826572173883,19.107763399988496,892.7666603269796,-739.5049903704844,0.33783276674608603,0.23367026353849404,0.3968155723785659,18.89443133884006,-0.4277480190973962
225,491600_74800,49.266666666666666,7.8,Continental,9.996293171290132,0.1688658530381564,19.73141224484997,989.2190351001284,-822.688471456539,0.34275920549299427,0.24744754499946162,0.39765614448010894,16.712042253282334,-0.3566652352694352
226,490100_80700,49.016666666666666,8.116666666666667,Continental,11.08872805351572,1.1302655651280904,21.104099649412802,828.9233957736571,-877.6932102146945,0.32318388410732485,0.20789643514820982,0.3929995534082982,17.89439190334744,-0.378963671862412
227,491800_75200,49.3,7.866666666666667,Continental,9.996293171290132,0.1688658530381564,19.73141224484997,989.2190351001284,-822.688471456539,0.34275920549299427,0.24744754499946162,0.39765614448010894,16.907505883110893,-0.3643868004451565
228,491900_70100,49.31666666666667,7.016666666666667,Continental,10.445348174041952,0.8302258903326817,20.200175835075726,916.4552969768581,-824.9353737965707,0.32653973134796793,0.2124638408511566,0.3966476066005387,17.915619303385416,-0.4143226785728758
229,502500_123200,50.416666666666664,12.533333333333333,Continental,7.480095227071756,-2.9485366035809926,17.536418821001593,1030.2006117390285,-728.0830930329453,0.35696823084726104,0.2791555448705332,0.39909202891881906,17.695498741997614,-0.41711427859847305
230,503800_131800,50.63333333333333,13.3,Continental,7.727403767983669,-2.767489209194843,17.76346040187304,1001.4383864303372,-713.5241320423178,0.3592844491977994,0.2898269458608125,0.3949293018270926,15.889274147881402,-0.4179824144109579
231,504900_140500,50.81666666666667,14.083333333333334,Continental,8.14333521220334,-2.6737499594327008,18.52694369510455,821.9521733478533,-716.7408107306428,0.34114786122790103,0.25558013582274614,0.39132063883943363,16.21613986545139,-0.34674282770777587
232,510700_143300,51.11666666666667,14.55,Continental,8.764203417801339,-1.8740369848994485,18.882439025201055,899.9354031186065,-728.9915352747106,0.3498880893108554,0.2733536650202274,0.39124631769871365,14.584312778049044,-0.35368176817525937
233,511400_134900,51.233333333333334,13.816666666666666,Continental,10.08539989287467,-0.33144719014274693,20.238358417414183,742.9084222148746,-808.9333512892919,0.3307210387248744,0.2390251017273691,0.3876900511152623,18.871698065863715,-0.4448826279458221
234,511100_124900,51.18333333333333,12.816666666666666,Continental,9.917913375946034,-0.3729968432341516,19.95919458128707,770.0241011342293,-785.9434621374274,0.340139168512621,0.25455153123518154,0.3898353308421447,16.318984731038412,-0.3849279709571005
235,503600_104700,50.6,10.783333333333333,Continental,8.179245021783556,-2.0054537563871047,18.209698288761558,899.5927468334953,-733.957884831173,0.35452709104602914,0.27534955925426263,0.39864350083457395,16.3181130472819,-0.2818312042834738
236,512000_105100,51.333333333333336,10.85,Continental,9.03526383698302,-0.8521983527940583,18.884728633313056,673.9712097028963,-695.3798147315075,0.3218116061782142,0.22693045089230204,0.3847974723184404,16.55650377061632,-0.3183883808714731
237,504700_113900,50.78333333333333,11.65,Continental,9.260456334832641,-0.8289318938911654,19.11897574559582,781.9343235035581,-780.3158605542668,0.3477459682324536,0.27858698814402527,0.389185764072252,17.048418952094185,-0.31287573657907497
238,505600_110100,50.93333333333333,11.016666666666667,Continental,9.278646934575455,-0.7081213952753127,19.16914509981478,695.5553435618697,-724.9723005672316,0.3255982063636136,0.23694225175869146,0.3835878957532226,16.2809117380778,-0.34074889585576223
239,502900_112900,50.483333333333334,11.483333333333333,Continental,8.131491540829838,-2.222259442169577,18.168721037698152,890.8502653213578,-750.1105108662615,0.3582473596133359,0.28933308188072815,0.39868623549048793,15.576128285725911,-0.31203505162730777
240,415000_133500,41.833333333333336,13.583333333333334,Mediterranean,11.747512281684232,2.033044575409156,22.235065044621315,1212.8493719797643,-997.1755860018358,0.3205265317208817,0.1798602712344092,0.39641349500727074,7.3724329037136505,-0.16796463390622432
241,403600_155200,40.6,15.866666666666667,Mediterranean,12.112022943721762,2.8292557963593463,22.003073869743034,911.8656491949235,-1088.4159153214027,0.31073212019109825,0.18936222907545952,0.38974465905046635,7.602843623691135,-0.12919052116150567
242,382500_161000,38.416666666666664,16.166666666666668,Mediterranean,15.641439818917979,8.026834564151251,24.204532069437075,904.6769146575326,-1213.695853936527,0.3208444094331695,0.18200109169284842,0.41481095018109626,9.17422114054362,-0.2188057898491005
243,402500_152600,40.416666666666664,15.433333333333334,Mediterranean,12.46626684585509,3.0974429818318514,22.519313157585387,983.2755098592521,-1071.0462003606465,0.29690572484297156,0.15361376038914587,0.39034666029029824,6.329322878519694,-0.1304177273021082
244,444300_101200,44.71666666666667,10.2,Continental,13.94664720255874,3.067072003640234,25.094381528026812,894.0141388704156,-1037.4806532340986,0.2979748963865125,0.18026792269125833,0.3914246884364416,23.392151362101238,-0.47585201409088723
245,440600_110700,44.1,11.116666666666667,Continental,12.308542028217712,2.5645703644699127,22.45513678903415,1071.1849530238258,-1013.3581724478637,0.32669178001502425,0.21331853396943645,0.39695715415163746,13.440854805840386,-0.443227489459637
246,454900_131000,45.81666666666667,13.166666666666666,Continental,15.073030575650948,5.647460345871318,25.12717679716054,1374.0921342448462,-287.95418823788594,0.0927651534860327,0.05323785736695329,0.11477576188310236,26.492424672444663,-0.6915181625886025
247,462900_133500,46.483333333333334,13.583333333333334,Alpine,7.19863617104804,-3.8502381512211077,17.351970685154967,1844.7524352837775,-702.557728393657,0.36927692656760164,0.32651074610308717,0.4000682371021761,10.525808024936252,-0.3233916771005983
248,424900_115400,42.81666666666667,11.9,Mediterranean,13.790229930730428,4.383697680166437,24.056987029042787,994.4160100651321,-1141.8979958820164,0.3174444959495078,0.1776276641671808,0.3981823381564064,9.044455956353081,-0.2440492168225823
249,461400_93300,46.233333333333334,9.55,Alpine,5.483088369389154,-5.47404169253898,15.476444934346528,1310.9753323379593,-650.6304934355175,0.2925797080116549,0.2435694678766927,0.3384794226046338,8.004909687042236,-0.2503736957357214
250,431700_130400,43.28333333333333,13.066666666666666,Continental,12.347754373028115,2.257661865338482,22.902250114318434,944.8746582524807,-1076.595153570798,0.31719242341389914,0.19982924692875886,0.39134776605579646,11.735581194559733,-0.2603132042820961
251,454000_80400,45.666666666666664,8.066666666666666,Alpine,5.3325943361937425,-5.0559861878526595,15.442471190449258,1800.9917023520347,-664.7900087921196,0.34180612976468633,0.3045562811344031,0.37581501925102284,27.749017893473308,-0.7339035122362717
252,414900_155900,41.81666666666667,15.983333333333333,Mediterranean,16.1985805987318,7.709723840638384,25.829514085518475,716.8902597748067,-750.395651750934,0.14881351274575175,0.0778805179954793,0.2052940804058995,10.556975106133356,-0.2534681082805315
253,392000_83400,39.333333333333336,8.566666666666666,Mediterranean,17.7319558431946,9.580232656024931,26.99411651754896,489.0341696318571,-1540.4206754959232,0.16930289126085116,0.06462757218229127,0.3260187401515209,7.40913799709744,-0.15984815993176898
254,433000_102600,43.5,10.433333333333334,Mediterranean,15.63037337970995,6.838460612604933,25.018790789623075,904.4107096208111,-1130.946624442806,0.30806411510781856,0.1619767467486624,0.3938601922178356,15.993616290622288,-0.37457312254223235
255,462100_112900,46.35,11.483333333333333,Alpine,5.9538693961743885,-4.914501874813678,15.99638800001713,1311.613613966708,-737.2088739104615,0.23117768731445554,0.1896089752626499,0.2756505598741786,10.188483712938098,-0.27796735915114734
256,432700_122700,43.45,12.45,Continental,12.332720402116193,2.5124481092142386,22.72696041091984,947.5451623635084,-1082.4237658342554,0.32522560971147074,0.20503284159626872,0.3939869097627632,10.978026597764757,-0.2935585984111036
257,454300_65500,45.71666666666667,6.916666666666667,Alpine,1.1927219217030263,-10.003088562332582,12.01119039824007,1353.2700997973395,-543.4468265712468,0.3883077526960713,0.31622618665025537,0.45435648594679406,4.263540799882677,-0.1503991802754945
258,460300_120100,46.05,12.016666666666667,Alpine,10.271018085807945,0.21728433046558665,20.041115412706354,1758.781648117511,-750.5212321869034,0.37055122445952976,0.3290358068590487,0.39761006537286253,31.59252680460612,-0.8084342910876972
259,375400_132400,37.9,13.4,Mediterranean,17.21247855564482,9.70872007595752,25.807628125624298,656.776502536586,-667.1337731346003,0.12251887896187222,0.044419654020526854,0.1865075540604048,5.47875855339898,-0.11721873122964671
260,415400_142100,41.9,14.35,Mediterranean,11.356732855989101,1.4847507739987085,21.342319905184038,1117.9936840861328,-994.9606263421215,0.3340317668396721,0.24051598381021203,0.39122810901923727,8.7874702835083,-0.2066039742232678
261,455700_100700,45.95,10.116666666666667,Alpine,5.803810276284567,-5.59623269016355,15.643485314400397,1892.4956965623433,-640.6639244359352,0.3027988338935111,0.2485928337779566,0.34351207864848776,19.60996686299642,-0.42286906979525096
262,455300_92300,45.88333333333333,9.383333333333333,Alpine,8.62624049959149,-1.8011062323905498,18.397883873143957,1861.5640072744725,-727.4656834209484,0.37615184885419417,0.3268477924762523,0.41090202978492857,26.817501890394425,-0.595463719323706
263,425200_104600,42.86666666666667,10.766666666666667,Other,16.949339170409452,9.420364136674847,25.447755603548956,711.6192466338437,-513.5157825856037,0.115739335472537,0.04773512010804547,0.1641941179820432,8.831813557942708,-0.18536445971982393
264,434400_113400,43.733333333333334,11.566666666666666,Continental,12.287478194765715,2.5610686108868466,22.62961839545204,1044.4481903984863,-1014.8434550786446,0.32361764086485184,0.20110311128069944,0.3966308843438767,10.638170466952854,-0.2988274550462622
265,463500_112600,46.583333333333336,11.433333333333334,Alpine,6.736522545559362,-4.276475637837102,16.85260042178489,1024.5353728776379,-792.7643898861805,0.21037869931397346,0.13897286727301206,0.2639754518784759,13.364392776489257,-0.36038183867747353
266,442400_92700,44.4,9.45,Mediterranean,11.116843094302855,2.117052990695268,20.38748598106236,1486.2875213985672,-698.7147137630185,0.30768015351457395,0.24313729044340598,0.34417911088644965,15.03226382361518,-0.5356913942350906
267,453100_84200,45.516666666666666,8.7,Continental,13.845621050508756,3.0571054742114954,24.92064067717456,1295.4402756629254,-1009.3158907998071,0.35279444848585245,0.24258657079067086,0.4263994740478602,31.52566092597114,-0.717227753913817
268,461900_81600,46.31666666666667,8.266666666666667,Alpine,2.9315277645879165,-8.065238331887029,13.485698022372125,2026.1505208586527,-563.2707378568109,0.23353818867800624,0.172030167453855,0.2963798408380937,5.2946628136105005,-0.2047432192830996
269,451200_104400,45.2,10.733333333333333,Continental,14.599143426096118,3.4879895184665624,25.970729032897214,946.7481772757802,-1036.9618186968526,0.34068641984545583,0.2407181373129704,0.4157518558226113,41.143698035346134,-0.6509304324564644
270,461600_81400,46.266666666666666,8.233333333333333,Alpine,2.9315277645879165,-8.065238331887029,13.485698022372125,2026.1505208586527,-563.2707378568109,0.23353818867800624,0.172030167453855,0.2963798408380937,9.430592447916666,-0.3659385410304939
271,411400_130400,41.233333333333334,13.066666666666666,Mediterranean,17.25263368026605,9.99478640712819,25.491729547582487,982.0866641816903,-316.89089776016317,0.08343673550856356,0.03296862426409489,0.11302178296211067,10.10657384660509,-0.2436625979239535
272,411400_130500,41.233333333333334,13.083333333333334,Mediterranean,17.25263368026605,9.99478640712819,25.491729547582487,982.0866641816903,-316.89089776016317,0.08343673550856356,0.03296862426409489,0.11302178296211067,10.10657384660509,-0.2436625979239535
273,510600_-5100,51.1,-0.85,Atlantic,10.905918558768864,4.395684452046935,17.894675149115514,768.1242460621534,-695.7029797031696,0.2293082938553541,0.14010514985188108,0.2905727585079375,14.291941858927409,-0.41599875923527657
274,513500_-15500,51.583333333333336,-1.9166666666666665,Atlantic,10.419463817628646,4.025980083372984,17.369546794485373,811.8418952636163,-641.7253440342715,0.3404395497896976,0.2537826790344333,0.3932459279897849,14.304578950670031,-0.3780669729825333
275,541800_-30100,54.3,-3.0166666666666666,Atlantic,9.413997567059475,3.8511954405873214,15.559914618312169,1636.3468275723862,-256.308407822836,0.20411259103844545,0.17233005325666015,0.220447046181594,15.333061595492893,-0.3908456662614129
276,522600_5200,52.43333333333333,0.8666666666666667,Atlantic,10.518904640532448,3.88823321886978,17.81002699038634,721.5906372181319,-705.4349923959121,0.304299935133203,0.22088516930613833,0.3538278529804219,16.315860188802084,-0.42459659792937143
277,532400_-14500,53.4,-1.75,Atlantic,8.865282881804909,2.784776791712868,15.495199518440456,995.1355690871312,-544.1707525717377,0.3736054517374176,0.3127899487090668,0.4074256584277512,14.54566551208496,-0.33971809552550314
278,563900_-41700,56.65,-4.283333333333333,Atlantic,6.165458928182089,0.08650730242098623,12.632347610744366,1512.33893949246,-390.36122830314366,0.33258346457703336,0.2925095674351004,0.35594005979968396,4.266612470414904,-0.1481038091795415
279,550500_-22800,55.083333333333336,-2.466666666666667,Atlantic,8.31293176013716,2.374633903295977,14.758854815477736,1032.4126960107362,-485.1758952171222,0.35039065505783235,0.28932342013243456,0.38282015836958516,10.016323869493274,-0.2783892866357151
280,564300_-40300,56.71666666666667,-4.05,Atlantic,6.533140248511981,0.5178964072889951,12.98349941956957,1314.9278810564422,-417.95422838417176,0.26693340231198937,0.22238757116579286,0.2947458905593648,4.888540639877319,-0.17592448414664397
281,561400_-51600,56.233333333333334,-5.266666666666667,Atlantic,8.774195200260719,3.358963367213505,14.434235524185786,1946.438460526749,-461.3506630658661,0.6985846728895571,0.6394555165441428,0.7332469381042481,6.237838969760471,-0.1888848884826658
282,520700_-34400,52.11666666666667,-3.7333333333333334,Atlantic,9.015776915000323,3.1225950003563834,15.321121960512926,1403.744048172183,-550.6046177519629,0.33610077449589065,0.27623769688586647,0.37060696531506976,9.676508882310655,-0.26311532554981404
283,511200_10700,51.2,1.1166666666666667,Atlantic,11.168645477836998,4.577539943413786,18.295188215178975,753.219320903686,-669.8838354003144,0.2776217113617825,0.18910284829434676,0.33634008856900904,14.363629480997721,-0.3556397758302864
284,510700_-11400,51.11666666666667,-1.2333333333333334,Atlantic,10.781858836876406,4.229384827558713,17.856963956682474,827.0043479864232,-711.0581766997796,0.3378056704968652,0.2470365490912801,0.3939460331353672,12.225286894904242,-0.3241166204367941
285,510100_-5200,51.016666666666666,-0.8666666666666667,Atlantic,10.905918558768864,4.395684452046935,17.894675149115514,768.1242460621534,-695.7029797031696,0.2293082938553541,0.14010514985188108,0.2905727585079375,14.291941858927409,-0.41599875923527657
286,510800_-11400,51.13333333333333,-1.2333333333333334,Atlantic,10.545538170188287,3.9962825193319618,17.650427836696494,778.2005973068561,-679.3106764986813,0.34234012716075946,0.2524300342733295,0.3991221289808107,12.225286894904242,-0.3241166204367941
287,530600_-61400,53.1,-6.233333333333333,Atlantic,9.361611557928155,4.241607294391928,15.097447450394435,1074.7906425562094,-536.7879676984962,0.32993397784464973,0.28383591870737435,0.3556438900539148,8.558489752875435,-0.16568037743662492
288,525800_-61100,52.96666666666667,-6.183333333333334,Atlantic,9.361611557928155,4.241607294391928,15.097447450394435,1074.7906425562094,-536.7879676984962,0.32993397784464973,0.28383591870737435,0.3556438900539148,10.592771733601888,-0.17576498419385372
289,523200_-70200,52.53333333333333,-7.033333333333333,Atlantic,10.006301789103276,4.790103120047544,15.80012144582765,929.7787168373238,-608.6720667071835,0.3639816381927285,0.30730542012963535,0.398231018503578,10.813344268798827,-0.10400131902704864
290,521800_-83700,52.3,-8.616666666666667,Atlantic,9.763718370814669,4.703973450187083,15.327957114141409,975.9964529021499,-563.640492276973,0.36820834339975805,0.31631574362482295,0.3995766027563134,10.434919378492568,-0.08424828520500392
291,523500_-74000,52.583333333333336,-7.666666666666667,Atlantic,9.595903564487623,4.362047415224958,15.377251029964608,970.7762740883456,-556.9172035313201,0.3693926198099891,0.31928635961940083,0.39946920870797303,10.654962450663248,-0.0904851771335999
292,532900_-65100,53.483333333333334,-6.85,Atlantic,10.105296475132315,4.655420289929531,16.09709708623788,859.5598112913572,-598.5737135026524,0.36809862681577016,0.31886533035722214,0.3967646623971727,10.999093483818902,-0.09063383151626478
293,541100_-83700,54.18333333333333,-8.616666666666667,Atlantic,9.640048667951095,4.3865596903064406,15.221591349055709,1325.7479060668356,-559.2815063870789,0.3694938513970781,0.3180347916096763,0.3964714654970323,6.789270042843289,-0.0875015781981299
294,535800_-73900,53.96666666666667,-7.65,Atlantic,9.604203393893643,4.180899008716227,15.436141097433712,1127.334511677327,-525.8440114151075,0.3771568564795802,0.3342839942109906,0.40274379816809563,9.69339661916097,-0.09591504651080662
295,540800_-74000,54.13333333333333,-7.666666666666667,Atlantic,9.453092064393523,4.049852615011396,15.24351097965742,1176.2119329787745,-513.810388194745,0.3794819314327211,0.33791235230094036,0.4040648564443934,8.81477558347914,-0.09276418589463306
296,532100_-92000,53.35,-9.333333333333334,Atlantic,10.232799026869662,5.2266101724600365,15.594662788482614,1214.711225156215,-622.5901000503534,0.2934590200077982,0.2120658511426011,0.3408632731932274,5.261349165174696,-0.09155246352756
297,534500_-93300,53.75,-9.55,Atlantic,9.721969499370381,4.74811574775826,14.981451862955284,1308.67314937511,-580.7577309709872,0.3912739713564899,0.34890519222483357,0.41379906785019366,4.695329837799072,-0.08346853836894273
298,561700_82500,56.28333333333333,8.416666666666666,Atlantic,8.931875123621387,1.1391546319158763,17.19557024868042,957.0426958371671,-442.4777638687727,0.16404847951337398,0.10655324247954663,0.19757620154783245,15.667171003553602,-0.38120014548917386
299,550800_85300,55.13333333333333,8.883333333333333,Atlantic,9.006803671443711,0.6558452960373801,17.66089942673817,872.996006331565,-651.8413724740903,0.2364777755963335,0.16837245251332084,0.27758699719563784,17.68417839050293,-0.29459746952273563
300,555700_122100,55.95,12.35,Continental,9.074209622025482,0.396109458154773,18.32037390441104,805.391193335837,-373.0704370305879,0.10562534303765758,0.053617638396032424,0.13843961308834615,14.0069349416097,-0.265909514373058
301,560500_92100,56.083333333333336,9.35,Atlantic,8.433672111445667,0.07165852040047903,17.091527762414255,861.7038341360391,-613.8234708990725,0.25995675296403636,0.18378182622449932,0.3038821883880728,15.840171576605902,-0.29900273152795503
302,552200_113300,55.36666666666667,11.55,Continental,9.215090668221222,0.7080348927081027,18.349297042178883,723.2853331917908,-409.5551511315217,0.17862867703125312,0.11146735630395214,0.22196468387509613,14.081038886176215,-0.1830486238556386
303,554200_122100,55.7,12.35,Continental,8.822363953273967,-0.06756985523402144,18.131649588708164,730.1628772693379,-704.5886673794414,0.26268000342858455,0.158398183822995,0.32425621429934637,15.386486155192058,-0.3320531401422673
304,562300_92000,56.38333333333333,9.333333333333334,Continental,8.645152213653894,0.3639202617565744,17.32725638582831,811.0250302944088,-632.6246413116339,0.23274967234210914,0.1556691115357571,0.2775977737610423,13.73257255130344,-0.28082972657447053
305,550000_95500,55,9.916666666666666,Continental,9.330884231415187,0.9556829465876093,18.278521214951862,739.7903650807693,-626.3288252864905,0.27182460045133955,0.16734867879990303,0.3393705330818665,15.753400268554687,-0.21127211374887242
306,560400_92000,56.06666666666667,9.333333333333334,Atlantic,8.433672111445667,0.07165852040047903,17.091527762414255,861.7038341360391,-613.8234708990725,0.25995675296403636,0.18378182622449932,0.3038821883880728,15.840171576605902,-0.29900273152795503
307,385000_211800,38.833333333333336,21.3,Mediterranean,16.498227448606038,6.938967674580505,26.69656847511074,1313.436442488358,-1273.1637578530015,0.28912541622669974,0.12037102896220657,0.39989618366140933,6.449315022362603,-0.10359070505274597
308,394700_224700,39.78333333333333,22.783333333333335,Mediterranean,16.370340489624393,7.448977881529903,25.82890801278294,773.5586769426719,-386.0802361479149,0.0756703001718928,0.04207853808784727,0.10728158965860249,9.370390167236328,-0.11511788855396961
309,394700_224600,39.78333333333333,22.766666666666666,Mediterranean,16.370340489624393,7.448977881529903,25.82890801278294,773.5586769426719,-386.0802361479149,0.0756703001718928,0.04207853808784727,0.10728158965860249,9.370390167236328,-0.11511788855396961
310,385200_215200,38.86666666666667,21.866666666666667,Mediterranean,12.483986055692492,2.752116205409251,22.672312852599457,1185.6861986811841,-1225.2410802435818,0.31291613981258093,0.17153964792510307,0.3996509238970334,5.492660946316189,-0.10230118695427733
311,385200_215100,38.86666666666667,21.85,Mediterranean,12.483986055692492,2.752116205409251,22.672312852599457,1185.6861986811841,-1225.2410802435818,0.31291613981258093,0.17153964792510307,0.3996509238970334,5.492660946316189,-0.10230118695427733
312,400400_-81500,40.06666666666667,-8.25,Mediterranean,14.37684099730945,7.552818343550891,21.606264581507826,1092.4188557875423,-1314.4490756470611,0.26984663619250304,0.11658065078548724,0.39852941788356877,6.300213953653971,-0.16055143972422875
313,385700_-80400,38.95,-8.066666666666666,Mediterranean,16.565131144467163,9.012712880615137,24.565111676370535,582.8338586764935,-1527.6560414974779,0.18513344906991816,0.07836880789000962,0.2936990772923238,5.33146576139662,-0.12913330247405033
314,380500_-70200,38.083333333333336,-7.033333333333333,Mediterranean,16.846567753352524,8.495631825084544,26.32299197507089,563.2540291704229,-1630.5085537786472,0.23180588675639122,0.11643200850404727,0.36650109389599406,4.6921496921115455,-0.09801028894320447
315,381900_-83200,38.31666666666667,-8.533333333333333,Mediterranean,16.6732477863444,10.056336460492115,23.181481291860614,534.895458143311,-1507.914559580218,0.15191031984384376,0.06322364583409071,0.26459826303770934,6.4403166442447235,-0.16501434958018404
316,413000_-73800,41.5,-7.633333333333333,Mediterranean,12.435017623375414,5.189707077007698,20.381627277952227,1206.565331855801,-1113.4423292983793,0.2975650772297257,0.14852573509545558,0.40332944875696913,4.509264467027452,-0.1094051257941526
317,402400_-73200,40.4,-7.533333333333333,Mediterranean,13.128028125747669,5.268159825551445,21.977383119898022,877.9692846880906,-1181.317343552977,0.2579122712842554,0.10117462152564118,0.3923243458448571,3.9949472056494817,-0.1016904939389719
318,394700_-85700,39.78333333333333,-8.95,Mediterranean,15.41903357211643,10.929956638052639,19.498680314406037,822.7478799866118,-583.7401286676637,0.06995503541766779,0.024383789299529206,0.12294477006533971,10.862646607293023,-0.25616557110451427
319,383900_-83700,38.65,-8.616666666666667,Mediterranean,16.821878707056513,9.7431652097602,24.09520328208877,555.6876408073744,-1498.6019620500504,0.13778295484294312,0.045825810002949004,0.25363515157010413,8.382243048350016,-0.2122875309285775
320,430600_-43800,43.1,-4.633333333333333,Atlantic,8.576809095045885,1.1092887143372097,16.42400598564183,1162.574302322774,-850.7568307470337,0.33951821538190546,0.25447721009446156,0.3969865110022219,5.912786246405708,-0.23535942042206864
321,421500_-24200,42.25,-2.7,Mediterranean,10.119365219095057,2.19237436343877,18.57771912205904,941.022819351588,-1018.9258654453762,0.31801438426312023,0.21497552380178858,0.38457227926205884,8.330200559828016,-0.21910577118582275
322,414900_23700,41.81666666666667,2.6166666666666667,Mediterranean,13.850736192160946,5.472002288935064,22.85760275613432,1003.2670798366357,-1072.0562889710757,0.31782260475292073,0.23195344518786234,0.3780520855866944,19.369877048068577,-0.44882438604555064
323,405200_-35800,40.86666666666667,-3.966666666666667,Mediterranean,11.779942784819733,2.677299893278691,22.77494116914938,708.7832313230724,-1256.0319335719587,0.2541667335291038,0.12668275183785144,0.3692030389668692,5.7651382022433815,-0.11400610924751713
324,403200_100,40.53333333333333,0.016666666666666666,Mediterranean,13.728649012551259,5.3474543417834335,22.964305228295316,698.8218605825846,-1240.4060466791668,0.23108088402866775,0.14091636510283972,0.342111125145916,10.619569244384765,-0.3404572128437745
325,395600_-54700,39.93333333333333,-5.783333333333333,Mediterranean,15.465920032351262,6.1838347168163175,26.37221854947902,987.483284933929,-1351.5145090221517,0.2516114488425828,0.10415750050843785,0.38674654423382204,6.836249118381076,-0.0619087272777919
326,370900_-64300,37.15,-6.716666666666667,Mediterranean,18.591998307943843,10.871234924121184,26.992533994295083,474.7739023663749,-1697.5523425254935,0.2829114256511016,0.19163311153015872,0.40360146413200426,7.262714195251465,-0.20875567015972443
327,401100_-62600,40.18333333333333,-6.433333333333334,Mediterranean,14.49226979450518,5.742580094642165,24.823904734442298,890.0932956863821,-1359.5406932614578,0.25968467565471726,0.10183979573508506,0.39362310777893883,5.6264621480305985,-0.15928829763942345
328,382800_-64500,38.46666666666667,-6.75,Mediterranean,16.8112808518616,8.013905012459924,26.70794917425571,480.3686667283094,-1587.4798912477368,0.2202000522572679,0.10624480974555868,0.35974009972469684,3.5135625712076823,-0.07260868092193813
329,430900_-52800,43.15,-5.466666666666667,Atlantic,11.249093215801864,4.845929153131465,17.58645349239044,1344.215740659037,-826.206601925098,0.42295682590828454,0.36958244839024473,0.45386708123515296,8.862397928237915,-0.3304770645244033
330,402600_-40700,40.43333333333333,-4.116666666666666,Mediterranean,13.849263098706531,4.177902315746106,25.29401515296924,539.8758478722307,-1451.3566760556598,0.23104821369389292,0.10911806504579337,0.35853498242792226,5.225984399583605,-0.1361528282047468
331,425900_-12000,42.983333333333334,-1.3333333333333333,Alpine,11.509982275417347,3.6921686889254763,19.393560365498928,1218.9368345940197,-929.087434962289,0.3433714878239591,0.264358948964591,0.39519388508805575,9.190117869906956,-0.20824304358263326
332,374900_-54100,37.81666666666667,-5.683333333333334,Mediterranean,18.174823853437875,9.168204207986387,28.540208065888738,574.5731127167617,-1637.8869764356336,0.19946442302924963,0.08795809307140592,0.35024817523764373,5.332467744615343,-0.13010680979127892
333,362200_-53400,36.36666666666667,-5.566666666666666,Mediterranean,17.67229134945232,12.083414065890855,24.048872388528174,722.7516766306021,-789.6013425971397,0.16230825000341548,0.10639976932395985,0.2323417731481243,7.977400741577148,-0.20988335199032027
334,414600_22400,41.766666666666666,2.4,Mediterranean,13.850736192160946,5.472002288935064,22.85760275613432,1003.2670798366357,-1072.0562889710757,0.31782260475292073,0.23195344518786234,0.3780520855866944,18.66416517469618,-0.3560047715761003
335,405400_2300,40.9,0.38333333333333336,Mediterranean,15.223283302109067,6.185955971390668,24.709660023794694,552.8475344599001,-1351.9086686045023,0.227883495653468,0.15403887731406418,0.3291621527982727,9.365642433166505,-0.21991826918595886
336,430100_-85700,43.016666666666666,-8.95,Atlantic,13.990180621502095,9.371373257219417,18.882338013078463,1446.6006939537588,-954.7877593466525,0.3193657593714034,0.1612424538783489,0.4106430206095194,12.437304280598958,-0.3380106075826259
337,402800_-14000,40.46666666666667,-1.6666666666666665,Mediterranean,10.131074207638443,1.136157938945752,20.87167075533663,719.5464452573735,-1285.0898246052582,0.2662563367200303,0.15068476423337118,0.3656601501887474,4.73253236134847,-0.07382149530023416
338,401900_-4300,40.31666666666667,-0.7166666666666667,Mediterranean,11.249775047629338,2.6750776265817424,21.162282632023782,564.282445482896,-1298.9313142071042,0.2436076503627376,0.17347980130359833,0.3292546826184691,5.851225666469998,-0.12242042273806403
339,423100_-10400,42.516666666666666,-1.0666666666666667,Mediterranean,12.5153615433254,3.7793758214268935,22.425035176502774,811.7682725835722,-1213.604363639368,0.28037379223550163,0.16737729243908023,0.3763884068516775,9.636093232896593,-0.24032677980153846
340,423800_-1700,42.63333333333333,-0.2833333333333333,Alpine,6.698592493527374,-1.8662253807526061,16.20167830382452,1539.0111883866648,-894.5930906241583,0.40077218217336225,0.3321335120042578,0.44558733455324284,5.002926108042399,-0.06270660939723709
341,383100_-3800,38.516666666666666,-0.6333333333333333,Mediterranean,16.69199395276145,8.291587337455745,26.049720512761425,364.4094618852615,-1458.411058850487,0.15059189377461316,0.08936499226523527,0.26134671313120994,7.605200589497884,-0.17175833789680583
342,381000_-40400,38.166666666666664,-4.066666666666666,Mediterranean,17.38341070831064,7.39816878386788,28.911629640646698,525.7733252290008,-1577.7376796566818,0.18909990641585994,0.070630119112541,0.339866998301876,6.2581166881985135,-0.11640242955510359
343,375400_-25300,37.9,-2.8833333333333333,Mediterranean,14.87432850695017,5.2753653569627605,26.112886760086784,674.1450148403308,-1455.7290667363172,0.26069788957272444,0.14228796175482708,0.3755638137953893,5.081298546261258,-0.054376728817653784
344,370000_-30000,37,-3,Mediterranean,14.04282196683218,5.184488117340627,24.541171803317056,505.33143758264276,-1511.4977745600233,0.20667707296613058,0.12408299833546631,0.30578443798480087,5.144403912226359,-0.07879857702029407
345,413600_-30200,41.6,-3.033333333333333,Mediterranean,11.905335305551901,2.919055573340529,22.651740050298923,570.5089713838337,-1292.943465755058,0.254546483591041,0.15053277750059882,0.35201144430122544,6.431177478366428,-0.14675148222837892
346,415200_-25200,41.86666666666667,-2.8666666666666667,Mediterranean,11.443766023168282,2.532313826656647,22.053613601744814,580.0551178795662,-1235.620707683875,0.24071253226027445,0.13717020800484878,0.35263759991179133,5.865992245144314,-0.14378118934277376
347,415900_-23000,41.983333333333334,-2.5,Mediterranean,9.32489365136723,1.0176033777343716,18.74560126980115,788.4190641351563,-1091.6794343009576,0.27666863563347455,0.15519085499522398,0.3661343190665409,4.994018041822645,-0.10511200140135618
348,430000_-34100,43,-3.6833333333333336,Atlantic,10.751081004302145,3.720216388297549,17.82639095424568,983.8010163082587,-878.5743228351272,0.339344954222602,0.2614362701057775,0.3929352656215754,8.401208470662436,-0.1897163515514181
349,425200_-43300,42.86666666666667,-4.55,Atlantic,10.17371815872456,2.4357462374620256,18.642063844147923,699.0533717103901,-985.9540324700188,0.28777193535276285,0.17356229776979754,0.37899633567954183,5.716264879438612,-0.17597942037356606
350,424700_-52200,42.78333333333333,-5.366666666666666,Mediterranean,10.4352469617831,2.6048742013827217,19.519118433876447,763.0738292909168,-1061.635835346956,0.28397325798199646,0.1512336258575883,0.38916086649011083,6.9171471489800345,-0.26048786946741365
351,414700_-62200,41.78333333333333,-6.366666666666666,Mediterranean,12.930703750163305,4.45221756998897,22.516047098955024,595.5608341507449,-1328.868366182035,0.26094293256710666,0.14571862561046167,0.3758581255126404,4.680632421705458,-0.13899525605980748
352,412000_-43200,41.333333333333336,-4.533333333333333,Mediterranean,13.27634478652284,4.081503080089133,23.75644229363443,485.16380920151556,-1396.6426211946969,0.1676316255760524,0.06354694279622265,0.27074239174103065,7.7140052795410154,-0.2589808821702833
353,412100_-41700,41.35,-4.283333333333333,Mediterranean,13.04413194615332,3.925675045642584,23.565192674866843,494.44399036970833,-1399.7187055919483,0.18089832080027365,0.07533353250300537,0.28255982472121216,8.241035715738933,-0.11783565981838762
354,402000_-55600,40.333333333333336,-5.933333333333334,Mediterranean,14.403701804241114,5.426782528722943,25.023639371507322,928.1712430446246,-1313.2890259109356,0.251198842643019,0.0954801357236758,0.3911452409473345,4.333802320692274,-0.09368181305404404
355,401300_-50100,40.21666666666667,-5.016666666666667,Mediterranean,12.51293444649098,3.2681534690064256,23.471790132180004,784.6855616670242,-1248.7611897453853,0.2534325954945002,0.10363873894621234,0.3810293904839371,4.868968408372667,-0.12931621264132448
356,394900_25400,39.81666666666667,2.9,Mediterranean,17.9690032359869,10.374389963815819,26.80774915137316,505.7608046691258,-1354.9373865526027,0.20747515814889536,0.09394837701343686,0.34072392105437743,7.055358587900797,-0.13449707539089698
357,395100_31000,39.85,3.1666666666666665,Mediterranean,18.154789782457822,11.089286426082248,26.357033060383213,509.1164935054792,-1017.5904276960997,0.16539171026331986,0.0734271952435377,0.2644789776068538,6.518413804372152,-0.1479848961687516
358,400100_-15800,40.016666666666666,-1.9666666666666668,Mediterranean,12.67705669855896,3.40795424666893,23.929004669723135,597.000335729434,-1411.5909023384215,0.24692977438577904,0.14416791500933915,0.35907232427532776,5.519211925930447,-0.09321307565159821
359,395000_-11800,39.833333333333336,-1.3,Mediterranean,13.88329015455739,4.926031766344155,24.17806689331889,460.3415558695674,-1465.7835041087626,0.21475225070820894,0.14479444222560864,0.3133867474690483,6.382914407518175,-0.08225116009314118
360,392300_-40700,39.38333333333333,-4.116666666666666,Mediterranean,14.732229703498778,5.067953798581021,26.142752677665452,495.2152306913087,-1499.6476948005925,0.2348672364769314,0.128105258471232,0.35061457846139327,4.473239652845595,-0.05842209696893083
361,430800_-25800,43.13333333333333,-2.966666666666667,Atlantic,13.58183631004574,7.551437844542187,19.64905369423281,1151.5877912952978,-545.6723216256186,0.20754910768391174,0.15724471971902082,0.2385758304317168,17.353780916002062,-0.3640162331155213
362,382900_-22800,38.483333333333334,-2.466666666666667,Mediterranean,13.759578363309402,4.1227160261052465,25.31697857550436,502.9344256674639,-1449.0624133845924,0.21476903489915486,0.11149522673172214,0.3363668441796682,4.860052121480306,-0.0657253448832788
363,421700_15300,42.28333333333333,1.8833333333333333,Alpine,8.966957194974835,0.1801792107680703,18.25252742873909,920.9429245310084,-990.5820502468308,0.3862347193113971,0.32320196891823333,0.4309022203583806,13.155396050347223,-0.33160018023323745
364,423600_10400,42.6,1.0666666666666667,Alpine,6.452439980240641,-2.7511589160430314,16.32578853177827,1044.7965038202885,-896.6832468485545,0.33663412158198247,0.2621850555985314,0.3871140622746824,5.0353666252560085,-0.08002275179537444
365,393600_-44100,39.6,-4.683333333333334,Mediterranean,15.15338571917011,5.452877327058304,26.538652856797356,565.2718211599563,-1527.9745261108862,0.2201551808685582,0.09492384198538668,0.3580563542816856,4.601379987928603,-0.07924186021551255
366,415400_-80700,41.9,-8.116666666666667,Atlantic,11.695432114812974,4.971386209386401,18.943888066442398,1283.9109511835147,-1013.4753098846302,0.3722680737773034,0.22361981567893024,0.46536604812734933,4.679681843651665,-0.14592424016742322
367,280800_-171700,28.133333333333333,-17.283333333333335,Other,20.08184855114017,17.40173599088358,22.913462459925764,160.43781883251629,0.006254372768309895,6.333206837975007e-7,-8.409084770455433e-6,1.165762322394203e-5,NA,NA
368,280700_-171300,28.116666666666667,-17.216666666666665,Other,20.43836803192403,17.740631662168038,23.23579214310571,132.79498746110636,0.006254372768309895,6.333206837975007e-7,-8.409084770455433e-6,1.165762322394203e-5,NA,NA
369,281100_-164000,28.183333333333334,-16.666666666666668,Other,17.11641041527856,13.321149274675433,21.55165069389497,263.97888951117477,-611.5614996408983,0.05180714444095158,0.030640142925337704,0.09796246182372335,NA,NA
370,424400_-84200,42.733333333333334,-8.7,Atlantic,14.116552398644911,8.62273874600842,19.96592872279297,1453.4002686247645,-1058.4084254842817,0.29354269322539217,0.12274967707094975,0.4084743297233102,11.299368006388345,-0.2702365731159706
371,380400_-24900,38.06666666666667,-2.8166666666666664,Mediterranean,13.196999764229563,3.9314664073376644,24.162443685025192,639.8414163948032,-1375.4884297311085,0.2563481828778033,0.1466517275322011,0.36306857201184145,5.33422882715861,-0.07138452405900338
372,373200_-71100,37.53333333333333,-7.183333333333334,Mediterranean,18.216146229253457,10.365601909150618,26.96253339388629,438.53805614800086,-1791.917731755804,0.23228061304274011,0.1285783125319147,0.3503685754856101,4.517089756859674,-0.107042497136894
373,383100_-3700,38.516666666666666,-0.6166666666666667,Mediterranean,16.835490090575316,8.82681690434475,25.75035425211662,440.27220825298804,-1335.4148781023496,0.16245487942062764,0.09911332468777234,0.26306204505902725,7.605200589497884,-0.17175833789680583
374,415200_-25300,41.86666666666667,-2.8833333333333333,Mediterranean,11.792299934483063,2.832252489329465,22.515137989851734,597.2851421986651,-1258.9891613420261,0.2448952331585694,0.13602231798642858,0.3612625682923458,5.865992245144314,-0.14378118934277376
375,425100_-43300,42.85,-4.55,Mediterranean,10.17371815872456,2.4357462374620256,18.642063844147923,699.0533717103901,-985.9540324700188,0.28777193535276285,0.17356229776979754,0.37899633567954183,5.716264879438612,-0.17597942037356606
376,430800_-25900,43.13333333333333,-2.9833333333333334,Atlantic,13.58183631004574,7.551437844542187,19.64905369423281,1151.5877912952978,-545.6723216256186,0.20754910768391174,0.15724471971902082,0.2385758304317168,17.353780916002062,-0.3640162331155213
377,382800_-22700,38.46666666666667,-2.45,Mediterranean,13.759578363309402,4.1227160261052465,25.31697857550436,502.9344256674639,-1449.0624133845924,0.21476903489915486,0.11149522673172214,0.3363668441796682,4.860052121480306,-0.0657253448832788
378,392000_-1900,39.333333333333336,-0.31666666666666665,Mediterranean,18.63966761212874,10.901403878067615,26.881218635202536,456.30854476905233,-1070.514915458634,0.21362331258067235,0.1608125060792838,0.30061168659068976,10.015127911037869,-0.01703561363575083
379,372700_-65000,37.45,-6.833333333333333,Mediterranean,18.327130493055293,10.162937920530533,27.68783410477934,529.140823737712,-1728.7786037700077,0.21561871134043611,0.10965726492171687,0.3561280922857055,5.107911230723063,-0.14516795828616003
380,495900_60200,49.983333333333334,6.033333333333333,Continental,9.00645012901465,-0.06891668353520411,18.0261255913107,970.3726357873784,-676.3248893660929,0.3395768052145064,0.2440852565932894,0.39697350480259586,18.857405734592014,-0.28324852029114
381,493900_61100,49.65,6.183333333333334,Continental,9.782472954908606,0.5410955247768247,19.07456408236441,836.6411205334972,-722.3931967991444,0.3284286341065084,0.21729545820936297,0.39756064181428374,26.568853861490886,-0.6414322916666846
382,561000_130900,56.166666666666664,13.15,Continental,7.7725309337500885,-1.5615054776105899,17.274696411374755,890.8832173435526,-616.7506220140087,0.27238092515677065,0.1917955032226319,0.31589136991131184,13.787353473239476,-0.20690510075651086
383,630200_172500,63.03333333333333,17.416666666666668,Boreal,3.6338257704537265,-8.844681540487525,16.061305124134012,742.8460818469882,-280.45350116345753,0.23620343768565086,0.1737376956618967,0.27608533854739054,2.5665518681208295,-0.06471236146271435
384,593900_175300,59.65,17.883333333333333,Boreal,6.693019991431242,-3.945290558576898,17.980703806853395,630.6223450873634,-682.9349256782356,0.2749708311080104,0.19841677364937552,0.31854649266353335,6.297876408894857,-0.1363607372366599
385,601100_174300,60.18333333333333,17.716666666666665,Boreal,6.488753838311211,-4.344860844829532,17.947100440738957,642.5847121940449,-688.3477141128373,0.24499584540281907,0.1691940727239803,0.2907908910559507,4.833103385501437,-0.09871706806100207
386,585800_155100,58.96666666666667,15.85,Boreal,7.0234699269103835,-3.52686467610775,18.009694286036307,702.0451979893469,-707.2411089964014,0.2170137810860342,0.1364693596478593,0.26464471375065934,5.796831834581163,-0.1263898719181347
387,581300_155500,58.21666666666667,15.916666666666666,Boreal,7.22450930389217,-2.863147689286164,17.838445067541244,687.9153165381648,-547.3031297484567,0.22665642265303906,0.1590886272202837,0.26354513247370714,6.357980948554145,-0.12630601676255948
388,572700_134200,57.45,13.7,Boreal,6.67849108113226,-3.0672595183300215,16.789871893657423,904.3324206020274,-635.231986300243,0.23851045879502517,0.1736592868584371,0.27470296532999877,8.718674850463866,-0.17986828531396842
389,562800_150700,56.46666666666667,15.116666666666667,Boreal,7.582647784529741,-1.9322199675104381,17.482983408152275,719.8826453751877,-681.9829102188452,0.22646210383719825,0.15204075344580734,0.2679702131921752,9.48871512942844,-0.18579772028022656
390,574200_155500,57.7,15.916666666666666,Boreal,7.144802321492951,-2.849039662831303,17.717533556802795,718.5428628161374,-719.6133637840672,0.22922511611203164,0.16268651364253825,0.265545114370482,6.932786526150173,-0.12669058344066547
391,561800_145100,56.3,14.85,Boreal,8.026716716674901,-0.8442857365246255,17.49167045069488,767.1976901713432,-449.95641349165857,0.14659691569092012,0.09444484223344636,0.1759873965914907,11.748424860636394,-0.221006370993223
392,561800_154200,56.3,15.7,Boreal,8.228263960161925,-0.48680383468387567,17.76628874130552,657.4957259657306,-483.50725266887065,0.1445838037259514,0.09636827335527963,0.1736674621839163,11.381135440402561,-0.2034378171434611
393,562200_134900,56.36666666666667,13.816666666666666,Continental,7.6915977764183365,-1.7205658999799716,17.276043239675943,833.9149239892257,-625.081653587576,0.2273407655233603,0.1477780644198125,0.2712106149275666,11.5781859503852,-0.17957192719167395
394,561000_141400,56.166666666666664,14.233333333333333,Continental,7.7602607667478765,-1.6310018179514878,17.43806668430791,801.1882923478572,-655.3234733612685,0.2274843601606597,0.1454912029198585,0.2728869282565059,11.739067662556966,-0.17528846559632993
395,561500_133200,56.25,13.533333333333333,Continental,7.6354378421514175,-1.7549773630751224,17.165738001809284,863.454654019469,-611.6848163741828,0.22812457485367846,0.14717123230583382,0.27312475590680985,12.10841566297743,-0.183719672015086
396,562000_130100,56.333333333333336,13.016666666666667,Continental,8.027081482673138,-1.1847976017704989,17.46129947250327,904.85661664084,-627.0291475979056,0.27272320497692815,0.19105823750668963,0.31585829700369145,14.423843688964844,-0.23933790933237184
397,555900_132300,55.983333333333334,13.383333333333333,Continental,7.8686972803466455,-1.2930489264778529,17.263147358692134,779.7635650947967,-611.2540092807997,0.2509189616139243,0.16562777278653174,0.29861579235665453,13.426163092719184,-0.19055172946800245
398,571200_122700,57.2,12.45,Continental,7.867656294305525,-1.4798203411440176,17.42466574271117,1030.5167242274058,-668.2316383461623,0.36165606776531617,0.2863267917386047,0.3990886844674867,15.863305960761176,-0.28712937377677433
399,570200_124800,57.03333333333333,12.8,Boreal,7.730246136877619,-1.7101953220608779,17.3836211502327,1071.4249977985044,-669.8768852212605,0.2747565384856011,0.19379659993651754,0.3178523332092087,14.412482401529948,-0.2439329694151476
400,582200_120500,58.36666666666667,12.083333333333334,Boreal,7.630662213466817,-1.9813792005035056,17.505677465027155,967.6310339330216,-658.6797919146702,0.2385285126387917,0.1713876611923307,0.27601064580096696,9.624829843309191,-0.23581704146598867
401,573300_133000,57.55,13.5,Boreal,6.752103665468639,-2.936145783210126,16.799670069548508,937.1250361908459,-632.9679960639985,0.23991645994173746,0.1754392781786808,0.27621354251513247,8.820240754021539,-0.16392876002072396
402,571300_130600,57.21666666666667,13.1,Boreal,7.246358787186525,-2.347043084273922,17.094389772554262,1014.0675285971802,-646.6382090262186,0.24358005863924528,0.17860052789920544,0.279859737678855,10.441555985344781,-0.21327504310568385
403,573100_122800,57.516666666666666,12.466666666666667,Boreal,7.556339738380023,-1.8250797761515511,17.23782698662995,1043.9123125322128,-652.5224043677615,0.35214500558452766,0.2853962910567905,0.3861374824856218,11.567709973653157,-0.21160078940376797
404,580800_140400,58.13333333333333,14.066666666666666,Boreal,7.018809339809841,-2.7501824655246825,17.34399072747047,759.9708738352665,-669.3921958858632,0.22719144196479707,0.15600913075455103,0.2659241521881539,7.516997231377496,-0.13371281311853955
405,585100_134100,58.85,13.683333333333334,Boreal,7.483136814318587,-2.0111777766671217,18.023128898340577,805.5682425375322,-325.0204659128967,0.2131080193383471,0.1777543817121084,0.22978921357009635,5.906902936299642,-0.14177801937264461
406,595700_123800,59.95,12.633333333333333,Boreal,5.781520267900032,-5.573909011071492,17.108969188914536,887.2085874504763,-634.1415362445026,0.237056025038277,0.1741709879122942,0.27406417512551046,5.2492347674899635,-0.10008943414048241
407,594000_115700,59.666666666666664,11.95,Boreal,6.193200785294105,-4.635708416469385,17.112908661695492,876.1413903123982,-641.0397969714616,0.28455286997818646,0.21999071437757328,0.32051154362416984,5.8272255346510144,-0.11750571696750751
408,593500_122900,59.583333333333336,12.483333333333333,Boreal,6.602240958039403,-3.8855250527120284,17.263080017277076,839.8358366639497,-282.9119006335207,0.3049577701300008,0.23930008994803306,0.33973544988280163,5.355347330305311,-0.1130173986492012
409,594800_152900,59.8,15.483333333333333,Boreal,6.119877207864019,-4.736888892595549,17.365203273214064,754.6119193857983,6.629548640905632,0.23186193728335086,0.16733158493753744,0.27029720810811797,5.006893261803521,-0.1144432768216441
410,600100_152400,60.016666666666666,15.4,Boreal,5.672455234427383,-5.3364295108658935,17.009808955240146,751.6991332143949,-36.95593580554822,0.2341315810523714,0.17402791971640824,0.2703778465457991,4.5146475431654185,-0.09707119440761776
411,611200_151200,61.2,15.2,Boreal,4.484670520262828,-7.29047535163314,16.33353279451006,714.0006295103676,-616.0463779906452,0.23276116115177878,0.17555856360953637,0.26876805063780423,3.1255504067738853,-0.061064488417838875
412,601600_143000,60.266666666666666,14.5,Boreal,4.860331798277211,-6.215470672338661,16.229422966828835,816.2021573391575,4.3371091682167515,0.24061210581887654,0.18837933198943768,0.2754465483429022,3.907917701933119,-0.07748352450359944
413,621100_164300,62.18333333333333,16.716666666666665,Boreal,4.083110856373666,-7.755568834738178,16.016220046752004,784.1072073337315,-132.5511029327921,0.23908644763560505,0.1816614440797581,0.27618938814439853,2.7829716279771595,-0.06630808821403553
414,631000_175500,63.166666666666664,17.916666666666668,Boreal,3.6650946341794595,-8.701715716317251,16.099285682227297,749.6618288974611,-593.6113407211767,0.23593448805767042,0.1720156748314146,0.27819011325258053,2.8435000806384614,-0.07327947385293886
415,632000_144500,63.333333333333336,14.75,Boreal,3.495913358305173,-7.911800917675081,15.255060032340037,732.7705775747278,-227.77635656887455,0.2330001345863355,0.18096096732847222,0.26912665014177817,1.957207907570733,-0.05295205601474736
416,634500_192400,63.75,19.4,Boreal,3.6131715972766707,-8.97535755640953,16.480067713678462,776.8018782503013,1.079475815642529,0.2357179038667556,0.16785889343094573,0.28044278702780334,2.919547380341424,-0.07332227144940066
417,643000_172400,64.5,17.4,Boreal,1.7716139785809097,-10.598049964378923,14.655452072654622,762.595337802772,-8.52698091359203,0.24076297773453811,0.2019284475483949,0.27732092751186027,1.6095864796638488,-0.048670764746926914
418,652700_192400,65.45,19.4,Boreal,1.5831506108613922,-11.706051937052322,15.107851699021039,720.2175031215837,-535.2085395084882,0.2383258636617619,0.19984522597401366,0.2779916758068582,1.5218054533004761,-0.038996844267082324
419,570600_143300,57.1,14.55,Boreal,7.049696602183573,-2.6347256094060074,17.057722372054634,789.2432482247156,-632.275523294596,0.2295084344938846,0.15761781184543516,0.27026822286323715,9.054221750895183,-0.14768543570157233
420,570800_144600,57.13333333333333,14.766666666666667,Boreal,6.716370627102953,-3.0543299666386896,16.874553723094134,792.9157207351553,-634.2130876036891,0.23481288914277992,0.17000194352360656,0.2700976558452848,7.922204920450846,-0.14269930387798077
421,571000_144800,57.166666666666664,14.8,Boreal,6.716370627102953,-3.0543299666386896,16.874553723094134,792.9157207351553,-634.2130876036891,0.23481288914277992,0.17000194352360656,0.2700976558452848,7.922204920450846,-0.14269930387798077
422,580300_120100,58.05,12.016666666666667,Boreal,7.857128586417967,-1.473826955203769,17.385035319948948,947.2236004863977,-657.9271535987743,0.23839615907402623,0.1736418213903679,0.2771384691113927,11.21637547387017,-0.24515939332629613
423,580400_120100,58.06666666666667,12.016666666666667,Boreal,7.857128586417967,-1.473826955203769,17.385035319948948,947.2236004863977,-657.9271535987743,0.23839615907402623,0.1736418213903679,0.2771384691113927,11.21637547387017,-0.24515939332629613
424,594500_145400,59.75,14.9,Boreal,5.816700545483776,-4.9187443839624,16.94098602904984,768.4626355238282,6.961285092193282,0.2348705809282638,0.17222154439120896,0.2717260320384597,5.025293040805392,-0.10270754102582863
425,595400_151400,59.9,15.233333333333333,Boreal,5.498529194683726,-5.475624215792865,16.798794631152745,766.7526461043689,5.690785019394426,0.23564122922324612,0.17681905015614735,0.27119129143097936,4.862853332095676,-0.10499522210151621
426,593400_145000,59.56666666666667,14.833333333333334,Boreal,6.129711860354931,-4.505335436915142,17.128935918479534,819.8943978667917,-502.1784926654386,0.2890622742242297,0.22191786155644252,0.3256731468471729,5.47364780637953,-0.12070568753961948
427,635100_180600,63.85,18.1,Boreal,2.78205788207986,-9.666718194112839,15.524762399651364,737.3563740291411,-371.5105072742461,0.2396820696441918,0.18627753012987647,0.28055538355599413,2.014073131084442,-0.05032079686321352
428,640200_185500,64.03333333333333,18.916666666666668,Boreal,2.9072932728435568,-9.786451230087755,15.779716997064773,726.3829031811562,-3.326907113979298,0.2382000131968094,0.18356963936774376,0.2788976505122348,2.2063964682155186,-0.053806479107607656
429,641500_194800,64.25,19.8,Boreal,2.8369158823223035,-10.06460494498899,15.865846666925242,713.8635957614249,-3.334511931377237,0.23835286700955682,0.18656663936727721,0.27864421542237966,2.3502932633294,-0.05974982805911481
430,562000_145800,56.333333333333336,14.966666666666667,Boreal,8.09734944339492,-0.728626856160775,17.574938110415346,734.9388430079981,-465.4141195111988,0.14655415006786415,0.09688777812891233,0.1754080632995784,10.297037650214302,-0.1971016771062623
431,573000_121400,57.5,12.233333333333333,Boreal,7.982899902609841,-1.2979311790696326,17.605006052239194,971.8624762942505,-691.1524845661397,0.3298402093387747,0.2328434408479842,0.38409476593293296,14.001639056735568,-0.2778728833902237
432,582600_114400,58.43333333333333,11.733333333333333,Boreal,7.6148987105584185,-1.9880123298868193,17.484397577868506,916.1441065170143,-692.5257077959066,0.29163471470740027,0.20434983031305207,0.3391884462871025,10.578296055263943,-0.25503754205379087
433,593400_180300,59.56666666666667,18.05,Boreal,6.88240930360782,-3.505079728336165,18.021546375086686,631.4113079078066,-692.087234703972,0.33108964061570356,0.24958204816093962,0.3780847868886112,6.221334650251601,-0.16088803668263277
434,590500_173800,59.083333333333336,17.633333333333333,Other,7.238681865869798,-2.58044842886845,18.023297251878223,622.3228461432367,-691.5430161060791,0.24639230866980566,0.16251966268162188,0.30344518008063925,5.861639908684625,-0.1286140063180526
435,600100_171100,60.016666666666666,17.183333333333334,Boreal,6.448983120934277,-4.404087619373928,17.847367805036562,649.7888360609089,-678.6602351818321,0.29718631811633145,0.2227454274583596,0.3404775464728907,4.997745066748725,-0.1045451123106714
436,585700_165900,58.95,16.983333333333334,Boreal,7.055297163202648,-3.2314042175363547,17.967706913747012,664.8249300836704,-708.5577213047017,0.22628695368223484,0.15739261878905358,0.2654681919898368,6.504538209703234,-0.13133933619448987
437,584600_164800,58.766666666666666,16.8,Boreal,7.299701605590142,-2.2777487681782014,17.80184500845667,685.8091837248232,-379.79966034814424,0.12316683544038264,0.08292432221044121,0.14561048835071408,6.547420959472656,-0.10025038239879488
438,590200_161500,59.03333333333333,16.25,Boreal,7.0631620793030825,-3.3972997935342217,17.99228653024355,670.728567716691,-699.03014543686,0.2143931866971055,0.13194208736090132,0.26344777177936396,6.34635924021403,-0.13021750285775582
439,591800_160700,59.3,16.116666666666667,Boreal,6.992981101242417,-3.703568549222587,18.16424283359673,678.116005185202,-698.373157736571,0.2814380400034699,0.18905937042702559,0.3356719415139363,5.584508900112576,-0.11128738001773213
440,580900_152500,58.15,15.416666666666666,Boreal,6.954040927984544,-3.083589811481831,17.46537362811434,695.9484666200609,-524.1919183689165,0.2208249072478712,0.14364357936155964,0.2621850555985314,6.365970848931207,-0.1407070431546904
441,584500_150800,58.75,15.133333333333333,Boreal,7.023085519666088,-3.19887831406285,17.782720046579914,720.1325981293817,-670.1924331392939,0.2280158492182335,0.1544706831416473,0.2672214276994213,6.489158770243327,-0.14133381807152173
442,575200_144500,57.86666666666667,14.75,Boreal,6.446166005070977,-3.3999597794290475,16.775595513664914,758.2647357433285,-646.1604515155292,0.23414350340202858,0.1687236199032228,0.26891186204509737,6.8687640592787,-0.12042730648328187
443,575000_145900,57.833333333333336,14.983333333333333,Boreal,6.456205487699354,-3.4894228493349475,16.872297785689653,756.270850749529,-650.9007183549317,0.23339642110208286,0.16793655902299812,0.2682195606192907,6.621282717386881,-0.1247914247148672
444,573000_152000,57.5,15.333333333333334,Boreal,6.761433257346606,-3.0584377929572883,17.089709544207654,690.2013910439955,-320.9558592618755,0.22802043235524458,0.16121161060495012,0.2652753286296684,6.846001968383789,-0.14164108465330655
445,570800_133500,57.13333333333333,13.583333333333334,Boreal,7.116959452258346,-2.5117938562157893,17.034119206076454,932.0538606044634,-640.760547831885,0.2384802348644657,0.1714720156870479,0.2766185927320564,9.985734117296007,-0.18722109295635217
446,565300_150600,56.88333333333333,15.1,Boreal,6.914407699330025,-2.914125140485836,17.147320124790642,760.4687977477512,-647.6909898456605,0.23111550529338648,0.161743006761098,0.2689728053804878,8.56157935248481,-0.16011899430439364
447,570300_142200,57.05,14.366666666666667,Boreal,7.096465214942055,-2.6588675067046648,17.131966282157187,835.8876506525761,-627.70452635298,0.23019866112117954,0.15316002982505034,0.27150529825052133,8.74465412987603,-0.14946453200774218
448,565000_134400,56.833333333333336,13.733333333333333,Boreal,7.295097136335483,-2.288658077417764,17.10748767778324,881.8617463049964,-634.5516151630312,0.2289744370978115,0.1477312421011589,0.2744833463591712,8.64247355143229,-0.1459796054395218
449,564400_132200,56.733333333333334,13.366666666666667,Boreal,7.373569526125286,-2.1468707280110233,17.082908061286698,1033.3592436473107,-636.0161145559193,0.23543204617926133,0.15712171823112925,0.27851712627174846,11.815804324679904,-0.21311566678609023
450,580300_160600,58.05,16.1,Boreal,7.088558210457209,-2.8114968239359066,17.526250267327683,696.1699738846784,-78.35511172653916,0.22782772383078606,0.1601254071333275,0.26399440376935945,6.184472779168023,-0.12342848385081646
451,563800_153700,56.63333333333333,15.616666666666667,Boreal,7.261050439238566,-2.443139283563125,17.400288150459808,703.0364593786373,-695.1816000299322,0.23016676496495386,0.164178510542492,0.2665815226778222,8.201415625678168,-0.15906161407691308
452,565100_161900,56.85,16.316666666666666,Boreal,8.172137696602537,-1.0146258459163846,18.187105244009267,617.2207480723989,-444.91192336576216,0.16580149845296469,0.09309814316360021,0.21524939720534172,9.255213453504775,-0.1756136231476567
453,561700_143900,56.28333333333333,14.65,Continental,8.026716716674901,-0.8442857365246255,17.49167045069488,767.1976901713432,-449.95641349165857,0.14659691569092012,0.09444484223344636,0.1759873965914907,11.920129538642035,-0.21141019098776126
454,562400_151800,56.4,15.3,Boreal,7.629929875578049,-1.8810068213580646,17.57062825985157,694.302671319494,-701.1618375464651,0.22694773055751943,0.15666501482140494,0.2673347674390193,10.258593436347114,-0.1894426068285325
455,561300_152600,56.21666666666667,15.433333333333334,Continental,8.152824739942073,-0.6143821455131688,17.681438558331166,682.2623507868834,-474.1978120862309,0.14705303072494708,0.09872462512180681,0.17502865387620287,12.024946975708009,-0.225441379133764
456,562300_143200,56.38333333333333,14.533333333333333,Boreal,7.505244439703999,-2.052121357023001,17.36220658024394,791.1813289209864,-648.7384050779278,0.22776504633544553,0.14931019473575505,0.2698479368124656,10.788220002916123,-0.1878619102895333
457,560100_135500,56.016666666666666,13.916666666666666,Continental,8.020002216415062,-1.024828070297824,17.451400284489598,796.6617200419665,-528.6370350869104,0.18846492516983354,0.121315279055054,0.22451575703030968,13.162737469143337,-0.1630082434938683
458,560600_133100,56.1,13.516666666666667,Continental,7.8686972803466455,-1.2930489264778529,17.263147358692134,779.7635650947967,-611.2540092807997,0.2509189616139243,0.16562777278653174,0.29861579235665453,13.158425835503472,-0.19110108240716267
459,560800_133000,56.13333333333333,13.5,Continental,7.6354378421514175,-1.7549773630751224,17.165738001809284,863.454654019469,-611.6848163741828,0.22812457485367846,0.14717123230583382,0.27312475590680985,13.04968280368381,-0.19335210652543455
460,555500_133500,55.916666666666664,13.583333333333334,Continental,7.8686972803466455,-1.2930489264778529,17.263147358692134,779.7635650947967,-611.2540092807997,0.2509189616139243,0.16562777278653174,0.29861579235665453,13.019275334676106,-0.18413701942215674
461,553700_132600,55.61666666666667,13.433333333333334,Continental,8.505592742728687,-0.5333704231971795,17.979121283599518,694.0599737632034,-657.4907790204096,0.3265268490169098,0.22079969999431034,0.3857365199314374,12.944927427503798,-0.21104109489512143
462,570400_123300,57.06666666666667,12.55,Continental,8.206883060880692,-1.1141564573735976,17.788881786057814,980.4834412318154,-708.7427269952052,0.2618376971670914,0.16612349479513405,0.31640864505072297,16.874343304104276,-0.28993470072868927
463,565600_124300,56.93333333333333,12.716666666666667,Continental,7.730246136877619,-1.7101953220608779,17.3836211502327,1071.4249977985044,-669.8768852212605,0.2747565384856011,0.19379659993651754,0.3178523332092087,16.03838300069173,-0.25477555203117613
464,564600_130800,56.766666666666666,13.133333333333333,Boreal,7.373569526125286,-2.1468707280110233,17.082908061286698,1033.3592436473107,-636.0161145559193,0.23543204617926133,0.15712171823112925,0.27851712627174846,14.099429490831163,-0.23658199125276017
465,570000_132200,57,13.366666666666667,Boreal,7.295720044424779,-2.286907200626232,17.112403601082544,1033.3289763679522,-645.4518758664876,0.2367527328498555,0.1607355836986386,0.2783253777286909,10.26731872982449,-0.2077548039045604
466,564100_130900,56.68333333333333,13.15,Boreal,7.373569526125286,-2.1468707280110233,17.082908061286698,1033.3592436473107,-636.0161145559193,0.23543204617926133,0.15712171823112925,0.27851712627174846,14.716802300347222,-0.24919169517493417
467,583200_114300,58.53333333333333,11.716666666666667,Boreal,7.6148987105584185,-1.9880123298868193,17.484397577868506,916.1441065170143,-692.5257077959066,0.29163471470740027,0.20434983031305207,0.3391884462871025,9.798243166605632,-0.24935526364605137
468,572400_130600,57.4,13.1,Boreal,6.995026596724835,-2.6277894436549314,16.935464033015,1021.5875252432397,-638.7810866687765,0.24221617280560764,0.1748781535662449,0.27928374883827517,10.292535824245878,-0.20670802129188398
469,574600_134400,57.766666666666666,13.733333333333333,Boreal,6.478649820160063,-3.2448725005481505,16.61003664474234,855.2880658263576,-625.7221590850736,0.23656922156656107,0.1698057357121058,0.27271561802714633,7.415787785847982,-0.13354448300766034
470,584300_115800,58.71666666666667,11.966666666666667,Boreal,7.078639381197475,-2.883417455218927,17.266379746614977,923.5035459530882,-677.2227839769699,0.2386325622357997,0.1714471181049067,0.27647701095898486,7.605233489142524,-0.1980482100259391
471,583700_134600,58.61666666666667,13.766666666666667,Boreal,7.1931787105359675,-2.615566976821719,17.42820116700177,751.9951580733353,-649.5671038040338,0.37609613896579613,0.3064165392866243,0.4099596377205991,7.023485238817003,-0.15883000069727493
472,593900_134800,59.65,13.8,Boreal,5.978990549883693,-5.059622624265845,17.224661739985915,864.7012216680141,-654.0586570176431,0.2370874876545151,0.1720231069454866,0.27406306030839966,6.2506585184733074,-0.12059547959712344
473,594900_125400,59.81666666666667,12.9,Boreal,6.210934024592978,-4.63513601444138,17.22934196833252,857.2699333998416,-647.9613310092666,0.2361497096943387,0.17276780477550086,0.27295456049456107,5.699371056026883,-0.10997144248340229
474,603500_130700,60.583333333333336,13.116666666666667,Boreal,4.49832399216604,-7.050605231192954,16.140767993903648,907.9272752793926,-450.85527476476324,0.24044878511214438,0.18405049714820207,0.27761003674926105,3.9810632514953612,-0.07511848654417178
475,593500_145200,59.583333333333336,14.866666666666667,Boreal,6.129711860354931,-4.505335436915142,17.128935918479534,819.8943978667917,-502.1784926654386,0.2890622742242297,0.22191786155644252,0.3256731468471729,5.47364780637953,-0.12070568753961948
476,593500_144200,59.583333333333336,14.7,Boreal,6.129711860354931,-4.505335436915142,17.128935918479534,819.8943978667917,-502.1784926654386,0.2890622742242297,0.22191786155644252,0.3256731468471729,5.446712597741021,-0.1192514040054308
477,595200_142500,59.86666666666667,14.416666666666666,Boreal,5.632027938253623,-5.0512049473834635,16.715931019922635,830.3217472761332,-436.35297975864074,0.24041469028883908,0.18242843825198835,0.274300516353,4.752783708572387,-0.09477106956505515
478,590500_153000,59.083333333333336,15.5,Boreal,7.029496983558165,-3.5781451636751815,18.00491304556711,705.0925409148141,-682.2898377123303,0.22178550799167704,0.143944208375772,0.2657320320393928,5.493767019907634,-0.1175049278881289
479,592000_155600,59.333333333333336,15.933333333333334,Boreal,6.992981101242417,-3.703568549222587,18.16424283359673,678.116005185202,-698.373157736571,0.2814380400034699,0.18905937042702559,0.3356719415139363,6.352991633945042,-0.14108192569823205
480,610700_142100,61.11666666666667,14.35,Boreal,4.425078979720192,-7.047440184685181,16.105380080290136,783.9458670737519,-602.3621973710482,0.2363390118331809,0.18292155902066545,0.2707234398501471,3.366193845007155,-0.06652667750268944
481,602400_151600,60.4,15.266666666666667,Boreal,5.404220348785881,-5.971661079117523,16.937282251221603,707.3583839656987,-163.4467167505534,0.22863141406624682,0.1664218941751248,0.2684417808300435,4.200667503145006,-0.09277015254962591
482,614400_163100,61.733333333333334,16.516666666666666,Boreal,4.677426903192357,-7.116397793705606,16.50959692418183,706.4595544369196,-422.2319534657959,0.2316544264650323,0.16841704519775283,0.2699542160436952,3.1972318681081138,-0.07678386316210871
483,603900_161700,60.65,16.283333333333335,Boreal,5.175885251566842,-5.95203105662782,16.741992147550473,738.2475967865504,-644.378330163499,0.23406193595008837,0.1753798212661048,0.271134064152625,3.8926053428649903,-0.09008392156831312
484,621600_162000,62.266666666666666,16.333333333333332,Boreal,3.583437556635825,-8.168068672682134,15.450619501671397,742.5912709867093,-586.0478634287637,0.2397669815474644,0.18862422014811006,0.2756256622920374,2.4604788923263547,-0.06276184736513607
485,620000_142500,62,14.416666666666666,Boreal,3.3019841123966995,-8.519220481507334,15.15391322692141,726.9569587297881,-572.8395804127853,0.23268529165396046,0.1820263608806932,0.2701686325346724,2.1264831778738236,-0.0473660786208478
486,630400_164400,63.06666666666667,16.733333333333334,Boreal,3.4995918831027706,-8.818485730029574,15.803825223655897,688.2835737638949,-391.68642432730013,0.2355663197068288,0.1786893416623658,0.27312141145547747,2.1889082524511547,-0.0607598329992858
487,642900_182800,64.48333333333333,18.466666666666665,Boreal,2.4039274188466457,-10.344105488191401,15.379170260293787,722.3044751809914,-7.804541615134747,0.23900658337647304,0.19407344618569947,0.2760485495827341,1.7986365755399067,-0.047026973548196405
488,652400_180600,65.4,18.1,Boreal,1.7019577023792478,-11.129070692826733,14.806128488849156,736.3121528912797,-113.07467000934821,0.23562905913645324,0.1934249942329176,0.2717509296206009,1.4225387485159768,-0.03219139592812381
489,655700_231500,65.95,23.25,Boreal,2.3906751895414913,-11.485912851224423,16.564816884530224,704.2131278297626,-196.448993467964,0.2338824813623916,0.16940142870658906,0.27821315280620373,2.577355079650879,-0.053419060387233035
490,660400_203700,66.06666666666666,20.616666666666667,Boreal,1.9494710734286333,-12.313101123101754,16.046254317868332,689.0644823558288,-140.78763409644117,0.2320221303087444,0.18084056708050583,0.27699986018394995,1.6452408260769313,-0.04337804138844942
491,614300_163100,61.71666666666667,16.516666666666666,Boreal,4.677426903192357,-7.116397793705606,16.50959692418183,706.4595544369196,-422.2319534657959,0.2316544264650323,0.16841704519775283,0.2699542160436952,3.1972318681081138,-0.07678386316210871
492,480700_160200,48.11666666666667,16.033333333333335,Alpine,9.431287475375875,-1.3875626025131778,19.593934746007,959.4555765001827,-845.8000193324242,0.3507739663410957,0.29091389254384226,0.3860274871973562,18.39652101304796,-0.28885352450628454
493,474600_161900,47.766666666666666,16.316666666666666,Continental,9.728136850632868,-1.1630126539989063,20.037175939925405,909.3620146356695,-876.9281092978014,0.345598025331362,0.2829815971947981,0.3821107630814129,15.701930796305339,-0.209155288869512
494,472900_163300,47.483333333333334,16.55,Continental,10.381225117444307,-0.8425685304406186,21.051910052742066,799.0784520325035,-910.8025355966358,0.3573808680139668,0.28320456061695803,0.4047538134188677,12.307061250474717,-0.16833468174418237
495,464400_143000,46.733333333333334,14.5,Alpine,8.46866158835341,-2.910488704072647,18.71529763302459,946.0451741679391,-759.3276719148603,0.3489593537561333,0.28651854028166224,0.3877116042460711,12.034209772745768,-0.11753007556140108
496,464600_131000,46.766666666666666,13.166666666666666,Alpine,5.260589528141896,-6.054356336809983,15.44408738441067,1400.4524415904373,-645.9242371994256,0.3593147350626428,0.31141909526848666,0.3938464428068024,8.99686932457818,-0.18994010925292906
497,464300_134000,46.71666666666667,13.666666666666666,Alpine,6.3259587732983515,-4.820526930098833,16.46878802665607,1181.9992477361623,-696.6099535972475,0.35480499017803796,0.3110385710280003,0.38734482941661796,10.778217815823025,-0.145968152214501
498,482100_151200,48.35,15.2,Continental,9.437766280683013,-1.5751421141600377,19.890135960144057,884.3746655998931,-783.9391858984011,0.3411479541293269,0.26829462497141793,0.3842214834778605,15.191095123291015,-0.17176429898131398
499,473800_160800,47.63333333333333,16.133333333333333,Alpine,9.728136850632868,-1.1630126539989063,20.037175939925405,909.3620146356695,-876.9281092978014,0.345598025331362,0.2829815971947981,0.3821107630814129,15.387257588704427,-0.17249760142544207
500,485500_151100,48.916666666666664,15.183333333333334,Continental,8.656914514150866,-2.3626326218600884,19.155643146095453,747.0978994886722,-799.6357982048052,0.349094339527966,0.28612203699592115,0.38513340387449474,13.654770923190647,-0.20603615035460124
501,480600_125200,48.1,12.866666666666667,Continental,9.391878718104886,-1.0290705794465422,19.31089877851399,1349.05303998702,-754.1887976232375,0.3683074382540514,0.31013519756254887,0.396202422967626,27.236942833794487,-0.11498649195620891
502,475200_132100,47.86666666666667,13.35,Alpine,7.293335035974771,-3.636429158408758,17.376684984481628,1878.5237515007589,-654.0119574430668,0.37673762331163557,0.3412400813766777,0.40085158192536474,24.814420030381946,-0.17059480145496755
503,472900_132500,47.483333333333334,13.416666666666666,Alpine,5.002576508127896,-5.7783912178981645,15.17596754035323,1841.0951763160774,-638.4554071516995,0.3741610641985834,0.33964403487971606,0.4013837212929199,10.910571556091309,-0.15046864079494493
504,463700_153000,46.61666666666667,15.5,Continental,9.61087299987678,-1.89346498314398,19.97033958547933,1197.6865037610423,-833.7348082824353,0.3616963560170148,0.31376318404679504,0.3892686321441548,15.314702928331164,-0.20825377536140724
505,472200_151000,47.36666666666667,15.166666666666666,Alpine,7.658294640779361,-3.4644055136405245,17.840027590795128,992.961934168188,-730.8605032743382,0.35627868549708935,0.30964504963950057,0.38458751509590644,11.730032569037544,-0.1430312064754483
506,473800_153900,47.63333333333333,15.65,Alpine,7.122296259401772,-3.527470748843281,17.11960913249386,1222.74157863099,-760.1387443506014,0.36965608825384144,0.3364448813774242,0.39260267851685343,9.985350528293186,-0.1088342825276458
507,470300_140600,47.05,14.1,Alpine,5.231554154682289,-5.593943082051541,15.201186900292832,1166.1168844178894,-674.301414481053,0.35930148112588106,0.32250929588672306,0.3888684128013777,7.410697127448188,-0.14135613731801583
508,471900_122400,47.31666666666667,12.4,Alpine,2.733948052804787,-7.649068386822362,12.728948870646514,1685.2535892776891,-581.7004591312544,0.35869780766038295,0.3223565659425435,0.39183271149899435,11.406626285976834,-0.17350111175002136
509,472300_105400,47.38333333333333,10.9,Alpine,5.818692729012607,-5.0368612259758985,15.558500448595929,1708.8676923526325,-624.8491529674988,0.3727703298528607,0.33676297585970577,0.3984171929610816,8.798854696485732,-0.0982858845619259
510,472200_115300,47.36666666666667,11.883333333333333,Alpine,3.3368669653972645,-7.127542797897871,13.242730196839217,1648.2927506291946,-617.1591775218117,0.2487220286942415,0.20602911648762015,0.2875006941562769,18.3990584564209,-0.14561221962251186
511,472900_95900,47.483333333333334,9.983333333333333,Alpine,6.862333144243353,-3.3056144569313783,16.393298300374926,1837.0697879675442,-694.9023447722401,0.3747591016442436,0.3326455846638185,0.4001410718200817,23.877103949652778,-0.16514780459881806
512,693400_285300,69.56666666666666,28.883333333333333,Alpine,0.5050510323664933,-12.627720214257433,13.716645405316989,567.0835751174059,-376.80662936696433,0.2253410313637212,0.1809672846254334,0.27166434549166213,0.941858667201466,-0.020120993112017337
513,675700_240300,67.95,24.05,Boreal,0.17220486486816516,-13.751311724516997,14.595720237497282,673.5265012287765,-446.0199568850598,0.4238258877804369,0.37634530059005994,0.4816237976598464,1.2932942782508001,-0.03104367827483405
514,675900_241300,67.98333333333333,24.216666666666665,Boreal,0.18361923472066805,-13.73387029801671,14.607572326547668,678.9979751681929,-442.74357762700913,0.5144516932530003,0.4646154046060774,0.5757533804102277,1.310379926363627,-0.03084252350101562
515,672000_263800,67.33333333333333,26.633333333333333,Boreal,0.7429850871237332,-13.420968412945024,15.295532222790502,666.957366984564,-107.74774320577033,0.32251880279930684,0.2812740689867564,0.3690012570698144,1.5794436971346537,-0.04130287570481029
516,661900_263800,66.31666666666666,26.633333333333333,Boreal,1.3809720416081903,-12.743278082498698,15.785878736542669,710.0471698969938,-428.27551959446566,0.6565679282277778,0.6096375032815805,0.7028191198820783,2.066521980232663,-0.049057201502616776
517,662100_264300,66.35,26.716666666666665,Boreal,1.3809720416081903,-12.743278082498698,15.785878736542669,710.0471698969938,-428.27551959446566,0.6565679282277778,0.6096375032815805,0.7028191198820783,2.0703128475613064,-0.04896389731927875
518,661700_292700,66.28333333333333,29.45,Boreal,0.827206750224198,-13.214566975789173,15.019735457416333,681.375187104953,-124.05384828288977,0.33714808323720313,0.3018041692935419,0.3761338569447116,1.747984664969974,-0.04738864810597247
519,662000_292100,66.33333333333333,29.35,Boreal,0.8558717459009837,-13.218439107155058,15.14643832984986,674.8790682775242,-176.79892231236352,0.3369579759526698,0.3009598811349629,0.37617584838921836,1.7712537532382542,-0.04831741120424138
520,645800_262300,64.96666666666667,26.383333333333333,Boreal,2.7274299650055336,-11.64881173425216,16.79960272813345,730.7732088074858,-532.4737419406082,0.4884106803618278,0.43024670789723035,0.5347032131506538,2.966305736435784,-0.06667182482433051
521,615200_241300,61.86666666666667,24.216666666666665,Boreal,4.715791868529931,-8.450363884609498,17.348031212374018,716.72404542813,-66.6043840425104,0.35141275654558396,0.27872522546576445,0.3932700823605189,4.559268781873915,-0.09411166369238479
522,615100_241800,61.85,24.3,Boreal,4.715791868529931,-8.450363884609498,17.348031212374018,716.72404542813,-66.6043840425104,0.35141275654558396,0.27872522546576445,0.3932700823605189,4.559268781873915,-0.09411166369238479
523,603900_234800,60.65,23.8,Boreal,5.177344315559788,-7.449569444710047,17.487225917300986,722.1294874782599,-600.1690059658004,0.3670188335425347,0.27613253247174774,0.414211178575486,6.219650217692057,-0.11028494253247322
524,603700_235000,60.61666666666667,23.833333333333332,Boreal,5.384180666021237,-7.164513234765267,17.69056332007166,725.770717892002,-611.8705929472223,0.3693419885328736,0.27201179682452803,0.4205032063488401,5.888605700598823,-0.10400558995265727
525,603800_260500,60.63333333333333,26.083333333333332,Boreal,5.466295104008816,-7.8813625980684074,18.249093016571084,697.9301424261995,-352.5925236850325,0.4482837365057059,0.37129146302110083,0.48597232760337283,6.1305983479817705,-0.09263546749780406
526,603900_260700,60.65,26.116666666666667,Boreal,5.466295104008816,-7.8813625980684074,18.249093016571084,697.9301424261995,-352.5925236850325,0.4482837365057059,0.37129146302110083,0.48597232760337283,6.299617072211372,-0.09562420950339547
527,614600_292000,61.766666666666666,29.333333333333332,Boreal,4.4944266077695,-9.865139673584208,18.287342940324596,701.4140437136044,-5.467146230748372,0.22268426735297545,0.14372793385627683,0.269869861548978,3.5296806960635716,-0.057221142421443764
528,614800_291900,61.8,29.316666666666666,Boreal,4.4944266077695,-9.865139673584208,18.287342940324596,701.4140437136044,-5.467146230748372,0.22268426735297545,0.14372793385627683,0.269869861548978,3.5296806960635716,-0.057221142421443764
529,604200_275100,60.7,27.85,Boreal,5.32910380617985,-8.422551880190136,18.543375000378948,727.6681918528718,-660.3322459296677,0.33414386789359146,0.2345918456834219,0.391643564195862,6.543001130421956,-0.10695219896157228
530,611400_250300,61.233333333333334,25.05,Boreal,5.009551956371091,-8.131940003502976,17.66830698239466,703.3687282658695,-336.8847152275116,0.34976598587008084,0.2712853076739902,0.3915279948220424,4.94734693315294,-0.08528469223479232
531,630900_304200,63.15,30.7,Boreal,2.8263881744347468,-12.254009031387474,17.067284852993016,798.2412597246773,-433.9304936257665,0.6523393030579463,0.5951798117773215,0.7021245888220501,3.1929702414406673,-0.04862801614806675
532,661800_292900,66.3,29.483333333333334,Boreal,0.827206750224198,-13.214566975789173,15.019735457416333,681.375187104953,-124.05384828288977,0.33714808323720313,0.3018041692935419,0.3761338569447116,1.747984664969974,-0.04738864810597247
533,694400_265700,69.73333333333333,26.95,Alpine,-0.279305293641013,-13.136989665641192,13.094814778662114,597.5295336998407,-343.476880524675,0.21754412435935525,0.15932199560214444,0.2677364732046108,0.7996847050719791,-0.016900582151147644
534,633300_222900,63.55,22.483333333333334,Boreal,4.668361065190037,-7.867793302934024,17.216412416641184,621.4806359232043,0.48119143227470995,0.32409357486973744,0.2052918507716779,0.3871660870731864,3.293693815867106,-0.07058777406611723
535,622700_213100,62.45,21.516666666666666,Boreal,5.015910108309581,-7.094444492396369,17.21115978626658,701.5430711758742,-605.757151822976,0.3849818506817099,0.29915239099265284,0.4287260973580994,4.708430720435248,-0.12481617469905812
536,620300_242200,62.05,24.366666666666667,Boreal,4.451838774529266,-8.62831357390293,17.132235647817424,717.0061991157489,-66.11702109069886,0.35690719461044473,0.29504466154505915,0.3967141240214831,4.34559449089898,-0.09530413077465769
537,615500_231900,61.916666666666664,23.316666666666666,Boreal,4.465065750803772,-8.494842889255976,17.068564339879135,728.3994806441682,1.6361080696096193,0.48860732171331606,0.41999373492920455,0.5328429549984325,4.461083360248142,-0.08975557433562406
538,600200_230200,60.03333333333333,23.033333333333335,Boreal,6.322269024931576,-4.7016019911046225,17.760598391733033,771.6264930922739,-83.9784918100983,0.024867248319912726,0.010366450554036103,0.03396935842388951,8.38362974802653,-0.17722314124014021
539,640700_264100,64.11666666666666,26.683333333333334,Boreal,3.0389204862532715,-11.285370117178694,16.800511837236748,751.2479845535902,-525.9778513068187,0.6486376767101034,0.5842713263481454,0.6980688841729604,2.879237641758389,-0.058442741163744386
540,662000_263800,66.33333333333333,26.633333333333333,Boreal,1.3809720416081903,-12.743278082498698,15.785878736542669,710.0471698969938,-428.27551959446566,0.6565679282277778,0.6096375032815805,0.7028191198820783,2.066521980232663,-0.049057201502616776
541,614900_291800,61.81666666666667,29.3,Boreal,4.4944266077695,-9.865139673584208,18.287342940324596,701.4140437136044,-5.467146230748372,0.22268426735297545,0.14372793385627683,0.269869861548978,4.3875939114888505,-0.07882844541095103
542,662600_264100,66.43333333333334,26.683333333333334,Boreal,1.2931644481558315,-12.85913898710772,15.766551750420735,681.2339344744103,-482.1635065189294,0.6020817064445669,0.5566561916965235,0.6486207996177316,1.9659836514790854,-0.04707453078160794
543,605900_271600,60.983333333333334,27.266666666666666,Boreal,5.032159030584859,-8.78962993367679,18.21734153937076,733.2225572273629,-461.41503175761477,0.3169610678962662,0.24103660340095553,0.3630949560167971,5.452242202758789,-0.09011062338625449
544,605500_271400,60.916666666666664,27.233333333333334,Boreal,5.032159030584859,-8.78962993367679,18.21734153937076,733.2225572273629,-461.41503175761477,0.3169610678962662,0.24103660340095553,0.3630949560167971,5.452242202758789,-0.09011062338625449
545,463500_63900,46.583333333333336,6.65,Continental,10.247731985658998,1.4834039456975314,19.444403133868477,1356.9993833838716,-771.2263233921692,0.36080849708968865,0.2891383604920418,0.39634772079773356,20.57187991672092,-0.4476231448839947
546,472300_81300,47.38333333333333,8.216666666666667,Continental,9.878111793753867,0.07970581950002777,19.543832733203104,1266.6599922625364,-779.7090475180811,0.36264673760397165,0.3019561560263143,0.3957520368548629,24.043040203518338,-0.32981696114083286
547,470200_84200,47.03333333333333,8.7,Continental,5.383552146147354,-4.782883079080844,14.996031279315558,2051.4507223379337,-601.4390227074854,0.3734422548992533,0.3376128381038388,0.40046957126206406,23.610613780551486,-0.19081523970062358
548,471300_72400,47.21666666666667,7.4,Continental,9.495158001667052,-0.4223244297648733,19.065169954963675,1413.343346183832,-738.4177217347335,0.36750486283570144,0.31046555503304923,0.3980764305308805,14.623774744669596,-0.22501807072091876
549,461300_61700,46.21666666666667,6.283333333333333,Alpine,9.563675085597298,-0.07585284928628212,19.074429399534285,1483.839211718478,-791.6571700762263,0.3589353256392673,0.2860220750616527,0.3967315894895523,13.21764771355523,-0.2708482061647973
550,474100_83200,47.68333333333333,8.533333333333333,Continental,9.302996467903874,-0.6983568900917534,19.078974945050767,1140.847094043476,-788.695983885518,0.3830231789523186,0.31255695193290967,0.419854011184651,18.852391001383463,-0.25424898822733955
551,460100_85000,46.016666666666666,8.833333333333334,Alpine,11.436467897311262,1.87701451671743,21.206155563934722,1793.949286299229,-851.1490019418908,0.32139057691603545,0.24592767767173787,0.36779911261866866,26.126383260091146,-0.7743755039022263
552,462900_95300,46.483333333333334,9.883333333333333,Alpine,-0.07477538664533444,-11.590864446593885,10.656651505035649,1233.9979862165878,-525.6166561300515,0.43692399788379166,0.38283613741483996,0.4849641613295062,2.9481047291225857,-0.08007181441205792
553,462600_84800,46.43333333333333,8.8,Alpine,0.7864736117903809,-9.909888043890922,11.321647978743355,1864.8398889338905,-497.9538361164851,0.44332868411962045,0.40310648533480914,0.4862473158240368,8.228895857069228,-0.2726057334876293
554,460700_90000,46.11666666666667,9,Alpine,11.089247143590132,1.5046838328561765,20.889078511129384,1657.8669271185884,-840.9382650762312,0.3286228600209233,0.26974611684967925,0.3689592656253076,19.772972581651477,-0.6442609360638842
555,461600_72600,46.266666666666666,7.433333333333334,Alpine,2.175527786104841,-10.191880219450518,13.171752345367027,1457.8011374357068,-569.8160016815909,0.43857742649481757,0.3844437036886133,0.48714697323245226,9.442474907769096,-0.20170139718228455
556,463900_101300,46.65,10.216666666666667,Alpine,-0.28438115280108767,-11.608777262999583,10.344625058359739,1207.859585650917,-551.3740808851109,0.31392888922345863,0.26066370184799326,0.3668325661836052,3.423685974544949,-0.08911177317301554
557,461700_75100,46.28333333333333,7.85,Alpine,1.0987553946650628,-10.641586189214578,12.05913748576209,1385.639772505748,-554.3790666637128,0.41816983220165216,0.36379580437378656,0.47344438451790827,6.76480397966173,-0.1686736188953535
558,471600_75300,47.266666666666666,7.883333333333333,Continental,9.665554228904695,0.035428839098728765,19.114834248569686,1481.928314043426,-730.6541943061358,0.3740000350603568,0.32563635788251655,0.39883636419474233,22.779080776638455,-0.2977097225287721
559,464200_74500,46.7,7.75,Alpine,5.612942258868982,-4.644193434766818,15.21465518330463,1856.1272432245842,-630.5395814773362,0.35530582176506476,0.3190306948953241,0.38140768509020184,14.486351920233833,-0.20818922611705512
560,470900_90400,47.15,9.066666666666666,Continental,7.7418653368675905,-2.286065432937997,17.22176605913838,1850.305442306238,-700.3374276192296,0.3717007247693322,0.33151850456479987,0.397221365806897,26.900920918782553,-0.1843153086879875
561,464800_95100,46.8,9.85,Alpine,1.229316369003009,-9.961942957731532,11.373063149140908,1471.4036906481003,-589.4928946549489,0.39824157829898865,0.35292670914919205,0.43860003250845325,4.851645463307698,-0.11108307668176291
562,472800_82100,47.46666666666667,8.35,Continental,9.878111793753867,0.07970581950002777,19.543832733203104,1266.6599922625364,-779.7090475180811,0.36264673760397165,0.3019561560263143,0.3957520368548629,24.886959804958767,-0.4097203430868736
563,475300_195700,47.88333333333333,19.95,Pannonian,9.839791722692997,-2.3551577247885342,20.871906450289334,814.8393467180399,-845.5103143336898,0.3576502511819348,0.28215328808147383,0.40998527851414757,11.70101810031467,-0.21002152166377042
564,475100_195800,47.85,19.966666666666665,Pannonian,10.920335233376079,-1.7407683244976748,22.433048804894806,698.2170263750064,-942.0318987256396,0.2919834356930868,0.20402839137943812,0.3669607701513472,11.70101810031467,-0.21002152166377042
565,473300_192300,47.55,19.383333333333333,Pannonian,11.526082485401037,-1.1483995669311056,23.10198475138346,642.4099961617195,-1004.631237629067,0.28707892168269095,0.19360113533642395,0.366986039339192,12.396018295288085,-0.1967663264004021
566,465800_193300,46.96666666666667,19.55,Pannonian,11.527911927176806,-1.017117478273567,22.83824209930485,657.3482249158483,-1015.446854206457,0.30544540971454986,0.21495694351660857,0.3779922570684148,11.053505859375,-0.1387500872380786
567,465700_193200,46.95,19.533333333333335,Pannonian,11.527911927176806,-1.017117478273567,22.83824209930485,657.3482249158483,-1015.446854206457,0.30544540971454986,0.21495694351660857,0.3779922570684148,11.053505859375,-0.1387500872380786
568,472000_210500,47.333333333333336,21.083333333333332,Pannonian,11.845087186212442,-1.1839558340822618,23.422294192111636,695.2720872120144,-1022.4007591926551,0.29878846514026064,0.2023294101025792,0.3770264538447586,10.920434824625652,-0.1735571421336902
569,473900_162900,47.65,16.483333333333334,Pannonian,10.581383444245738,-0.6352916548889916,21.232519727930327,774.3880227699464,-911.3571366363019,0.3216423707473664,0.24205480302881935,0.3733174573171277,15.624453701443143,-0.20493939190088686
570,473900_163100,47.65,16.516666666666666,Pannonian,10.581383444245738,-0.6352916548889916,21.232519727930327,774.3880227699464,-911.3571366363019,0.3216423707473664,0.24205480302881935,0.3733174573171277,14.837525185479059,-0.1996905616783943
571,474000_163000,47.666666666666664,16.5,Pannonian,10.581383444245738,-0.6352916548889916,21.232519727930327,774.3880227699464,-911.3571366363019,0.3216423707473664,0.24205480302881935,0.3733174573171277,15.624453701443143,-0.20493939190088686
572,464900_162400,46.81666666666667,16.4,Pannonian,11.221174587475318,-0.5443134031442675,21.998663007056663,823.7486018982783,-963.8612915189569,0.3620302747088413,0.2845200448077018,0.4108749025685658,14.657989790174696,-0.2073556688621755
573,463500_164400,46.583333333333336,16.733333333333334,Pannonian,11.584784558086433,-0.2363947827869549,22.30978034462928,813.953829039158,-983.4882667890569,0.34235551783031687,0.26292232131447363,0.3926985527883822,12.852130576239691,-0.2351753672628431
574,465700_193300,46.95,19.55,Pannonian,11.527911927176806,-1.017117478273567,22.83824209930485,657.3482249158483,-1015.446854206457,0.30544540971454986,0.21495694351660857,0.3779922570684148,11.053505859375,-0.1387500872380786
575,465600_193200,46.93333333333333,19.533333333333335,Pannonian,11.527911927176806,-1.017117478273567,22.83824209930485,657.3482249158483,-1015.446854206457,0.30544540971454986,0.21495694351660857,0.3779922570684148,11.053505859375,-0.1387500872380786
576,435400_260000,43.9,26,Continental,12.793195386505104,-1.3137564116085036,25.16741329265831,639.171525115278,-1089.9603295371805,0.2864476255265586,0.18622587693707607,0.37232564169421944,11.027277077568902,-0.09485904579438863
577,440400_260300,44.06666666666667,26.05,Continental,12.793195386505104,-1.3137564116085036,25.16741329265831,639.171525115278,-1089.9603295371805,0.2864476255265586,0.18622587693707607,0.37232564169421944,10.223364045884875,-0.11927110811751902
578,441800_253600,44.3,25.6,Continental,12.452046583708462,-1.557768029074821,24.927105453020236,662.7668989128149,-1076.3041025866835,0.29180580816676605,0.1957315508351624,0.3730406110679457,10.001884824964735,-0.06834719143170316
579,443000_261000,44.5,26.166666666666668,Continental,12.212673106204335,-1.8396255218042976,24.680938910272033,659.0299126712401,-1051.5177145116825,0.29005622657993363,0.1911091474880828,0.37088901404410207,12.471273888481988,-0.20430536449264172
580,445400_260600,44.9,26.1,Continental,10.961464002623368,-1.7449771629388586,22.629281688376743,712.1385845665712,-956.301980663107,0.31185975769867225,0.21804684494204202,0.3751461289845429,12.089941719902887,-0.1393966084294371
581,450600_254200,45.1,25.7,Continental,10.326030410126565,-2.0527947711735917,21.62097868069821,813.0899970509251,-892.4223588204131,0.326196956053539,0.24529037389006397,0.3782089031936136,11.090853339301216,-0.13141068433953218
582,453000_253500,45.5,25.583333333333332,Alpine,6.552624364602385,-5.7168074938267015,17.321532365548297,1000.3480132846686,-749.8810570676357,0.3461091380095218,0.2947510930392152,0.3837365380346626,6.8646742396884495,-0.09205817668430945
583,452500_251600,45.416666666666664,25.266666666666666,Alpine,6.604597907566468,-5.551046600658958,17.334663941484802,1020.4679714998371,-751.9671936902375,0.35051374944714986,0.3031018164105129,0.3846060953810864,6.242418452368843,-0.0813943294450388
584,464100_223700,46.68333333333333,22.616666666666667,Alpine,8.980167335895578,-3.3302950855505062,19.573900675026955,1123.6806246187846,-804.7175537713861,0.35941862982394096,0.2861807506970899,0.40028265359315324,8.844521704779732,-0.20261597844961923
585,450100_245900,45.016666666666666,24.983333333333334,Continental,10.05456874834682,-1.8672691726860227,20.981874981080704,865.1009447190116,-845.7268833813584,0.3397910049354898,0.2588287128836168,0.38752951745130715,10.285560090806749,-0.10259191066242794
586,472600_253300,47.43333333333333,25.55,Alpine,5.572094078851105,-6.574097378235413,16.199927427032986,979.986348311161,-701.06151269072,0.32235724721966674,0.2812599479700196,0.3571016992291373,6.145663748847114,-0.09092274338099589
587,452000_253300,45.333333333333336,25.55,Alpine,7.318764837836429,-4.446378028030979,18.02083929022857,1019.6425409225324,-759.7441503820601,0.3537225646977353,0.301748428438002,0.38800665917472943,7.420348188612196,-0.09898427807756208
588,535300_143000,53.88333333333333,14.5,Continental,9.476953372462763,0.38213611453003554,19.04301462940926,769.4942479587256,-160.00716735573457,0.04725853579317855,0.02795269047690298,0.059082471873173045,10.971011369493272,-0.17509462905742224
589,544800_175600,54.8,17.933333333333334,Continental,8.601548647403186,-1.0589028263176818,18.51115213327321,775.9391808855291,-472.49977199365344,0.1503335349091853,0.0926143125375131,0.18198548425329722,10.707822049458821,-0.21859728637002737
590,534700_150300,53.78333333333333,15.05,Continental,9.221361837498593,-0.9727731564572155,19.21194056908478,747.4492811880018,-714.1199630614245,0.24402121654370235,0.15669474327769292,0.29676333792420884,13.275361268785264,-0.22250892332095004
591,531100_142900,53.18333333333333,14.483333333333333,Continental,9.449604340271925,-0.9609547381143578,19.618042972598133,673.6033999343056,-725.8751875602461,0.3210734424151549,0.22394720030380177,0.3824303439865088,12.577593544854059,-0.1752924571317808
592,525400_152100,52.9,15.35,Continental,9.280869201272404,-1.3779664508672633,19.640029944614895,709.4401623261671,-736.8584466167357,0.22366115681345572,0.13554852071433868,0.27861300054327726,14.695842980278863,-0.24761774714640578
593,524600_145400,52.766666666666666,14.9,Continental,9.63719507548797,-1.0497780645771857,20.131857969498366,683.7216843052155,-793.6900546226966,0.20567488335066353,0.11889203826187883,0.2617677423933887,15.524813639322916,-0.23354857705572357
594,530700_160200,53.11666666666667,16.033333333333335,Continental,9.288874411987543,-1.5442324046479565,19.76494826954936,700.4308365528232,-784.5940261401972,0.2656959243518596,0.1834027884068274,0.31806414846026065,14.235253151787653,-0.23921045088792914
595,534600_152900,53.766666666666666,15.483333333333333,Continental,8.863888353334731,-1.563761415015064,18.936547852200963,801.0346547429202,-713.0122048573182,0.2541003399767273,0.1758636518921919,0.2992363738816664,12.38401853773329,-0.19519064668039574
596,544000_175900,54.666666666666664,17.983333333333334,Continental,8.601548647403186,-1.0589028263176818,18.51115213327321,775.9391808855291,-472.49977199365344,0.1503335349091853,0.0926143125375131,0.18198548425329722,11.433821987575955,-0.23245901605785516
597,534800_162100,53.8,16.35,Continental,8.484329690923806,-2.0930312666713444,18.595665609172265,771.2264344484219,-686.4226001685107,0.3084648299248672,0.223808591376359,0.35978766525475764,11.512184109157985,-0.2104132524141974
598,540900_170700,54.15,17.116666666666667,Continental,8.340421086942706,-2.1048160143066674,18.33340446822496,818.822945765875,-663.5848930182199,0.33614611039172987,0.2474308227427996,0.3850884395843592,13.569171405368381,-0.26966003559691515
599,541200_171300,54.2,17.216666666666665,Continental,8.168633137127177,-2.432634022813919,18.268015954202664,830.4893039942282,-666.3180264587207,0.276539069111486,0.19247702808303416,0.32049593618461863,12.11345674302843,-0.2552887101463756
600,540500_190900,54.083333333333336,19.15,Continental,8.60359133699331,-2.837355927318567,19.234836650204844,724.6511481679872,-695.4314883338751,0.40545828493146724,0.3230366043801314,0.44975117646208007,12.70087259080675,-0.15720510555617967
601,540500_191200,54.083333333333336,19.2,Continental,8.60359133699331,-2.837355927318567,19.234836650204844,724.6511481679872,-695.4314883338751,0.40545828493146724,0.3230366043801314,0.44975117646208007,12.70087259080675,-0.15720510555617967
602,540300_202400,54.05,20.4,Continental,8.05113920320297,-3.831113189344348,19.00776139862586,723.4121393489756,-675.6120432725269,0.2943671004788286,0.20828067544573214,0.34428464690627203,12.822276924981011,-0.1503804715277648
603,540900_201000,54.15,20.166666666666668,Continental,8.077957921750215,-3.65828144759541,18.88509901109588,774.6280196027885,-684.1439081010456,0.352957459521165,0.27302033470409826,0.39544992141783614,21.050789955986872,-0.17369135444255573
604,534600_190200,53.766666666666666,19.033333333333335,Continental,8.558845772578891,-2.952913795559823,19.192411558717666,708.0635923980127,-688.9221806730916,0.3379947248985717,0.2537295394188185,0.3864184163975433,14.097482494778104,-0.21803863635619647
605,532700_192500,53.45,19.416666666666668,Continental,8.301413572269773,-3.426795333330066,19.096382700843527,722.0881296540892,-678.0632967838445,0.33762829070768013,0.25058947122339903,0.39038642210058344,17.389407806396484,-0.27055219274310793
606,541700_230000,54.28333333333333,23,Continental,7.406622937350082,-5.034032886543417,18.83634382659316,753.9403980838366,-672.0801531625134,0.3458459173028052,0.2686365022187298,0.38615123189665496,9.401549775865343,-0.11658647188830529
607,541600_225000,54.266666666666666,22.833333333333332,Continental,7.424922966892369,-4.9647048997401715,18.803514886751895,765.6431122047665,-680.5312466319915,0.3484454850023385,0.273426499738133,0.38780339085486026,9.936234397888184,-0.12835046104848669
608,542000_222100,54.333333333333336,22.35,Continental,7.613815636132886,-4.641600790287047,18.869139095726904,783.9983474039592,-690.9850806935394,0.3525983026086356,0.28025921381022495,0.3899237729996015,13.813053444756402,-0.17999749040948487
609,533900_200900,53.65,20.15,Continental,8.118101822802272,-3.8086548274221688,19.116113735455812,720.3475533430292,-697.1661331106776,0.21453281754023318,0.1336455279062034,0.2647365003594485,14.784049716525608,-0.20547557283604698
610,534000_212600,53.666666666666664,21.433333333333334,Continental,8.049898998808967,-4.159671953417251,19.29177381663724,726.9147059913386,-713.1513980999733,0.24781072764044662,0.17068049553838002,0.29006365869400563,14.845722647772895,-0.18640505937354265
611,535800_230700,53.96666666666667,23.116666666666667,Continental,7.596228303233307,-4.948475618710948,19.12456508304571,712.6109554802736,-680.9807017410053,0.33659494814739466,0.2513360270819313,0.3842467526657053,12.327123023139105,-0.15940929652982938
612,535400_231900,53.9,23.316666666666666,Continental,7.708629542643677,-4.879080290492635,19.279551349804024,706.834283810559,-687.4351115526242,0.3319545838579744,0.2423710394825829,0.38225085843167006,12.126364034016927,-0.16091092514179994
613,531200_230900,53.2,23.15,Continental,7.9983631750427655,-4.574326716643094,19.619928532219785,733.5898076745293,-748.04989902096,0.2549956619852674,0.16991907545170376,0.3044377389149547,11.253812306722004,-0.12183115515300683
614,531200_232100,53.2,23.35,Continental,7.9983631750427655,-4.574326716643094,19.619928532219785,733.5898076745293,-748.04989902096,0.2549956619852674,0.16991907545170376,0.3044377389149547,12.236608691745333,-0.14591594920439072
615,524000_234300,52.666666666666664,23.716666666666665,Continental,8.091631034899493,-4.686652196961518,19.830303112864122,726.1208371229741,-763.4569898720906,0.21204649667887193,0.12533159349956208,0.2633403777310236,11.886029256184896,-0.1071760409486071
616,525100_234000,52.85,23.666666666666668,Continental,8.091631034899493,-4.686652196961518,19.830303112864122,726.1208371229741,-763.4569898720906,0.21204649667887193,0.12533159349956208,0.2633403777310236,11.37491936577691,-0.10648576545518619
617,532600_214900,53.43333333333333,21.816666666666666,Continental,8.14389919655446,-4.168325325252331,19.482888752574702,724.9798054368799,-747.6717260740566,0.23531158399701102,0.15712394786535083,0.27867468709007487,16.315103556315105,-0.236036215074542
618,531700_220300,53.28333333333333,22.05,Continental,8.178361165710907,-4.1389644682866065,19.526862696608237,721.4047986797698,-710.4150893575984,0.32141463838534357,0.23082227742610414,0.3713260223515356,12.394646877712674,-0.1420353731799082
619,534900_175100,53.81666666666667,17.85,Continental,8.26289428285602,-2.860285679146159,18.694792172139117,702.9400163844836,-702.1912777557918,0.2826024974428422,0.2029395866678903,0.3297686133065478,13.998385764227974,-0.2865037108304222
620,535600_180500,53.93333333333333,18.083333333333332,Continental,7.946409273324741,-3.082647031671005,18.340104939023327,706.0105471781392,-678.9373980440695,0.21845406285890362,0.13923410608264283,0.26303305981414643,14.303724560207792,-0.30047959980211986
621,532900_162300,53.483333333333334,16.383333333333333,Continental,8.506577610923925,-2.3212513223063267,18.842572907486122,727.2036993809455,-710.4776409690838,0.21756595619444175,0.13894796969087087,0.26559193668913555,16.870727912055123,-0.343233379919098
622,531800_165000,53.3,16.833333333333332,Continental,8.815481099476479,-2.0948494848779347,19.272817208298125,696.0644059610031,-747.1971377471259,0.21494923269825889,0.13756225202214672,0.26282161616879807,15.657103746202257,-0.28316477174237725
623,533600_165700,53.6,16.95,Continental,8.419204930777155,-2.5265752968212385,18.820956313252175,702.3064010944744,-709.4015501301037,0.21564686047248383,0.13840393894080055,0.263444055722328,14.527869754367405,-0.258381356789481
624,531600_193300,53.266666666666666,19.55,Continental,8.411297926292312,-3.3284768673439142,19.24705911703805,720.7230817472746,-696.5596565708369,0.29582450708120556,0.2109629254143165,0.3467669730063196,14.329447716606987,-0.19048237866538803
625,525900_191400,52.983333333333334,19.233333333333334,Continental,8.724775019284289,-2.9197144779357314,19.557031650554666,693.6331316134356,-717.6304887125855,0.30471752704262345,0.2164935331009943,0.358065272818572,15.279752417670355,-0.18856489687389477
626,523300_151500,52.55,15.25,Continental,9.658519856923323,-1.1883330260610923,20.229503021333933,713.0802740970606,-828.1608686891358,0.21446688849498616,0.13271019635024237,0.26454066415365135,14.28472777472602,-0.22676761324068997
627,523100_145700,52.516666666666666,14.95,Continental,9.703430968983094,-1.0606200324016886,20.245631290240556,714.2670422950467,-822.6689974953341,0.2186121810857854,0.13442106900961648,0.27203037710970807,14.114348542955186,-0.2125799521179543
628,524800_162500,52.8,16.416666666666668,Continental,9.39970996349779,-1.6103953449434314,20.043708057186127,693.0387806874091,-795.8994651517754,0.2101429154950393,0.12705138469582258,0.26189780438964866,16.958992072211373,-0.27260781050959
629,525700_183100,52.95,18.516666666666666,Continental,9.086603248288636,-2.328086475934814,19.821919106689275,659.3233966128533,-771.0105680538442,0.2221107249166109,0.1382162780604826,0.27312512751251344,20.222433658175998,-0.20804454413730003
630,524200_185500,52.7,18.916666666666668,Continental,9.050090171865182,-2.465227267702482,19.879159309489438,660.9616490644987,-745.9583662206068,0.27816549437471705,0.1900809145062218,0.3312658126863519,21.7239429558648,-0.23558230530981966
631,515200_153200,51.86666666666667,15.533333333333333,Continental,9.901027516119989,-1.2034511737418458,20.54200085791526,720.6189520786903,-845.3489979858772,0.20651514578078692,0.12092992394042087,0.2628658372475265,13.265007349650066,-0.20991290695773354
632,522100_154800,52.35,15.8,Continental,9.742379559917847,-1.38049175393198,20.532101669901582,675.4669949974777,-827.146992965296,0.20281596583715938,0.11327038717781902,0.2615484950282647,13.116388024224175,-0.21221441782665157
633,521500_161900,52.25,16.316666666666666,Continental,9.67614086053043,-1.4322773021123516,20.463144060881156,672.6189303051668,-800.2292615132658,0.2641788440669129,0.17174477427349025,0.32733087989093224,14.51534811231825,-0.22318218802028159
634,520000_171900,52,17.316666666666666,Continental,9.576032235260625,-1.6321129512999604,20.42452375934481,676.2768125167396,-778.6434125382586,0.2536528028410251,0.16294477960654022,0.3148263479647944,21.916788211398654,-0.2514883466943021
635,514800_163000,51.8,16.5,Continental,9.791036538190275,-1.3889767722294128,20.606749628494487,687.7029981255173,-793.2517344836459,0.2653368603407562,0.17418585214043822,0.32943231014478985,13.550783123440212,-0.18720924416809093
636,523800_173900,52.63333333333333,17.65,Continental,9.047169237986996,-2.1486552755100883,19.699357731281882,671.7946982737712,-735.2762102117753,0.3286391177704558,0.2390644919319507,0.3832519641971683,22.169986758761937,-0.30095716950817153
637,515700_171200,51.95,17.2,Continental,9.576032235260625,-1.6321129512999604,20.42452375934481,676.2768125167396,-778.6434125382586,0.2536528028410251,0.16294477960654022,0.3148263479647944,19.980928582085504,-0.2678485989250802
638,513100_181500,51.516666666666666,18.25,Continental,9.472354514992695,-1.993972045119548,20.450147167774766,706.5158061915877,-798.8538235257371,0.20235018905483884,0.11697975531115357,0.25665890718029677,14.932838066948785,-0.21039154840081842
639,513600_165500,51.6,16.916666666666668,Continental,9.811121115231623,-1.3721077477571362,20.614460220518747,696.7239577844856,-807.3617114601426,0.20637827101329426,0.11841118048142052,0.2643165859143806,21.010780453152126,-0.22390323634979684
640,530700_194700,53.11666666666667,19.783333333333335,Continental,8.517658079593426,-3.2752771494472914,19.445480596509423,687.1623100949952,-708.9941937729122,0.2275291386479435,0.14537711996885333,0.2776780405930198,18.92022454155816,-0.295019681160916
641,524300_203600,52.71666666666667,20.6,Continental,8.613165041500865,-3.276994355531295,19.672185470305568,681.6032783817645,-717.2710922617355,0.3281733719552772,0.2391098278277899,0.3814448456605618,15.172638422648113,-0.18001230198532672
642,522200_195400,52.36666666666667,19.9,Continental,9.170996070819044,-2.4881570195300777,20.138895147372033,661.8339507771561,-749.7821026697321,0.3250375462583072,0.2321444505195127,0.3805002239620108,14.784047207302518,-0.15356859236678863
643,520100_210600,52.016666666666666,21.1,Continental,9.101861690584089,-2.784425575082183,20.1971791421056,713.7656186285074,-789.1474457363713,0.23452362506966934,0.15759774513744076,0.27881924170877526,12.951729821099175,-0.11842771579360749
644,514800_212700,51.8,21.45,Continental,9.03955124040845,-2.9439237166494427,20.233206799162172,717.7474278477849,-796.251030414959,0.21514051673418694,0.13517096931948114,0.2605102286924065,12.560834884643555,-0.1353614514235781
645,531800_213700,53.3,21.616666666666667,Continental,8.380938171669875,-3.836365819718955,19.690906383691974,693.2459054011172,-755.1689135864966,0.21790414835185964,0.1388398324311233,0.26313413656552564,13.140507668389214,-0.17453560765190948
646,531100_210500,53.18333333333333,21.083333333333332,Continental,8.32107445957471,-3.852561430040643,19.56817665474694,691.6867250182494,-750.5765215954514,0.2155183158661802,0.1382244533859618,0.26240504617506255,14.388601260715062,-0.18947938145499085
647,524600_224000,52.766666666666666,22.666666666666668,Continental,8.247725629113981,-4.181490571896375,19.69164713925763,712.7880526238051,-717.6350222360705,0.33167578667884856,0.24194778058618258,0.38340506574705147,11.509321043226453,-0.13166575822544896
648,512600_224600,51.43333333333333,22.766666666666666,Continental,8.8728335379684,-3.5023187303187417,20.215597019124242,734.3733850286876,-788.0963229261932,0.24595508359237836,0.16480132170172548,0.2918626019051329,10.848029386732314,-0.1112613203208174
649,515800_225900,51.96666666666667,22.983333333333334,Continental,8.58211223148178,-3.9964363633142206,20.16273400830292,708.6354745833962,-760.7741718123464,0.21341487274809476,0.1257975870518764,0.2633132505146608,12.017108289930555,-0.11655673378392592
650,512900_232100,51.483333333333334,23.35,Continental,8.780471981322677,-3.767441881406065,20.265766373343208,726.4796977487766,-776.9063755783486,0.20839014429258432,0.1252431513421053,0.2575972115818866,10.420260993109808,-0.11706539787867468
651,511400_233000,51.233333333333334,23.5,Continental,8.757401934880379,-3.7852200149816344,20.17727975395566,731.9005770702161,-762.963582222299,0.23795716886950682,0.1528452797941012,0.2889919478448234,10.539820404052733,-0.1231371210529365
652,503800_234500,50.63333333333333,23.75,Continental,8.857171047182595,-3.64030128977465,20.110780106584897,735.5925938692804,-764.0090335395344,0.31888898925368464,0.23200175392933034,0.36790502024419464,9.533535385131836,-0.12244426243076631
653,512200_154100,51.36666666666667,15.683333333333334,Continental,9.365741831385106,-1.504096921272787,19.73353349942433,766.5193131867815,-767.5240376511422,0.32716864303416887,0.23545582894429173,0.38445633828253567,13.856023228963217,-0.2200734190256895
654,511500_152900,51.25,15.483333333333333,Continental,9.3541871669179,-1.5202588608869478,19.679020623934065,790.654783732192,-782.6366942003618,0.3309002765425775,0.23982405399010895,0.38626345681914215,14.482993893093534,-0.23824402422359262
655,512100_163000,51.35,16.5,Continental,9.80959470982362,-1.223788281089667,20.43725128679097,696.0056132890078,-792.8445983786075,0.21641252305760952,0.12670356175725303,0.27423399893205563,12.108181881374783,-0.19320000647514782
656,505300_173800,50.88333333333333,17.633333333333333,Continental,9.68295076112827,-1.7248420798362132,20.50008082704102,731.7394285775819,-810.4093588571805,0.2035375002449826,0.1179801178652446,0.2608699430134912,12.432344784206814,-0.195479280769026
657,503800_165600,50.63333333333333,16.933333333333334,Continental,9.610064902896074,-1.3435886584796395,20.08040912839328,696.9798073845524,-764.627024372491,0.3144186965079453,0.22583012640394265,0.3707968558296093,11.405170186360676,-0.17728831666173103
658,502300_173300,50.38333333333333,17.55,Continental,9.703043755846503,-1.3630166567241655,20.0526981360965,766.521087034727,-746.7001020549233,0.3237445751797732,0.2355754859808509,0.3788027291079663,11.787130983140734,-0.17395687894555867
659,502600_175700,50.43333333333333,17.95,Continental,9.89369571955544,-1.5696201181252059,20.547253488289858,733.2733436126854,-797.8201373443474,0.2889890988677625,0.19833093273184393,0.34999696978201017,12.987149259779187,-0.19756436453269555
660,503200_174200,50.53333333333333,17.7,Continental,9.91581456851003,-1.3688753598342944,20.44654440206911,730.3287879843842,-779.5502518337985,0.31357443931650825,0.22249719484835484,0.37405881069580954,13.440417251586915,-0.2240675338256994
661,504800_181000,50.8,18.166666666666668,Continental,9.555911181619452,-2.1291936065580295,20.44987780211453,772.7557950090708,-813.7588495938355,0.2014668822973818,0.11801504880138299,0.25847085659105007,13.482543165418836,-0.2459195201389583
662,503500_182700,50.583333333333336,18.45,Continental,9.374605645142248,-2.3714880179403472,20.09879333470439,814.5877479607975,-781.0798235017022,0.26076422119081705,0.17859235257372622,0.31305861963276954,15.483167215983073,-0.2714960567131915
663,501400_181900,50.233333333333334,18.316666666666666,Continental,9.785085240634434,-1.8131940163936409,20.437554323158732,758.5444443972928,-793.5941103375523,0.22855811484121172,0.14843803614940598,0.28038778938367054,14.09799546983507,-0.229466809409573
664,512000_191600,51.333333333333336,19.266666666666666,Continental,9.25717624674081,-2.4960022943844473,20.311659547705922,725.7126603281642,-784.414532871637,0.20502810362354784,0.12049514526720895,0.25840879843854886,14.57898393419054,-0.21484350970163055
665,510600_202500,51.1,20.416666666666668,Continental,8.661793960850352,-3.292583893117459,19.66982852077851,794.4857359730415,-752.9328647831212,0.23683860473452906,0.15493258903122203,0.2859358625384176,12.39537358601888,-0.14272418546726112
666,510500_200900,51.083333333333336,20.15,Continental,8.838085367797952,-3.0929839388825626,19.858788531434083,780.8274903274041,-763.3901311073886,0.2107058052345673,0.1298387990785257,0.26085656520816164,12.906816635131836,-0.1747759967248896
667,504200_204600,50.7,20.766666666666666,Continental,8.785393516406574,-3.291506430476523,19.831212221967423,751.1879773550735,-749.7977099820266,0.31396032087255477,0.22541801567865033,0.3691142252037088,10.803888812594943,-0.10981909248974318
668,513900_210200,51.65,21.033333333333335,Continental,9.077728210962318,-2.732673697609333,20.083675187023644,719.5653183602892,-788.3502063594691,0.294610068674699,0.22071497389388955,0.33547647691384275,11.45152113172743,-0.11263501902483027
669,511200_212300,51.2,21.383333333333333,Continental,9.102549134196149,-2.776748653765458,20.109567961113836,732.2173607443024,-771.5781639705442,0.3385774645761003,0.2575868066221858,0.38356894386233903,11.045043284098307,-0.09534996166564187
670,511300_223900,51.21666666666667,22.65,Continental,8.814437307543065,-3.4979752090474365,20.030509139834553,744.4512064897056,-769.0028106071754,0.2820544719314582,0.2006813388071135,0.3280978740631625,10.837595354715983,-0.08178210145302878
671,511000_215200,51.166666666666664,21.866666666666667,Continental,9.144696442346206,-2.8031801591761187,20.204620368469623,734.2062597871198,-784.0360173102732,0.3257996785892487,0.24718667779553444,0.36938289612741154,11.155982059902614,-0.11377955756566707
672,502300_232700,50.38333333333333,23.45,Continental,8.77656898514155,-3.729730688973016,19.917072526167658,787.2565385257587,-752.7846656746498,0.3348598591830026,0.2521464991214828,0.3810412818664523,10.48210203382704,-0.12769293061720313
673,502600_232400,50.43333333333333,23.4,Continental,8.77656898514155,-3.729730688973016,19.917072526167658,787.2565385257587,-752.7846656746498,0.3348598591830026,0.2521464991214828,0.3810412818664523,10.300760582817926,-0.1236877287086219
674,504500_184000,50.75,18.666666666666668,Continental,9.199394506727886,-2.619169742527377,20.053910281567557,801.5625423031329,-788.0133245731599,0.20693803307148362,0.12384517068516235,0.2615432925484143,13.040472802056208,-0.20808937474301187
675,510000_190300,51,19.05,Continental,9.211341996116271,-2.5722327762312474,20.155326452646424,774.2961502308593,-783.5028847374207,0.20950576654907524,0.1268533188558038,0.261023416169078,13.19899429321289,-0.19210628324495121
676,501200_192400,50.2,19.4,Continental,8.95194847709356,-2.9363141367477783,19.653094179136342,861.0168116403195,-740.5449476201226,0.3353531657545315,0.2566065107760892,0.38290748570993116,15.823300323486329,-0.22014608944164052
677,502100_192100,50.35,19.35,Continental,9.211277460593507,-2.6702818765571674,19.910776103859643,836.943617540347,-756.7204798791353,0.33102234901621,0.2491060212546281,0.3832233505579911,14.469266603257921,-0.22152244166324356
678,502000_193900,50.333333333333336,19.65,Continental,8.90499748133596,-3.004059600297142,19.63696591022971,845.9174663547808,-729.5575037727236,0.33585003354738663,0.25795283824023174,0.3820576234657981,14.722188432481554,-0.2177336830792711
679,504200_191300,50.7,19.216666666666665,Continental,9.123281872357442,-2.7928095812570306,20.04609867742072,783.1818499888304,-780.7559794192346,0.20815823136639597,0.12671879759110063,0.26019324902723573,13.141658460828994,-0.19565790261031812
680,504300_201800,50.71666666666667,20.3,Continental,9.060539314768505,-2.9603886926313754,20.130679494734835,740.3819833221229,-766.3086250890842,0.2614991953382538,0.1753300261018224,0.31799986067353786,11.914146686130099,-0.13624576643401734
681,503300_211500,50.55,21.25,Continental,9.43741273825395,-2.750485501892443,20.571900446201454,733.897162787464,-782.7854133486393,0.3195288633081418,0.23157775182152282,0.3751955525431217,12.581247016059027,-0.15186013142022187
682,502800_220700,50.46666666666667,22.116666666666667,Continental,9.589270435104309,-2.6692380846237547,20.77264520449236,766.7235933515318,-831.6577998879573,0.23359780042629205,0.1522629736565601,0.28268654226613976,12.444720721774631,-0.16689979214663792
683,503000_225600,50.5,22.933333333333334,Continental,8.950312641886084,-3.489490190750002,20.119500819835036,796.6270261330507,-790.6388403644013,0.24244446257618585,0.162992345136601,0.28706740190587937,11.607655622694228,-0.15555361217266966
684,502500_224500,50.416666666666664,22.75,Continental,9.053723802386074,-3.3311368532387453,20.212229948371288,802.7002660025178,-797.263768169341,0.24177730646965612,0.16273036311556305,0.2864713463573051,10.734842982821995,-0.14701236713043728
685,500300_203400,50.05,20.566666666666666,Continental,9.395975320854308,-2.4821973042973564,20.065998065570653,853.6577077971002,-739.9486149155559,0.3609077158125498,0.28730262831625814,0.4027215018258796,12.981638204786513,-0.1496517685298747
686,500400_204800,50.06666666666667,20.8,Continental,9.552423457497856,-2.4356980571991125,20.27472278154605,845.0529312196146,-758.4989242438314,0.38074650564207163,0.3045172625355251,0.4243783106259802,14.01526640150282,-0.17205639661035524
687,501600_220700,50.266666666666666,22.116666666666667,Continental,9.521320141417474,-2.719575792380358,20.54910537720398,842.7424702996864,-812.0658875370106,0.21771936741574457,0.14285540366422417,0.2609587567766516,11.267847951253255,-0.1523121663537473
688,505000_152500,50.833333333333336,15.416666666666666,Continental,6.422672268892264,-4.539342851519938,16.86475554720304,1199.8180777088814,-654.7390648635471,0.36849760747286864,0.3106862888209876,0.40097792786458875,14.185224753485786,-0.2734538916242421
689,505100_153100,50.85,15.516666666666667,Continental,6.422672268892264,-4.539342851519938,16.86475554720304,1199.8180777088814,-654.7390648635471,0.36849760747286864,0.3106862888209876,0.40097792786458875,13.20242369333903,-0.24014935165736231
690,501600_163800,50.266666666666666,16.633333333333333,Continental,7.273752713654072,-3.9835404823304157,17.657633368107806,1049.0616652730941,-647.8704953504516,0.36128405948887066,0.3008357648299605,0.39499990691077663,11.193889804416234,-0.18560488012922294
691,501900_162500,50.31666666666667,16.416666666666668,Continental,7.21060610757478,-4.101051251608384,17.656858941834635,992.7901266072687,-664.3348393633555,0.35672278528003326,0.29230815714374925,0.3943083486963771,14.959245893690321,-0.25298292665905187
692,501500_165900,50.25,16.983333333333334,Continental,7.123974182993659,-4.0805121200153955,17.567429542636262,1040.4998445809913,-647.2789225396384,0.36263806680422095,0.3044102400928883,0.3954298547098417,12.654279098510742,-0.21606210257862213
693,501400_164700,50.233333333333334,16.783333333333335,Continental,7.273752713654072,-3.9835404823304157,17.657633368107806,1049.0616652730941,-647.8704953504516,0.36128405948887066,0.3008357648299605,0.39499990691077663,11.742573059929741,-0.19812349719036962
694,494000_185800,49.666666666666664,18.966666666666665,Alpine,8.268783850781391,-3.3297563542300317,18.61317437708761,1159.734883141621,-680.2452369749373,0.3594571219814055,0.30503565249204695,0.3908806576863713,15.141585074530708,-0.27763357140824135
695,494500_214900,49.75,21.816666666666666,Continental,8.7926888363713,-3.3815755731179378,19.529084963305177,898.6144776818596,-722.9091802946306,0.3464421276870893,0.273335456340751,0.38652766847440173,12.382815102471245,-0.19690305018942136
696,493700_222800,49.61666666666667,22.466666666666665,Alpine,7.9227191246854405,-4.224925784609428,18.519704492985703,1065.0226372223929,-689.9704524415099,0.35393992306719924,0.2955151143658167,0.3872753391500448,11.976577767266168,-0.18427986184387446
697,491200_224300,49.2,22.716666666666665,Alpine,7.337050837917245,-4.744498472497212,17.899894108782593,1114.7199917705752,-668.0317901077847,0.35891098546568145,0.3077416852256617,0.38908431571516927,10.380736499362522,-0.1739997904711632
698,490400_225100,49.06666666666667,22.85,Alpine,6.619373736387333,-5.458721520613048,17.293417324761162,1172.3330868433966,-634.0469624172,0.36247254743040913,0.31254357412758005,0.39255399816968184,9.877970555623373,-0.16622311162014117
699,493900_190200,49.65,19.033333333333335,Alpine,8.268783850781391,-3.3297563542300317,18.61317437708761,1159.734883141621,-680.2452369749373,0.3594571219814055,0.30503565249204695,0.3908806576863713,13.619135216606988,-0.24640075825316754
700,493600_190500,49.6,19.083333333333332,Alpine,7.277394761851846,-4.185160679017089,17.613558411951686,1224.815302762949,-665.4588044550619,0.3648726557685352,0.3190388702208033,0.39321954398482933,11.890157898796929,-0.2105417453541515
701,493100_185400,49.516666666666666,18.9,Alpine,7.277394761851846,-4.185160679017089,17.613558411951686,1224.815302762949,-665.4588044550619,0.3648726557685352,0.3190388702208033,0.39321954398482933,13.078966255187987,-0.23161030071562136
702,494500_194800,49.75,19.8,Alpine,7.999493949637298,-3.4070642987177755,18.319801502383033,1119.379043350954,-667.5618148398387,0.35934059262618495,0.30925523525642423,0.3894614955043232,12.73659171210395,-0.20908593176811907
703,494100_201000,49.68333333333333,20.166666666666668,Alpine,8.317822430405817,-3.169147079314301,18.696576719638188,1076.156217823224,-695.348257492458,0.36044187709594533,0.31061010965174957,0.38933626438221003,11.928742078145344,-0.1983172935745738
704,492500_204900,49.416666666666664,20.816666666666666,Alpine,7.7398226472774665,-3.9494320556030327,18.150101136434337,962.6830209242602,-695.6614193454993,0.3555524750508292,0.3040505257718035,0.38576476196491105,11.191193398369684,-0.16395440777758466
705,492000_205000,49.333333333333336,20.833333333333332,Alpine,7.335437449848122,-4.427556102521988,17.872048433655692,843.0704244216457,-696.6127189853922,0.3401106787420117,0.28609676780807636,0.3764043858969323,9.857529474894205,-0.1462744650826038
706,492900_213700,49.483333333333334,21.616666666666667,Alpine,8.282005215271308,-3.841753132923673,19.01106112796376,898.1968403646738,-697.0088791914668,0.3479587744320485,0.28271366948250254,0.3850252666147472,12.96753426445855,-0.21522032022230808
707,492400_215700,49.4,21.95,Alpine,8.097133389688272,-4.043945731638351,18.769339118609448,994.5179983316921,-687.2734648265817,0.3486434579409314,0.28105779446726126,0.3863782829815545,12.109907035827638,-0.22337778924051002
708,492700_195900,49.45,19.983333333333334,Alpine,6.589967985144901,-4.672308475553953,16.91728185094907,1227.6276028453317,-639.3595422402484,0.40525826816150456,0.37101833282895486,0.427859884463008,10.544962662590875,-0.1710250573409286
709,524400_145200,52.733333333333334,14.866666666666667,Continental,9.712174129371586,-0.9157349779022294,20.165057287122448,674.3101904472196,-794.3215726087237,0.23075179621098804,0.14016869442719665,0.2893104139328086,15.524813639322916,-0.23354857705572357
710,525200_154300,52.86666666666667,15.716666666666667,Continental,9.634818484714845,-1.2873249061978416,20.263173728863432,672.6153666286637,-824.402473712102,0.2302770079903552,0.1415837689465052,0.28610382831644476,13.370087246365017,-0.22151676835413758
711,543200_175400,54.53333333333333,17.9,Continental,8.029505773615263,-2.5450268445474062,18.201718331077068,793.0846517858927,-670.702439236069,0.22644807572188735,0.14814000837511884,0.2667190167881542,11.756834699842665,-0.2319849555583458
712,543300_181600,54.55,18.266666666666666,Continental,8.070887073169024,-2.460378685818242,18.229361981958785,764.9558979417014,-669.9692871176088,0.22446800569739708,0.14631207991911077,0.2644577960817486,12.15365219116211,-0.24196532573247506
713,535900_192600,53.983333333333334,19.433333333333334,Continental,8.437869726317677,-3.1638944489396916,19.139009816575875,762.041130174395,-693.2543814539202,0.374209806480039,0.2913783996733422,0.41936089041597385,14.3674387105306,-0.16924340467581137
714,535100_203200,53.85,20.533333333333335,Continental,8.090258953567666,-3.8933366568588745,19.15749503500958,721.7762040860878,-708.574081145186,0.21568888288413257,0.13643851637446053,0.2642303733911454,13.38357066684299,-0.15678696466058706
715,533500_231600,53.583333333333336,23.266666666666666,Continental,7.788488043226775,-4.747562506882404,19.311336497711874,752.9488969853643,-697.7139369241739,0.337883893497473,0.25155007196720486,0.3858963103839854,11.161524916754828,-0.14911242938755392
716,534100_164600,53.68333333333333,16.766666666666666,Continental,8.287125968708088,-2.4022967153298413,18.46445086192979,763.0794384857714,-683.260023974353,0.31466451368087667,0.2372811561603746,0.35921613568262095,11.522912284003365,-0.19189789558466036
717,514900_154700,51.81666666666667,15.783333333333333,Continental,9.912977811400669,-1.244091717729959,20.618972095327702,701.1801514745928,-838.0608420029768,0.20303660672367185,0.11563825872115781,0.260999261798344,13.18821127149794,-0.19322327998646885
718,514600_173400,51.766666666666666,17.566666666666666,Continental,9.572160103894733,-1.7064578735251072,20.467083533662112,694.939546654376,-782.5387309371473,0.27163319254684365,0.17904050905226776,0.33538431869935,18.87757132636176,-0.29457952068317295
719,522900_193600,52.483333333333334,19.6,Continental,9.040482796650098,-2.5817952571696274,19.981248894718888,660.2978144369677,-751.9030146600651,0.2900067410870709,0.1996181748891141,0.3449795495720039,20.314332529703776,-0.19953978326913654
720,522000_223900,52.333333333333336,22.65,Continental,8.429238801620949,-4.022194454574288,19.896533394574657,704.314764522856,-735.4172144165783,0.3044061214630067,0.21167492194241397,0.35759742123773963,11.151099175347222,-0.11166583806245625
721,520200_224300,52.03333333333333,22.716666666666665,Continental,8.578405647761242,-3.849733090608166,20.019431477057346,705.1256847043543,-751.5433000672161,0.27198343092248656,0.1814407102918197,0.32321237387793417,11.940384275648329,-0.08467851904523818
722,511800_152500,51.3,15.416666666666666,Continental,9.3541871669179,-1.5202588608869478,19.679020623934065,790.654783732192,-782.6366942003618,0.3309002765425775,0.23982405399010895,0.38626345681914215,14.482993893093534,-0.23824402422359262
723,503600_174100,50.6,17.683333333333334,Continental,9.91581456851003,-1.3688753598342944,20.44654440206911,730.3287879843842,-779.5502518337985,0.31357443931650825,0.22249719484835484,0.37405881069580954,13.440417251586915,-0.2240675338256994
724,503700_171500,50.61666666666667,17.25,Continental,9.15994646696478,-1.832049612610158,19.473258930221267,820.2457955467335,-714.4785763935079,0.3386372930943799,0.2615663321020375,0.3849758430561684,11.831149681939019,-0.19399900517104685
725,500500_183900,50.083333333333336,18.65,Continental,9.469823600143393,-2.3261335748981047,19.977545116890646,922.9956341580274,-740.9360053179832,0.3421392123436798,0.2662608269556155,0.38848714534948414,16.012973234388564,-0.22919600558601338
726,501800_182900,50.3,18.483333333333334,Continental,9.561607142976527,-2.1583861099861146,20.2095026210614,799.7427980396225,-781.8485341066603,0.2597497376199892,0.17886845561150097,0.3104306240969108,15.899487864176432,-0.25985607481839906
727,510200_193600,51.03333333333333,19.6,Continental,9.164332076620495,-2.6788005655621325,20.142430571662626,765.5064619905147,-778.6904424910647,0.2085749871629833,0.12885553038680025,0.2604418532429441,12.28667492336697,-0.17610439147004667
728,503000_232800,50.5,23.466666666666665,Continental,8.77656898514155,-3.729730688973016,19.917072526167658,787.2565385257587,-752.7846656746498,0.3348598591830026,0.2521464991214828,0.3810412818664523,9.448234278361003,-0.10691533784502379
729,502900_200700,50.483333333333334,20.116666666666667,Continental,8.944226661500128,-3.0164504206679994,19.78959522746096,800.8530350861582,-736.5709808482247,0.31020177691777717,0.230594854735501,0.3566836428125874,16.37185048421224,-0.13188046230005296
730,510300_155200,51.05,15.866666666666667,Continental,8.027583737393787,-2.890791340167885,18.19508520169375,950.7690111498587,-673.3437520011813,0.35120877598144956,0.27519422807015786,0.39135705619838645,12.649528969658746,-0.20281364622008263
731,504700_161200,50.78333333333333,16.2,Continental,7.493207161762202,-3.6627259809892965,17.85285613036387,899.6739922655215,-679.5101821225986,0.3526977381014906,0.2840384438158363,0.39184088682447354,11.235772811041938,-0.20427264871981296
732,495100_223600,49.85,22.6,Continental,8.707471081506418,-3.5145075264444325,19.382280678476544,935.8298555202268,-718.6302621805104,0.3440262570737022,0.272320229558516,0.3837465713886598,11.592718014187284,-0.16158446793217182
733,493900_222900,49.65,22.483333333333334,Continental,8.707471081506418,-3.5145075264444325,19.382280678476544,935.8298555202268,-718.6302621805104,0.3440262570737022,0.272320229558516,0.3837465713886598,11.976577767266168,-0.18427986184387446
734,492700_221700,49.45,22.283333333333335,Continental,8.04437139098954,-4.117011166977367,18.690010931669935,1021.0340687036324,-695.0493447301002,0.3493893325223404,0.28390132131120793,0.3862262962487822,10.8288010152181,-0.18504931596534144
735,493900_201500,49.65,20.25,Alpine,8.317822430405817,-3.169147079314301,18.696576719638188,1076.156217823224,-695.348257492458,0.36044187709594533,0.31061010965174957,0.38933626438221003,13.025381656222873,-0.20889063233808405
736,481200_182300,48.2,18.383333333333333,Pannonian,10.750991215748732,-1.5507308512011524,22.147723229289777,720.8405392463683,-903.064092441032,0.29412688835859324,0.19382521357569474,0.3719915681666831,12.468109427558051,-0.1838749587745042
737,485500_192900,48.916666666666664,19.483333333333334,Alpine,6.0700838432124735,-5.61805130864266,16.784147873377414,995.2815359982499,-645.6127088831865,0.3492444991993623,0.2892260594380914,0.38620474311797337,9.087488901350232,-0.1809918668371025
738,483800_193200,48.63333333333333,19.533333333333335,Alpine,6.830578861150736,-4.919114761745222,17.469144747357646,941.0847921653956,-693.0372434215228,0.3458844094602697,0.2784063877720757,0.38678556283270005,10.321903767055936,-0.2016676088850847
739,475300_173500,47.88333333333333,17.583333333333332,Pannonian,11.498118962797784,-0.5368721767802493,22.772079159009373,694.3272015591007,-948.7057225085715,0.2932129241305892,0.19274384097821892,0.368977474304784,12.882847459581162,-0.18836712753564228
740,483700_190200,48.61666666666667,19.033333333333335,Alpine,8.472241906920713,-3.3472987928529023,19.175037473632447,919.668854249002,-750.9786836726985,0.33977518072594487,0.25873098058357,0.39067553133798416,11.397790184020996,-0.24881241088804756
741,491000_201400,49.166666666666664,20.233333333333334,Alpine,6.198588098498825,-5.268549364486415,16.653909576653287,970.7274053764778,-648.2695004801707,0.36977422790044423,0.3276954250861638,0.3973789266252234,7.673353292677137,-0.14181899670108142
742,491100_220500,49.18333333333333,22.083333333333332,Alpine,7.994505073138343,-4.131859948997883,18.761325490217427,1012.5811079413021,-699.8741639238384,0.34257482712972476,0.2744123696697836,0.38183503164934174,11.042321005927192,-0.21774855528085227
743,493000_183400,49.5,18.566666666666666,Alpine,8.000251540556713,-3.453092155910607,18.365189616132813,1064.6498894446565,-698.6225443550541,0.35554944027091645,0.2948086919232732,0.3900835634521495,13.376049372355144,-0.2339507146467295
744,492900_183400,49.483333333333334,18.566666666666666,Alpine,8.000251540556713,-3.453092155910607,18.365189616132813,1064.6498894446565,-698.6225443550541,0.35554944027091645,0.2948086919232732,0.3900835634521495,13.376049372355144,-0.2339507146467295
745,482300_190000,48.38333333333333,19,Alpine,8.472241906920713,-3.3472987928529023,19.175037473632447,919.668854249002,-750.9786836726985,0.33977518072594487,0.25873098058357,0.39067553133798416,11.378844460381401,-0.2078702999465392
746,485700_192300,48.95,19.383333333333333,Alpine,6.0700838432124735,-5.61805130864266,16.784147873377414,995.2815359982499,-645.6127088831865,0.3492444991993623,0.2892260594380914,0.38620474311797337,9.551037055121528,-0.19234102672345055
747,483700_190100,48.61666666666667,19.016666666666666,Alpine,8.472241906920713,-3.3472987928529023,19.175037473632447,919.668854249002,-750.9786836726985,0.33977518072594487,0.25873098058357,0.39067553133798416,11.397790184020996,-0.24881241088804756
748,582300_81400,58.38333333333333,8.233333333333333,Boreal,6.981993227018624,-2.3414200761164956,16.678926912347706,1340.180891788128,-672.4924101301118,0.2934893678069256,0.19768099435624764,0.34302267393684666,10.227524228625827,-0.24624782205980095
749,590200_73400,59.03333333333333,7.566666666666666,Boreal,3.3906054146143525,-5.986981251043445,13.240440588727216,1542.3274051110777,-494.6572242509244,0.2475949485952229,0.1927583336006593,0.28624318045529473,3.9715733197000294,-0.09135201162351891
750,655300_134800,65.88333333333334,13.8,Alpine,2.2384835915081345,-8.814714610786265,13.796209287209207,1725.5265536138934,-319.12574741292707,0.36636809002124726,0.3118427257705906,0.40544871608459954,1.4270388368765512,-0.046105257146008875
751,585800_113100,58.96666666666667,11.516666666666667,Boreal,7.286404482008283,-2.795873615642211,17.49914534776644,907.6918968434536,-681.6228897202279,0.23636570550955618,0.16375339361757366,0.2768519611139172,8.142549385494656,-0.21717128879637482
752,603600_63100,60.6,6.516666666666667,Alpine,3.882694387481175,-5.206494250509538,13.956077806559291,2200.162878890514,-384.4467360543163,0.2505131681855932,0.1966371539348354,0.2978406228589451,3.568787496884664,-0.07925532252427024
753,643900_121600,64.65,12.266666666666667,Atlantic,3.8221516494508307,-6.455542817024028,14.441070677814274,1777.898647135316,-395.2332120482259,0.3715944765052446,0.3139590202525922,0.4060990260658994,2.215990152888828,-0.057646663309499774
754,611600_115100,61.266666666666666,11.85,Boreal,3.200896230716244,-8.93788205892919,15.147347438953153,973.7804693610846,-546.0917857331161,0.2392951352053184,0.19160970037083191,0.2769173637177508,3.3045601341459485,-0.07811112293641038
755,592600_95200,59.43333333333333,9.866666666666667,Boreal,5.325972430379607,-5.945364256536986,16.3325563439917,1223.5864895744708,-606.6083529773921,0.36414155251384434,0.3060178063666616,0.39863012302924433,6.5039817810058596,-0.14758791097792323
756,610000_91300,61,9.216666666666667,Boreal,1.821309137002164,-10.096221739359189,13.58920177731782,978.9611600823364,-281.3803834049311,0.23372758371827435,0.18579258468667856,0.28053828969362854,2.575145564609104,-0.053091824495140626
757,631700_111100,63.28333333333333,11.183333333333334,Atlantic,3.416624453857779,-6.174224055615014,13.867018785143763,1525.087281045118,-417.85849211494985,0.36940187898543714,0.323974165570314,0.4037969287320978,2.292889865239461,-0.033072762681235934
758,624600_85300,62.766666666666666,8.883333333333333,Alpine,1.3053672737429827,-8.641041101349085,12.04024821883804,1620.44846766138,-340.71718834537734,0.26579662949753524,0.21489748660403257,0.3146007833027093,1.523506314754486,-0.03286042399942954
759,602200_110400,60.36666666666667,11.066666666666666,Boreal,5.267946577737095,-6.13637818035186,16.603033137576208,997.7473764098364,-600.8045251992758,0.2816550577343722,0.2171445862937014,0.3206453216774658,5.323553877936469,-0.11353494772108819
760,592000_54700,59.333333333333336,5.783333333333333,Atlantic,8.025257652681955,0.5985040811146368,15.82803446236961,2188.0711327480963,-314.7969788948178,0.14973410394213665,0.09870195717388722,0.17811409603319311,13.305681771172418,-0.22726003656692648
761,611700_115100,61.28333333333333,11.85,Boreal,3.200896230716244,-8.93788205892919,15.147347438953153,973.7804693610846,-546.0917857331161,0.2392951352053184,0.19160970037083191,0.2769173637177508,3.3045601341459485,-0.07811112293641038
762,624700_85300,62.78333333333333,8.883333333333333,Alpine,1.3053672737429827,-8.641041101349085,12.04024821883804,1620.44846766138,-340.71718834537734,0.26579662949753524,0.21489748660403257,0.3146007833027093,1.523506314754486,-0.03286042399942954
763,592700_95200,59.45,9.866666666666667,Boreal,5.325972430379607,-5.945364256536986,16.3325563439917,1223.5864895744708,-606.6083529773921,0.36414155251384434,0.3060178063666616,0.39863012302924433,6.5039817810058596,-0.14758791097792323
764,562100_245700,56.35,24.95,Boreal,7.160195446618524,-5.805024747554004,19.07143270656416,774.9160861168924,-695.6628142758025,0.3534257756091268,0.26571047890858396,0.3972484930232598,8.36527172088623,-0.07374645465421957
765,545000_240300,54.833333333333336,24.05,Boreal,7.727246638015199,-4.894703498786328,19.36881239546474,751.9267131116186,-690.2786463848754,0.3444266622193311,0.2565381353266268,0.38971307256566035,10.445463773939345,-0.13027838786689516
766,545100_233200,54.85,23.533333333333335,Boreal,7.922000816258144,-4.553585560804922,19.435379384250567,732.4787875779996,-707.9178276187406,0.3486254040971648,0.2629238077372881,0.39430797709067356,10.967843068440756,-0.12734303004970887
767,562000_245000,56.333333333333336,24.833333333333332,Boreal,7.276710124132079,-5.651755686879701,19.15446467133192,756.2305796069826,-695.8549720431671,0.35070398060025104,0.2599067410297602,0.397065291411385,8.774798147413465,-0.07710815610777626
768,542500_245700,54.416666666666664,24.95,Boreal,7.293772755172654,-5.686133479267329,19.163488420949825,769.5954691559039,-686.2144985925065,0.3394140728834716,0.2492193609942261,0.3865458771538781,10.49891203986274,-0.10701088305966552
769,544900_240400,54.81666666666667,24.066666666666666,Boreal,7.727246638015199,-4.894703498786328,19.36881239546474,751.9267131116186,-690.2786463848754,0.3444266622193311,0.2565381353266268,0.38971307256566035,10.445463773939345,-0.13027838786689516
770,544700_240400,54.78333333333333,24.066666666666666,Boreal,7.727246638015199,-4.894703498786328,19.36881239546474,751.9267131116186,-690.2786463848754,0.3444266622193311,0.2565381353266268,0.38971307256566035,8.611907793680826,-0.10380811779861059
771,541100_243600,54.18333333333333,24.6,Boreal,7.538631752111799,-5.246528721762119,19.28264905489674,773.5798832149572,-703.623406200287,0.3442467431245048,0.26179375479264066,0.3866161106318585,11.154454362657335,-0.1556560567535022
772,554800_253100,55.8,25.516666666666666,Boreal,7.076094436886703,-5.976172953926475,19.07224080354487,748.4669904903536,-683.3671093475757,0.3469563061123037,0.2637573193304627,0.3883682315243322,7.837946090698242,-0.08001400800927666
773,554900_212800,55.81666666666667,21.466666666666665,Boreal,7.68728231406997,-3.9467383990006693,18.74735214659268,831.1229832066858,-683.3365921881382,0.3427126309114764,0.24194034847211057,0.3949738945115246,10.663869768778483,-0.15964478019344744
774,545000_240200,54.833333333333336,24.033333333333335,Boreal,7.727246638015199,-4.894703498786328,19.36881239546474,751.9267131116186,-690.2786463848754,0.3444266622193311,0.2565381353266268,0.38971307256566035,10.445463773939345,-0.13027838786689516
775,500200_123700,50.03333333333333,12.616666666666667,Continental,7.596646381185132,-2.9896485374745114,17.80965661260352,838.0662076000527,-724.3055116461288,0.35133821863487025,0.27411248386697845,0.39524107901241295,14.655971103244358,-0.3019285528381845
776,501000_170400,50.166666666666664,17.066666666666666,Continental,7.123974182993659,-4.0805121200153955,17.567429542636262,1040.4998445809913,-647.2789225396384,0.36263806680422095,0.3044102400928883,0.3954298547098417,11.73556943681505,-0.20131316831606802
777,500600_171200,50.1,17.2,Continental,7.603290734137621,-3.866770468618093,18.235523721436685,862.1803759895051,-683.7042358584995,0.34011696507183087,0.2625600057534637,0.38737790232423835,11.62751522064209,-0.2090851868589144
778,492700_154600,49.45,15.766666666666667,Continental,7.879067858265732,-3.2803950969917848,18.317276199318325,841.5507800731668,-735.5510053633667,0.3508687257955137,0.28220717090849584,0.3899263742395267,13.535978817409939,-0.2194869343193733
779,503300_155700,50.55,15.95,Continental,7.50608059560765,-3.6591568859911687,18.094140420520308,841.8372325454465,-698.6634500743803,0.3449754928764063,0.2688145013507542,0.3905328347478018,13.41418108622233,-0.23424120687479058
780,494000_151300,49.666666666666664,15.216666666666667,Continental,8.859443819940834,-1.9502337960387197,19.159111228970986,841.1384483192054,-764.3759185635905,0.3440482437444985,0.27260079186473396,0.3861616368563558,14.396323555840386,-0.24855346789916677
781,501100_125300,50.18333333333333,12.883333333333333,Continental,7.326772854443862,-3.1735242712931386,17.638037016325637,817.4115381032956,-713.1405078546247,0.3355490329274707,0.24863556843387058,0.3873165873831444,13.653978881835938,-0.2734599198694762
782,491500_154200,49.25,15.7,Continental,8.267897188816447,-2.8454705678331735,18.807892078730724,765.2184593988593,-768.7139009634385,0.3473073496336378,0.2829960898172385,0.3846945375385432,13.45088868882921,-0.19912856221076453
783,504400_153200,50.733333333333334,15.533333333333333,Continental,6.422672268892264,-4.539342851519938,16.86475554720304,1199.8180777088814,-654.7390648635471,0.36849760747286864,0.3106862888209876,0.40097792786458875,12.39121085272895,-0.2373973626765708
784,490400_171600,49.06666666666667,17.266666666666666,Continental,10.25962896898609,-1.2971904235039824,21.262486657631584,720.1638242454673,-858.3386685036553,0.3042301351952102,0.20763110867583948,0.36938698379015117,14.581165805392795,-0.22467399195621363
785,500800_155200,50.13333333333333,15.866666666666667,Continental,9.478810873161477,-1.4219403949007998,20.08758098909706,724.8455043726101,-788.9449116453487,0.31613390456719476,0.21725606800478137,0.3803720199942688,17.973592529296877,-0.2830863626675002
786,495400_143200,49.9,14.533333333333333,Continental,9.583953269206942,-1.247324105652788,20.074786120235853,718.43886099245,-820.8813637213606,0.32451828922181025,0.24165384047463503,0.3765184688479375,15.252001800537109,-0.2695653953591668
787,491300_141800,49.21666666666667,14.3,Continental,8.960896467619525,-1.7237309464877424,19.26810330924399,737.8353928774859,-787.3188389438026,0.34760568707934464,0.28171627977404035,0.38550017870394787,14.537317759195963,-0.21769091532326862
788,490100_145800,49.016666666666666,14.966666666666667,Continental,8.878119839050534,-2.043063936697558,19.312851679550707,757.8084732866448,-809.2089540321114,0.34942522343987975,0.28545203191233043,0.3859669154676694,13.734255159166125,-0.2505030674732695
789,501700_162300,50.28333333333333,16.383333333333333,Continental,7.21060610757478,-4.101051251608384,17.656858941834635,992.7901266072687,-664.3348393633555,0.35672278528003326,0.29230815714374925,0.3943083486963771,16.11565099928114,-0.2823673630154458
790,494400_125100,49.733333333333334,12.85,Continental,8.07397355469256,-2.5940513947103616,18.378691569852137,827.7988560792726,-759.254847987678,0.3503290304453187,0.27799613507530135,0.39269000585719943,13.019158164130317,-0.20854058217461502
791,490000_144800,49,14.8,Continental,9.131674296209171,-1.6921478228250673,19.50894988020254,745.921374863056,-794.6192495117779,0.35312647818201903,0.2897503950858709,0.38905793171021363,13.844491704305014,-0.22103004967342618
792,503800_143600,50.63333333333333,14.6,Continental,8.48192504122774,-2.360309343040553,18.901328292125104,805.9482295325595,-743.2276433175595,0.2568560749731985,0.1782408135781207,0.30187180153159715,14.116634979248047,-0.2631094309961385
793,505000_152000,50.833333333333336,15.333333333333334,Continental,7.101170696319304,-3.790270621111059,17.46611438367999,1133.5139906561785,-682.8543133901945,0.3633046035679114,0.29725274263584994,0.39708684454219384,14.59693378024631,-0.29900685502280094
794,494200_170800,49.7,17.133333333333333,Continental,8.372809501693792,-3.144230755742465,19.208405144794185,734.313249985274,-730.7361648157878,0.31971401584996045,0.22693788300637405,0.378228969901608,14.726168195936415,-0.22414367612793698
795,492700_182300,49.45,18.383333333333333,Continental,8.000251540556713,-3.453092155910607,18.365189616132813,1064.6498894446565,-698.6225443550541,0.35554944027091645,0.2948086919232732,0.3900835634521495,14.390624067518447,-0.24294946944135998
796,593300_260200,59.55,26.033333333333335,Boreal,5.9797761997260475,-6.232912098838947,17.9164600968871,738.7893874793089,-492.34372010703595,0.2630581741662814,0.19531944010987007,0.2997120291822743,6.087415356106228,-0.10403017821573006
797,593400_260700,59.56666666666667,26.116666666666667,Boreal,5.9797761997260475,-6.232912098838947,17.9164600968871,738.7893874793089,-492.34372010703595,0.2630581741662814,0.19531944010987007,0.2997120291822743,5.907075358496772,-0.09041650624467351
798,580300_260600,58.05,26.1,Boreal,6.2012508902859516,-7.037776691624209,18.41249696021176,766.3108141404309,-614.7572972014847,0.340984385685459,0.24664413346827854,0.39073127219352416,6.781749144660102,-0.08089677029227023
799,580700_270300,58.11666666666667,27.05,Boreal,6.133497009059705,-7.29889302851552,18.49414842597081,750.9534618721891,-646.121864561926,0.3430235410168217,0.25743704952363505,0.38712112278305083,6.3920290332370335,-0.07064674188478266
800,582100_265800,58.35,26.966666666666665,Boreal,6.2861571911061835,-7.086329851881759,18.61428551043608,737.7777348289512,-656.881683927193,0.3423367207751431,0.2560531898834289,0.3864853054241913,5.837956420050727,-0.06423763349944653
801,574200_263100,57.7,26.516666666666666,Boreal,6.147450711438391,-7.085690108438697,18.39593097210725,754.0196779005719,-625.6593260402814,0.3409920036023828,0.24607148907903104,0.39087842805214973,6.863565021091038,-0.061809470350900377
802,593100_262400,59.516666666666666,26.4,Boreal,5.994507134270206,-6.395339591961271,18.071446363645414,741.304064641539,-490.8866419880848,0.2642383938809148,0.19462676707835977,0.3002489994239762,5.80875138176812,-0.08284651820258798
803,581600_262700,58.266666666666666,26.45,Boreal,6.263794229522004,-6.923060591071193,18.525495854680774,727.7091661423516,-635.2555043357037,0.34297910316809954,0.25656414772587877,0.3884169118715038,5.966132253011068,-0.06937998249065871
804,462200_135600,46.36666666666667,13.933333333333334,Alpine,8.45790940908232,-2.5093022238586014,18.746106330414097,1652.1484728188327,-766.8774874556648,0.3677461897730476,0.3195115526757824,0.3979229573752937,10.71750878651937,-0.3031422706974144
805,455900_134400,45.983333333333334,13.733333333333333,Continental,10.842533451844572,0.4961788009324697,21.128174205296393,1815.4232977600725,-290.7458475699625,0.3557092616906064,0.26913965634140413,0.3993220528493474,19.70705806732178,-0.6084365869134453
806,454000_135100,45.666666666666664,13.85,Continental,12.897987046013801,3.0097307887174796,22.96427155758779,1553.467154228188,-375.2730870421891,0.2321397435139338,0.1646612263514683,0.26526306564144964,17.922550955878364,-0.5205010723354272
807,461700_142400,46.28333333333333,14.4,Continental,9.607831412629947,-1.575950211140753,20.036839232850106,1230.030207974753,-802.9216421873246,0.35122543630382763,0.28440001616543903,0.3909534924042769,19.609568311903214,-0.34040010843976976
808,453200_144800,45.53333333333333,14.8,Alpine,9.734180742634413,-1.2533848330080999,20.00811811932743,1587.824687239626,-761.6718278167243,0.3535321787089242,0.26289445088670366,0.3972410609091878,10.782122531467014,-0.28571266827815756
809,462800_152300,46.46666666666667,15.383333333333333,Alpine,9.61087299987678,-1.89346498314398,19.97033958547933,1197.6865037610423,-833.7348082824353,0.3616963560170148,0.31376318404679504,0.3892686321441548,14.484520941840278,-0.30928261362240167
810,462200_151400,46.36666666666667,15.233333333333333,Alpine,10.437918171247107,-0.8235109099789131,20.890290656600445,1045.4619365090318,-847.5375273872173,0.350986400934987,0.28380916309671517,0.3895339586165252,14.058553805881076,-0.2617797394901214
811,460600_150400,46.1,15.066666666666666,Continental,11.042237224094356,-0.21147845921512037,21.553233217148854,1104.2500700105418,-870.4051460035246,0.3452355859017842,0.26084504543135,0.39154285905018643,14.794802542792427,-0.32619263529901565
812,453800_143800,45.63333333333333,14.633333333333333,Alpine,9.763115103971433,-1.303284821566827,19.97717473910782,1407.4223216448231,-522.864336279768,0.35606166776618703,0.27975308684192185,0.39486315601185185,11.423940340677897,-0.29269123648220463
813,455200_152500,45.86666666666667,15.416666666666666,Continental,11.581627929255543,-0.03554901237346037,22.384360961807136,1062.552801657776,-885.6096844092866,0.33829603518990725,0.25195883824116483,0.38895202408468765,14.77070913526747,-0.26510296029327207
814,462900_163100,46.483333333333334,16.516666666666666,Continental,11.480503570975266,-0.33010036184156977,22.23102455971777,836.0310766463674,-975.9410575653976,0.3336532554634136,0.25230443154551274,0.3860011031924006,12.479258821275499,-0.22101579270496774
815,462700_152300,46.45,15.383333333333333,Alpine,9.61087299987678,-1.89346498314398,19.97033958547933,1197.6865037610423,-833.7348082824353,0.3616963560170148,0.31376318404679504,0.3892686321441548,14.484520941840278,-0.30928261362240167
816,640800_321400,64.13333333333334,32.233333333333334,Boreal,2.3476552488879627,-12.412362368898728,16.61458219025883,696.2881025694812,-8.223871124094316,0.2387909281998172,0.19922278642048377,0.2756654241023226,2.510034491750929,-0.035294152910372086
817,640700_325300,64.11666666666666,32.88333333333333,Boreal,2.5644497111012625,-12.433911621717609,16.91051403873564,684.1644271640444,-7.061692283821878,0.31306911749389627,0.2642693919900234,0.35480963524933296,2.0217843786875407,-0.024971033358106447
818,635100_305400,63.85,30.9,Boreal,2.338451922163231,-12.436638949027499,16.5922921818743,766.1202133796568,-8.624118231232362,0.2344100685600776,0.18260346453838391,0.27586720599937736,2.3753317901823254,-0.028137596187453078
819,635100_313300,63.85,31.55,Boreal,2.310600635251742,-12.551489732410644,16.602292382010564,748.8549837720539,-8.676948157403826,0.23570511443712336,0.18705158481047512,0.27602773966333255,2.545368678304884,-0.04102849187742682
820,635000_325100,63.833333333333336,32.85,Boreal,2.551811972208523,-12.459905407930385,16.89593462237536,704.913669923337,-7.452346186068581,0.23618600318472363,0.18954654550444508,0.27561971660077983,2.4144964626100327,-0.03647735476616855
821,633400_305300,63.56666666666667,30.883333333333333,Boreal,2.551177840550051,-12.319296533287181,16.77738006116398,776.0521638132287,-180.86400005826775,0.3736724646326335,0.32162524591785885,0.4176091411292038,3.2618824460771347,-0.04666322755370753
822,633400_313200,63.56666666666667,31.533333333333335,Boreal,2.3459632958346037,-12.583645258101315,16.639565855245717,773.1664807599836,-8.861274737102017,0.23631318523678072,0.1860727753871929,0.27889207642668085,2.64811929013994,-0.036452426664354776
823,631600_321000,63.266666666666666,32.166666666666664,Boreal,2.513654642900711,-12.545698370715568,16.842027819620633,747.8335669676899,-8.373000186101196,0.23509568108321946,0.18369264085563533,0.2783365258997989,2.726713374985589,-0.035061356128185055
824,631500_324800,63.25,32.8,Boreal,2.6995955134478105,-12.130437534754194,16.706940941012263,700.3121485465961,-8.133463733354796,0.23216944100307982,0.17729916472519847,0.27433581889484204,2.72171361234453,-0.040721841355473395
825,625800_324700,62.96666666666667,32.78333333333333,Boreal,2.7003727456132838,-12.271686152840465,16.862263914845865,720.4272806169039,-189.57899231587317,0.2342320074937693,0.18113933806620017,0.2762243190805369,2.9647479195064967,-0.039922492378637396
826,625600_340200,62.93333333333333,34.03333333333333,Boreal,2.853060986582702,-12.580917930791427,17.255100059592582,745.2028545808448,-242.31162821681113,0.2730756729867927,0.21570907346069484,0.31593187493300423,2.8648026932610406,-0.03497911717008434
827,625500_344000,62.916666666666664,34.666666666666664,Boreal,2.9899380244747236,-12.052792883191154,17.547799520146565,766.8357133261769,-82.051065218164,0.2019779330412576,0.15480029740074044,0.23968804630259138,3.3502685345543757,-0.039875065456111074
828,625400_351800,62.9,35.3,Boreal,2.8487960302956323,-12.36074517425599,17.576823670037005,806.239396285415,-6.609906172854257,0.16631177501829134,0.12792280007076443,0.19974043316559847,2.993951839076148,-0.02178757558789111
829,625200_355500,62.86666666666667,35.916666666666664,Boreal,2.6611351477722347,-13.132612473662352,17.382914065374585,814.1110463012103,-9.102377427381684,0.259968241773706,0.203594727523337,0.30793083252879405,2.6886115174823337,-0.020301732623294
830,623500_355200,62.583333333333336,35.86666666666667,Boreal,3.315396277562618,-11.921140416750793,18.15282846374422,830.7962755724719,-5.901679256388438,0.22990267717826218,0.17853995616951865,0.263130048902786,3.7041574727164375,-0.031750689182734236
831,621700_362600,62.28333333333333,36.43333333333333,Boreal,2.8229088679900314,-12.97971379077087,17.483118090982384,816.2848090650504,-8.544741802494839,0.35357175471635766,0.29260544170662917,0.39796123276276446,3.479435093137953,-0.03656881033205488
832,620500_335500,62.083333333333336,33.916666666666664,Boreal,3.696436451104838,-11.591436848621889,17.931780268813032,682.4660396689853,-5.47041330435296,0.33972337269743463,0.25569830643649094,0.38371164045252143,3.368592012193468,-0.041016468091400235
833,615900_362200,61.983333333333334,36.36666666666667,Boreal,3.345186436049346,-12.248386023230042,17.91019734528662,826.0109292144963,-7.0115420921800125,0.34839798140656164,0.26915563538665893,0.39908385359333987,3.7570549043019614,-0.040515735201052595
834,615800_365800,61.96666666666667,36.96666666666667,Boreal,2.919754240521767,-13.0079298436806,17.535678065435942,788.7778927997347,-8.231408642223233,0.349150947463481,0.27987980438684945,0.3967698648770231,3.5755661127302383,-0.03901597567264016
835,615600_373500,61.93333333333333,37.583333333333336,Boreal,2.8896245690674496,-13.107123748062516,17.509818962053284,753.3101227417609,-8.246544859634719,0.34837410574010536,0.2799630440644558,0.39553836357529293,3.33943582004971,-0.031870211295176074
836,615100_305000,61.85,30.833333333333332,Boreal,4.797569599442214,-8.627808513289992,17.9296926849462,771.1691439539659,11.011997503221973,0.2564037379304915,0.16843005139737885,0.3044689537940571,4.954398119184706,-0.06686049017497749
837,614900_331600,61.81666666666667,33.266666666666666,Boreal,3.7811379217876016,-11.40904262593456,17.967605901624427,733.8675027713663,-5.11749593767379,0.38175197777458714,0.30618948820172476,0.4237699920891871,3.6449931854671904,-0.044865418287500194
838,614800_335300,61.8,33.88333333333333,Boreal,3.5508892060239696,-11.766591869190375,17.719284433594325,737.1822492794641,-257.3608705002789,0.34473243177910995,0.26914671684977254,0.3862184925290066,3.7110402287377253,-0.04513710933327139
839,614000_365500,61.666666666666664,36.916666666666664,Boreal,3.0343693289522,-12.85449242946865,17.587867662106678,826.1775750377003,-141.81602198992525,0.3493308046240234,0.2763870823787137,0.39735179940886056,3.7471284696790907,-0.03819090544992913
840,613300_301300,61.55,30.216666666666665,Boreal,4.443118061279127,-8.393123681809339,16.878021805969667,804.488576401985,-0.5404114712702621,0.11658532682392421,0.09049616002699347,0.13106472629470187,4.467512827979194,-0.05488658531039416
841,613300_320200,61.55,32.03333333333333,Boreal,4.310682750888703,-10.268514749787675,17.852687776826226,851.4386080366711,-203.08066955415057,0.40849445836558856,0.3324482620352069,0.45216178266133283,4.867711376614041,-0.06223121269076517
842,613000_335000,61.5,33.833333333333336,Boreal,3.3578746810033815,-11.973666720496821,17.494566131542424,816.818593471136,-7.0318970619973244,0.35105164870311073,0.28268245460340014,0.3915521491927764,4.089408673180474,-0.051317540022119114
843,612900_342700,61.483333333333334,34.45,Boreal,3.7189677662266662,-11.530526538701016,17.778713232383907,735.2628658993756,-197.67511885002497,0.3441999208058512,0.2695094040164861,0.3861404553312506,3.8025402736663816,-0.0464985626622247
844,612800_350300,61.46666666666667,35.05,Boreal,3.9740402111164252,-10.542493296955241,17.513219703513766,711.8376216984852,-4.301498419064328,0.2235595845878051,0.16784997489405934,0.2548491874037651,3.918382116953532,-0.055327279570178814
845,611600_293800,61.266666666666666,29.633333333333333,Boreal,4.937897884856012,-9.413649156321084,18.349667419961705,695.8634817247982,-631.3644319088779,0.33160385000806,0.23662192764218834,0.3844849519217129,4.8632049157884385,-0.07524290082870609
846,611600_301300,61.266666666666666,30.216666666666665,Boreal,4.660515790335663,-7.876446674769098,16.990414627703156,779.6698228240915,-140.04680986131393,0.07273662797768116,0.049930938210617476,0.08505733894910483,3.384865605036418,-0.04182203582196802
847,611500_323700,61.25,32.61666666666667,Boreal,4.336752296193421,-10.147805263294396,17.963296051060645,871.5751221659975,-473.80521262329836,0.2687519477239816,0.19928856063002096,0.30619952155572194,5.457661859724257,-0.07526127519007211
848,611400_331300,61.233333333333334,33.21666666666667,Boreal,3.9967454915604868,-11.270622347280773,18.133265782669582,862.6832059499111,-344.8463839403003,0.3516234879466671,0.2784569261477653,0.393737190729944,5.017840332455105,-0.0684282169794769
849,611200_342400,61.2,34.4,Boreal,3.9208489108966917,-11.359580356573721,17.962892002570296,734.0007810764605,-332.5483602463505,0.34800429613073947,0.2786022239778729,0.3882835054239114,3.92201819313897,-0.03971260988060188
850,605700_331100,60.95,33.18333333333333,Boreal,4.384517000716318,-10.897887614929155,18.529300644631615,860.4471827212452,-621.4154402547375,0.3505496403646892,0.27264129688642635,0.39369296965121564,5.882396371629503,-0.09626117977933583
851,611500_291900,61.25,29.316666666666666,Boreal,4.763508872883828,-9.787124644238352,18.352125381611362,738.2647120221326,-624.5903995143929,0.34602047908207123,0.2681931766143351,0.3894581510529908,5.174217291937934,-0.07774891218533922
852,610700_290200,61.11666666666667,29.033333333333335,Boreal,5.028415970264497,-9.340886757349828,18.52037790713629,718.7409105421602,-630.5089419555914,0.33691818317524264,0.24548583849015757,0.3882760733098394,5.358804247114393,-0.07831800159655217
853,610700_292000,61.11666666666667,29.333333333333332,Boreal,5.001931152900248,-9.474795161194658,18.54108539226694,717.8104873432167,-632.5495353274207,0.33851862700636365,0.25013871350493233,0.38794534423363547,5.093882817162408,-0.08194269890878818
854,610700_293700,61.11666666666667,29.616666666666667,Boreal,5.054819416752215,-9.388160430721253,18.563947802679472,701.9828096796241,-631.5449163121273,0.33387281249995726,0.23998124320273173,0.38594870678819304,4.911005143059625,-0.07660601605079836
855,610700_295600,61.11666666666667,29.933333333333334,Boreal,5.080305336459757,-8.695149928348997,18.102625438817743,695.3687379541258,-519.5626892052624,0.2664155387968809,0.1821820636705016,0.3115695955784446,4.079047996732924,-0.0568813044663193
856,644200_325700,64.7,32.95,Boreal,2.3012766551583637,-12.525630629027974,16.530977823463072,658.131338832255,-388.02185676749457,0.652030220013977,0.6039857521355291,0.6982981648920815,1.9544416088528103,-0.03077886158221735
857,605800_290200,60.96666666666667,29.033333333333335,Boreal,5.028415970264497,-9.340886757349828,18.52037790713629,718.7409105421602,-630.5089419555914,0.33691818317524264,0.24548583849015757,0.3882760733098394,5.573429338667128,-0.08434152140582997
858,605800_292000,60.96666666666667,29.333333333333332,Boreal,5.001931152900248,-9.474795161194658,18.54108539226694,717.8104873432167,-632.5495353274207,0.33851862700636365,0.25013871350493233,0.38794534423363547,5.707519107394749,-0.08469770748425891
859,605800_293800,60.96666666666667,29.633333333333333,Boreal,5.131375382105132,-9.197920933179551,18.571355358335968,684.7419664861188,-633.4996969978557,0.3286392106718817,0.22764244742039952,0.3839167668009086,5.423507480621338,-0.07921778939702909
860,605800_301300,60.96666666666667,30.216666666666665,Boreal,4.898012125895021,-7.865200658454245,17.431298872094484,739.9751329181191,-236.3133606142993,0.11988472096476212,0.08124800888150191,0.1404466554934894,5.631219808790419,-0.0892609101601567
861,605000_282700,60.833333333333336,28.45,Boreal,5.163671202410514,-8.329115666795754,18.188788779385742,756.7383315959221,-427.29359266905874,0.21943324388788946,0.1512362270975135,0.2595054068698723,5.903641327752007,-0.10417767212733042
862,605000_284500,60.833333333333336,28.75,Boreal,5.1771563207760805,-8.531476619048076,18.29744415258345,742.4494590347423,-472.4596432749785,0.24702533898588813,0.17094433558793598,0.29164001008867657,6.141284921434191,-0.10056082923345996
863,605000_290400,60.833333333333336,29.066666666666666,Boreal,5.1752847906158985,-9.029264359164266,18.57734874427621,720.8592365625507,-625.4562046101837,0.3305730777205577,0.23090365907519253,0.38807391980708106,5.547257773081462,-0.08324304503922197
864,605000_292100,60.833333333333336,29.35,Boreal,5.1162600403166785,-9.244453850985327,18.595261560681912,724.7097650532493,-625.0583558042686,0.3323059060835862,0.2351774962722954,0.38717574882148,4.524727277755737,-0.06401051884465178
865,604900_293800,60.81666666666667,29.633333333333333,Boreal,5.158542031296854,-9.123070950341466,18.566203740083953,706.8489380318745,-632.2804239050029,0.3305640662822454,0.23037374934185903,0.3841627697766917,5.730727738274468,-0.08651150722129766
866,605000_295600,60.833333333333336,29.933333333333334,Boreal,5.139447934235329,-9.101319673277407,18.535092006326686,699.5403009617352,-645.3560722979967,0.33070261327540423,0.23094490730829212,0.383529925263461,5.156549604203966,-0.07863608514807505
867,604900_301400,60.81666666666667,30.233333333333334,Boreal,5.160273266842328,-8.725621918663197,18.40680661063928,693.8630926218653,-562.4348748176134,0.29240678749091303,0.2029767472382503,0.3383207469691967,4.56234715461731,-0.07042181904717106
868,604100_295600,60.68333333333333,29.933333333333334,Boreal,5.139447934235329,-9.101319673277407,18.535092006326686,699.5403009617352,-645.3560722979967,0.33070261327540423,0.23094490730829212,0.383529925263461,5.177233123779297,-0.07824973934083075
869,604100_282800,60.68333333333333,28.466666666666665,Boreal,5.163671202410514,-8.329115666795754,18.188788779385742,756.7383315959221,-427.29359266905874,0.21943324388788946,0.1512362270975135,0.2595054068698723,5.106077185736762,-0.08468453567709668
870,604100_290300,60.68333333333333,29.05,Boreal,5.1752847906158985,-9.029264359164266,18.57734874427621,720.8592365625507,-625.4562046101837,0.3305730777205577,0.23090365907519253,0.38807391980708106,6.5320647091335715,-0.10234332451756509
871,604200_292000,60.7,29.333333333333332,Boreal,5.1162600403166785,-9.244453850985327,18.595261560681912,724.7097650532493,-625.0583558042686,0.3323059060835862,0.2351774962722954,0.38717574882148,6.42880847507053,-0.10070192901957843
872,604100_293900,60.68333333333333,29.65,Boreal,5.158542031296854,-9.123070950341466,18.566203740083953,706.8489380318745,-632.2804239050029,0.3305640662822454,0.23037374934185903,0.3841627697766917,5.727583592732747,-0.08668516814524191
873,604100_301300,60.68333333333333,30.216666666666665,Boreal,5.160273266842328,-8.725621918663197,18.40680661063928,693.8630926218653,-562.4348748176134,0.29240678749091303,0.2029767472382503,0.3383207469691967,5.46733283996582,-0.0782220451898254
874,604100_302900,60.68333333333333,30.483333333333334,Boreal,5.031367768957915,-8.029749406150934,18.08286073349792,757.1456454376773,-271.877598140546,0.1449896281214245,0.10278627546215409,0.1659202264752649,5.420709872775608,-0.07766560872395911
875,603200_275500,60.53333333333333,27.916666666666668,Boreal,5.478029345582847,-7.2989603699305725,18.193603690562455,743.9870496106338,-386.1070273750955,0.17658295666579352,0.0982177549420965,0.22359937736523225,6.873165785471598,-0.10091373152285128
876,603300_281300,60.55,28.216666666666665,Boreal,5.246315954041682,-7.128788614076458,17.765446973617284,815.1852630480239,-83.03802123440046,0.03797774528005413,0.021123320856143393,0.048089260343576204,5.863001976013184,-0.09765920641006512
877,603200_282900,60.53333333333333,28.483333333333334,Boreal,5.1711797701895925,-7.327782495575832,17.79386505077218,832.8966873266739,-69.36583212091764,0.03715144903095771,0.025186829225008672,0.04395328886250894,5.319504823684692,-0.0873226249033459
878,603200_284600,60.53333333333333,28.766666666666666,Boreal,5.2790186287297125,-7.768801422797277,18.102187719619852,773.0996178788669,-346.33476845557107,0.1854935349967065,0.12576042648151642,0.219452257713057,7.9960394414265945,-0.13069725257078516
879,603300_292200,60.55,29.366666666666667,Boreal,5.223795862489033,-8.824479115969819,18.511657193886155,748.2746638234702,-619.5021832179872,0.33241264982194524,0.231779162112874,0.388151957004837,5.467462306552463,-0.08115937452444245
880,603300_293800,60.55,29.633333333333333,Boreal,5.028592741479026,-9.255262148102297,18.47084829636039,763.6664702914462,-636.2169967557936,0.33773754278453855,0.24464749602283611,0.3873102700861832,5.178689613342285,-0.07261731166465592
881,603300_295600,60.55,29.933333333333334,Boreal,4.9928456736518685,-9.307081366990205,18.46293568009096,761.3931483140885,-650.5527015986593,0.3387899611042755,0.24770172330072396,0.3865752340044625,6.6084474817911785,-0.09556608509107058
882,603300_303100,60.55,30.516666666666666,Boreal,5.122876334346226,-8.952865523779824,18.458457475989537,720.9379890190859,-634.3231157904022,0.33873939176144396,0.2435427122660335,0.3853452191255467,5.243965581258138,-0.06405082891600068
883,602400_284600,60.4,28.766666666666666,Boreal,5.2790186287297125,-7.768801422797277,18.102187719619852,773.0996178788669,-346.33476845557107,0.1854935349967065,0.12576042648151642,0.219452257713057,8.360908092922635,-0.12645040458939116
884,602400_290400,60.4,29.066666666666666,Boreal,5.362659472125298,-8.39460519294064,18.48764997941762,722.5375364281728,-618.7312517371518,0.32836911525964846,0.22182979100468936,0.38854883189628175,7.597103911505805,-0.13094018776719538
885,602400_292100,60.4,29.35,Boreal,5.223795862489033,-8.824479115969819,18.511657193886155,748.2746638234702,-619.5021832179872,0.33241264982194524,0.231779162112874,0.388151957004837,7.838703431023492,-0.13583913757828303
886,602400_293800,60.4,29.633333333333333,Boreal,5.028592741479026,-9.255262148102297,18.47084829636039,763.6664702914462,-636.2169967557936,0.33773754278453855,0.24464749602283611,0.3873102700861832,7.949539426167806,-0.1168480469789308
887,602400_295600,60.4,29.933333333333334,Boreal,4.9928456736518685,-9.307081366990205,18.46293568009096,761.3931483140885,-650.5527015986593,0.3387899611042755,0.24770172330072396,0.3865752340044625,7.437027676900228,-0.09446433265142758
888,602500_301200,60.416666666666664,30.2,Boreal,5.049395626947673,-9.207247719165222,18.495259559319287,750.9467979569345,-645.4602882751136,0.33927534008746096,0.24736170408193,0.38571496680062867,6.678279491000705,-0.0947746701235623
889,601600_290400,60.266666666666666,29.066666666666666,Boreal,5.200753874969675,-7.265996747259189,17.785481044597336,801.8349158561333,-166.9963126864314,0.08564484756649633,0.05625529568018475,0.10192266380698785,8.862388140360515,-0.15508851270803786
890,601600_292100,60.266666666666666,29.35,Boreal,5.283477191585078,-7.959007249631451,18.130875162434993,752.3301756258525,-464.94641406405304,0.2384440033083647,0.15661967892556572,0.28376605683509754,7.808074196709526,-0.13713202493232768
891,601600_293800,60.266666666666666,29.633333333333333,Boreal,5.085917121048007,-8.598312973494142,18.12717138460674,745.9344949456079,-574.9952004715805,0.2957769725182868,0.20733419571866313,0.3436057232857949,7.571541726854112,-0.09164977893494781
892,601600_295600,60.266666666666666,29.933333333333334,Boreal,5.096921830625567,-8.915390026299482,18.380476117351204,746.0243858887918,-649.0418513637705,0.33358097815406346,0.23523843960768578,0.38567854944167584,8.63978800031874,-0.10927177130007311
893,600700_303100,60.11666666666667,30.516666666666666,Boreal,5.428112521670358,-8.646697780214039,18.65906755145032,698.2956829478688,-642.3404165261993,0.3287257018993946,0.2239040940421842,0.3841568240854341,7.408973842196994,-0.06036529501648253
894,600700_304800,60.11666666666667,30.8,Boreal,5.482740438744685,-8.736396545072637,18.922035777255747,710.6579488922812,-651.9168822539176,0.334411826573029,0.23605820178982723,0.3849022651268556,7.7239977942572695,-0.07998844489224634
895,595900_304800,59.983333333333334,30.8,Boreal,5.482740438744685,-8.736396545072637,18.922035777255747,710.6579488922812,-651.9168822539176,0.334411826573029,0.23605820178982723,0.3849022651268556,8.802332263522677,-0.047450883705917365
896,595900_310500,59.983333333333334,31.083333333333332,Boreal,5.503377776567976,-8.74265929667313,19.18897714654966,740.5750131359397,-576.572487321211,0.296256034204511,0.21353666651744962,0.3376381072916836,5.944878480699328,-0.03031846289541043
897,662600_322600,66.43333333333334,32.43333333333333,Boreal,2.030412648437267,-11.946629142350627,16.13837737366905,632.9643836968439,-77.26691925536824,0.2276842530620545,0.17511895406217765,0.2739396872148045,1.710922475390964,-0.040498383052577906
898,662500_330900,66.41666666666667,33.15,Boreal,2.3389822358068195,-11.207254075710248,16.143764686873773,609.6149994616948,-528.66876363319,0.2084314854271098,0.1173134572329863,0.27414407035178445,1.589760317405065,-0.03769737152861381
899,660900_314100,66.15,31.683333333333334,Boreal,1.6132185526852385,-12.775904998094786,16.018913703354375,655.516926669774,-201.35110281310045,0.22403406313701826,0.16160625586217325,0.2739683008539817,1.5924017384317186,-0.035472353486453764
900,660800_330700,66.13333333333334,33.11666666666667,Boreal,2.010762984701507,-12.116531532544506,16.21174584537584,621.9053846127842,-135.8204218857123,0.22788919360758988,0.17558383279738116,0.2761462818827809,1.707617363664839,-0.0357597149365705
901,660700_334900,66.11666666666666,33.81666666666667,Boreal,2.0204461190085334,-11.810666825346491,15.99160675954794,614.1976956773565,-198.03875515482255,0.22742375746383095,0.17332447011949356,0.27583413309175697,1.7388840585284764,-0.036044014811639026
902,655200_305700,65.86666666666666,30.95,Boreal,1.7373119452852277,-12.429130381248424,15.883288093425525,664.8209509112521,-314.14183274725343,0.2320162775189127,0.1878483074389934,0.27187170147427087,1.8341900693045723,-0.03952408555368375
903,655200_314000,65.86666666666666,31.666666666666668,Boreal,1.8253299806596444,-11.052267808951937,14.764747189295393,731.6581511843314,-148.77687715517717,0.09996699589036728,0.06574238929309108,0.12509042139792573,1.82183447599411,-0.036239817233523264
904,655100_330500,65.85,33.083333333333336,Boreal,2.014421868253047,-12.322259555549772,16.321175644846726,626.3908068424618,-11.631141342250649,0.2255049714132927,0.16329520378503495,0.2757367723974138,1.5245955542723337,-0.026109142985013874
905,655000_334700,65.83333333333333,33.78333333333333,Boreal,2.0333616412383946,-12.11040346377413,16.132350317021267,613.5356988202194,-9.74741033024877,0.4591437273905622,0.41508408037324224,0.5055808457652305,1.4236241245269776,-0.025064752015782028
906,654900_342800,65.81666666666666,34.46666666666667,Boreal,2.2938242052251647,-11.388267799388863,15.897934851200862,602.0689703984892,-245.08288975226284,0.220647682294396,0.15753420056212517,0.27606081257095294,1.4261724547545114,-0.026651469140599144
907,653500_305800,65.58333333333333,30.966666666666665,Boreal,1.7233386016604844,-12.618326086856703,15.963256023808094,707.1742233916095,-101.21607995144534,0.23624713232296582,0.1962395358319835,0.273144079403397,1.8324409148428176,-0.036600337126921685
908,653500_313900,65.58333333333333,31.65,Boreal,1.8764084439819049,-10.964319920884869,14.691345046881077,761.4518610830232,-4.221039083907301,0.10138879027948261,0.08279054415714523,0.11769992716473025,1.7204724276065826,-0.03262176543935482
909,653400_322100,65.56666666666666,32.35,Boreal,1.9437133824410864,-11.227490170935479,15.065426607533867,715.8994298620435,-95.82587959876899,0.13933697892825606,0.11098278246645783,0.1646712597054655,1.6612194463941787,-0.030817704924119407
910,653400_330200,65.56666666666666,33.03333333333333,Boreal,2.074352921763271,-12.250237912144168,16.203395509908525,629.6225660318121,-10.506393131777521,0.32704669442910417,0.2757694736993306,0.37326320288440207,1.6415091890758937,-0.03132508221302436
911,651800_301500,65.3,30.25,Boreal,1.9115466331812365,-12.531523002845642,16.19639200274239,710.0192677482294,-504.6310921621364,0.235658075348476,0.19247219720888736,0.2738412117033505,2.0809134748246936,-0.041432296272647814
912,651800_305700,65.3,30.95,Boreal,2.0216498468027124,-12.491926250790952,16.40491469447261,702.2311483919938,-200.74145708950098,0.23568548126911648,0.19198799497709665,0.27363942980629574,2.0577372874153985,-0.036108225004591564
913,651800_313800,65.3,31.633333333333333,Boreal,2.036058103733047,-12.317781351448355,16.203765887691347,683.7298823592339,-9.951914454418699,0.23555854695419515,0.19087577910622205,0.2742362285662773,2.0490407350328232,-0.0359021885304008
914,651600_330100,65.26666666666667,33.016666666666666,Boreal,2.0975464274665083,-12.254413079877827,16.090261932609387,641.5514697367109,-180.5873878264132,0.4357405885535357,0.3925480524784242,0.47882895116307134,1.5184420822726357,-0.025642220078360624
915,651500_334100,65.25,33.68333333333333,Boreal,2.2671738402155643,-12.401015340461287,16.499563053338044,620.926652023397,-182.59280203489732,0.5200440184536177,0.47493823944638003,0.5659574824576299,1.5673158713181814,-0.027728752885686343
916,651500_342300,65.25,34.38333333333333,Boreal,2.380024022392991,-11.043176717918966,15.419878145696957,615.6640766456342,-5.631295265974817,0.3695402711428861,0.30291527034730575,0.4219454080845114,1.5527916411558786,-0.028085797974691698
917,650100_301500,65.01666666666667,30.25,Boreal,2.0319025772454484,-12.467986377737466,16.287471266609696,717.0375370961193,-496.71582323627115,0.48384655717592945,0.43778956046890183,0.5258772060844518,2.1319373906983268,-0.04089164434202679
918,650000_321700,65,32.28333333333333,Boreal,2.2310844535285224,-12.51007476214935,16.56478321382269,680.0540858814728,-222.9585242628825,0.3233158350992448,0.2770440812626783,0.36390208360501614,1.9805987917052374,-0.03283065792453772
919,645900_325900,64.98333333333333,32.983333333333334,Boreal,2.268571174578038,-12.443979163268933,16.450538503175082,648.4376273641916,-438.80675393348844,0.3236379862771239,0.28061038120012693,0.3647396828609304,1.798605964978536,-0.02801134531711999
920,645800_333900,64.96666666666667,33.65,Boreal,2.2897079612296842,-12.380274184623117,16.525859875918584,637.8915420067866,-441.40893523273,0.23919684549671621,0.1972558774313293,0.27867691672429645,1.7741878549257915,-0.02467750638385048
921,645700_342000,64.95,34.333333333333336,Boreal,2.464660957552988,-11.826458387177826,16.220735924286217,618.9338377306098,-7.318781609548693,0.23516882547254472,0.18925037575867593,0.27816558727614293,1.6152496389547983,-0.023205315805933144
922,644400_301500,64.73333333333333,30.25,Boreal,2.0216807116179494,-12.724489827697232,16.400200795418474,737.1877146488098,-522.4369247404121,0.48776002974196625,0.444637881980545,0.5275341959168038,2.284573480288188,-0.04418539008858022
923,644300_305500,64.71666666666667,30.916666666666668,Boreal,2.294144076946698,-12.491858909375887,16.677681096169117,711.2040703309245,-218.4510945399025,0.23567439503229243,0.19164425970126672,0.2745335131291572,2.0847515673107573,-0.03488063200093348
924,644300_313600,64.71666666666667,31.6,Boreal,2.4077181793360083,-12.33687264261758,16.71525760577205,692.2657665178633,-8.361241168370837,0.2355028370657971,0.19136927148060276,0.27432727196365925,2.0591326342688667,-0.03492620911022453
925,642500_325400,64.41666666666667,32.9,Boreal,2.270004985540336,-12.553678328400057,16.512526275736903,678.2484524984658,-8.323786066110081,0.5738587177632815,0.5266612941190476,0.6179198512034159,2.1865056437916226,-0.03445594839267293
926,642400_333500,64.4,33.583333333333336,Boreal,2.2603050158795432,-12.541590544396966,16.480808469244103,675.3024426344616,-7.9209815867497175,0.6470610466111548,0.5966621469289816,0.6945672436279382,2.0946969066725836,-0.029458079574277724
927,642300_341500,64.38333333333334,34.25,Boreal,2.5063986054281022,-11.990434732846513,16.33302773389711,644.155894016616,-6.81396979271795,0.31340625676848727,0.2672214276994213,0.3560180969974399,2.267858606444465,-0.033823955573287434
928,640900_313400,64.15,31.566666666666666,Boreal,2.2519490686276393,-12.556843374907833,16.55239239345183,712.8849590557104,-9.200181619596748,0.23648951214313887,0.19221504606199621,0.27463384666912916,2.397291293674045,-0.03891969745742237
929,640600_333200,64.1,33.53333333333333,Boreal,2.6619236035068834,-12.397816623245985,17.003074813734244,684.5983327443699,-6.310956701804323,0.6508479255008319,0.5995406047090667,0.6980621952702956,2.402239735921224,-0.03500441004986365
930,640500_341200,64.08333333333333,34.2,Boreal,2.639201487709057,-12.180068157652677,16.734517250478923,672.8677803971243,-6.334866296648328,0.5441475411405041,0.4867924613912179,0.593114427276713,2.2964338946342466,-0.030501841795087855
931,635100_321200,63.85,32.2,Boreal,2.400310623679517,-12.651323380235622,16.773608941920674,728.6767922063143,-8.667208117743725,0.23719491266999745,0.19315743812632563,0.27595156049409453,2.457418744299147,-0.035000042743112116
932,634800_340900,63.8,34.15,Boreal,2.8078271969091064,-12.118349750751099,17.177893127227435,690.8262010167257,-320.7049186420899,0.5893920839108945,0.5265468395623388,0.6388583461784577,1.9539598973592123,-0.025005580918830934
933,634700_344800,63.78333333333333,34.8,Boreal,2.6943288536117365,-11.643020372557084,17.426113583134935,799.3607974874678,-2.8618997557092394,0.1147217551875125,0.0954656431012354,0.1304604954206484,2.7177720080481635,-0.02173070885940712
934,633300_325000,63.55,32.833333333333336,Boreal,2.613923204031279,-12.27222488416093,16.65926321915048,700.2326769625154,-8.413557172851704,0.23410528994884172,0.18455736732791236,0.2741321789692693,2.2314932197994657,-0.03302657787767876
935,633200_332800,63.53333333333333,33.46666666666667,Boreal,2.7712523908551825,-11.716523527094,16.750611848678023,757.3500055054883,-261.57343153515706,0.14382563518918162,0.1095246016855317,0.16998930892968417,2.514690700107151,-0.03379410120724929
936,631300_344300,63.21666666666667,34.71666666666667,Boreal,2.862017394785549,-12.222998309752798,17.236311804791118,708.4329043441428,-57.08645644259849,0.23031729624205383,0.16976894674744938,0.2763636712193869,2.6802013201183743,-0.03406251955573685
937,631100_352100,63.18333333333333,35.35,Boreal,2.7077971366235363,-12.564351942686912,17.21641241664119,732.9766315874236,-9.031847793461067,0.23135305423941274,0.17274476522187768,0.27799464865248696,2.7718797943327163,-0.03524296927870404
938,631000_355900,63.166666666666664,35.983333333333334,Boreal,2.3442376720737172,-13.302211827488463,17.045163198146124,749.7883474036278,-10.881048162346348,0.23591838514384775,0.1883626097327757,0.27858773135543247,2.817534504996406,-0.03463008166097646
939,625900_320800,62.983333333333334,32.13333333333333,Boreal,2.6876564417363054,-12.363270477320713,17.0014249490653,741.72369953524,-7.413875476657322,0.2349490826331493,0.18198585585900082,0.2789351826882984,2.8273570018344456,-0.03141101224995807
940,624200_320700,62.7,32.11666666666667,Boreal,2.851355004067875,-12.356738360059987,17.190519642551003,756.6764386851752,-6.462575836764509,0.3269672637099597,0.27692851188885875,0.3711970751723864,3.124698312547472,-0.04042821779831816
941,624100_324400,62.68333333333333,32.733333333333334,Boreal,2.8301705172472262,-12.346973854876438,17.157421337049495,743.404732085535,-446.99460325318313,0.23606086496403636,0.18469003056409755,0.27820200463509576,3.291630409028795,-0.04068094147248268
942,624000_332200,62.666666666666664,33.36666666666667,Boreal,2.9463961878544866,-12.388085788769958,17.323148559509715,737.0063506818418,-566.3784284380348,0.29071108873110263,0.2339686629184848,0.33446979706279056,3.251631678475274,-0.044173148246742476
943,623800_343700,62.63333333333333,34.61666666666667,Boreal,3.3620189839218035,-11.856054939096264,17.92976002636126,739.6782291255121,-387.9297240682223,0.30747381944765007,0.24113061964396632,0.34975022359481983,3.3161113505893285,-0.03683118156850397
944,622500_312800,62.416666666666664,31.466666666666665,Boreal,3.1073898700145164,-12.006461989630559,17.32543816762172,776.594449904963,-62.343832510714044,0.6530555111173513,0.5966680926202392,0.7029354324673052,3.4196198834313285,-0.049269584502229576
945,622400_324300,62.4,32.71666666666667,Boreal,3.0948335019983078,-12.209193319665703,17.39927802923392,727.8478299137307,-72.8191717477678,0.3260798073554791,0.26804044667015553,0.371528175854294,3.4022275257110595,-0.047123205678997665
946,622300_332000,62.38333333333333,33.333333333333336,Boreal,3.2213876621402417,-12.081985386619236,17.495542582060775,708.5162112751327,-511.30342924303466,0.6114148314276151,0.5440606163730037,0.663462731419513,3.1807937134636775,-0.043741454960023705
947,622200_335800,62.36666666666667,33.96666666666667,Boreal,3.593244150203793,-11.816929576946979,17.89915335321694,711.8017292436601,-8.204134083928817,0.3431919403348364,0.2635001681835716,0.3877272116856223,2.9526703368292915,-0.03587560385988515
948,622000_351100,62.333333333333336,35.18333333333333,Boreal,3.6682175923028217,-11.405338848106314,18.220573927293586,751.3935040075694,-17.173976437037684,0.3525577356526593,0.28119528857759324,0.39693522941512505,3.33565437051985,-0.04176988923512728
949,620800_305100,62.13333333333333,30.85,Boreal,3.4804585035491304,-11.566453183634998,17.468134626131757,833.2000952284145,-375.366657498572,0.5505896356838287,0.48135624155325446,0.6015729163020547,4.7959856605529785,-0.06702102302889876
950,620800_312700,62.13333333333333,31.45,Boreal,3.183148961955901,-11.905146830674276,17.352543087182966,805.200352865881,-553.5030320790327,0.65262940324389,0.5914771325466517,0.7041747374888109,4.015584699842665,-0.05964957336646278
951,620700_320400,62.11666666666667,32.06666666666667,Boreal,3.4651355257309104,-11.697735272292531,17.568304981032032,816.8284055669786,-516.4300367133518,0.6461162391097519,0.5716545694995204,0.7007344118848827,3.846780511008369,-0.05321415571482489
952,620700_324100,62.11666666666667,32.68333333333333,Boreal,3.565777270536599,-11.585039414191282,17.725143136704467,739.74472445255,-460.4788560989027,0.6413410748513508,0.5662008841934878,0.6951339423259281,3.8275276364220514,-0.05287178360394783
953,620600_331800,62.1,33.3,Boreal,3.4964184189181156,-11.589046228387295,17.746490365278174,735.6568359300093,-8.760882582087829,0.6139707973912594,0.5455139662797831,0.6618971565902464,3.4907188585069444,-0.04466363822220592
954,620300_350900,62.05,35.15,Boreal,3.735474830593006,-10.278885327706757,18.19249255721398,821.7088365670777,-1.9454305465858603,0.0407731801525266,0.03217375966409462,0.046099311800798556,3.4423408116234673,-0.041485559622938845
955,615000_312700,61.833333333333336,31.45,Boreal,4.331376206557878,-10.229658753298617,17.994845504015792,812.1290668634414,-595.5535853885235,0.6355296571213194,0.5326426595241922,0.6962476446196171,5.0564092254638675,-0.06569161044062799
956,614900_324000,61.81666666666667,32.666666666666664,Boreal,3.798910443578592,-11.395203965139938,17.91750388882052,777.7987008926101,-136.18261431528387,0.5740847469324961,0.490717732438344,0.6259740332232407,4.0726922586229115,-0.050382362342102346
957,613300_312600,61.55,31.433333333333334,Boreal,4.412864930563864,-8.72080700748648,17.169711145297764,864.7240899239602,-202.38748708336578,0.21370032786274343,0.17662804482449698,0.23492591921095823,5.360291138754951,-0.05809521928045197
958,613200_323800,61.53333333333333,32.63333333333333,Boreal,4.047122481809214,-11.214661631366736,18.24841960242048,839.661855739782,-413.13238871261603,0.38134503856200325,0.3023006345135515,0.42582534323579835,3.8689962318208484,-0.04329346564285941
959,613100_331400,61.516666666666666,33.233333333333334,Boreal,3.7756776553832347,-11.458336541757758,17.903328520950605,812.0122965306689,-5.081992514214256,0.35132168218106,0.27995263910475504,0.39208837622307113,4.077597444322374,-0.04849960972773159
960,605600_334700,60.93333333333333,33.78333333333333,Boreal,4.082577736837783,-11.26442693709534,18.19599431079705,841.3024413607972,-609.1135132031852,0.35370475859110445,0.2838968620427647,0.3937832698371904,5.2400871955023876,-0.07392322056064596
961,424600_234500,42.766666666666666,23.75,Continental,9.56628737132313,-2.489066128633369,20.263779801598965,796.0992024952864,-949.3959927564429,0.32940666935124147,0.24417927283630017,0.3794326007755682,8.333573036193847,-0.1328260660712867
962,430300_274600,43.05,27.766666666666666,Other,12.849936140476906,1.6214875172760248,23.853851650517285,629.6159500583938,-1088.0952220683478,0.29902889403048977,0.18963461605619827,0.37550324206570246,9.742318098280165,-0.09645430306040474
963,420400_234800,42.06666666666667,23.8,Alpine,6.591244666138727,-4.4200475347429125,16.583672480746742,1127.409972127765,-892.2324219289258,0.3570327663711195,0.2942156092203277,0.39431763883896714,5.721365331013997,-0.09715190387486004
964,425400_274500,42.9,27.75,Other,12.849936140476906,1.6214875172760248,23.853851650517285,629.6159500583938,-1088.0952220683478,0.29902889403048977,0.18963461605619827,0.37550324206570246,9.477678765190973,-0.0963306867129097
965,414100_244400,41.68333333333333,24.733333333333334,Alpine,8.2589884807826,-2.704929034605025,18.35242841797913,1136.9069302993873,-964.8987342231803,0.34838181655845507,0.2734807541708586,0.3908639354297093,5.782838272518582,-0.09429806574456677
966,561300_210700,56.21666666666667,21.116666666666667,Boreal,8.100882061793223,-2.6382610336966046,18.721863420992843,781.9882420888563,-506.6428753287148,0.24964723399477945,0.16422607607255277,0.29513979260518075,11.757618298000759,-0.20130583913703273
967,571000_254200,57.166666666666664,25.7,Boreal,6.063139259784513,-7.002691814378467,18.13127921092534,820.8970054906885,-635.5086658313666,0.35269216401593656,0.27405414177151327,0.39259264516285625,6.345718214246962,-0.07182359095082541
968,564400_234100,56.733333333333334,23.683333333333334,Boreal,7.491195336987316,-5.042652587670967,19.14604699444954,693.5218426306208,-706.0999887092132,0.33874041367712887,0.24532567643190598,0.3867487738680437,8.186641896565755,-0.09232880158321344
969,350000_330300,35,33.05,Mediterranean,17.71874850816615,7.3805253331224225,28.811964346359364,567.8898129795525,-1919.4616361347114,0.21707967916413926,0.0943010308261532,0.3549783442387673,5.596102002461752,-0.07630038888339209
970,345700_324900,34.95,32.81666666666667,Mediterranean,17.81122791228823,8.510884655595405,27.746353794465616,545.700717068104,-1771.6603030517501,0.21584374956110786,0.10189627980203225,0.35863903202493025,5.187010561625163,-0.05745893440994896
971,345500_325500,34.916666666666664,32.916666666666664,Mediterranean,17.71874850816615,7.3805253331224225,28.811964346359364,567.8898129795525,-1919.4616361347114,0.21707967916413926,0.0943010308261532,0.3549783442387673,5.25025233162774,-0.06413535327734574
972,350100_323700,35.016666666666666,32.61666666666667,Mediterranean,18.537544356191752,10.772983799550088,26.76498735281069,588.6807491558704,-867.1127556375653,0.10807060146877105,0.05101008117387169,0.18055517390014109,6.5327033954196505,-0.06102751764350965
973,450900_194800,45.15,19.8,Pannonian,12.503049287938778,-0.23363378476953708,23.808227841814816,708.1803147889489,-1058.9473029674614,0.2411956816092383,0.14783269045824168,0.312788833891956,11.425202941894531,-0.09742258802165041
974,431700_204800,43.28333333333333,20.8,Continental,9.70091969537985,-1.8433629703400665,20.286170822106076,861.9554808351179,-940.6566014547642,0.3232683934377518,0.22462835355850044,0.38033262978968724,6.786860762702094,-0.08923352212975234
975,452700_191000,45.45,19.166666666666668,Pannonian,12.39231474855112,-0.22474471798174941,23.573138961843814,693.1336895427993,-1046.5777156780944,0.2679632765523746,0.17686921692613333,0.33736646352235206,11.254824129740397,-0.08971174895579882
976,440700_215800,44.11666666666667,21.966666666666665,Continental,10.266688593998108,-2.4216237014517734,21.523805018768066,848.3931668040464,-967.0847919059132,0.38688784730261594,0.2942683772302389,0.4416865894825543,12.167395214504666,-0.18936818897417526
977,434500_192900,43.75,19.483333333333334,Continental,9.499406122600357,-2.826143581711236,20.229334667796277,847.9224578740047,-891.5015212769196,0.33512224377688615,0.23695005547846706,0.3937189820504676,7.725070860120986,-0.08649178677176649
