Year,total_N,dummy_ID,Lat_dec,Lon_dec
2000,17.906987915039064,1,47.86666666666667,6.2
2000,14.725038604736328,2,46.96666666666667,5.233333333333333
2000,19.18104248046875,3,46.166666666666664,5.233333333333333
2000,16.25326171875,4,47.06666666666667,5.066666666666666
2000,15.399146728515625,5,48.166666666666664,-1.5333333333333332
2000,14.087239074707032,6,45.93333333333333,4.466666666666667
2000,14.853697052001953,7,47.083333333333336,4.083333333333333
2000,14.031911926269531,8,46.56666666666667,5.866666666666667
2000,12.73075065612793,9,46.516666666666666,6.05
2000,5.492169532775879,10,45.583333333333336,6.783333333333333
2000,15.891580810546875,11,46.21666666666667,6.333333333333333
2000,7.310693588256836,12,44.11666666666667,5.8
2000,15.54349853515625,13,47.8,4.85
2000,16.497308197021486,14,47.18333333333333,6.266666666666667
2000,13.205519256591797,15,44.916666666666664,5.283333333333333
2000,15.484453735351563,16,47.78333333333333,5.066666666666666
2000,21.318743896484374,17,48.63333333333333,6.066666666666666
2000,4.6584303665161135,18,44.7,6.55
2000,5.038717460632324,19,44.016666666666666,6.666666666666667
2000,15.399146728515625,20,48.2,-1.55
2000,14.3080908203125,21,47.93333333333333,3.716666666666667
2000,4.865213241577148,22,44.483333333333334,6.45
2000,13.8101953125,23,46.96666666666667,6.45
2000,11.327555084228516,24,44.93333333333333,5.316666666666666
2000,12.639849243164063,25,45.416666666666664,6.116666666666666
2000,18.096241760253907,26,46.833333333333336,5.783333333333333
2000,20.767536010742187,27,48.333333333333336,4.3
2000,14.40022705078125,28,46.81666666666667,2.5666666666666664
2000,23.78460525512695,29,43.733333333333334,-0.8333333333333334
2000,14.259569702148438,30,47.45,-0.01666666666666666
2000,18.223616638183593,31,49.016666666666666,5.766666666666667
2000,23.100712280273438,32,50.166666666666664,3.75
2000,11.814649810791016,33,43.2,-0.03333333333333333
2000,13.794979248046875,34,46.666666666666664,2.716666666666667
2000,20.097899780273437,35,48.28333333333333,4.45
2000,14.712411499023437,36,47.25,2.1166666666666667
2000,20.10689178466797,37,49.35,1.5
2000,15.597109680175782,38,47.56666666666667,1.25
2000,23.59837646484375,39,49.03333333333333,4.95
2000,23.241832885742188,40,48.86666666666667,6.483333333333333
2000,20.511670837402345,41,49,7.45
2000,14.459047393798828,42,46.96666666666667,3.65
2000,19.31689727783203,43,49.38333333333333,2.3
2000,15.640293273925781,44,48.516666666666666,0.6666666666666666
2000,20.659585571289064,45,47.68333333333333,7.466666666666667
2000,15.361992797851563,46,47.78333333333333,0.36666666666666664
2000,11.040154266357423,47,44.03333333333333,1.7333333333333334
2000,14.911719055175782,48,46.61666666666667,0.48333333333333334
2000,18.445852966308593,49,48.016666666666666,6.033333333333333
2000,19.303025512695314,50,48.983333333333334,7.716666666666667
2000,19.694974365234376,51,48.45,2.716666666666667
2000,12.631186981201171,52,46.15,1.8166666666666669
2000,9.64976448059082,53,43.43333333333333,2.7
2000,14.784930114746095,54,48.56666666666667,-0.06666666666666667
2000,10.944877471923828,55,43.1,-0.1
2000,21.32307403564453,56,49.93333333333333,4.8
2000,10.192167205810547,57,43.63333333333333,2.9166666666666665
2000,10.773941955566407,58,45.75,2.95
2000,12.449662780761718,59,47,4.116666666666666
2000,9.925956192016601,60,43.43333333333333,2.4333333333333336
2000,11.243070831298828,61,45.8,1.8
2000,16.160985107421876,62,48.233333333333334,7.1
2000,20.023850402832032,63,49.2,3.1166666666666667
2000,11.06631851196289,64,42.916666666666664,1.2666666666666666
2000,15.767981109619141,65,49.166666666666664,-0.85
2000,11.544113159179688,66,47.833333333333336,-3.533333333333333
2000,10.304431533813476,67,44.1,3.533333333333333
2000,21.402931518554688,68,48.5,6.7
2000,24.163018798828126,69,49.166666666666664,5
2000,23.37380859375,70,49.31666666666667,2.8666666666666667
2000,13.507094116210938,71,43.15,-0.65
2000,11.038885345458985,72,43.016666666666666,0.43333333333333335
2000,24.61758544921875,73,49.7,1.3166666666666669
2000,11.56011978149414,74,43.4,2.1666666666666665
2000,19.06355224609375,75,48.1,6.233333333333333
2000,7.4972278594970705,76,42.25,8.833333333333334
2000,14.649194030761718,77,47.65,2.0833333333333335
2000,7.748880386352539,78,41.75,9.2
2000,12.11602798461914,79,43.93333333333333,-1.3333333333333333
2000,14.357201690673827,80,44.1,0.1
2000,15.365234375,81,44.03333333333333,-0
2000,15.361992797851563,82,47.733333333333334,0.3333333333333333
2000,7.9662017822265625,83,44.85,3.05
2000,12.642489471435546,84,47.53333333333333,-1.8
2000,16.762635803222658,85,47.81666666666667,2.4333333333333336
2000,16.15139862060547,86,48.6,-0.5
2000,8.331830444335937,87,45.4,3.6833333333333336
2000,20.27197723388672,88,48.85,7.7
2000,20.511670837402345,89,48.916666666666664,7.433333333333334
2000,24.17542694091797,90,49.45,0.7333333333333333
2000,18.791300048828123,91,48.68333333333333,1.7166666666666668
2000,18.69881652832031,92,48.21666666666667,6.683333333333334
2000,8.434689712524413,93,44.7,3.95
2000,9.19573387145996,94,42.85,1.3333333333333333
2000,8.229791870117188,95,42.86666666666667,2.1
2000,18.570457611083985,96,48.6,7.133333333333334
2000,9.431381072998047,97,45.43333333333333,3.5166666666666666
2000,14.264774780273438,98,47.93333333333333,7.116666666666666
2000,9.562248229980469,99,45.96666666666667,-1.2666666666666666
2000,7.753849487304688,100,46.86666666666667,-2.1333333333333333
2000,12.38783676147461,101,46.18333333333333,2.9833333333333334
2000,40.20829650878906,102,51.06666666666667,3.033333333333333
2000,24.347867736816408,103,50.78333333333333,4.7
2000,25.345251159667967,104,50.7,4.3
2000,42.27965209960937,105,51.4,5.05
2000,36.90876525878906,106,51.3,4.516666666666667
2000,30.201367797851564,107,50.96666666666667,3.8
2000,27.009502563476563,108,50.983333333333334,4.2
2000,37.6985693359375,109,50.96666666666667,2.95
2000,31.357640380859376,110,51.166666666666664,5.316666666666666
2000,32.10767150878906,111,50.93333333333333,5.6
2000,26.18369201660156,112,50.733333333333334,4.4
2000,21.547531127929688,113,49.95,4.816666666666666
2000,24.08811248779297,114,50.21666666666667,5.616666666666667
2000,22.77352569580078,115,49.766666666666666,5.45
2000,23.09498046875,116,50.233333333333334,5.983333333333333
2000,25.14875213623047,117,50.583333333333336,6.1
2000,22.125851440429688,118,50.05,5.216666666666667
2000,24.03431884765625,119,49.516666666666666,5.566666666666666
2000,23.440206298828127,120,50.1,4.266666666666667
2000,23.508966979980467,121,50.666666666666664,4.6
2000,31.019776611328126,122,52.96666666666667,6.733333333333333
2000,32.143372802734376,123,52.86666666666667,6.333333333333333
2000,32.143372802734376,124,52.86666666666667,6.35
2000,30.838033447265627,125,52.9,6.716666666666667
2000,37.514970703125,126,52.53333333333333,6.55
2000,52.80860900878906,127,52.166666666666664,5.75
2000,41.3290380859375,128,51.31666666666667,5.516666666666667
2000,38.33975463867188,129,51.55,4.766666666666667
2000,46.48160888671875,130,52.233333333333334,5.633333333333333
2000,39.93568725585938,131,52.1,5.216666666666667
2000,41.44322082519531,132,52.15,5.883333333333333
2000,31.87144226074219,133,52.833333333333336,6.433333333333334
2000,43.66655517578125,134,52.266666666666666,5.733333333333333
2000,21.628955078125,135,52.46666666666667,13.216666666666669
2000,18.865216369628907,136,52.416666666666664,13.6
2000,18.370415954589845,137,53.1,12.416666666666666
2000,19.637927856445312,138,53.13333333333333,12.95
2000,17.918794860839842,139,52.96666666666667,13.633333333333333
2000,18.882552795410156,140,52.18333333333333,12.55
2000,20.426506652832032,141,51.78333333333333,13.55
2000,19.594931335449218,142,52.13333333333333,14
2000,19.637927856445312,143,53.13333333333333,12.966666666666669
2000,20.426506652832032,144,51.78333333333333,13.566666666666666
2000,17.574347076416014,145,52.15,14.016666666666667
2000,19.637927856445312,146,53.15,12.983333333333333
2000,18.858601684570313,147,52.15,14.483333333333333
2000,21.421365203857423,148,48.8,8.383333333333333
2000,27.45878631591797,149,49.45,8.75
2000,17.86447814941406,150,47.983333333333334,8.983333333333333
2000,17.241781311035155,151,48.28333333333333,8.65
2000,21.892330627441407,152,47.78333333333333,7.7
2000,20.498705444335936,153,48.016666666666666,7.966666666666667
2000,26.007225646972657,154,48,9.95
2000,15.172117919921876,155,48.6,8.633333333333333
2000,24.53566955566406,156,48.86666666666667,9.566666666666666
2000,22.14939697265625,157,49.516666666666666,9.166666666666666
2000,24.52959930419922,158,48.75,9.416666666666666
2000,15.172117919921876,159,48.583333333333336,8.633333333333333
2000,27.45878631591797,160,49.46666666666667,8.733333333333333
2000,20.498705444335936,161,48.016666666666666,7.95
2000,26.007225646972657,162,48,9.966666666666669
2000,15.172117919921876,163,48.583333333333336,8.616666666666667
2000,24.60026306152344,164,49.4,11.316666666666666
2000,27.60491455078125,165,48.11666666666667,11.916666666666666
2000,21.17212829589844,166,49.75,12.383333333333333
2000,23.9019677734375,167,48.96666666666667,12.866666666666667
2000,21.682891235351562,168,48.916666666666664,11.75
2000,25.149400634765627,169,48.4,11.65
2000,27.615211791992188,170,48.21666666666667,12.733333333333333
2000,18.703216857910157,171,50.35,9.916666666666666
2000,12.643625984191894,172,47.56666666666667,12.933333333333334
2000,21.627730712890624,173,49.11666666666667,10.583333333333334
2000,22.323698120117186,174,49.85,10.516666666666667
2000,21.92399444580078,175,49.96666666666667,11.8
2000,21.90166229248047,176,48.7,12.733333333333333
2000,24.157628479003908,177,49.68333333333333,11.5
2000,24.054449157714842,178,49.96666666666667,9.45
2000,26.685857543945314,179,47.86666666666667,10.783333333333331
2000,20.19234573364258,180,47.56666666666667,10.383333333333333
2000,23.42010040283203,181,48.4,10.533333333333331
2000,25.407864990234376,182,49.266666666666666,12.383333333333333
2000,19.57436309814453,183,50.45,11.35
2000,21.23598114013672,184,49.71666666666667,9.883333333333333
2000,24.35309280395508,185,47.71666666666667,11.666666666666666
2000,23.522582092285155,186,48.28333333333333,11.066666666666666
2000,23.49645721435547,187,52.833333333333336,10.25
2000,28.08568115234375,188,51.85,10.4
2000,26.051936645507812,189,51.85,10.416666666666666
2000,25.09683868408203,190,51.75,9.566666666666666
2000,23.16437744140625,191,51.516666666666666,10.033333333333331
2000,24.167476501464844,192,53.166666666666664,9.9
2000,33.09946014404297,193,52.9,7.85
2000,23.522891845703125,194,50.63333333333333,9.666666666666666
2000,21.874931640625,195,50.416666666666664,9.666666666666666
2000,22.770440673828126,196,50.7,8.883333333333333
2000,24.953085021972655,197,50.15,9.383333333333333
2000,20.1562353515625,198,50.56666666666667,8.2
2000,21.336173400878906,199,50.916666666666664,9.333333333333334
2000,24.6626123046875,200,54.083333333333336,10.233333333333333
2000,25.069336547851563,201,49.63333333333333,8.833333333333334
2000,19.357195739746093,202,52.56666666666667,11.166666666666666
2000,21.030548095703125,203,52.05,12.3
2000,21.862894592285155,204,51.36666666666667,9.266666666666667
2000,23.884007263183594,205,51.28333333333333,9.75
2000,20.977305603027343,206,50.68333333333333,8.633333333333333
2000,19.7261083984375,207,51.15,9.016666666666667
2000,26.763201904296874,208,49.7,8.516666666666667
2000,26.763201904296874,209,49.7,8.533333333333333
2000,19.357195739746093,210,52.56666666666667,11.183333333333334
2000,17.412706909179686,211,53.666666666666664,12.05
2000,19.859171752929687,212,53.63333333333333,13.933333333333334
2000,44.534711303710935,213,51.75,6.05
2000,38.112000732421876,214,51.71666666666667,6.166666666666667
2000,36.47688781738281,215,51.68333333333333,7.25
2000,29.565079345703126,216,51.833333333333336,8.95
2000,19.98159240722656,217,51.21666666666667,8.666666666666666
2000,23.957300720214842,218,51.016666666666666,8.183333333333334
2000,25.00938903808594,219,50.666666666666664,6.25
2000,29.62490295410156,220,51.7,8.983333333333333
2000,21.0224462890625,221,49.68333333333333,7.016666666666667
2000,21.870723571777344,222,50.416666666666664,7.083333333333333
2000,18.822217102050782,223,49.63333333333333,7.916666666666667
2000,23.969458923339843,224,50.4,7.716666666666667
2000,19.863374328613283,225,49.266666666666666,7.8
2000,21.0751953125,226,49.016666666666666,8.116666666666667
2000,19.977469787597656,227,49.3,7.866666666666667
2000,22.447023620605467,228,49.31666666666667,7.016666666666667
2000,22.56040832519531,229,50.416666666666664,12.533333333333331
2000,19.64454162597656,230,50.63333333333333,13.3
2000,19.86938507080078,231,50.81666666666667,14.083333333333334
2000,17.047328338623046,232,51.11666666666667,14.55
2000,23.21497528076172,233,51.233333333333334,13.816666666666666
2000,19.9556005859375,234,51.18333333333333,12.816666666666666
2000,20.308761291503906,235,50.6,10.783333333333331
2000,20.431605224609374,236,51.333333333333336,10.85
2000,20.153521728515624,237,50.78333333333333,11.65
2000,20.403810119628908,238,50.93333333333333,11.016666666666667
2000,19.01395782470703,239,50.483333333333334,11.483333333333333
2000,8.653261947631837,240,41.833333333333336,13.583333333333334
2000,7.716617889404297,241,40.6,15.866666666666667
2000,9.691694946289063,242,38.416666666666664,16.166666666666668
2000,6.604188232421875,243,40.416666666666664,15.433333333333334
2000,25.5208203125,244,44.71666666666667,10.2
2000,16.867645874023438,245,44.1,11.116666666666667
2000,32.70509887695312,246,45.81666666666667,13.166666666666666
2000,13.802394485473632,247,46.483333333333334,13.583333333333334
2000,10.25945297241211,248,42.81666666666667,11.9
2000,9.969525451660155,249,46.233333333333334,9.55
2000,12.418925323486327,250,43.28333333333333,13.066666666666666
2000,35.58463684082031,251,45.666666666666664,8.066666666666666
2000,12.348083801269532,252,41.81666666666667,15.983333333333333
2000,7.515521011352539,253,39.333333333333336,8.566666666666666
2000,16.891112518310546,254,43.5,10.433333333333334
2000,12.865482330322266,255,46.35,11.483333333333333
2000,13.305505676269531,256,43.45,12.45
2000,5.583841438293457,257,45.71666666666667,6.916666666666667
2000,40.47208740234375,258,46.05,12.016666666666667
2000,5.963980178833008,259,37.9,13.4
2000,9.586062927246093,260,41.9,14.35
2000,24.41904312133789,261,45.95,10.116666666666667
2000,32.556438293457035,262,45.88333333333333,9.383333333333333
2000,10.740411071777343,263,42.86666666666667,10.766666666666667
2000,12.589228515625,264,43.733333333333334,11.566666666666666
2000,17.739306335449218,265,46.583333333333336,11.433333333333334
2000,20.86807777404785,266,44.4,9.45
2000,40.92481201171875,267,45.516666666666666,8.7
2000,7.922223911285401,268,46.31666666666667,8.266666666666667
2000,44.52060913085938,269,45.2,10.733333333333333
2000,14.380796127319336,270,46.266666666666666,8.233333333333333
2000,12.260935974121093,271,41.233333333333334,13.066666666666666
2000,12.260935974121093,272,41.233333333333334,13.083333333333334
2000,18.473889770507814,273,51.1,-0.85
2000,18.551465454101564,274,51.583333333333336,-1.9166666666666663
2000,18.70978759765625,275,54.3,-3.0166666666666666
2000,21.226825561523437,276,52.43333333333333,0.8666666666666667
2000,18.974677429199218,277,53.4,-1.75
2000,4.993633594512939,278,56.65,-4.283333333333333
2000,11.882512969970703,279,55.083333333333336,-2.466666666666667
2000,5.791603126525879,280,56.71666666666667,-4.05
2000,7.354481773376465,281,56.233333333333334,-5.266666666666667
2000,11.988658447265625,282,52.11666666666667,-3.7333333333333334
2000,18.193934936523437,283,51.2,1.1166666666666667
2000,15.478916931152344,284,51.11666666666667,-1.2333333333333334
2000,18.473889770507814,285,51.016666666666666,-0.8666666666666667
2000,15.478916931152344,286,51.13333333333333,-1.2333333333333334
2000,9.412823181152344,287,53.1,-6.233333333333333
2000,11.339110870361328,288,52.96666666666667,-6.183333333333334
2000,11.541119079589844,289,52.53333333333333,-7.033333333333333
2000,11.473317718505859,290,52.3,-8.616666666666667
2000,11.396779174804687,291,52.583333333333336,-7.666666666666667
2000,11.538616485595703,292,53.483333333333334,-6.85
2000,7.923015670776367,293,54.18333333333333,-8.616666666666667
2000,10.673666534423829,294,53.96666666666667,-7.65
2000,9.539556121826172,295,54.13333333333333,-7.666666666666667
2000,5.908889389038086,296,53.35,-9.333333333333334
2000,5.713327026367187,297,53.75,-9.55
2000,20.098026428222656,298,56.28333333333333,8.416666666666666
2000,22.279573822021483,299,55.13333333333333,8.883333333333333
2000,17.450114135742187,300,55.95,12.35
2000,20.134413757324218,301,56.083333333333336,9.35
2000,17.07463836669922,302,55.36666666666667,11.55
2000,19.189217224121094,303,55.7,12.35
2000,17.48514404296875,304,56.38333333333333,9.333333333333334
2000,19.06246551513672,305,55,9.916666666666666
2000,20.134413757324218,306,56.06666666666667,9.333333333333334
2000,6.473082962036133,307,38.833333333333336,21.3
2000,8.718759307861328,308,39.78333333333333,22.783333333333335
2000,8.718759307861328,309,39.78333333333333,22.766666666666666
2000,6.047345581054688,310,38.86666666666667,21.866666666666667
2000,6.047345581054688,311,38.86666666666667,21.85
2000,7.505981521606445,312,40.06666666666667,-8.25
2000,6.223018798828125,313,38.95,-8.066666666666666
2000,5.238813323974609,314,38.083333333333336,-7.033333333333333
2000,7.922587356567383,315,38.31666666666667,-8.533333333333333
2000,5.435959548950195,316,41.5,-7.633333333333333
2000,4.974728698730469,317,40.4,-7.533333333333333
2000,13.194466857910156,318,39.78333333333333,-8.95
2000,10.575096588134766,319,38.65,-8.616666666666667
2000,7.1997775459289555,320,43.1,-4.633333333333333
2000,8.589931793212891,321,42.25,-2.7
2000,22.086098022460938,322,41.81666666666667,2.6166666666666667
2000,6.166196975708008,323,40.86666666666667,-3.966666666666667
2000,12.033491821289063,324,40.53333333333333,0.01666666666666666
2000,6.964281234741211,325,39.93333333333333,-5.783333333333333
2000,8.200594711303712,326,37.15,-6.716666666666667
2000,7.051534347534179,327,40.18333333333333,-6.433333333333334
2000,3.449650650024414,328,38.46666666666667,-6.75
2000,11.873322563171387,329,43.15,-5.466666666666667
2000,6.029710922241211,330,40.43333333333333,-4.116666666666666
2000,11.240379638671875,331,42.983333333333334,-1.3333333333333333
2000,5.737526321411133,332,37.81666666666667,-5.683333333333334
2000,9.042767601013184,333,36.36666666666667,-5.566666666666666
2000,19.283651428222655,334,41.766666666666666,2.4
2000,10.36920036315918,335,40.9,0.38333333333333336
2000,16.106443023681642,336,43.016666666666666,-8.95
2000,4.537301864624023,337,40.46666666666667,-1.6666666666666663
2000,6.025391235351562,338,40.31666666666667,-0.7166666666666667
2000,11.805113525390626,339,42.516666666666666,-1.0666666666666669
2000,5.24531509399414,340,42.63333333333333,-0.2833333333333333
2000,7.650515365600586,341,38.516666666666666,-0.6333333333333333
2000,6.889843826293945,342,38.166666666666664,-4.066666666666666
2000,5.179257125854492,343,37.9,-2.8833333333333333
2000,4.646872291564941,344,37,-3
2000,8.081017150878907,345,41.6,-3.033333333333333
2000,7.1580502319335935,346,41.86666666666667,-2.8666666666666667
2000,5.348149070739746,347,41.983333333333334,-2.5
2000,10.295532836914063,348,43,-3.6833333333333336
2000,6.723748550415039,349,42.86666666666667,-4.55
2000,8.523795166015624,350,42.78333333333333,-5.366666666666666
2000,5.182210693359375,351,41.78333333333333,-6.366666666666666
2000,9.835031890869141,352,41.333333333333336,-4.533333333333333
2000,8.891304626464844,353,41.35,-4.283333333333333
2000,4.702306747436523,354,40.333333333333336,-5.933333333333334
2000,5.306207199096679,355,40.21666666666667,-5.016666666666667
2000,6.807601203918457,356,39.81666666666667,2.9
2000,6.140526695251465,357,39.85,3.1666666666666665
2000,6.324498138427734,358,40.016666666666666,-1.9666666666666668
2000,6.059766464233398,359,39.833333333333336,-1.3
2000,4.269428100585937,360,39.38333333333333,-4.116666666666666
2000,14.899071044921875,361,43.13333333333333,-2.966666666666667
2000,5.0647753143310545,362,38.483333333333334,-2.466666666666667
2000,14.837450256347656,363,42.28333333333333,1.8833333333333333
2000,5.590620536804199,364,42.6,1.0666666666666669
2000,4.689008178710938,365,39.6,-4.683333333333334
2000,5.677295532226562,366,41.9,-8.116666666666667
2000,NA,367,28.133333333333333,-17.283333333333335
2000,NA,368,28.116666666666667,-17.216666666666665
2000,NA,369,28.183333333333337,-16.666666666666668
2000,12.239835510253906,370,42.733333333333334,-8.7
2000,5.539846649169922,371,38.06666666666667,-2.8166666666666664
2000,5.1726283264160156,372,37.53333333333333,-7.183333333333334
2000,7.650515365600586,373,38.516666666666666,-0.6166666666666667
2000,7.1580502319335935,374,41.86666666666667,-2.8833333333333333
2000,6.723748550415039,375,42.85,-4.55
2000,14.899071044921875,376,43.13333333333333,-2.9833333333333334
2000,5.0647753143310545,377,38.46666666666667,-2.45
2000,8.430592346191407,378,39.333333333333336,-0.31666666666666665
2000,6.004882965087891,379,37.45,-6.833333333333333
2000,21.87430358886719,380,49.983333333333334,6.033333333333333
2000,31.431503295898438,381,49.65,6.183333333333334
2000,16.527579803466796,382,56.166666666666664,13.15
2000,3.5829053688049317,383,63.03333333333333,17.416666666666668
2000,8.911439666748047,384,59.65,17.883333333333333
2000,6.475111923217773,385,60.18333333333333,17.716666666666665
2000,7.739757766723633,386,58.96666666666667,15.85
2000,8.494350051879882,387,58.21666666666667,15.916666666666666
2000,12.893247985839844,388,57.45,13.7
2000,12.214966278076172,389,56.46666666666667,15.116666666666667
2000,8.780626983642579,390,57.7,15.916666666666666
2000,15.054219055175782,391,56.3,14.85
2000,14.18239990234375,392,56.3,15.7
2000,14.109389953613281,393,56.36666666666667,13.816666666666666
2000,14.099563293457031,394,56.166666666666664,14.233333333333333
2000,14.839991455078126,395,56.25,13.533333333333331
2000,17.895878295898438,396,56.333333333333336,13.016666666666667
2000,15.945032043457031,397,55.983333333333334,13.383333333333333
2000,21.92353042602539,398,57.2,12.45
2000,19.780713653564455,399,57.03333333333333,12.8
2000,13.318865661621095,400,58.36666666666667,12.083333333333334
2000,12.213509063720704,401,57.55,13.5
2000,14.677360076904296,402,57.21666666666667,13.1
2000,15.193734893798828,403,57.516666666666666,12.466666666666669
2000,9.947229919433594,404,58.13333333333333,14.066666666666666
2000,9.11958854675293,405,58.85,13.683333333333334
2000,7.518800888061524,406,59.95,12.633333333333333
2000,8.297600517272949,407,59.666666666666664,11.95
2000,7.555032005310059,408,59.583333333333336,12.483333333333333
2000,7.058560600280762,409,59.8,15.483333333333333
2000,6.097859420776367,410,60.016666666666666,15.4
2000,4.251277103424072,411,61.2,15.2
2000,5.31560489654541,412,60.266666666666666,14.5
2000,3.998094539642334,413,62.18333333333333,16.716666666666665
2000,4.17063003540039,414,63.166666666666664,17.916666666666668
2000,2.7181617546081545,415,63.333333333333336,14.75
2000,4.303570117950439,416,63.75,19.4
2000,2.400350513458252,417,64.5,17.4
2000,2.221527032852173,418,65.45,19.4
2000,11.82896697998047,419,57.1,14.55
2000,10.463209915161134,420,57.13333333333333,14.766666666666667
2000,10.463209915161134,421,57.166666666666664,14.8
2000,14.672579956054687,422,58.05,12.016666666666667
2000,14.672579956054687,423,58.06666666666667,12.016666666666667
2000,6.940835990905762,424,59.75,14.9
2000,6.8201776885986325,425,59.9,15.233333333333333
2000,7.495186500549316,426,59.56666666666667,14.833333333333334
2000,2.8551869344711305,427,63.85,18.1
2000,3.1735662746429445,428,64.03333333333333,18.916666666666668
2000,3.3687521171569825,429,64.25,19.8
2000,13.089705047607422,430,56.333333333333336,14.966666666666669
2000,18.915733642578125,431,57.5,12.233333333333333
2000,14.4942236328125,432,58.43333333333333,11.733333333333333
2000,9.003427886962891,433,59.56666666666667,18.05
2000,7.902243041992188,434,59.083333333333336,17.633333333333333
2000,6.785541000366211,435,60.016666666666666,17.183333333333334
2000,8.811045379638673,436,58.95,16.983333333333334
2000,8.755688934326171,437,58.766666666666666,16.8
2000,8.438274307250976,438,59.03333333333333,16.25
2000,7.581042861938476,439,59.3,16.116666666666667
2000,8.626637420654298,440,58.15,15.416666666666666
2000,8.651900177001954,441,58.75,15.133333333333333
2000,8.816103973388671,442,57.86666666666667,14.75
2000,8.6422119140625,443,57.833333333333336,14.983333333333333
2000,8.818939590454102,444,57.5,15.333333333333334
2000,13.906235046386719,445,57.13333333333333,13.583333333333334
2000,11.223498077392579,446,56.88333333333333,15.1
2000,11.632562866210938,447,57.05,14.366666666666667
2000,11.805621261596679,448,56.833333333333336,13.733333333333333
2000,15.879728088378906,449,56.733333333333334,13.366666666666667
2000,8.05591651916504,450,58.05,16.1
2000,10.442135696411134,451,56.63333333333333,15.616666666666667
2000,11.843430328369141,452,56.85,16.316666666666666
2000,14.89598358154297,453,56.28333333333333,14.65
2000,12.712138214111327,454,56.4,15.3
2000,15.109839172363282,455,56.21666666666667,15.433333333333334
2000,13.624253845214843,456,56.38333333333333,14.533333333333331
2000,15.337680358886718,457,56.016666666666666,13.916666666666666
2000,15.899112854003906,458,56.1,13.516666666666667
2000,15.83403564453125,459,56.13333333333333,13.5
2000,15.643557739257812,460,55.916666666666664,13.583333333333334
2000,15.285695037841798,461,55.61666666666667,13.433333333333334
2000,23.289540100097657,462,57.06666666666667,12.55
2000,21.676107788085936,463,56.93333333333333,12.716666666666669
2000,18.58524169921875,464,56.766666666666666,13.133333333333333
2000,14.43481460571289,465,57,13.366666666666667
2000,19.205380249023438,466,56.68333333333333,13.15
2000,13.570086669921874,467,58.53333333333333,11.716666666666669
2000,14.002426452636719,468,57.4,13.1
2000,10.070900344848633,469,57.766666666666666,13.733333333333333
2000,11.70371810913086,470,58.71666666666667,11.966666666666669
2000,9.689927673339843,471,58.61666666666667,13.766666666666667
2000,8.897849044799806,472,59.65,13.8
2000,8.20343246459961,473,59.81666666666667,12.9
2000,5.7426792335510255,474,60.583333333333336,13.116666666666667
2000,7.495186500549316,475,59.583333333333336,14.866666666666667
2000,7.399226226806641,476,59.583333333333336,14.7
2000,6.51016414642334,477,59.86666666666667,14.416666666666666
2000,7.2637889862060545,478,59.083333333333336,15.5
2000,8.79124755859375,479,59.333333333333336,15.933333333333334
2000,4.797758522033692,480,61.11666666666667,14.35
2000,5.67267448425293,481,60.4,15.266666666666667
2000,4.4957049942016605,482,61.733333333333334,16.516666666666666
2000,5.250591583251953,483,60.65,16.283333333333335
2000,3.5928534412384034,484,62.266666666666666,16.333333333333332
2000,2.886182203292847,485,62,14.416666666666666
2000,3.1510376930236816,486,63.06666666666667,16.733333333333334
2000,2.552737789154053,487,64.48333333333333,18.466666666666665
2000,2.063982968330383,488,65.4,18.1
2000,3.3029136657714844,489,65.95,23.25
2000,2.4773045063018797,490,66.06666666666666,20.616666666666667
2000,4.4957049942016605,491,61.71666666666667,16.516666666666666
2000,20.617188415527345,492,48.11666666666667,16.033333333333335
2000,17.01472396850586,493,47.766666666666666,16.316666666666666
2000,13.259408111572265,494,47.483333333333334,16.55
2000,12.770061798095703,495,46.733333333333334,14.5
2000,12.44552146911621,496,46.766666666666666,13.166666666666666
2000,12.645361022949219,497,46.71666666666667,13.666666666666666
2000,17.31196105957031,498,48.35,15.2
2000,17.067952575683595,499,47.63333333333333,16.133333333333333
2000,15.291693725585937,500,48.916666666666664,15.183333333333334
2000,29.29071533203125,501,48.1,12.866666666666667
2000,27.651690826416015,502,47.86666666666667,13.35
2000,12.183219146728515,503,47.483333333333334,13.416666666666666
2000,15.9946240234375,504,46.61666666666667,15.5
2000,13.277735290527344,505,47.36666666666667,15.166666666666666
2000,11.279170532226562,506,47.63333333333333,15.65
2000,9.763789291381835,507,47.05,14.1
2000,12.9640869140625,508,47.31666666666667,12.4
2000,9.310581817626954,509,47.38333333333333,10.9
2000,19.232071533203126,510,47.36666666666667,11.883333333333333
2000,25.16032958984375,511,47.483333333333334,9.983333333333333
2000,1.1285746669769288,512,69.56666666666666,28.883333333333333
2000,1.714867660999298,513,67.95,24.05
2000,1.7330213046073915,514,67.98333333333333,24.216666666666665
2000,2.051966905593872,515,67.33333333333333,26.633333333333333
2000,2.628111047744751,516,66.31666666666666,26.633333333333333
2000,2.6442939376831056,517,66.35,26.716666666666665
2000,2.308708167076111,518,66.28333333333333,29.45
2000,2.3290716791152954,519,66.33333333333333,29.35
2000,4.008707046508789,520,64.96666666666667,26.383333333333333
2000,5.829027099609375,521,61.86666666666667,24.216666666666665
2000,5.829027099609375,522,61.85,24.3
2000,7.536938705444336,523,60.65,23.8
2000,7.197209167480469,524,60.61666666666667,23.833333333333332
2000,7.373277206420898,525,60.63333333333333,26.083333333333332
2000,7.551231155395508,526,60.65,26.116666666666667
2000,4.225702629089356,527,61.766666666666666,29.333333333333332
2000,4.225702629089356,528,61.8,29.316666666666663
2000,7.953277740478516,529,60.7,27.85
2000,6.00969554901123,530,61.233333333333334,25.05
2000,3.8412369155883788,531,63.15,30.7
2000,2.308708167076111,532,66.3,29.483333333333334
2000,0.9414250075817108,533,69.73333333333333,26.95
2000,4.818596382141113,534,63.55,22.483333333333334
2000,6.474957199096679,535,62.45,21.516666666666666
2000,5.507089080810547,536,62.05,24.366666666666667
2000,5.917617874145508,537,61.916666666666664,23.316666666666663
2000,10.89680076599121,538,60.03333333333333,23.033333333333335
2000,3.7378885078430177,539,64.11666666666666,26.683333333333337
2000,2.628111047744751,540,66.33333333333333,26.633333333333333
2000,5.343957977294922,541,61.81666666666667,29.3
2000,2.494860429763794,542,66.43333333333334,26.683333333333337
2000,6.545450439453125,543,60.983333333333334,27.266666666666666
2000,6.545450439453125,544,60.916666666666664,27.233333333333334
2000,23.705274047851564,545,46.583333333333336,6.65
2000,26.845701599121092,546,47.38333333333333,8.216666666666667
2000,24.452379302978514,547,47.03333333333333,8.7
2000,16.3503776550293,548,47.21666666666667,7.4
2000,15.391302490234375,549,46.21666666666667,6.283333333333333
2000,20.85446716308594,550,47.68333333333333,8.533333333333333
2000,37.07372421264648,551,46.016666666666666,8.833333333333334
2000,3.973555660247803,552,46.483333333333334,9.883333333333333
2000,12.489488220214843,553,46.43333333333333,8.8
2000,28.687104644775392,554,46.11666666666667,9
2000,11.067385406494141,555,46.266666666666666,7.433333333333334
2000,4.507451667785644,556,46.65,10.216666666666669
2000,8.66176872253418,557,46.28333333333333,7.85
2000,24.67209991455078,558,47.266666666666666,7.883333333333333
2000,16.39150619506836,559,46.7,7.75
2000,27.617899017333983,560,47.15,9.066666666666666
2000,6.1002126312255855,561,46.8,9.85
2000,28.792683715820313,562,47.46666666666667,8.35
2000,13.137548980712891,563,47.88333333333333,19.95
2000,13.137548980712891,564,47.85,19.966666666666665
2000,13.293834838867188,565,47.55,19.383333333333333
2000,10.947734680175781,566,46.96666666666667,19.55
2000,10.947734680175781,567,46.95,19.533333333333335
2000,11.485320739746093,568,47.333333333333336,21.083333333333332
2000,16.92908447265625,569,47.65,16.483333333333334
2000,15.907184143066406,570,47.65,16.516666666666666
2000,16.92908447265625,571,47.666666666666664,16.5
2000,15.940331115722657,572,46.81666666666667,16.4
2000,13.4174462890625,573,46.583333333333336,16.733333333333334
2000,10.947734680175781,574,46.95,19.55
2000,10.947734680175781,575,46.93333333333333,19.533333333333335
2000,10.229374542236329,576,43.9,26
2000,9.850643615722657,577,44.06666666666667,26.05
2000,9.083979034423828,578,44.3,25.6
2000,12.15845947265625,579,44.5,26.166666666666668
2000,11.124041748046874,580,44.9,26.1
2000,10.948304443359374,581,45.1,25.7
2000,7.120920524597168,582,45.5,25.583333333333332
2000,6.259319686889649,583,45.416666666666664,25.266666666666666
2000,10.38355682373047,584,46.68333333333333,22.616666666666667
2000,9.156875915527344,585,45.016666666666666,24.983333333333334
2000,6.506853408813477,586,47.43333333333333,25.55
2000,7.59806411743164,587,45.333333333333336,25.55
2000,13.37907958984375,588,53.88333333333333,14.5
2000,13.418172607421875,589,54.8,17.933333333333334
2000,16.220739440917967,590,53.78333333333333,15.05
2000,14.80531997680664,591,53.18333333333333,14.483333333333333
2000,17.4222265625,592,52.9,15.35
2000,18.283424377441406,593,52.766666666666666,14.9
2000,17.273526306152345,594,53.11666666666667,16.033333333333335
2000,14.795223541259766,595,53.766666666666666,15.483333333333333
2000,14.429805145263671,596,54.666666666666664,17.983333333333334
2000,14.562696838378907,597,53.8,16.35
2000,17.361720275878906,598,54.15,17.116666666666667
2000,15.729317932128906,599,54.2,17.216666666666665
2000,14.506143035888671,600,54.083333333333336,19.15
2000,14.506143035888671,601,54.083333333333336,19.2
2000,14.072569122314453,602,54.05,20.4
2000,23.176651916503907,603,54.15,20.166666666666668
2000,16.368115234375,604,53.766666666666666,19.033333333333335
2000,20.217245788574218,605,53.45,19.416666666666668
2000,10.68976303100586,606,54.28333333333333,23
2000,11.40934112548828,607,54.266666666666666,22.833333333333332
2000,15.615847473144532,608,54.333333333333336,22.35
2000,16.674607543945314,609,53.65,20.15
2000,16.702752380371095,610,53.666666666666664,21.433333333333337
2000,14.160950927734374,611,53.96666666666667,23.116666666666667
2000,14.258103637695312,612,53.9,23.316666666666663
2000,12.721044464111328,613,53.2,23.15
2000,14.079336853027344,614,53.2,23.35
2000,13.366649169921875,615,52.666666666666664,23.716666666666665
2000,12.793776092529297,616,52.85,23.666666666666668
2000,18.79109588623047,617,53.43333333333333,21.816666666666663
2000,13.79695831298828,618,53.28333333333333,22.05
2000,18.36575439453125,619,53.81666666666667,17.85
2000,18.729606018066406,620,53.93333333333333,18.083333333333332
2000,21.22993438720703,621,53.483333333333334,16.383333333333333
2000,19.04788299560547,622,53.3,16.833333333333332
2000,17.912287292480467,623,53.6,16.95
2000,16.48568374633789,624,53.266666666666666,19.55
2000,17.411526794433595,625,52.983333333333334,19.233333333333334
2000,16.728680725097657,626,52.55,15.25
2000,16.77326202392578,627,52.516666666666666,14.95
2000,20.34120147705078,628,52.8,16.416666666666668
2000,23.61916748046875,629,52.95,18.516666666666666
2000,25.608734741210938,630,52.7,18.916666666666668
2000,15.824389495849609,631,51.86666666666667,15.533333333333331
2000,16.116390686035157,632,52.35,15.8
2000,17.546126403808593,633,52.25,16.316666666666666
2000,25.807799072265624,634,52,17.316666666666666
2000,15.630719299316405,635,51.8,16.5
2000,27.28014953613281,636,52.63333333333333,17.65
2000,23.229888610839843,637,51.95,17.2
2000,17.748329162597656,638,51.516666666666666,18.25
2000,23.468391723632813,639,51.6,16.916666666666668
2000,22.1038818359375,640,53.11666666666667,19.783333333333335
2000,17.518314208984375,641,52.71666666666667,20.6
2000,17.39209930419922,642,52.36666666666667,19.9
2000,14.397421417236329,643,52.016666666666666,21.1
2000,13.500169830322266,644,51.8,21.45
2000,15.089657897949218,645,53.3,21.616666666666667
2000,16.407498779296876,646,53.18333333333333,21.083333333333332
2000,13.42962631225586,647,52.766666666666666,22.666666666666668
2000,11.752618865966797,648,51.43333333333333,22.766666666666666
2000,12.876554260253906,649,51.96666666666667,22.983333333333334
2000,11.650294952392578,650,51.483333333333334,23.35
2000,11.785140380859374,651,51.233333333333334,23.5
2000,10.908775939941407,652,50.63333333333333,23.75
2000,16.050721435546876,653,51.36666666666667,15.683333333333334
2000,16.821732482910157,654,51.25,15.483333333333333
2000,14.022103118896485,655,51.35,16.5
2000,15.557488708496093,656,50.88333333333333,17.633333333333333
2000,13.569795989990235,657,50.63333333333333,16.933333333333334
2000,13.23427833557129,658,50.38333333333333,17.55
2000,14.878016052246094,659,50.43333333333333,17.95
2000,16.200470275878907,660,50.53333333333333,17.7
2000,16.959381103515625,661,50.8,18.166666666666668
2000,18.48532653808594,662,50.583333333333336,18.45
2000,16.169307250976562,663,50.233333333333334,18.316666666666663
2000,17.956494140625,664,51.333333333333336,19.266666666666666
2000,13.93651596069336,665,51.1,20.416666666666668
2000,15.189632720947266,666,51.083333333333336,20.15
2000,11.873401336669922,667,50.7,20.766666666666666
2000,12.678661651611328,668,51.65,21.033333333333335
2000,11.583943023681641,669,51.2,21.383333333333333
2000,11.709630126953124,670,51.21666666666667,22.65
2000,11.869458160400391,671,51.166666666666664,21.866666666666667
2000,11.416187896728516,672,50.38333333333333,23.45
2000,11.568052978515626,673,50.43333333333333,23.4
2000,15.987648162841797,674,50.75,18.666666666666668
2000,15.741102294921875,675,51,19.05
2000,17.99864730834961,676,50.2,19.4
2000,17.04565170288086,677,50.35,19.35
2000,16.695670166015624,678,50.333333333333336,19.65
2000,15.230170593261718,679,50.7,19.216666666666665
2000,13.537579498291016,680,50.71666666666667,20.3
2000,13.884459533691405,681,50.55,21.25
2000,13.83086669921875,682,50.46666666666667,22.116666666666667
2000,12.710772399902345,683,50.5,22.933333333333337
2000,11.814901275634766,684,50.416666666666664,22.75
2000,14.010281753540038,685,50.05,20.566666666666663
2000,15.299751434326172,686,50.06666666666667,20.8
2000,12.54872329711914,687,50.266666666666666,22.116666666666667
2000,17.621388244628907,688,50.833333333333336,15.416666666666666
2000,16.36122055053711,689,50.85,15.516666666666667
2000,13.549569396972656,690,50.266666666666666,16.633333333333333
2000,17.839013977050783,691,50.31666666666667,16.416666666666668
2000,15.241118927001953,692,50.25,16.983333333333334
2000,14.255696563720702,693,50.233333333333334,16.783333333333335
2000,17.892945251464845,694,49.666666666666664,18.966666666666665
2000,14.259532012939452,695,49.75,21.816666666666663
2000,13.26160171508789,696,49.61666666666667,22.466666666666665
2000,11.75670135498047,697,49.2,22.716666666666665
2000,11.053737945556641,698,49.06666666666667,22.85
2000,16.02154724121094,699,49.65,19.033333333333335
2000,14.070612869262696,700,49.6,19.083333333333332
2000,15.468423767089844,701,49.516666666666666,18.9
2000,13.964599914550782,702,49.75,19.8
2000,12.761890869140625,703,49.68333333333333,20.166666666666668
2000,12.236506118774415,704,49.416666666666664,20.816666666666663
2000,10.85435546875,705,49.333333333333336,20.833333333333332
2000,14.422967834472656,706,49.483333333333334,21.616666666666667
2000,13.603455200195313,707,49.4,21.95
2000,11.587286376953125,708,49.45,19.983333333333334
2000,18.283424377441406,709,52.733333333333334,14.866666666666667
2000,16.168551177978514,710,52.86666666666667,15.716666666666669
2000,15.007427978515626,711,54.53333333333333,17.9
2000,15.32609832763672,712,54.55,18.266666666666666
2000,16.593666229248047,713,53.983333333333334,19.433333333333337
2000,14.115276489257813,714,53.85,20.533333333333335
2000,13.155889282226562,715,53.583333333333336,23.266666666666666
2000,13.893629150390625,716,53.68333333333333,16.766666666666666
2000,15.242530059814452,717,51.81666666666667,15.783333333333331
2000,23.079758911132814,718,51.766666666666666,17.566666666666666
2000,23.713201293945314,719,52.483333333333334,19.6
2000,12.940428009033203,720,52.333333333333336,22.65
2000,12.82590576171875,721,52.03333333333333,22.716666666666665
2000,16.821732482910157,722,51.3,15.416666666666666
2000,16.200470275878907,723,50.6,17.683333333333334
2000,14.406110382080078,724,50.61666666666667,17.25
2000,18.113602142333985,725,50.083333333333336,18.65
2000,18.355274353027344,726,50.3,18.483333333333334
2000,14.43837890625,727,51.03333333333333,19.6
2000,10.614786529541016,728,50.5,23.466666666666665
2000,18.18399719238281,729,50.483333333333334,20.116666666666667
2000,14.621429748535157,730,51.05,15.866666666666667
2000,14.176883163452148,731,50.78333333333333,16.2
2000,12.585325469970703,732,49.85,22.6
2000,13.26160171508789,733,49.65,22.483333333333334
2000,11.967241668701172,734,49.45,22.283333333333335
2000,13.810292510986327,735,49.65,20.25
2000,14.075101013183593,736,48.2,18.383333333333333
2000,10.991393051147462,737,48.916666666666664,19.483333333333334
2000,12.446671829223632,738,48.63333333333333,19.533333333333335
2000,13.90860595703125,739,47.88333333333333,17.583333333333332
2000,13.748501510620118,740,48.61666666666667,19.033333333333335
2000,8.974060821533204,741,49.166666666666664,20.233333333333334
2000,12.205047302246093,742,49.18333333333333,22.083333333333332
2000,15.58980125427246,743,49.5,18.566666666666663
2000,15.58980125427246,744,49.483333333333334,18.566666666666663
2000,13.839822998046875,745,48.38333333333333,19
2000,11.357149353027344,746,48.95,19.383333333333333
2000,13.748501510620118,747,48.61666666666667,19.016666666666666
2000,18.5437050819397,748,58.38333333333333,8.233333333333333
2000,6.055122871398925,749,59.03333333333333,7.566666666666666
2000,1.4491299390792847,750,65.88333333333334,13.8
2000,12.55224967956543,751,58.96666666666667,11.516666666666667
2000,4.337560977935791,752,60.6,6.516666666666667
2000,2.1857077407836916,753,64.65,12.266666666666667
2000,4.583371105194092,754,61.266666666666666,11.85
2000,9.924697608947755,755,59.43333333333333,9.866666666666667
2000,3.4161055946350096,756,61,9.216666666666669
2000,2.4355658721923827,757,63.28333333333333,11.183333333333334
2000,1.5942367267608644,758,62.766666666666666,8.883333333333333
2000,7.814746627807617,759,60.36666666666667,11.066666666666666
2000,16.536128997802734,760,59.333333333333336,5.783333333333333
2000,4.583371105194092,761,61.28333333333333,11.85
2000,1.5942367267608644,762,62.78333333333333,8.883333333333333
2000,9.924697608947755,763,59.45,9.866666666666667
2000,8.879148483276367,764,56.35,24.95
2000,11.25502685546875,765,54.833333333333336,24.05
2000,11.784249114990235,766,54.85,23.533333333333335
2000,9.24924560546875,767,56.333333333333336,24.833333333333332
2000,11.851542358398438,768,54.416666666666664,24.95
2000,11.25502685546875,769,54.81666666666667,24.066666666666663
2000,9.232130737304688,770,54.78333333333333,24.066666666666663
2000,12.749412384033203,771,54.18333333333333,24.6
2000,8.260529708862304,772,55.8,25.516666666666666
2000,11.849017944335937,773,55.81666666666667,21.466666666666665
2000,11.25502685546875,774,54.833333333333336,24.033333333333335
2000,17.78590545654297,775,50.03333333333333,12.616666666666667
2000,14.017691955566406,776,50.166666666666664,17.066666666666666
2000,13.840848693847656,777,50.1,17.2
2000,15.954684448242187,778,49.45,15.766666666666667
2000,16.81962356567383,779,50.55,15.95
2000,16.758477172851563,780,49.666666666666664,15.216666666666669
2000,15.965643310546875,781,50.18333333333333,12.883333333333333
2000,15.419033203125,782,49.25,15.7
2000,15.363167572021485,783,50.733333333333334,15.533333333333331
2000,16.8043115234375,784,49.06666666666667,17.266666666666666
2000,21.799375,785,50.13333333333333,15.866666666666667
2000,17.857450561523436,786,49.9,14.533333333333331
2000,16.491325073242187,787,49.21666666666667,14.3
2000,15.891698608398437,788,49.016666666666666,14.966666666666669
2000,19.595350341796873,789,50.28333333333333,16.383333333333333
2000,14.928330688476562,790,49.733333333333334,12.85
2000,15.812919921875,791,49,14.8
2000,17.07708023071289,792,50.63333333333333,14.6
2000,18.21010986328125,793,50.833333333333336,15.333333333333334
2000,17.814236755371095,794,49.7,17.133333333333333
2000,16.51893753051758,795,49.45,18.383333333333333
2000,6.991842308044434,796,59.55,26.033333333333335
2000,6.661822166442871,797,59.56666666666667,26.116666666666667
2000,7.544319305419922,798,58.05,26.1
2000,6.912313919067383,799,58.11666666666667,27.05
2000,6.302223129272461,800,58.35,26.966666666666665
2000,6.887970657348633,801,57.7,26.516666666666666
2000,6.48520637512207,802,59.516666666666666,26.4
2000,6.779906997680664,803,58.266666666666666,26.45
2000,12.911543350219727,804,46.36666666666667,13.933333333333334
2000,25.70470947265625,805,45.983333333333334,13.733333333333333
2000,22.842894592285155,806,45.666666666666664,13.85
2000,21.04861785888672,807,46.28333333333333,14.4
2000,11.522902069091797,808,45.53333333333333,14.8
2000,16.445711059570314,809,46.46666666666667,15.383333333333333
2000,15.040736083984376,810,46.36666666666667,15.233333333333333
2000,16.90095642089844,811,46.1,15.066666666666666
2000,12.398288803100586,812,45.63333333333333,14.633333333333333
2000,15.456078033447266,813,45.86666666666667,15.416666666666666
2000,12.549028625488281,814,46.483333333333334,16.516666666666666
2000,16.445711059570314,815,46.45,15.383333333333333
2000,3.190914554595947,816,64.13333333333334,32.233333333333334
2000,2.44804123878479,817,64.11666666666666,32.88333333333333
2000,3.1058097743988036,818,63.85,30.9
2000,3.2715785312652588,819,63.85,31.55
2000,3.0470669269561768,820,63.833333333333336,32.85
2000,3.9505484199523924,821,63.56666666666667,30.883333333333333
2000,3.1288073444366455,822,63.56666666666667,31.533333333333335
2000,3.2395980167388916,823,63.266666666666666,32.166666666666664
2000,3.0678983688354493,824,63.25,32.8
2000,3.304573669433594,825,62.96666666666667,32.78333333333333
2000,3.3064113235473633,826,62.93333333333333,34.03333333333333
2000,3.963927192687988,827,62.916666666666664,34.666666666666664
2000,3.5970287418365476,828,62.9,35.3
2000,3.0943429470062256,829,62.86666666666667,35.916666666666664
2000,4.265494880676269,830,62.583333333333336,35.86666666666667
2000,4.219411678314209,831,62.28333333333333,36.43333333333333
2000,3.8999566078186034,832,62.083333333333336,33.916666666666664
2000,4.698338470458984,833,61.983333333333334,36.36666666666667
2000,4.250736675262451,834,61.96666666666667,36.96666666666667
2000,3.90547908782959,835,61.93333333333333,37.583333333333336
2000,6.119176940917969,836,61.85,30.833333333333332
2000,4.2421665954589844,837,61.81666666666667,33.266666666666666
2000,4.1882279586791995,838,61.8,33.88333333333333
2000,4.471402626037598,839,61.666666666666664,36.916666666666664
2000,5.234303741455078,840,61.55,30.216666666666665
2000,5.845525093078614,841,61.55,32.03333333333333
2000,4.86490047454834,842,61.5,33.833333333333336
2000,4.726157264709473,843,61.483333333333334,34.45
2000,4.958229064941406,844,61.46666666666667,35.05
2000,5.807940673828125,845,61.266666666666666,29.633333333333333
2000,4.037885046005249,846,61.266666666666666,30.216666666666665
2000,6.697890205383301,847,61.25,32.61666666666667
2000,6.091175231933594,848,61.233333333333334,33.21666666666667
2000,5.011925449371338,849,61.2,34.4
2000,7.68407413482666,850,60.95,33.18333333333333
2000,6.196968498229981,851,61.25,29.316666666666663
2000,6.384347534179687,852,61.11666666666667,29.033333333333335
2000,6.132442016601562,853,61.11666666666667,29.333333333333332
2000,5.880063514709473,854,61.11666666666667,29.616666666666667
2000,4.77552173614502,855,61.11666666666667,29.933333333333337
2000,2.594198431968689,856,64.7,32.95
2000,6.7357722091674805,857,60.96666666666667,29.033333333333335
2000,6.884082946777344,858,60.96666666666667,29.333333333333332
2000,6.442814903259277,859,60.96666666666667,29.633333333333333
2000,6.65804313659668,860,60.96666666666667,30.216666666666665
2000,7.228556518554687,861,60.833333333333336,28.45
2000,7.46666389465332,862,60.833333333333336,28.75
2000,6.712075347900391,863,60.833333333333336,29.066666666666663
2000,5.584684753417969,864,60.833333333333336,29.35
2000,6.916908416748047,865,60.81666666666667,29.633333333333333
2000,6.226463508605957,866,60.833333333333336,29.933333333333337
2000,5.421367359161377,867,60.81666666666667,30.233333333333334
2000,6.440347290039062,868,60.68333333333333,29.933333333333337
2000,6.313696174621582,869,60.68333333333333,28.466666666666665
2000,7.972193374633789,870,60.68333333333333,29.05
2000,7.914630508422851,871,60.7,29.333333333333332
2000,7.168831481933593,872,60.68333333333333,29.65
2000,6.6484466171264645,873,60.68333333333333,30.216666666666665
2000,6.501760025024414,874,60.68333333333333,30.483333333333334
2000,8.340051345825195,875,60.53333333333333,27.916666666666668
2000,7.36909065246582,876,60.55,28.216666666666665
2000,6.613506050109863,877,60.53333333333333,28.483333333333334
2000,9.544816665649414,878,60.53333333333333,28.766666666666666
2000,6.815463981628418,879,60.55,29.366666666666667
2000,6.513750991821289,880,60.55,29.633333333333333
2000,8.163366317749023,881,60.55,29.933333333333337
2000,6.243364334106445,882,60.55,30.516666666666666
2000,10.22273895263672,883,60.4,28.766666666666666
2000,9.385863571166992,884,60.4,29.066666666666663
2000,9.580736236572266,885,60.4,29.35
2000,9.647597198486329,886,60.4,29.633333333333333
2000,9.097736282348633,887,60.4,29.933333333333337
2000,8.209319076538087,888,60.416666666666664,30.2
2000,10.89589584350586,889,60.266666666666666,29.066666666666663
2000,9.561748123168945,890,60.266666666666666,29.35
2000,9.036660995483398,891,60.266666666666666,29.633333333333333
2000,10.437560119628905,892,60.266666666666666,29.933333333333337
2000,8.465117263793946,893,60.11666666666667,30.516666666666666
2000,8.903952407836915,894,60.11666666666667,30.8
2000,10.105768432617188,895,59.983333333333334,30.8
2000,7.069159889221192,896,59.983333333333334,31.083333333333332
2000,2.404963049888611,897,66.43333333333334,32.43333333333333
2000,2.1980722904205323,898,66.41666666666667,33.15
2000,2.209247341156006,899,66.15,31.683333333333337
2000,2.260054473876953,900,66.13333333333334,33.11666666666667
2000,2.2928570079803468,901,66.11666666666666,33.81666666666667
2000,2.5907538604736327,902,65.86666666666666,30.95
2000,2.5442434215545653,903,65.86666666666666,31.666666666666668
2000,2.1026655864715575,904,65.85,33.083333333333336
2000,1.86832927942276,905,65.83333333333333,33.78333333333333
2000,1.8536136102676393,906,65.81666666666666,34.46666666666667
2000,2.4942058420181272,907,65.58333333333333,30.966666666666665
2000,2.4524994230270387,908,65.58333333333333,31.65
2000,2.364940357208252,909,65.56666666666666,32.35
2000,2.354554409980774,910,65.56666666666666,33.03333333333333
2000,2.8122638988494875,911,65.3,30.25
2000,2.7586418914794923,912,65.3,30.95
2000,2.8407162284851073,913,65.3,31.633333333333333
2000,2.105133421421051,914,65.26666666666667,33.016666666666666
2000,2.1361030769348144,915,65.25,33.68333333333333
2000,2.0551042652130125,916,65.25,34.38333333333333
2000,2.8602443599700926,917,65.01666666666667,30.25
2000,2.626721067428589,918,65,32.28333333333333
2000,2.3581237602233887,919,64.98333333333333,32.983333333333334
2000,2.2653615427017213,920,64.96666666666667,33.65
2000,2.030970220565796,921,64.95,34.333333333333336
2000,3.0888511753082275,922,64.73333333333333,30.25
2000,2.8521058559417725,923,64.71666666666667,30.916666666666668
2000,2.6875930500030516,924,64.71666666666667,31.6
2000,2.8645394706726073,925,64.41666666666667,32.9
2000,2.6554024028778076,926,64.4,33.583333333333336
2000,2.9340504360198976,927,64.38333333333334,34.25
2000,3.2170387649536134,928,64.15,31.566666666666663
2000,3.0351024532318114,929,64.1,33.53333333333333
2000,2.782680950164795,930,64.08333333333333,34.2
2000,3.0433231258392333,931,63.85,32.2
2000,2.3180969309806825,932,63.8,34.15
2000,3.160038652420044,933,63.78333333333333,34.8
2000,2.7207594108581543,934,63.55,32.833333333333336
2000,2.9885927963256838,935,63.53333333333333,33.46666666666667
2000,3.1394106769561767,936,63.21666666666667,34.71666666666667
2000,3.2317574501037596,937,63.18333333333333,35.35
2000,3.376099033355713,938,63.166666666666664,35.983333333333334
2000,3.163009729385376,939,62.983333333333334,32.13333333333333
2000,3.6567667388916014,940,62.7,32.11666666666667
2000,3.648575210571289,941,62.68333333333333,32.733333333333334
2000,3.6801562118530273,942,62.666666666666664,33.36666666666667
2000,3.9853561401367186,943,62.63333333333333,34.61666666666667
2000,4.081523723602295,944,62.416666666666664,31.466666666666665
2000,3.97303918838501,945,62.4,32.71666666666667
2000,3.6962550926208495,946,62.38333333333333,33.333333333333336
2000,3.4123660469055177,947,62.36666666666667,33.96666666666667
2000,4.10767915725708,948,62.333333333333336,35.18333333333333
2000,5.776973686218262,949,62.13333333333333,30.85
2000,4.9110876655578615,950,62.13333333333333,31.45
2000,4.564364414215088,951,62.11666666666667,32.06666666666667
2000,4.718471069335937,952,62.11666666666667,32.68333333333333
2000,4.054878368377685,953,62.1,33.3
2000,4.1445090866088865,954,62.05,35.15
2000,5.8782126998901365,955,61.833333333333336,31.45
2000,4.938394470214844,956,61.81666666666667,32.666666666666664
2000,6.222613677978516,957,61.55,31.433333333333337
2000,4.888665952682495,958,61.53333333333333,32.63333333333333
2000,4.873344917297363,959,61.516666666666666,33.233333333333334
2000,6.767186622619629,960,60.93333333333333,33.78333333333333
2000,8.660372772216796,961,42.766666666666666,23.75
2000,9.634524536132812,962,43.05,27.766666666666666
2000,6.28371223449707,963,42.06666666666667,23.8
2000,9.36969009399414,964,42.9,27.75
2000,6.215144500732422,965,41.68333333333333,24.733333333333334
2000,13.342431182861327,966,56.21666666666667,21.116666666666667
2000,6.831034545898437,967,57.166666666666664,25.7
2000,8.761672439575195,968,56.733333333333334,23.683333333333337
2000,5.466282653808594,969,35,33.05
2000,4.988811874389649,970,34.95,32.81666666666667
2000,5.1588003540039065,971,34.916666666666664,32.916666666666664
2000,6.442013320922851,972,35.016666666666666,32.61666666666667
2000,9.270811157226563,973,45.15,19.8
2000,6.7358206939697265,974,43.28333333333333,20.8
2000,9.200389251708984,975,45.45,19.166666666666668
2000,12.157786865234375,976,44.11666666666667,21.966666666666665
2000,7.1838037109375,977,43.75,19.483333333333334
2001,18.302994384765626,1,47.86666666666667,6.2
2001,16.495548553466797,2,46.96666666666667,5.233333333333333
2001,21.25372772216797,3,46.166666666666664,5.233333333333333
2001,17.293319702148438,4,47.06666666666667,5.066666666666666
2001,15.573146362304687,5,48.166666666666664,-1.5333333333333332
2001,15.340856323242187,6,45.93333333333333,4.466666666666667
2001,15.924143981933593,7,47.083333333333336,4.083333333333333
2001,15.628547210693359,8,46.56666666666667,5.866666666666667
2001,13.04661392211914,9,46.516666666666666,6.05
2001,5.824931526184082,10,45.583333333333336,6.783333333333333
2001,17.122464904785158,11,46.21666666666667,6.333333333333333
2001,8.442405700683594,12,44.11666666666667,5.8
2001,16.4280810546875,13,47.8,4.85
2001,18.070209045410156,14,47.18333333333333,6.266666666666667
2001,14.507312774658203,15,44.916666666666664,5.283333333333333
2001,16.18919158935547,16,47.78333333333333,5.066666666666666
2001,20.604863586425783,17,48.63333333333333,6.066666666666666
2001,5.338638114929199,18,44.7,6.55
2001,6.224038124084473,19,44.016666666666666,6.666666666666667
2001,15.573146362304687,20,48.2,-1.55
2001,16.46699920654297,21,47.93333333333333,3.716666666666667
2001,5.581586341857911,22,44.483333333333334,6.45
2001,13.628739776611328,23,46.96666666666667,6.45
2001,12.216763153076172,24,44.93333333333333,5.316666666666666
2001,13.876246795654296,25,45.416666666666664,6.116666666666666
2001,19.981508636474608,26,46.833333333333336,5.783333333333333
2001,22.889072265625,27,48.333333333333336,4.3
2001,15.532365112304687,28,46.81666666666667,2.5666666666666664
2001,22.124034118652343,29,43.733333333333334,-0.8333333333333334
2001,15.004043579101563,30,47.45,-0.01666666666666666
2001,18.68781555175781,31,49.016666666666666,5.766666666666667
2001,24.131138610839844,32,50.166666666666664,3.75
2001,12.956221923828124,33,43.2,-0.03333333333333333
2001,15.348226623535156,34,46.666666666666664,2.716666666666667
2001,22.185123901367188,35,48.28333333333333,4.45
2001,15.539697570800781,36,47.25,2.1166666666666667
2001,19.832823486328124,37,49.35,1.5
2001,17.402398681640626,38,47.56666666666667,1.25
2001,25.95736083984375,39,49.03333333333333,4.95
2001,22.11951721191406,40,48.86666666666667,6.483333333333333
2001,20.54689147949219,41,49,7.45
2001,15.407968139648437,42,46.96666666666667,3.65
2001,18.6790185546875,43,49.38333333333333,2.3
2001,16.492252197265625,44,48.516666666666666,0.6666666666666666
2001,20.969537048339845,45,47.68333333333333,7.466666666666667
2001,16.21284606933594,46,47.78333333333333,0.36666666666666664
2001,13.186490020751954,47,44.03333333333333,1.7333333333333334
2001,14.897415161132813,48,46.61666666666667,0.48333333333333334
2001,19.373749389648438,49,48.016666666666666,6.033333333333333
2001,19.2306884765625,50,48.983333333333334,7.716666666666667
2001,20.321812744140626,51,48.45,2.716666666666667
2001,12.8665869140625,52,46.15,1.8166666666666669
2001,11.382279815673828,53,43.43333333333333,2.7
2001,15.490016174316406,54,48.56666666666667,-0.06666666666666667
2001,11.689316177368164,55,43.1,-0.1
2001,22.385525817871095,56,49.93333333333333,4.8
2001,11.656002426147461,57,43.63333333333333,2.9166666666666665
2001,11.467676849365235,58,45.75,2.95
2001,13.477453765869141,59,47,4.116666666666666
2001,12.461359405517578,60,43.43333333333333,2.4333333333333336
2001,12.180193634033204,61,45.8,1.8
2001,15.321876831054688,62,48.233333333333334,7.1
2001,20.30517395019531,63,49.2,3.1166666666666667
2001,13.562968139648438,64,42.916666666666664,1.2666666666666666
2001,16.31992706298828,65,49.166666666666664,-0.85
2001,12.17759521484375,66,47.833333333333336,-3.533333333333333
2001,10.330187149047852,67,44.1,3.533333333333333
2001,21.479220275878905,68,48.5,6.7
2001,26.162023620605467,69,49.166666666666664,5
2001,23.34290283203125,70,49.31666666666667,2.8666666666666667
2001,13.307415924072266,71,43.15,-0.65
2001,12.189730377197266,72,43.016666666666666,0.43333333333333335
2001,24.341927185058594,73,49.7,1.3166666666666669
2001,14.667034606933594,74,43.4,2.1666666666666665
2001,19.223136596679687,75,48.1,6.233333333333333
2001,6.554006080627442,76,42.25,8.833333333333334
2001,16.401197509765623,77,47.65,2.0833333333333335
2001,7.409630393981933,78,41.75,9.2
2001,12.241623840332032,79,43.93333333333333,-1.3333333333333333
2001,12.642395324707032,80,44.1,0.1
2001,13.482727661132813,81,44.03333333333333,-0
2001,16.21284606933594,82,47.733333333333334,0.3333333333333333
2001,9.537261352539062,83,44.85,3.05
2001,12.878197784423827,84,47.53333333333333,-1.8
2001,18.127765502929687,85,47.81666666666667,2.4333333333333336
2001,16.454298248291014,86,48.6,-0.5
2001,10.148981475830078,87,45.4,3.6833333333333336
2001,20.1126025390625,88,48.85,7.7
2001,20.54689147949219,89,48.916666666666664,7.433333333333334
2001,24.703667602539063,90,49.45,0.7333333333333333
2001,19.05547149658203,91,48.68333333333333,1.7166666666666668
2001,18.786549377441407,92,48.21666666666667,6.683333333333334
2001,9.33866241455078,93,44.7,3.95
2001,10.716193161010743,94,42.85,1.3333333333333333
2001,11.227355346679687,95,42.86666666666667,2.1
2001,18.20105239868164,96,48.6,7.133333333333334
2001,11.410579223632812,97,45.43333333333333,3.5166666666666666
2001,14.142363739013671,98,47.93333333333333,7.116666666666666
2001,11.116527862548828,99,45.96666666666667,-1.2666666666666666
2001,8.087577362060546,100,46.86666666666667,-2.1333333333333333
2001,12.557148132324219,101,46.18333333333333,2.9833333333333334
2001,38.74746643066406,102,51.06666666666667,3.033333333333333
2001,23.446688842773437,103,50.78333333333333,4.7
2001,25.172409973144532,104,50.7,4.3
2001,40.135391845703126,105,51.4,5.05
2001,33.812269897460936,106,51.3,4.516666666666667
2001,28.97978088378906,107,50.96666666666667,3.8
2001,26.01020965576172,108,50.983333333333334,4.2
2001,35.94825164794922,109,50.96666666666667,2.95
2001,29.861246337890623,110,51.166666666666664,5.316666666666666
2001,30.068460693359373,111,50.93333333333333,5.6
2001,25.543164672851564,112,50.733333333333334,4.4
2001,22.611329040527345,113,49.95,4.816666666666666
2001,23.756858825683594,114,50.21666666666667,5.616666666666667
2001,23.159813232421875,115,49.766666666666666,5.45
2001,22.70723876953125,116,50.233333333333334,5.983333333333333
2001,24.328059997558594,117,50.583333333333336,6.1
2001,22.422647399902345,118,50.05,5.216666666666667
2001,23.50829895019531,119,49.516666666666666,5.566666666666666
2001,23.61175537109375,120,50.1,4.266666666666667
2001,22.83992126464844,121,50.666666666666664,4.6
2001,30.535465087890625,122,52.96666666666667,6.733333333333333
2001,31.0575439453125,123,52.86666666666667,6.333333333333333
2001,31.0575439453125,124,52.86666666666667,6.35
2001,30.71357849121094,125,52.9,6.716666666666667
2001,37.48060943603516,126,52.53333333333333,6.55
2001,50.19761352539062,127,52.166666666666664,5.75
2001,40.68307067871094,128,51.31666666666667,5.516666666666667
2001,37.90069641113281,129,51.55,4.766666666666667
2001,43.55571228027344,130,52.233333333333334,5.633333333333333
2001,38.043657836914065,131,52.1,5.216666666666667
2001,39.27437561035156,132,52.15,5.883333333333333
2001,31.540149841308594,133,52.833333333333336,6.433333333333334
2001,41.92072265625,134,52.266666666666666,5.733333333333333
2001,21.275140686035158,135,52.46666666666667,13.216666666666669
2001,19.2755485534668,136,52.416666666666664,13.6
2001,18.492840270996094,137,53.1,12.416666666666666
2001,19.395441589355467,138,53.13333333333333,12.95
2001,17.874662780761717,139,52.96666666666667,13.633333333333333
2001,17.845601806640627,140,52.18333333333333,12.55
2001,20.986455688476564,141,51.78333333333333,13.55
2001,19.886744689941406,142,52.13333333333333,14
2001,19.395441589355467,143,53.13333333333333,12.966666666666669
2001,20.986455688476564,144,51.78333333333333,13.566666666666666
2001,17.90477798461914,145,52.15,14.016666666666667
2001,19.395441589355467,146,53.15,12.983333333333333
2001,19.282356567382813,147,52.15,14.483333333333333
2001,20.834868011474608,148,48.8,8.383333333333333
2001,25.726981506347656,149,49.45,8.75
2001,15.949139404296876,150,47.983333333333334,8.983333333333333
2001,15.640340576171875,151,48.28333333333333,8.65
2001,22.21992889404297,152,47.78333333333333,7.7
2001,19.785048828125,153,48.016666666666666,7.966666666666667
2001,23.328912048339845,154,48,9.95
2001,14.30324462890625,155,48.6,8.633333333333333
2001,22.981522216796876,156,48.86666666666667,9.566666666666666
2001,19.762029418945314,157,49.516666666666666,9.166666666666666
2001,22.921434936523436,158,48.75,9.416666666666666
2001,14.30324462890625,159,48.583333333333336,8.633333333333333
2001,25.726981506347656,160,49.46666666666667,8.733333333333333
2001,19.785048828125,161,48.016666666666666,7.95
2001,23.328912048339845,162,48,9.966666666666669
2001,14.30324462890625,163,48.583333333333336,8.616666666666667
2001,23.148893432617186,164,49.4,11.316666666666666
2001,26.265827026367187,165,48.11666666666667,11.916666666666666
2001,20.505426330566408,166,49.75,12.383333333333333
2001,23.49439453125,167,48.96666666666667,12.866666666666667
2001,20.41632110595703,168,48.916666666666664,11.75
2001,23.869674682617188,169,48.4,11.65
2001,28.153019104003906,170,48.21666666666667,12.733333333333333
2001,17.10246322631836,171,50.35,9.916666666666666
2001,15.06372989654541,172,47.56666666666667,12.933333333333334
2001,20.253211975097656,173,49.11666666666667,10.583333333333334
2001,21.081268005371093,174,49.85,10.516666666666667
2001,20.946741943359374,175,49.96666666666667,11.8
2001,22.630794677734375,176,48.7,12.733333333333333
2001,23.3245361328125,177,49.68333333333333,11.5
2001,22.45640411376953,178,49.96666666666667,9.45
2001,27.033138427734375,179,47.86666666666667,10.783333333333331
2001,22.49206787109375,180,47.56666666666667,10.383333333333333
2001,21.741302185058593,181,48.4,10.533333333333331
2001,24.621563110351563,182,49.266666666666666,12.383333333333333
2001,18.6618212890625,183,50.45,11.35
2001,19.910152587890625,184,49.71666666666667,9.883333333333333
2001,25.86986846923828,185,47.71666666666667,11.666666666666666
2001,22.156798400878905,186,48.28333333333333,11.066666666666666
2001,26.141078491210937,187,52.833333333333336,10.25
2001,27.963753967285157,188,51.85,10.4
2001,25.79517822265625,189,51.85,10.416666666666666
2001,24.513411560058593,190,51.75,9.566666666666666
2001,23.03649444580078,191,51.516666666666666,10.033333333333331
2001,26.772461853027345,192,53.166666666666664,9.9
2001,36.12850646972656,193,52.9,7.85
2001,22.022542114257813,194,50.63333333333333,9.666666666666666
2001,19.700816345214843,195,50.416666666666664,9.666666666666666
2001,21.16239776611328,196,50.7,8.883333333333333
2001,23.177845764160157,197,50.15,9.383333333333333
2001,18.56059783935547,198,50.56666666666667,8.2
2001,20.135781860351564,199,50.916666666666664,9.333333333333334
2001,24.951209411621093,200,54.083333333333336,10.233333333333333
2001,23.00078308105469,201,49.63333333333333,8.833333333333334
2001,20.816807861328126,202,52.56666666666667,11.166666666666666
2001,20.856634216308592,203,52.05,12.3
2001,20.86877197265625,204,51.36666666666667,9.266666666666667
2001,21.883597412109374,205,51.28333333333333,9.75
2001,19.3818408203125,206,50.68333333333333,8.633333333333333
2001,18.162805480957033,207,51.15,9.016666666666667
2001,24.704714965820312,208,49.7,8.516666666666667
2001,24.704714965820312,209,49.7,8.533333333333333
2001,20.816807861328126,210,52.56666666666667,11.183333333333334
2001,18.507875061035158,211,53.666666666666664,12.05
2001,19.0485400390625,212,53.63333333333333,13.933333333333334
2001,41.734113159179685,213,51.75,6.05
2001,36.06936767578125,214,51.71666666666667,6.166666666666667
2001,33.774053955078124,215,51.68333333333333,7.25
2001,28.887850341796874,216,51.833333333333336,8.95
2001,18.60829864501953,217,51.21666666666667,8.666666666666666
2001,21.553833618164063,218,51.016666666666666,8.183333333333334
2001,23.60622314453125,219,50.666666666666664,6.25
2001,28.2677490234375,220,51.7,8.983333333333333
2001,20.313296813964843,221,49.68333333333333,7.016666666666667
2001,20.325115661621094,222,50.416666666666664,7.083333333333333
2001,17.138708190917967,223,49.63333333333333,7.916666666666667
2001,21.643887939453126,224,50.4,7.716666666666667
2001,19.501015625,225,49.266666666666666,7.8
2001,20.55592742919922,226,49.016666666666666,8.116666666666667
2001,19.714864196777345,227,49.3,7.866666666666667
2001,21.751269226074218,228,49.31666666666667,7.016666666666667
2001,21.111297607421875,229,50.416666666666664,12.533333333333331
2001,19.332010192871095,230,50.63333333333333,13.3
2001,20.279977111816407,231,50.81666666666667,14.083333333333334
2001,17.721229553222656,232,51.11666666666667,14.55
2001,24.084751892089844,233,51.233333333333334,13.816666666666666
2001,20.136746368408204,234,51.18333333333333,12.816666666666666
2001,18.724223327636718,235,50.6,10.783333333333331
2001,19.598851013183594,236,51.333333333333336,10.85
2001,19.477943420410156,237,50.78333333333333,11.65
2001,19.035997161865236,238,50.93333333333333,11.016666666666667
2001,17.97575439453125,239,50.483333333333334,11.483333333333333
2001,8.28889404296875,240,41.833333333333336,13.583333333333334
2001,8.342286224365234,241,40.6,15.866666666666667
2001,10.573232116699218,242,38.416666666666664,16.166666666666668
2001,7.158375091552735,243,40.416666666666664,15.433333333333334
2001,26.779207763671874,244,44.71666666666667,10.2
2001,16.26537628173828,245,44.1,11.116666666666667
2001,36.61879486083984,246,45.81666666666667,13.166666666666666
2001,14.148286819458008,247,46.483333333333334,13.583333333333334
2001,10.002454528808594,248,42.81666666666667,11.9
2001,9.669652862548828,249,46.233333333333334,9.55
2001,12.882298889160156,250,43.28333333333333,13.066666666666666
2001,34.87623611450195,251,45.666666666666664,8.066666666666666
2001,10.792924041748046,252,41.81666666666667,15.983333333333333
2001,8.312465133666992,253,39.333333333333336,8.566666666666666
2001,16.613938903808595,254,43.5,10.433333333333334
2001,12.082781372070313,255,46.35,11.483333333333333
2001,13.561377563476562,256,43.45,12.45
2001,5.036725463867188,257,45.71666666666667,6.916666666666667
2001,38.286937866210934,258,46.05,12.016666666666667
2001,6.007092208862304,259,37.9,13.4
2001,9.675346374511719,260,41.9,14.35
2001,22.733357391357423,261,45.95,10.116666666666667
2001,32.130487060546876,262,45.88333333333333,9.383333333333333
2001,9.117852478027343,263,42.86666666666667,10.766666666666667
2001,13.776217193603516,264,43.733333333333334,11.566666666666666
2001,16.039237670898437,265,46.583333333333336,11.433333333333334
2001,20.274945068359376,266,44.4,9.45
2001,38.70566619873047,267,45.516666666666666,8.7
2001,6.884001197814942,268,46.31666666666667,8.266666666666667
2001,46.69027038574219,269,45.2,10.733333333333333
2001,12.727687530517578,270,46.266666666666666,8.233333333333333
2001,11.285913848876953,271,41.233333333333334,13.066666666666666
2001,11.285913848876953,272,41.233333333333334,13.083333333333334
2001,18.20871337890625,273,51.1,-0.85
2001,17.332673645019533,274,51.583333333333336,-1.9166666666666663
2001,18.187006378173827,275,54.3,-3.0166666666666666
2001,20.5139111328125,276,52.43333333333333,0.8666666666666667
2001,17.347052917480468,277,53.4,-1.75
2001,5.283424949645996,278,56.65,-4.283333333333333
2001,12.269644317626954,279,55.083333333333336,-2.466666666666667
2001,6.11212718963623,280,56.71666666666667,-4.05
2001,7.456822624206543,281,56.233333333333334,-5.266666666666667
2001,11.669827423095704,282,52.11666666666667,-3.7333333333333334
2001,17.853920135498047,283,51.2,1.1166666666666667
2001,16.04658935546875,284,51.11666666666667,-1.2333333333333334
2001,18.20871337890625,285,51.016666666666666,-0.8666666666666667
2001,16.04658935546875,286,51.13333333333333,-1.2333333333333334
2001,10.530675048828124,287,53.1,-6.233333333333333
2001,12.351341857910157,288,52.96666666666667,-6.183333333333334
2001,12.122684936523438,289,52.53333333333333,-7.033333333333333
2001,11.177989196777343,290,52.3,-8.616666666666667
2001,11.70720687866211,291,52.583333333333336,-7.666666666666667
2001,11.534605712890626,292,53.483333333333334,-6.85
2001,7.024039459228516,293,54.18333333333333,-8.616666666666667
2001,9.862278060913086,294,53.96666666666667,-7.65
2001,8.815632705688477,295,54.13333333333333,-7.666666666666667
2001,5.388265228271484,296,53.35,-9.333333333333334
2001,5.020089721679687,297,53.75,-9.55
2001,18.20255920410156,298,56.28333333333333,8.416666666666666
2001,19.045601654052735,299,55.13333333333333,8.883333333333333
2001,16.546497344970703,300,55.95,12.35
2001,18.26399200439453,301,56.083333333333336,9.35
2001,15.325544128417969,302,55.36666666666667,11.55
2001,18.270069427490235,303,55.7,12.35
2001,16.461124267578125,304,56.38333333333333,9.333333333333334
2001,17.611453857421875,305,55,9.916666666666666
2001,18.26399200439453,306,56.06666666666667,9.333333333333334
2001,6.522310028076172,307,38.833333333333336,21.3
2001,9.972812042236328,308,39.78333333333333,22.783333333333335
2001,9.972812042236328,309,39.78333333333333,22.766666666666666
2001,5.486957778930664,310,38.86666666666667,21.866666666666667
2001,5.486957778930664,311,38.86666666666667,21.85
2001,8.1045068359375,312,40.06666666666667,-8.25
2001,6.455856628417969,313,38.95,-8.066666666666666
2001,5.404786758422851,314,38.083333333333336,-7.033333333333333
2001,7.878680305480957,315,38.31666666666667,-8.533333333333333
2001,5.3211797332763675,316,41.5,-7.633333333333333
2001,4.603990325927734,317,40.4,-7.533333333333333
2001,12.726809997558593,318,39.78333333333333,-8.95
2001,10.229747772216797,319,38.65,-8.616666666666667
2001,6.762137413024902,320,43.1,-4.633333333333333
2001,9.164419860839844,321,42.25,-2.7
2001,22.284878845214845,322,41.81666666666667,2.6166666666666667
2001,6.771286239624024,323,40.86666666666667,-3.966666666666667
2001,12.584610900878907,324,40.53333333333333,0.01666666666666666
2001,6.71763313293457,325,39.93333333333333,-5.783333333333333
2001,8.274023361206055,326,37.15,-6.716666666666667
2001,6.840544738769531,327,40.18333333333333,-6.433333333333334
2001,3.9776061248779295,328,38.46666666666667,-6.75
2001,9.68855821609497,329,43.15,-5.466666666666667
2001,5.427730255126953,330,40.43333333333333,-4.116666666666666
2001,9.84803108215332,331,42.983333333333334,-1.3333333333333333
2001,6.272150497436524,332,37.81666666666667,-5.683333333333334
2001,9.43054931640625,333,36.36666666666667,-5.566666666666666
2001,21.983052062988282,334,41.766666666666666,2.4
2001,10.302253875732422,335,40.9,0.38333333333333336
2001,15.414069519042968,336,43.016666666666666,-8.95
2001,4.772939300537109,337,40.46666666666667,-1.6666666666666663
2001,7.001050872802734,338,40.31666666666667,-0.7166666666666667
2001,10.253288116455078,339,42.516666666666666,-1.0666666666666669
2001,5.50276741027832,340,42.63333333333333,-0.2833333333333333
2001,8.582748489379883,341,38.516666666666666,-0.6333333333333333
2001,7.143561553955078,342,38.166666666666664,-4.066666666666666
2001,5.32946403503418,343,37.9,-2.8833333333333333
2001,5.897251930236816,344,37,-3
2001,7.426128997802734,345,41.6,-3.033333333333333
2001,6.434476623535156,346,41.86666666666667,-2.8666666666666667
2001,5.062376365661621,347,41.983333333333334,-2.5
2001,9.354041137695312,348,43,-3.6833333333333336
2001,6.4182763671875,349,42.86666666666667,-4.55
2001,8.835776596069335,350,42.78333333333333,-5.366666666666666
2001,4.989902420043945,351,41.78333333333333,-6.366666666666666
2001,8.736022644042968,352,41.333333333333336,-4.533333333333333
2001,8.446369018554687,353,41.35,-4.283333333333333
2001,4.918214263916016,354,40.333333333333336,-5.933333333333334
2001,5.198235397338867,355,40.21666666666667,-5.016666666666667
2001,7.1519166946411135,356,39.81666666666667,2.9
2001,7.001617813110352,357,39.85,3.1666666666666665
2001,5.968228988647461,358,40.016666666666666,-1.9666666666666668
2001,6.460439147949219,359,39.833333333333336,-1.3
2001,4.650369567871094,360,39.38333333333333,-4.116666666666666
2001,15.383995666503907,361,43.13333333333333,-2.966666666666667
2001,5.167593460083008,362,38.483333333333334,-2.466666666666667
2001,15.73352798461914,363,42.28333333333333,1.8833333333333333
2001,6.131799125671387,364,42.6,1.0666666666666669
2001,4.949033889770508,365,39.6,-4.683333333333334
2001,6.3188100433349605,366,41.9,-8.116666666666667
2001,NA,367,28.133333333333333,-17.283333333333335
2001,NA,368,28.116666666666667,-17.216666666666665
2001,NA,369,28.183333333333337,-16.666666666666668
2001,11.888380584716797,370,42.733333333333334,-8.7
2001,5.666955108642578,371,38.06666666666667,-2.8166666666666664
2001,5.522245407104492,372,37.53333333333333,-7.183333333333334
2001,8.582748489379883,373,38.516666666666666,-0.6166666666666667
2001,6.434476623535156,374,41.86666666666667,-2.8833333333333333
2001,6.4182763671875,375,42.85,-4.55
2001,15.383995666503907,376,43.13333333333333,-2.9833333333333334
2001,5.167593460083008,377,38.46666666666667,-2.45
2001,10.460556335449219,378,39.333333333333336,-0.31666666666666665
2001,6.031303100585937,379,37.45,-6.833333333333333
2001,21.26657775878906,380,49.983333333333334,6.033333333333333
2001,30.43598876953125,381,49.65,6.183333333333334
2001,15.027194213867187,382,56.166666666666664,13.15
2001,2.8626593017578124,383,63.03333333333333,17.416666666666668
2001,7.040196838378907,384,59.65,17.883333333333333
2001,5.367785491943359,385,60.18333333333333,17.716666666666665
2001,6.607726593017578,386,58.96666666666667,15.85
2001,7.123690490722656,387,58.21666666666667,15.916666666666666
2001,9.097515716552735,388,57.45,13.7
2001,10.909921035766601,389,56.46666666666667,15.116666666666667
2001,7.982669677734375,390,57.7,15.916666666666666
2001,13.815061492919922,391,56.3,14.85
2001,12.807485961914063,392,56.3,15.7
2001,13.046302642822265,393,56.36666666666667,13.816666666666666
2001,13.68541229248047,394,56.166666666666664,14.233333333333333
2001,13.01798370361328,395,56.25,13.533333333333331
2001,15.98117904663086,396,56.333333333333336,13.016666666666667
2001,15.271480255126953,397,55.983333333333334,13.383333333333333
2001,16.70755874633789,398,57.2,12.45
2001,14.84852554321289,399,57.03333333333333,12.8
2001,10.727482833862304,400,58.36666666666667,12.083333333333334
2001,9.392345809936524,401,57.55,13.5
2001,11.151774063110352,402,57.21666666666667,13.1
2001,12.193394775390624,403,57.516666666666666,12.466666666666669
2001,8.151312866210937,404,58.13333333333333,14.066666666666666
2001,6.770597305297851,405,58.85,13.683333333333334
2001,5.556318264007569,406,59.95,12.633333333333333
2001,5.9480605316162105,407,59.666666666666664,11.95
2001,5.884951000213623,408,59.583333333333336,12.483333333333333
2001,5.67638298034668,409,59.8,15.483333333333333
2001,4.943588409423828,410,60.016666666666666,15.4
2001,3.2174629402160644,411,61.2,15.2
2001,4.151790676116943,412,60.266666666666666,14.5
2001,3.0368731784820557,413,62.18333333333333,16.716666666666665
2001,3.0578525733947752,414,63.166666666666664,17.916666666666668
2001,2.0841135025024413,415,63.333333333333336,14.75
2001,3.340572280883789,416,63.75,19.4
2001,1.6771227049827575,417,64.5,17.4
2001,1.7972768592834472,418,65.45,19.4
2001,9.466825714111328,419,57.1,14.55
2001,8.428833770751954,420,57.13333333333333,14.766666666666667
2001,8.428833770751954,421,57.166666666666664,14.8
2001,12.523256378173828,422,58.05,12.016666666666667
2001,12.523256378173828,423,58.06666666666667,12.016666666666667
2001,5.542594032287598,424,59.75,14.9
2001,5.2558169937133785,425,59.9,15.233333333333333
2001,6.332154121398926,426,59.56666666666667,14.833333333333334
2001,2.1472072553634645,427,63.85,18.1
2001,2.3964189147949218,428,64.03333333333333,18.916666666666668
2001,2.6278049659729006,429,64.25,19.8
2001,11.775627899169923,430,56.333333333333336,14.966666666666669
2001,14.99921615600586,431,57.5,12.233333333333333
2001,11.61496467590332,432,58.43333333333333,11.733333333333333
2001,7.12991928100586,433,59.56666666666667,18.05
2001,6.744225158691406,434,59.083333333333336,17.633333333333333
2001,5.539311370849609,435,60.016666666666666,17.183333333333334
2001,7.357685623168945,436,58.95,16.983333333333334
2001,7.541238403320312,437,58.766666666666666,16.8
2001,7.1357613372802735,438,59.03333333333333,16.25
2001,6.1676067352294925,439,59.3,16.116666666666667
2001,7.125740814208984,440,58.15,15.416666666666666
2001,7.26486831665039,441,58.75,15.133333333333333
2001,7.257873687744141,442,57.86666666666667,14.75
2001,7.076251068115234,443,57.833333333333336,14.983333333333333
2001,7.666224899291993,444,57.5,15.333333333333334
2001,10.463619689941407,445,57.13333333333333,13.583333333333334
2001,9.188431091308594,446,56.88333333333333,15.1
2001,9.265536575317382,447,57.05,14.366666666666667
2001,9.143894653320313,448,56.833333333333336,13.733333333333333
2001,12.490585479736328,449,56.733333333333334,13.366666666666667
2001,6.922518768310547,450,58.05,16.1
2001,9.04116912841797,451,56.63333333333333,15.616666666666667
2001,10.23133804321289,452,56.85,16.316666666666666
2001,13.998582611083984,453,56.28333333333333,14.65
2001,11.683277740478516,454,56.4,15.3
2001,13.770825653076171,455,56.21666666666667,15.433333333333334
2001,12.442908782958984,456,56.38333333333333,14.533333333333331
2001,14.384803466796875,457,56.016666666666666,13.916666666666666
2001,14.342388153076172,458,56.1,13.516666666666667
2001,14.114671173095703,459,56.13333333333333,13.5
2001,14.455477447509766,460,55.916666666666664,13.583333333333334
2001,15.516333923339843,461,55.61666666666667,13.433333333333334
2001,17.711967163085937,462,57.06666666666667,12.55
2001,16.54356246948242,463,56.93333333333333,12.716666666666669
2001,14.839633483886718,464,56.766666666666666,13.133333333333333
2001,10.669261322021484,465,57,13.366666666666667
2001,15.925230712890626,466,56.68333333333333,13.15
2001,11.251120986938476,467,58.53333333333333,11.716666666666669
2001,11.024973602294923,468,57.4,13.1
2001,7.577826461791992,469,57.766666666666666,13.733333333333333
2001,8.324043579101563,470,58.71666666666667,11.966666666666669
2001,7.950809936523438,471,58.61666666666667,13.766666666666667
2001,6.579499664306641,472,59.65,13.8
2001,6.259280586242676,473,59.81666666666667,12.9
2001,4.230294418334961,474,60.583333333333336,13.116666666666667
2001,6.332154121398926,475,59.583333333333336,14.866666666666667
2001,6.182079200744629,476,59.583333333333336,14.7
2001,5.112723331451416,477,59.86666666666667,14.416666666666666
2001,6.2668137359619145,478,59.083333333333336,15.5
2001,7.108929901123047,479,59.333333333333336,15.933333333333334
2001,3.6460050678253175,480,61.11666666666667,14.35
2001,4.620674285888672,481,60.4,15.266666666666667
2001,3.4096533966064455,482,61.733333333333334,16.516666666666666
2001,4.084340991973877,483,60.65,16.283333333333335
2001,2.6792126274108887,484,62.266666666666666,16.333333333333332
2001,2.2769344234466553,485,62,14.416666666666666
2001,2.40254524230957,486,63.06666666666667,16.733333333333334
2001,1.8706161165237427,487,64.48333333333333,18.466666666666665
2001,1.5430940246582032,488,65.4,18.1
2001,2.988091468811035,489,65.95,23.25
2001,2.0364346361160277,490,66.06666666666666,20.616666666666667
2001,3.4096533966064455,491,61.71666666666667,16.516666666666666
2001,21.167390747070314,492,48.11666666666667,16.033333333333335
2001,17.574311828613283,493,47.766666666666666,16.316666666666666
2001,13.568869018554688,494,47.483333333333334,16.55
2001,12.69405288696289,495,46.733333333333334,14.5
2001,11.475667114257812,496,46.766666666666666,13.166666666666666
2001,11.966576843261718,497,46.71666666666667,13.666666666666666
2001,17.18677490234375,498,48.35,15.2
2001,17.131482543945314,499,47.63333333333333,16.133333333333333
2001,16.000744934082032,500,48.916666666666664,15.183333333333334
2001,30.873236083984374,501,48.1,12.866666666666667
2001,29.166150817871095,502,47.86666666666667,13.35
2001,13.969573974609375,503,47.483333333333334,13.416666666666666
2001,15.554232788085937,504,46.61666666666667,15.5
2001,13.414928283691406,505,47.36666666666667,15.166666666666666
2001,11.703268432617188,506,47.63333333333333,15.65
2001,8.914880218505859,507,47.05,14.1
2001,14.325587310791015,508,47.31666666666667,12.4
2001,10.576197204589844,509,47.38333333333333,10.9
2001,21.423137664794922,510,47.36666666666667,11.883333333333333
2001,27.629075469970704,511,47.483333333333334,9.983333333333333
2001,0.9439628982543945,512,69.56666666666666,28.883333333333333
2001,1.406066279411316,513,67.95,24.05
2001,1.4217105436325073,514,67.98333333333333,24.216666666666665
2001,1.6914722299575806,515,67.33333333333333,26.633333333333333
2001,2.187575659751892,516,66.31666666666666,26.633333333333333
2001,2.1767477560043336,517,66.35,26.716666666666665
2001,1.9459658193588256,518,66.28333333333333,29.45
2001,1.9548921966552735,519,66.33333333333333,29.35
2001,3.168902244567871,520,64.96666666666667,26.383333333333333
2001,5.140243110656738,521,61.86666666666667,24.216666666666665
2001,5.140243110656738,522,61.85,24.3
2001,6.802721099853516,523,60.65,23.8
2001,6.520215148925781,524,60.61666666666667,23.833333333333332
2001,6.705217514038086,525,60.63333333333333,26.083333333333332
2001,6.978492279052734,526,60.65,26.116666666666667
2001,4.195431480407715,527,61.766666666666666,29.333333333333332
2001,4.195431480407715,528,61.8,29.316666666666663
2001,7.288530654907227,529,60.7,27.85
2001,5.388007545471192,530,61.233333333333334,25.05
2001,3.547751522064209,531,63.15,30.7
2001,1.9459658193588256,532,66.3,29.483333333333334
2001,0.8531798791885375,533,69.73333333333333,26.95
2001,3.6161602401733397,534,63.55,22.483333333333334
2001,5.259151878356934,535,62.45,21.516666666666666
2001,4.920516929626465,536,62.05,24.366666666666667
2001,5.0360948181152345,537,61.916666666666664,23.316666666666663
2001,9.430846710205078,538,60.03333333333333,23.033333333333335
2001,3.0973049354553224,539,64.11666666666666,26.683333333333337
2001,2.187575659751892,540,66.33333333333333,26.633333333333333
2001,5.134953308105469,541,61.81666666666667,29.3
2001,2.0320533418655398,542,66.43333333333334,26.683333333333337
2001,6.098160781860352,543,60.983333333333334,27.266666666666666
2001,6.098160781860352,544,60.916666666666664,27.233333333333334
2001,25.45682861328125,545,46.583333333333336,6.65
2001,27.43618133544922,546,47.38333333333333,8.216666666666667
2001,27.460107421875,547,47.03333333333333,8.7
2001,16.387209014892576,548,47.21666666666667,7.4
2001,16.780709075927735,549,46.21666666666667,6.283333333333333
2001,20.916081848144533,550,47.68333333333333,8.533333333333333
2001,34.5601628112793,551,46.016666666666666,8.833333333333334
2001,3.557026672363281,552,46.483333333333334,9.883333333333333
2001,11.641072692871093,553,46.43333333333333,8.8
2001,26.23740264892578,554,46.11666666666667,9
2001,11.258780517578124,555,46.266666666666666,7.433333333333334
2001,4.253541526794433,556,46.65,10.216666666666669
2001,8.156662139892578,557,46.28333333333333,7.85
2001,26.083667907714844,558,47.266666666666666,7.883333333333333
2001,17.24920639038086,559,46.7,7.75
2001,30.574710388183593,560,47.15,9.066666666666666
2001,5.886478080749511,561,46.8,9.85
2001,28.661343383789063,562,47.46666666666667,8.35
2001,14.37394905090332,563,47.88333333333333,19.95
2001,14.37394905090332,564,47.85,19.966666666666665
2001,15.2399853515625,565,47.55,19.383333333333333
2001,12.861317138671875,566,46.96666666666667,19.55
2001,12.861317138671875,567,46.95,19.533333333333335
2001,13.103284912109375,568,47.333333333333336,21.083333333333332
2001,17.353499755859374,569,47.65,16.483333333333334
2001,16.508728637695313,570,47.65,16.516666666666666
2001,17.353499755859374,571,47.666666666666664,16.5
2001,15.391344299316406,572,46.81666666666667,16.4
2001,14.474539031982422,573,46.583333333333336,16.733333333333334
2001,12.861317138671875,574,46.95,19.55
2001,12.861317138671875,575,46.93333333333333,19.533333333333335
2001,10.469288635253907,576,43.9,26
2001,9.875935516357423,577,44.06666666666667,26.05
2001,10.413990478515625,578,44.3,25.6
2001,13.350700225830078,579,44.5,26.166666666666668
2001,12.351231842041015,580,44.9,26.1
2001,12.337474517822265,581,45.1,25.7
2001,7.140391502380371,582,45.5,25.583333333333332
2001,6.591487121582031,583,45.416666666666664,25.266666666666666
2001,11.296634254455567,584,46.68333333333333,22.616666666666667
2001,11.163294067382813,585,45.016666666666666,24.983333333333334
2001,6.256929893493652,586,47.43333333333333,25.55
2001,7.662140617370605,587,45.333333333333336,25.55
2001,13.386786193847657,588,53.88333333333333,14.5
2001,12.486525039672852,589,54.8,17.933333333333334
2001,15.784068756103515,590,53.78333333333333,15.05
2001,14.846890869140625,591,53.18333333333333,14.483333333333333
2001,17.93560821533203,592,52.9,15.35
2001,18.272071838378906,593,52.766666666666666,14.9
2001,16.85697998046875,594,53.11666666666667,16.033333333333335
2001,14.038290405273438,595,53.766666666666666,15.483333333333333
2001,13.418021850585937,596,54.666666666666664,17.983333333333334
2001,13.285999908447266,597,53.8,16.35
2001,15.88210174560547,598,54.15,17.116666666666667
2001,14.427760467529296,599,54.2,17.216666666666665
2001,14.557987365722656,600,54.083333333333336,19.15
2001,14.557987365722656,601,54.083333333333336,19.2
2001,15.309420318603516,602,54.05,20.4
2001,24.031547241210937,603,54.15,20.166666666666668
2001,16.792379150390627,604,53.766666666666666,19.033333333333335
2001,21.34446746826172,605,53.45,19.416666666666668
2001,10.757498168945313,606,54.28333333333333,23
2001,11.46578598022461,607,54.266666666666666,22.833333333333332
2001,15.889146423339843,608,54.333333333333336,22.35
2001,17.8314599609375,609,53.65,20.15
2001,17.204173583984375,610,53.666666666666664,21.433333333333337
2001,13.837478637695313,611,53.96666666666667,23.116666666666667
2001,13.646391296386719,612,53.9,23.316666666666663
2001,12.537028656005859,613,53.2,23.15
2001,13.547831420898438,614,53.2,23.35
2001,13.176251220703126,615,52.666666666666664,23.716666666666665
2001,12.395205993652343,616,52.85,23.666666666666668
2001,19.515043334960936,617,53.43333333333333,21.816666666666663
2001,14.48670654296875,618,53.28333333333333,22.05
2001,16.620303649902343,619,53.81666666666667,17.85
2001,16.889385986328126,620,53.93333333333333,18.083333333333332
2001,20.103104553222657,621,53.483333333333334,16.383333333333333
2001,18.696955261230467,622,53.3,16.833333333333332
2001,17.160538330078126,623,53.6,16.95
2001,17.301743927001954,624,53.266666666666666,19.55
2001,17.882373962402344,625,52.983333333333334,19.233333333333334
2001,17.232633972167967,626,52.55,15.25
2001,16.77030822753906,627,52.516666666666666,14.95
2001,20.371109619140626,628,52.8,16.416666666666668
2001,23.688753356933592,629,52.95,18.516666666666666
2001,25.029887084960937,630,52.7,18.916666666666668
2001,15.55605941772461,631,51.86666666666667,15.533333333333331
2001,15.604348602294921,632,52.35,15.8
2001,17.092085876464843,633,52.25,16.316666666666666
2001,25.959380493164062,634,52,17.316666666666666
2001,16.757268676757814,635,51.8,16.5
2001,25.86159942626953,636,52.63333333333333,17.65
2001,24.064420471191408,637,51.95,17.2
2001,17.889947204589845,638,51.516666666666666,18.25
2001,24.743155517578124,639,51.6,16.916666666666668
2001,22.112733154296876,640,53.11666666666667,19.783333333333335
2001,17.033158264160157,641,52.71666666666667,20.6
2001,16.94340377807617,642,52.36666666666667,19.9
2001,14.508531799316406,643,52.016666666666666,21.1
2001,14.581299285888672,644,51.8,21.45
2001,15.320407409667968,645,53.3,21.616666666666667
2001,16.643969421386718,646,53.18333333333333,21.083333333333332
2001,12.868360900878907,647,52.766666666666666,22.666666666666668
2001,12.989329833984375,648,51.43333333333333,22.766666666666666
2001,13.718181457519531,649,51.96666666666667,22.983333333333334
2001,11.639853973388671,650,51.483333333333334,23.35
2001,11.989146270751952,651,51.233333333333334,23.5
2001,10.644664001464843,652,50.63333333333333,23.75
2001,17.058663635253907,653,51.36666666666667,15.683333333333334
2001,17.890948791503906,654,51.25,15.483333333333333
2001,15.423479766845704,655,51.35,16.5
2001,14.622797393798828,656,50.88333333333333,17.633333333333333
2001,13.592338638305664,657,50.63333333333333,16.933333333333334
2001,13.496109008789063,658,50.38333333333333,17.55
2001,15.264247283935546,659,50.43333333333333,17.95
2001,15.532093353271485,660,50.53333333333333,17.7
2001,15.577599029541016,661,50.8,18.166666666666668
2001,18.3192431640625,662,50.583333333333336,18.45
2001,16.982650451660156,663,50.233333333333334,18.316666666666663
2001,16.779987030029297,664,51.333333333333336,19.266666666666666
2001,14.252591400146484,665,51.1,20.416666666666668
2001,14.984308624267578,666,51.083333333333336,20.15
2001,12.441525421142579,667,50.7,20.766666666666666
2001,13.031607513427735,668,51.65,21.033333333333335
2001,12.564193725585938,669,51.2,21.383333333333333
2001,12.279989852905274,670,51.21666666666667,22.65
2001,12.89269157409668,671,51.166666666666664,21.866666666666667
2001,12.188252410888673,672,50.38333333333333,23.45
2001,11.895110931396484,673,50.43333333333333,23.4
2001,15.262863006591797,674,50.75,18.666666666666668
2001,15.415316467285157,675,51,19.05
2001,18.54628204345703,676,50.2,19.4
2001,16.69844627380371,677,50.35,19.35
2001,17.010270080566407,678,50.333333333333336,19.65
2001,15.193457183837891,679,50.7,19.216666666666665
2001,13.7372705078125,680,50.71666666666667,20.3
2001,14.310323638916016,681,50.55,21.25
2001,14.288882141113282,682,50.46666666666667,22.116666666666667
2001,13.55131118774414,683,50.5,22.933333333333337
2001,12.662153625488282,684,50.416666666666664,22.75
2001,15.20179557800293,685,50.05,20.566666666666663
2001,16.227115631103516,686,50.06666666666667,20.8
2001,13.253003082275391,687,50.266666666666666,22.116666666666667
2001,16.542958908081054,688,50.833333333333336,15.416666666666666
2001,15.122566528320313,689,50.85,15.516666666666667
2001,13.527246475219727,690,50.266666666666666,16.633333333333333
2001,17.12576171875,691,50.31666666666667,16.416666666666668
2001,14.585157928466797,692,50.25,16.983333333333334
2001,13.930663299560546,693,50.233333333333334,16.783333333333335
2001,18.469623565673828,694,49.666666666666664,18.966666666666665
2001,14.441747512817383,695,49.75,21.816666666666663
2001,13.93840072631836,696,49.61666666666667,22.466666666666665
2001,11.819448852539063,697,49.2,22.716666666666665
2001,11.506831283569335,698,49.06666666666667,22.85
2001,16.86829849243164,699,49.65,19.033333333333335
2001,14.402409286499024,700,49.6,19.083333333333332
2001,15.811333312988282,701,49.516666666666666,18.9
2001,15.928737716674805,702,49.75,19.8
2001,14.53231719970703,703,49.68333333333333,20.166666666666668
2001,13.164050521850585,704,49.416666666666664,20.816666666666663
2001,11.421421813964844,705,49.333333333333336,20.833333333333332
2001,15.20885986328125,706,49.483333333333334,21.616666666666667
2001,14.118679351806641,707,49.4,21.95
2001,13.066345520019532,708,49.45,19.983333333333334
2001,18.272071838378906,709,52.733333333333334,14.866666666666667
2001,16.40446334838867,710,52.86666666666667,15.716666666666669
2001,13.412850036621094,711,54.53333333333333,17.9
2001,13.888967590332031,712,54.55,18.266666666666666
2001,16.518770446777342,713,53.983333333333334,19.433333333333337
2001,16.08980773925781,714,53.85,20.533333333333335
2001,13.47872543334961,715,53.583333333333336,23.266666666666666
2001,13.343934783935547,716,53.68333333333333,16.766666666666666
2001,15.288563385009766,717,51.81666666666667,15.783333333333331
2001,23.219021606445313,718,51.766666666666666,17.566666666666666
2001,23.294017333984375,719,52.483333333333334,19.6
2001,12.61783432006836,720,52.333333333333336,22.65
2001,13.662474212646485,721,52.03333333333333,22.716666666666665
2001,17.890948791503906,722,51.3,15.416666666666666
2001,15.532093353271485,723,50.6,17.683333333333334
2001,13.46378433227539,724,50.61666666666667,17.25
2001,19.10279815673828,725,50.083333333333336,18.65
2001,18.962588806152343,726,50.3,18.483333333333334
2001,14.20359634399414,727,51.03333333333333,19.6
2001,10.87368537902832,728,50.5,23.466666666666665
2001,18.482477111816408,729,50.483333333333334,20.116666666666667
2001,15.618143920898438,730,51.05,15.866666666666667
2001,13.112992172241212,731,50.78333333333333,16.2
2001,13.91584945678711,732,49.85,22.6
2001,13.93840072631836,733,49.65,22.483333333333334
2001,12.548918151855469,734,49.45,22.283333333333335
2001,15.400037460327148,735,49.65,20.25
2001,15.70302520751953,736,48.2,18.383333333333333
2001,11.532310829162597,737,48.916666666666664,19.483333333333334
2001,13.852040786743164,738,48.63333333333333,19.533333333333335
2001,14.89877410888672,739,47.88333333333333,17.583333333333332
2001,14.81942886352539,740,48.61666666666667,19.033333333333335
2001,8.628010025024414,741,49.166666666666664,20.233333333333334
2001,13.469868545532227,742,49.18333333333333,22.083333333333332
2001,16.013015365600587,743,49.5,18.566666666666663
2001,16.013015365600587,744,49.483333333333334,18.566666666666663
2001,14.927677764892579,745,48.38333333333333,19
2001,12.070943298339843,746,48.95,19.383333333333333
2001,14.81942886352539,747,48.61666666666667,19.016666666666666
2001,10.985313148498536,748,58.38333333333333,8.233333333333333
2001,3.8655816221237185,749,59.03333333333333,7.566666666666666
2001,1.4315524005889892,750,65.88333333333334,13.8
2001,8.755092735290527,751,58.96666666666667,11.516666666666667
2001,3.3947426795959474,752,60.6,6.516666666666667
2001,2.1855585765838623,753,64.65,12.266666666666667
2001,3.2762015533447264,754,61.266666666666666,11.85
2001,7.045943851470947,755,59.43333333333333,9.866666666666667
2001,2.7082220458984376,756,61,9.216666666666669
2001,2.372669200897217,757,63.28333333333333,11.183333333333334
2001,1.707784695625305,758,62.766666666666666,8.883333333333333
2001,5.557772083282471,759,60.36666666666667,11.066666666666666
2001,12.196558914184571,760,59.333333333333336,5.783333333333333
2001,3.2762015533447264,761,61.28333333333333,11.85
2001,1.707784695625305,762,62.78333333333333,8.883333333333333
2001,7.045943851470947,763,59.45,9.866666666666667
2001,8.943380432128906,764,56.35,24.95
2001,12.049981536865234,765,54.833333333333336,24.05
2001,12.492322540283203,766,54.85,23.533333333333335
2001,9.41116340637207,767,56.333333333333336,24.833333333333332
2001,11.223723754882812,768,54.416666666666664,24.95
2001,12.049981536865234,769,54.81666666666667,24.066666666666663
2001,10.081005935668946,770,54.78333333333333,24.066666666666663
2001,13.012888488769532,771,54.18333333333333,24.6
2001,8.921795730590821,772,55.8,25.516666666666666
2001,12.626780090332032,773,55.81666666666667,21.466666666666665
2001,12.049981536865234,774,54.833333333333336,24.033333333333335
2001,17.277667236328124,775,50.03333333333333,12.616666666666667
2001,13.842487945556641,776,50.166666666666664,17.066666666666666
2001,13.781676330566405,777,50.1,17.2
2001,16.361123657226564,778,49.45,15.766666666666667
2001,15.754275665283203,779,50.55,15.95
2001,17.825706481933594,780,49.666666666666664,15.216666666666669
2001,15.884515075683593,781,50.18333333333333,12.883333333333333
2001,15.984108276367188,782,49.25,15.7
2001,14.554535293579102,783,50.733333333333334,15.533333333333331
2001,17.866412963867187,784,49.06666666666667,17.266666666666666
2001,21.87376892089844,785,50.13333333333333,15.866666666666667
2001,19.341327209472656,786,49.9,14.533333333333331
2001,16.970555725097658,787,49.21666666666667,14.3
2001,16.499252319335938,788,49.016666666666666,14.966666666666669
2001,19.3843115234375,789,50.28333333333333,16.383333333333333
2001,15.071414489746093,790,49.733333333333334,12.85
2001,16.428861083984376,791,49,14.8
2001,17.077641906738283,792,50.63333333333333,14.6
2001,17.406736373901367,793,50.833333333333336,15.333333333333334
2001,17.854186401367187,794,49.7,17.133333333333333
2001,17.300027770996095,795,49.45,18.383333333333333
2001,6.223409614562988,796,59.55,26.033333333333335
2001,6.060728454589844,797,59.56666666666667,26.116666666666667
2001,6.900606079101562,798,58.05,26.1
2001,6.873526840209961,799,58.11666666666667,27.05
2001,6.341347122192383,800,58.35,26.966666666666665
2001,6.822107009887695,801,57.7,26.516666666666666
2001,5.964928054809571,802,59.516666666666666,26.4
2001,5.984028549194336,803,58.266666666666666,26.45
2001,12.891672439575196,804,46.36666666666667,13.933333333333334
2001,30.205009765625,805,45.983333333333334,13.733333333333333
2001,26.864462585449218,806,45.666666666666664,13.85
2001,21.95143341064453,807,46.28333333333333,14.4
2001,13.923193664550782,808,45.53333333333333,14.8
2001,15.655565795898438,809,46.46666666666667,15.383333333333333
2001,15.181683044433594,810,46.36666666666667,15.233333333333333
2001,16.987152099609375,811,46.1,15.066666666666666
2001,14.520011596679687,812,45.63333333333333,14.633333333333333
2001,16.64443145751953,813,45.86666666666667,15.416666666666666
2001,13.69302749633789,814,46.483333333333334,16.516666666666666
2001,15.655565795898438,815,46.45,15.383333333333333
2001,2.5723852252960206,816,64.13333333333334,32.233333333333334
2001,1.9877251815795898,817,64.11666666666666,32.88333333333333
2001,2.4565801429748535,818,63.85,30.9
2001,2.8017579174041747,819,63.85,31.55
2001,2.468414030075073,820,63.833333333333336,32.85
2001,3.470983848571777,821,63.56666666666667,30.883333333333333
2001,2.829865608215332,822,63.56666666666667,31.533333333333335
2001,2.838349685668945,823,63.266666666666666,32.166666666666664
2001,3.0124276733398436,824,63.25,32.8
2001,3.1696482849121095,825,62.96666666666667,32.78333333333333
2001,3.0229577445983886,826,62.93333333333333,34.03333333333333
2001,3.438534183502197,827,62.916666666666664,34.666666666666664
2001,2.805790414810181,828,62.9,35.3
2001,2.4881675815582276,829,62.86666666666667,35.916666666666664
2001,3.507121734619141,830,62.583333333333336,35.86666666666667
2001,3.3191947746276855,831,62.28333333333333,36.43333333333333
2001,3.5150208282470703,832,62.083333333333336,33.916666666666664
2001,3.594897232055664,833,61.983333333333334,36.36666666666667
2001,3.5117941665649415,834,61.96666666666667,36.96666666666667
2001,3.2840241813659667,835,61.93333333333333,37.583333333333336
2001,5.068361892700195,836,61.85,30.833333333333332
2001,3.6268892097473144,837,61.81666666666667,33.266666666666666
2001,3.766360836029053,838,61.8,33.88333333333333
2001,3.7470922088623047,839,61.666666666666664,36.916666666666664
2001,4.87089054107666,840,61.55,30.216666666666665
2001,4.887637691497803,841,61.55,32.03333333333333
2001,4.097746086120606,842,61.5,33.833333333333336
2001,3.8936256790161132,843,61.483333333333334,34.45
2001,4.001716003417969,844,61.46666666666667,35.05
2001,5.455068435668945,845,61.266666666666666,29.633333333333333
2001,3.7493450260162353,846,61.266666666666666,30.216666666666665
2001,5.212707614898681,847,61.25,32.61666666666667
2001,4.904341506958008,848,61.233333333333334,33.21666666666667
2001,3.8472189140319824,849,61.2,34.4
2001,5.846914863586425,850,60.95,33.18333333333333
2001,5.704722785949707,851,61.25,29.316666666666663
2001,5.9929940795898435,852,61.11666666666667,29.033333333333335
2001,5.764404945373535,853,61.11666666666667,29.333333333333332
2001,5.540916519165039,854,61.11666666666667,29.616666666666667
2001,4.79059211730957,855,61.11666666666667,29.933333333333337
2001,1.8598847150802613,856,64.7,32.95
2001,6.178350868225098,857,60.96666666666667,29.033333333333335
2001,6.488309326171875,858,60.96666666666667,29.333333333333332
2001,6.236568145751953,859,60.96666666666667,29.633333333333333
2001,6.464484939575195,860,60.96666666666667,30.216666666666665
2001,6.622082595825195,861,60.833333333333336,28.45
2001,6.842040786743164,862,60.833333333333336,28.75
2001,6.1423797607421875,863,60.833333333333336,29.066666666666663
2001,5.097940807342529,864,60.833333333333336,29.35
2001,6.506634674072266,865,60.81666666666667,29.633333333333333
2001,5.817377548217774,866,60.833333333333336,29.933333333333337
2001,5.245265712738037,867,60.81666666666667,30.233333333333334
2001,5.83482479095459,868,60.68333333333333,29.933333333333337
2001,5.5307349014282225,869,60.68333333333333,28.466666666666665
2001,7.248320159912109,870,60.68333333333333,29.05
2001,7.347571029663086,871,60.7,29.333333333333332
2001,6.372679023742676,872,60.68333333333333,29.65
2001,5.995034561157227,873,60.68333333333333,30.216666666666665
2001,5.839083213806152,874,60.68333333333333,30.483333333333334
2001,7.706867218017578,875,60.53333333333333,27.916666666666668
2001,6.433958549499511,876,60.55,28.216666666666665
2001,5.7642225074768065,877,60.53333333333333,28.483333333333334
2001,8.807236862182616,878,60.53333333333333,28.766666666666666
2001,6.089262962341309,879,60.55,29.366666666666667
2001,5.6579145812988285,880,60.55,29.633333333333333
2001,7.324122543334961,881,60.55,29.933333333333337
2001,5.455925674438476,882,60.55,30.516666666666666
2001,9.024886322021484,883,60.4,28.766666666666666
2001,8.377152862548828,884,60.4,29.066666666666663
2001,8.839291915893554,885,60.4,29.35
2001,8.65849624633789,886,60.4,29.633333333333333
2001,7.8069546508789065,887,60.4,29.933333333333337
2001,7.246209335327149,888,60.416666666666664,30.2
2001,9.706441497802734,889,60.266666666666666,29.066666666666663
2001,8.764760055541991,890,60.266666666666666,29.35
2001,8.079055404663086,891,60.266666666666666,29.633333333333333
2001,9.128775482177735,892,60.266666666666666,29.933333333333337
2001,7.267723846435547,893,60.11666666666667,30.516666666666666
2001,7.972697448730469,894,60.11666666666667,30.8
2001,8.738246307373046,895,59.983333333333334,30.8
2001,5.904200439453125,896,59.983333333333334,31.083333333333332
2001,1.8262095355987549,897,66.43333333333334,32.43333333333333
2001,1.794347653388977,898,66.41666666666667,33.15
2001,1.6395403671264648,899,66.15,31.683333333333337
2001,1.7097250461578368,900,66.13333333333334,33.11666666666667
2001,1.7415476608276368,901,66.11666666666666,33.81666666666667
2001,1.902924370765686,902,65.86666666666666,30.95
2001,1.8250444173812865,903,65.86666666666666,31.666666666666668
2001,1.4538465738296509,904,65.85,33.083333333333336
2001,1.321573543548584,905,65.83333333333333,33.78333333333333
2001,1.4018360519409179,906,65.81666666666666,34.46666666666667
2001,1.8911887454986571,907,65.58333333333333,30.966666666666665
2001,1.701999878883362,908,65.58333333333333,31.65
2001,1.6050625371932983,909,65.56666666666666,32.35
2001,1.5938317918777465,910,65.56666666666666,33.03333333333333
2001,2.2346905517578124,911,65.3,30.25
2001,2.126829590797424,912,65.3,30.95
2001,2.099592351913452,913,65.3,31.633333333333333
2001,1.4658631134033202,914,65.26666666666667,33.016666666666666
2001,1.4866746401786803,915,65.25,33.68333333333333
2001,1.4671157479286194,916,65.25,34.38333333333333
2001,2.241602439880371,917,65.01666666666667,30.25
2001,1.9019896030426025,918,65,32.28333333333333
2001,1.7267141246795654,919,64.98333333333333,32.983333333333334
2001,1.6598635816574097,920,64.96666666666667,33.65
2001,1.5069669890403747,921,64.95,34.333333333333336
2001,2.321512336730957,922,64.73333333333333,30.25
2001,1.9979817819595338,923,64.71666666666667,30.916666666666668
2001,1.9883773994445801,924,64.71666666666667,31.6
2001,2.165333671569824,925,64.41666666666667,32.9
2001,2.048153657913208,926,64.4,33.583333333333336
2001,2.1826974391937255,927,64.38333333333334,34.25
2001,2.5261056423187256,928,64.15,31.566666666666663
2001,2.350819778442383,929,64.1,33.53333333333333
2001,2.1815296983718873,930,64.08333333333333,34.2
2001,2.5830675983428955,931,63.85,32.2
2001,1.860140733718872,932,63.8,34.15
2001,2.4938797092437746,933,63.78333333333333,34.8
2001,2.4644015789031983,934,63.55,32.833333333333336
2001,2.6085410594940184,935,63.53333333333333,33.46666666666667
2001,2.7433605861663817,936,63.21666666666667,34.71666666666667
2001,2.8078842163085938,937,63.18333333333333,35.35
2001,2.896434478759766,938,63.166666666666664,35.983333333333334
2001,2.9281174468994142,939,62.983333333333334,32.13333333333333
2001,3.281103687286377,940,62.7,32.11666666666667
2001,3.519142665863037,941,62.68333333333333,32.733333333333334
2001,3.580453109741211,942,62.666666666666664,33.36666666666667
2001,3.3329415130615234,943,62.63333333333333,34.61666666666667
2001,3.75225528717041,944,62.416666666666664,31.466666666666665
2001,3.5565410232543946,945,62.4,32.71666666666667
2001,3.334134006500244,946,62.38333333333333,33.333333333333336
2001,3.073798055648804,947,62.36666666666667,33.96666666666667
2001,3.212368869781494,948,62.333333333333336,35.18333333333333
2001,5.094233779907227,949,62.13333333333333,30.85
2001,4.121583194732666,950,62.13333333333333,31.45
2001,4.106151332855225,951,62.11666666666667,32.06666666666667
2001,3.987048110961914,952,62.11666666666667,32.68333333333333
2001,3.525332450866699,953,62.1,33.3
2001,3.249409484863281,954,62.05,35.15
2001,5.138899765014648,955,61.833333333333336,31.45
2001,4.028793640136719,956,61.81666666666667,32.666666666666664
2001,5.0064623832702635,957,61.55,31.433333333333337
2001,3.646650905609131,958,61.53333333333333,32.63333333333333
2001,4.016274108886718,959,61.516666666666666,33.233333333333334
2001,5.088569679260254,960,60.93333333333333,33.78333333333333
2001,9.159842681884765,961,42.766666666666666,23.75
2001,10.100915069580077,962,43.05,27.766666666666666
2001,5.997165222167968,963,42.06666666666667,23.8
2001,10.090263748168946,964,42.9,27.75
2001,6.584694671630859,965,41.68333333333333,24.733333333333334
2001,13.206054992675782,966,56.21666666666667,21.116666666666667
2001,6.67908935546875,967,57.166666666666664,25.7
2001,9.192020874023438,968,56.733333333333334,23.683333333333337
2001,6.121437377929688,969,35,33.05
2001,5.551856613159179,970,34.95,32.81666666666667
2001,5.69389274597168,971,34.916666666666664,32.916666666666664
2001,7.363041839599609,972,35.016666666666666,32.61666666666667
2001,13.478468780517579,973,45.15,19.8
2001,7.330783157348633,974,43.28333333333333,20.8
2001,12.816234588623047,975,45.45,19.166666666666668
2001,13.616489715576172,976,44.11666666666667,21.966666666666665
2001,8.136502990722656,977,43.75,19.483333333333334
2002,17.367206420898437,1,47.86666666666667,6.2
2002,15.602400207519532,2,46.96666666666667,5.233333333333333
2002,18.7233869934082,3,46.166666666666664,5.233333333333333
2002,16.721090393066405,4,47.06666666666667,5.066666666666666
2002,15.220433349609374,5,48.166666666666664,-1.5333333333333332
2002,14.562822265625,6,45.93333333333333,4.466666666666667
2002,15.226919250488281,7,47.083333333333336,4.083333333333333
2002,14.117286224365234,8,46.56666666666667,5.866666666666667
2002,12.285009155273437,9,46.516666666666666,6.05
2002,6.180840110778808,10,45.583333333333336,6.783333333333333
2002,16.045528259277344,11,46.21666666666667,6.333333333333333
2002,7.529333953857422,12,44.11666666666667,5.8
2002,15.38559814453125,13,47.8,4.85
2002,17.151976013183592,14,47.18333333333333,6.266666666666667
2002,13.621356201171874,15,44.916666666666664,5.283333333333333
2002,14.588834533691406,16,47.78333333333333,5.066666666666666
2002,19.58874755859375,17,48.63333333333333,6.066666666666666
2002,4.678783187866211,18,44.7,6.55
2002,5.791910514831543,19,44.016666666666666,6.666666666666667
2002,15.220433349609374,20,48.2,-1.55
2002,14.738601989746094,21,47.93333333333333,3.716666666666667
2002,5.077484588623047,22,44.483333333333334,6.45
2002,13.452598419189453,23,46.96666666666667,6.45
2002,11.58820426940918,24,44.93333333333333,5.316666666666666
2002,13.088059539794921,25,45.416666666666664,6.116666666666666
2002,18.145052947998046,26,46.833333333333336,5.783333333333333
2002,19.470103759765625,27,48.333333333333336,4.3
2002,14.60274658203125,28,46.81666666666667,2.5666666666666664
2002,22.18465362548828,29,43.733333333333334,-0.8333333333333334
2002,14.810690002441406,30,47.45,-0.01666666666666666
2002,18.36984649658203,31,49.016666666666666,5.766666666666667
2002,22.53349090576172,32,50.166666666666664,3.75
2002,13.77247817993164,33,43.2,-0.03333333333333333
2002,14.34474822998047,34,46.666666666666664,2.716666666666667
2002,19.97876892089844,35,48.28333333333333,4.45
2002,14.884001159667969,36,47.25,2.1166666666666667
2002,19.812886352539063,37,49.35,1.5
2002,16.5650634765625,38,47.56666666666667,1.25
2002,23.0085302734375,39,49.03333333333333,4.95
2002,21.34982940673828,40,48.86666666666667,6.483333333333333
2002,19.631537170410155,41,49,7.45
2002,14.095924072265625,42,46.96666666666667,3.65
2002,17.66224365234375,43,49.38333333333333,2.3
2002,15.658590087890625,44,48.516666666666666,0.6666666666666666
2002,21.007179565429688,45,47.68333333333333,7.466666666666667
2002,15.935423278808594,46,47.78333333333333,0.36666666666666664
2002,12.611648864746094,47,44.03333333333333,1.7333333333333334
2002,15.185339660644532,48,46.61666666666667,0.48333333333333334
2002,17.610218811035157,49,48.016666666666666,6.033333333333333
2002,19.04506591796875,50,48.983333333333334,7.716666666666667
2002,19.997167663574217,51,48.45,2.716666666666667
2002,12.004829559326172,52,46.15,1.8166666666666669
2002,10.612849502563476,53,43.43333333333333,2.7
2002,15.24657745361328,54,48.56666666666667,-0.06666666666666667
2002,11.860196228027343,55,43.1,-0.1
2002,21.499571838378905,56,49.93333333333333,4.8
2002,10.72624382019043,57,43.63333333333333,2.9166666666666665
2002,12.65285888671875,58,45.75,2.95
2002,12.879251708984375,59,47,4.116666666666666
2002,11.680089111328124,60,43.43333333333333,2.4333333333333336
2002,11.652405090332032,61,45.8,1.8
2002,16.673304748535156,62,48.233333333333334,7.1
2002,19.171982421875,63,49.2,3.1166666666666667
2002,12.354300384521485,64,42.916666666666664,1.2666666666666666
2002,14.792975616455077,65,49.166666666666664,-0.85
2002,11.978618469238281,66,47.833333333333336,-3.533333333333333
2002,9.34863426208496,67,44.1,3.533333333333333
2002,21.06624267578125,68,48.5,6.7
2002,23.821917419433593,69,49.166666666666664,5
2002,22.15428192138672,70,49.31666666666667,2.8666666666666667
2002,15.19202407836914,71,43.15,-0.65
2002,11.797363891601563,72,43.016666666666666,0.43333333333333335
2002,22.597154541015627,73,49.7,1.3166666666666669
2002,13.818291931152343,74,43.4,2.1666666666666665
2002,17.676629333496095,75,48.1,6.233333333333333
2002,7.430928344726563,76,42.25,8.833333333333334
2002,16.08844940185547,77,47.65,2.0833333333333335
2002,7.59917911529541,78,41.75,9.2
2002,11.499760284423829,79,43.93333333333333,-1.3333333333333333
2002,12.663052978515625,80,44.1,0.1
2002,13.221747131347657,81,44.03333333333333,-0
2002,15.935423278808594,82,47.733333333333334,0.3333333333333333
2002,9.069877166748046,83,44.85,3.05
2002,13.448343811035157,84,47.53333333333333,-1.8
2002,16.960816040039063,85,47.81666666666667,2.4333333333333336
2002,15.605832214355468,86,48.6,-0.5
2002,9.60187957763672,87,45.4,3.6833333333333336
2002,19.460091552734376,88,48.85,7.7
2002,19.631537170410155,89,48.916666666666664,7.433333333333334
2002,23.45180145263672,90,49.45,0.7333333333333333
2002,19.171856994628907,91,48.68333333333333,1.7166666666666668
2002,18.9008203125,92,48.21666666666667,6.683333333333334
2002,9.061440887451171,93,44.7,3.95
2002,10.053485260009765,94,42.85,1.3333333333333333
2002,9.671611862182617,95,42.86666666666667,2.1
2002,19.130001831054688,96,48.6,7.133333333333334
2002,11.146780090332031,97,45.43333333333333,3.5166666666666666
2002,14.821855926513672,98,47.93333333333333,7.116666666666666
2002,9.62729248046875,99,45.96666666666667,-1.2666666666666666
2002,8.634029998779297,100,46.86666666666667,-2.1333333333333333
2002,12.631925354003906,101,46.18333333333333,2.9833333333333334
2002,35.612764282226564,102,51.06666666666667,3.033333333333333
2002,22.33054718017578,103,50.78333333333333,4.7
2002,23.280359191894533,104,50.7,4.3
2002,38.82680297851562,105,51.4,5.05
2002,33.30928344726563,106,51.3,4.516666666666667
2002,24.433651123046875,107,50.96666666666667,3.8
2002,23.218590393066407,108,50.983333333333334,4.2
2002,33.03682159423828,109,50.96666666666667,2.95
2002,29.5110693359375,110,51.166666666666664,5.316666666666666
2002,30.474620361328125,111,50.93333333333333,5.6
2002,24.340814819335936,112,50.733333333333334,4.4
2002,21.25040283203125,113,49.95,4.816666666666666
2002,23.357199096679686,114,50.21666666666667,5.616666666666667
2002,21.529377746582032,115,49.766666666666666,5.45
2002,21.775567626953126,116,50.233333333333334,5.983333333333333
2002,23.76860626220703,117,50.583333333333336,6.1
2002,21.455696716308594,118,50.05,5.216666666666667
2002,22.742920532226563,119,49.516666666666666,5.566666666666666
2002,22.75108947753906,120,50.1,4.266666666666667
2002,21.605654296875,121,50.666666666666664,4.6
2002,30.456292724609376,122,52.96666666666667,6.733333333333333
2002,31.798727416992186,123,52.86666666666667,6.333333333333333
2002,31.798727416992186,124,52.86666666666667,6.35
2002,30.40695068359375,125,52.9,6.716666666666667
2002,36.56890350341797,126,52.53333333333333,6.55
2002,49.049498291015624,127,52.166666666666664,5.75
2002,38.23460083007812,128,51.31666666666667,5.516666666666667
2002,35.963046875,129,51.55,4.766666666666667
2002,44.29908142089844,130,52.233333333333334,5.633333333333333
2002,37.53336791992187,131,52.1,5.216666666666667
2002,38.85061584472656,132,52.15,5.883333333333333
2002,31.342726135253905,133,52.833333333333336,6.433333333333334
2002,41.42106811523438,134,52.266666666666666,5.733333333333333
2002,20.620951843261718,135,52.46666666666667,13.216666666666669
2002,17.87759063720703,136,52.416666666666664,13.6
2002,17.553585815429688,137,53.1,12.416666666666666
2002,18.496722106933593,138,53.13333333333333,12.95
2002,17.285271301269532,139,52.96666666666667,13.633333333333333
2002,17.482852478027343,140,52.18333333333333,12.55
2002,18.82548583984375,141,51.78333333333333,13.55
2002,18.310995178222655,142,52.13333333333333,14
2002,18.496722106933593,143,53.13333333333333,12.966666666666669
2002,18.82548583984375,144,51.78333333333333,13.566666666666666
2002,16.351913299560547,145,52.15,14.016666666666667
2002,18.496722106933593,146,53.15,12.983333333333333
2002,17.037748413085936,147,52.15,14.483333333333333
2002,21.65166259765625,148,48.8,8.383333333333333
2002,25.01681182861328,149,49.45,8.75
2002,16.768521118164063,150,47.983333333333334,8.983333333333333
2002,17.714405212402344,151,48.28333333333333,8.65
2002,22.235502319335936,152,47.78333333333333,7.7
2002,20.770365905761718,153,48.016666666666666,7.966666666666667
2002,24.577677307128905,154,48,9.95
2002,15.812502136230469,155,48.6,8.633333333333333
2002,24.47056610107422,156,48.86666666666667,9.566666666666666
2002,20.80664520263672,157,49.516666666666666,9.166666666666666
2002,25.22950714111328,158,48.75,9.416666666666666
2002,15.812502136230469,159,48.583333333333336,8.633333333333333
2002,25.01681182861328,160,49.46666666666667,8.733333333333333
2002,20.770365905761718,161,48.016666666666666,7.95
2002,24.577677307128905,162,48,9.966666666666669
2002,15.812502136230469,163,48.583333333333336,8.616666666666667
2002,22.9254833984375,164,49.4,11.316666666666666
2002,25.16642578125,165,48.11666666666667,11.916666666666666
2002,20.48063415527344,166,49.75,12.383333333333333
2002,20.64555419921875,167,48.96666666666667,12.866666666666667
2002,19.482857055664063,168,48.916666666666664,11.75
2002,22.804370727539062,169,48.4,11.65
2002,26.0323095703125,170,48.21666666666667,12.733333333333333
2002,17.386786651611327,171,50.35,9.916666666666666
2002,10.648772926330567,172,47.56666666666667,12.933333333333334
2002,21.065654907226563,173,49.11666666666667,10.583333333333334
2002,21.391825256347655,174,49.85,10.516666666666667
2002,21.022948303222655,175,49.96666666666667,11.8
2002,20.68604461669922,176,48.7,12.733333333333333
2002,23.054950561523437,177,49.68333333333333,11.5
2002,22.36007019042969,178,49.96666666666667,9.45
2002,27.00441375732422,179,47.86666666666667,10.783333333333331
2002,21.00874740600586,180,47.56666666666667,10.383333333333333
2002,22.362081909179686,181,48.4,10.533333333333331
2002,23.65924041748047,182,49.266666666666666,12.383333333333333
2002,18.64729461669922,183,50.45,11.35
2002,21.10891326904297,184,49.71666666666667,9.883333333333333
2002,22.816419677734373,185,47.71666666666667,11.666666666666666
2002,22.32943603515625,186,48.28333333333333,11.066666666666666
2002,24.02565155029297,187,52.833333333333336,10.25
2002,28.038319091796875,188,51.85,10.4
2002,26.284159851074218,189,51.85,10.416666666666666
2002,24.399096374511718,190,51.75,9.566666666666666
2002,22.457817993164063,191,51.516666666666666,10.033333333333331
2002,24.57242431640625,192,53.166666666666664,9.9
2002,34.30308837890625,193,52.9,7.85
2002,22.652418518066405,194,50.63333333333333,9.666666666666666
2002,20.504615783691406,195,50.416666666666664,9.666666666666666
2002,21.25593811035156,196,50.7,8.883333333333333
2002,23.660043029785157,197,50.15,9.383333333333333
2002,19.207381896972656,198,50.56666666666667,8.2
2002,20.67988830566406,199,50.916666666666664,9.333333333333334
2002,24.294352722167968,200,54.083333333333336,10.233333333333333
2002,23.472080993652344,201,49.63333333333333,8.833333333333334
2002,19.258975524902343,202,52.56666666666667,11.166666666666666
2002,19.698177185058594,203,52.05,12.3
2002,21.176649169921873,204,51.36666666666667,9.266666666666667
2002,22.062933044433592,205,51.28333333333333,9.75
2002,19.544894104003905,206,50.68333333333333,8.633333333333333
2002,18.256666870117186,207,51.15,9.016666666666667
2002,24.72927978515625,208,49.7,8.516666666666667
2002,24.72927978515625,209,49.7,8.533333333333333
2002,19.258975524902343,210,52.56666666666667,11.183333333333334
2002,17.320276794433592,211,53.666666666666664,12.05
2002,17.490725708007812,212,53.63333333333333,13.933333333333334
2002,40.735430297851565,213,51.75,6.05
2002,35.04153015136719,214,51.71666666666667,6.166666666666667
2002,32.746583251953126,215,51.68333333333333,7.25
2002,29.012523193359375,216,51.833333333333336,8.95
2002,18.826553955078126,217,51.21666666666667,8.666666666666666
2002,22.26611297607422,218,51.016666666666666,8.183333333333334
2002,24.202054138183595,219,50.666666666666664,6.25
2002,28.140054321289064,220,51.7,8.983333333333333
2002,19.99358123779297,221,49.68333333333333,7.016666666666667
2002,20.74094482421875,222,50.416666666666664,7.083333333333333
2002,17.162473449707033,223,49.63333333333333,7.916666666666667
2002,21.473890380859373,224,50.4,7.716666666666667
2002,19.254259948730468,225,49.266666666666666,7.8
2002,21.21673400878906,226,49.016666666666666,8.116666666666667
2002,19.344123229980468,227,49.3,7.866666666666667
2002,20.553725280761718,228,49.31666666666667,7.016666666666667
2002,21.733929443359376,229,50.416666666666664,12.533333333333331
2002,19.595782165527343,230,50.63333333333333,13.3
2002,18.244745178222658,231,50.81666666666667,14.083333333333334
2002,17.03813507080078,232,51.11666666666667,14.55
2002,21.125437927246093,233,51.233333333333334,13.816666666666666
2002,19.483436584472656,234,51.18333333333333,12.816666666666666
2002,18.62134704589844,235,50.6,10.783333333333331
2002,19.926627502441406,236,51.333333333333336,10.85
2002,20.254942932128905,237,50.78333333333333,11.65
2002,20.44115234375,238,50.93333333333333,11.016666666666667
2002,18.363803100585937,239,50.483333333333334,11.483333333333333
2002,9.655596618652345,240,41.833333333333336,13.583333333333334
2002,8.880941925048829,241,40.6,15.866666666666667
2002,10.641164398193359,242,38.416666666666664,16.166666666666668
2002,7.154778366088867,243,40.416666666666664,15.433333333333334
2002,29.8967431640625,244,44.71666666666667,10.2
2002,17.21539474487305,245,44.1,11.116666666666667
2002,30.048088989257813,246,45.81666666666667,13.166666666666666
2002,11.323175735473633,247,46.483333333333334,13.583333333333334
2002,11.43999740600586,248,42.81666666666667,11.9
2002,9.926440963745117,249,46.233333333333334,9.55
2002,14.202027740478515,250,43.28333333333333,13.066666666666666
2002,33.65586730957031,251,45.666666666666664,8.066666666666666
2002,13.382679443359375,252,41.81666666666667,15.983333333333333
2002,8.362014923095703,253,39.333333333333336,8.566666666666666
2002,18.28538101196289,254,43.5,10.433333333333334
2002,11.758280334472657,255,46.35,11.483333333333333
2002,13.730646057128906,256,43.45,12.45
2002,5.416979904174805,257,45.71666666666667,6.916666666666667
2002,36.60973907470703,258,46.05,12.016666666666667
2002,5.953323059082031,259,37.9,13.4
2002,11.316891479492188,260,41.9,14.35
2002,19.94363296508789,261,45.95,10.116666666666667
2002,33.79962371826172,262,45.88333333333333,9.383333333333333
2002,10.643006744384765,263,42.86666666666667,10.766666666666667
2002,13.097935791015624,264,43.733333333333334,11.566666666666666
2002,15.310007476806641,265,46.583333333333336,11.433333333333334
2002,19.432085189819336,266,44.4,9.45
2002,42.57872192382813,267,45.516666666666666,8.7
2002,6.165945320129395,268,46.31666666666667,8.266666666666667
2002,51.55201904296875,269,45.2,10.733333333333333
2002,10.885377044677734,270,46.266666666666666,8.233333333333333
2002,12.125795211791992,271,41.233333333333334,13.066666666666666
2002,12.125795211791992,272,41.233333333333334,13.083333333333334
2002,17.226321716308593,273,51.1,-0.85
2002,16.638815307617186,274,51.583333333333336,-1.9166666666666663
2002,18.818296051025392,275,54.3,-3.0166666666666666
2002,20.45054656982422,276,52.43333333333333,0.8666666666666667
2002,16.943854675292968,277,53.4,-1.75
2002,6.541187572479248,278,56.65,-4.283333333333333
2002,12.37451187133789,279,55.083333333333336,-2.466666666666667
2002,7.2888873672485355,280,56.71666666666667,-4.05
2002,7.633931579589844,281,56.233333333333334,-5.266666666666667
2002,11.851078033447266,282,52.11666666666667,-3.7333333333333334
2002,16.29759796142578,283,51.2,1.1166666666666667
2002,14.4635986328125,284,51.11666666666667,-1.2333333333333334
2002,17.226321716308593,285,51.016666666666666,-0.8666666666666667
2002,14.4635986328125,286,51.13333333333333,-1.2333333333333334
2002,10.609779052734375,287,53.1,-6.233333333333333
2002,13.04416763305664,288,52.96666666666667,-6.183333333333334
2002,12.077264862060547,289,52.53333333333333,-7.033333333333333
2002,11.099725952148438,290,52.3,-8.616666666666667
2002,11.746513595581055,291,52.583333333333336,-7.666666666666667
2002,12.85103256225586,292,53.483333333333334,-6.85
2002,7.280586853027343,293,54.18333333333333,-8.616666666666667
2002,11.193533020019531,294,53.96666666666667,-7.65
2002,10.49749397277832,295,54.13333333333333,-7.666666666666667
2002,6.073412628173828,296,53.35,-9.333333333333334
2002,5.303200302124023,297,53.75,-9.55
2002,19.11495880126953,298,56.28333333333333,8.416666666666666
2002,20.991876373291017,299,55.13333333333333,8.883333333333333
2002,14.82831039428711,300,55.95,12.35
2002,17.265049438476563,301,56.083333333333336,9.35
2002,15.054430084228516,302,55.36666666666667,11.55
2002,17.57082504272461,303,55.7,12.35
2002,14.70624282836914,304,56.38333333333333,9.333333333333334
2002,17.206846923828124,305,55,9.916666666666666
2002,17.265049438476563,306,56.06666666666667,9.333333333333334
2002,7.206838150024414,307,38.833333333333336,21.3
2002,10.451859283447266,308,39.78333333333333,22.783333333333335
2002,10.451859283447266,309,39.78333333333333,22.766666666666666
2002,5.777640533447266,310,38.86666666666667,21.866666666666667
2002,5.777640533447266,311,38.86666666666667,21.85
2002,8.072474212646485,312,40.06666666666667,-8.25
2002,6.688410797119141,313,38.95,-8.066666666666666
2002,5.533407211303711,314,38.083333333333336,-7.033333333333333
2002,7.74586296081543,315,38.31666666666667,-8.533333333333333
2002,5.568981552124024,316,41.5,-7.633333333333333
2002,5.206445770263672,317,40.4,-7.533333333333333
2002,12.499421005249024,318,39.78333333333333,-8.95
2002,10.597369232177734,319,38.65,-8.616666666666667
2002,7.322852630615234,320,43.1,-4.633333333333333
2002,10.968526306152343,321,42.25,-2.7
2002,23.860087280273437,322,41.81666666666667,2.6166666666666667
2002,6.385262069702148,323,40.86666666666667,-3.966666666666667
2002,13.549275207519532,324,40.53333333333333,0.01666666666666666
2002,6.897678680419922,325,39.93333333333333,-5.783333333333333
2002,8.375835876464844,326,37.15,-6.716666666666667
2002,7.677962188720703,327,40.18333333333333,-6.433333333333334
2002,3.955634117126465,328,38.46666666666667,-6.75
2002,11.47576988220215,329,43.15,-5.466666666666667
2002,5.888643188476562,330,40.43333333333333,-4.116666666666666
2002,9.873107986450195,331,42.983333333333334,-1.3333333333333333
2002,6.073821334838867,332,37.81666666666667,-5.683333333333334
2002,9.452694549560547,333,36.36666666666667,-5.566666666666666
2002,23.248286743164062,334,41.766666666666666,2.4
2002,10.477320098876953,335,40.9,0.38333333333333336
2002,15.927770385742187,336,43.016666666666666,-8.95
2002,5.953722381591797,337,40.46666666666667,-1.6666666666666663
2002,6.918277816772461,338,40.31666666666667,-0.7166666666666667
2002,11.503946228027344,339,42.516666666666666,-1.0666666666666669
2002,4.913766708374023,340,42.63333333333333,-0.2833333333333333
2002,8.987624206542968,341,38.516666666666666,-0.6333333333333333
2002,7.016029357910156,342,38.166666666666664,-4.066666666666666
2002,5.743364868164062,343,37.9,-2.8833333333333333
2002,5.59701099395752,344,37,-3
2002,7.888487396240234,345,41.6,-3.033333333333333
2002,6.582918014526367,346,41.86666666666667,-2.8666666666666667
2002,5.635248222351074,347,41.983333333333334,-2.5
2002,9.562022476196288,348,43,-3.6833333333333336
2002,7.600282592773437,349,42.86666666666667,-4.55
2002,9.54828842163086,350,42.78333333333333,-5.366666666666666
2002,5.59432746887207,351,41.78333333333333,-6.366666666666666
2002,9.183402252197265,352,41.333333333333336,-4.533333333333333
2002,8.706278686523438,353,41.35,-4.283333333333333
2002,5.05923210144043,354,40.333333333333336,-5.933333333333334
2002,5.734067611694336,355,40.21666666666667,-5.016666666666667
2002,8.368431205749511,356,39.81666666666667,2.9
2002,7.769566383361816,357,39.85,3.1666666666666665
2002,7.040493011474609,358,40.016666666666666,-1.9666666666666668
2002,7.700616302490235,359,39.833333333333336,-1.3
2002,4.749244995117188,360,39.38333333333333,-4.116666666666666
2002,17.207444458007814,361,43.13333333333333,-2.966666666666667
2002,5.57934268951416,362,38.483333333333334,-2.466666666666667
2002,16.143217620849608,363,42.28333333333333,1.8833333333333333
2002,4.850581455230713,364,42.6,1.0666666666666669
2002,4.907509613037109,365,39.6,-4.683333333333334
2002,5.694180488586426,366,41.9,-8.116666666666667
2002,NA,367,28.133333333333333,-17.283333333333335
2002,NA,368,28.116666666666667,-17.216666666666665
2002,NA,369,28.183333333333337,-16.666666666666668
2002,12.252784576416015,370,42.733333333333334,-8.7
2002,6.138840408325195,371,38.06666666666667,-2.8166666666666664
2002,5.401175003051758,372,37.53333333333333,-7.183333333333334
2002,8.987624206542968,373,38.516666666666666,-0.6166666666666667
2002,6.582918014526367,374,41.86666666666667,-2.8833333333333333
2002,7.600282592773437,375,42.85,-4.55
2002,17.207444458007814,376,43.13333333333333,-2.9833333333333334
2002,5.57934268951416,377,38.46666666666667,-2.45
2002,10.816084442138672,378,39.333333333333336,-0.31666666666666665
2002,5.879176330566406,379,37.45,-6.833333333333333
2002,20.93134307861328,380,49.983333333333334,6.033333333333333
2002,31.135925903320313,381,49.65,6.183333333333334
2002,14.212953643798828,382,56.166666666666664,13.15
2002,2.8771402168273927,383,63.03333333333333,17.416666666666668
2002,6.163013305664062,384,59.65,17.883333333333333
2002,4.9764265441894535,385,60.18333333333333,17.716666666666665
2002,5.960472183227539,386,58.96666666666667,15.85
2002,6.7551577758789065,387,58.21666666666667,15.916666666666666
2002,9.264815979003906,388,57.45,13.7
2002,10.50186408996582,389,56.46666666666667,15.116666666666667
2002,7.609060516357422,390,57.7,15.916666666666666
2002,12.742833404541015,391,56.3,14.85
2002,12.623533782958985,392,56.3,15.7
2002,11.90287582397461,393,56.36666666666667,13.816666666666666
2002,12.730570373535157,394,56.166666666666664,14.233333333333333
2002,12.232734069824218,395,56.25,13.533333333333331
2002,14.469785614013672,396,56.333333333333336,13.016666666666667
2002,14.115350646972656,397,55.983333333333334,13.383333333333333
2002,15.72443145751953,398,57.2,12.45
2002,14.33270782470703,399,57.03333333333333,12.8
2002,10.664748229980468,400,58.36666666666667,12.083333333333334
2002,9.092106323242188,401,57.55,13.5
2002,10.88378387451172,402,57.21666666666667,13.1
2002,12.097327270507812,403,57.516666666666666,12.466666666666669
2002,7.667420959472656,404,58.13333333333333,14.066666666666666
2002,5.907742881774903,405,58.85,13.683333333333334
2002,5.118291931152344,406,59.95,12.633333333333333
2002,5.957683906555176,407,59.666666666666664,11.95
2002,5.543686065673828,408,59.583333333333336,12.483333333333333
2002,5.146537895202637,409,59.8,15.483333333333333
2002,4.773983764648437,410,60.016666666666666,15.4
2002,3.5863218116760254,411,61.2,15.2
2002,4.142906913757324,412,60.266666666666666,14.5
2002,3.2725852584838866,413,62.18333333333333,16.716666666666665
2002,3.143890686035156,414,63.166666666666664,17.916666666666668
2002,2.120074806213379,415,63.333333333333336,14.75
2002,3.224587860107422,416,63.75,19.4
2002,1.8852377653121948,417,64.5,17.4
2002,1.5817734432220458,418,65.45,19.4
2002,9.850396575927734,419,57.1,14.55
2002,8.838789978027343,420,57.13333333333333,14.766666666666667
2002,8.838789978027343,421,57.166666666666664,14.8
2002,12.149482727050781,422,58.05,12.016666666666667
2002,12.149482727050781,423,58.06666666666667,12.016666666666667
2002,5.125250549316406,424,59.75,14.9
2002,5.066203918457031,425,59.9,15.233333333333333
2002,5.689155158996582,426,59.56666666666667,14.833333333333334
2002,2.120319347381592,427,63.85,18.1
2002,2.39654296875,428,64.03333333333333,18.916666666666668
2002,2.4680706596374513,429,64.25,19.8
2002,11.399993896484375,430,56.333333333333336,14.966666666666669
2002,14.589454956054688,431,57.5,12.233333333333333
2002,11.637590026855468,432,58.43333333333333,11.733333333333333
2002,6.370306472778321,433,59.56666666666667,18.05
2002,5.7759796905517575,434,59.083333333333336,17.633333333333333
2002,5.276401214599609,435,60.016666666666666,17.183333333333334
2002,6.577259216308594,436,58.95,16.983333333333334
2002,6.23273193359375,437,58.766666666666666,16.8
2002,6.463766555786133,438,59.03333333333333,16.25
2002,5.696228790283203,439,59.3,16.116666666666667
2002,7.0256663513183595,440,58.15,15.416666666666666
2002,7.021004104614258,441,58.75,15.133333333333333
2002,7.535653839111328,442,57.86666666666667,14.75
2002,7.131302185058594,443,57.833333333333336,14.983333333333333
2002,7.784726257324219,444,57.5,15.333333333333334
2002,10.346419067382813,445,57.13333333333333,13.583333333333334
2002,9.759426803588868,446,56.88333333333333,15.1
2002,9.373995208740235,447,57.05,14.366666666666667
2002,8.882274780273438,448,56.833333333333336,13.733333333333333
2002,12.161154022216797,449,56.733333333333334,13.366666666666667
2002,6.553571548461914,450,58.05,16.1
2002,9.517644271850585,451,56.63333333333333,15.616666666666667
2002,10.703746337890625,452,56.85,16.316666666666666
2002,12.947298126220703,453,56.28333333333333,14.65
2002,11.429384002685547,454,56.4,15.3
2002,13.23872314453125,455,56.21666666666667,15.433333333333334
2002,11.787337646484374,456,56.38333333333333,14.533333333333331
2002,14.08275909423828,457,56.016666666666666,13.916666666666666
2002,13.811321716308594,458,56.1,13.516666666666667
2002,13.328277740478516,459,56.13333333333333,13.5
2002,13.626593780517577,460,55.916666666666664,13.583333333333334
2002,13.76920913696289,461,55.61666666666667,13.433333333333334
2002,16.40729797363281,462,57.06666666666667,12.55
2002,15.827416076660157,463,56.93333333333333,12.716666666666669
2002,14.370860137939452,464,56.766666666666666,13.133333333333333
2002,10.760840454101562,465,57,13.366666666666667
2002,14.728874206542969,466,56.68333333333333,13.15
2002,11.100918655395509,467,58.53333333333333,11.716666666666669
2002,10.927408905029298,468,57.4,13.1
2002,7.747486572265625,469,57.766666666666666,13.733333333333333
2002,8.656265182495117,470,58.71666666666667,11.966666666666669
2002,7.973324508666992,471,58.61666666666667,13.766666666666667
2002,6.486274261474609,472,59.65,13.8
2002,5.714688415527344,473,59.81666666666667,12.9
2002,3.817635345458984,474,60.583333333333336,13.116666666666667
2002,5.689155158996582,475,59.583333333333336,14.866666666666667
2002,5.791965103149414,476,59.583333333333336,14.7
2002,5.034330596923828,477,59.86666666666667,14.416666666666666
2002,5.762670516967773,478,59.083333333333336,15.5
2002,6.802988052368164,479,59.333333333333336,15.933333333333334
2002,3.6202333068847654,480,61.11666666666667,14.35
2002,4.470407829284668,481,60.4,15.266666666666667
2002,3.6398832321166994,482,61.733333333333334,16.516666666666666
2002,4.521813621520996,483,60.65,16.283333333333335
2002,2.9287973976135255,484,62.266666666666666,16.333333333333332
2002,2.342096948623657,485,62,14.416666666666666
2002,2.5277374267578123,486,63.06666666666667,16.733333333333334
2002,1.9538152694702149,487,64.48333333333333,18.466666666666665
2002,1.3930391120910643,488,65.4,18.1
2002,2.527384777069092,489,65.95,23.25
2002,1.614112811088562,490,66.06666666666666,20.616666666666667
2002,3.6398832321166994,491,61.71666666666667,16.516666666666666
2002,18.56270050048828,492,48.11666666666667,16.033333333333335
2002,16.41956481933594,493,47.766666666666666,16.316666666666666
2002,13.581680450439453,494,47.483333333333334,16.55
2002,12.550683441162109,495,46.733333333333334,14.5
2002,9.849544830322266,496,46.766666666666666,13.166666666666666
2002,11.597752838134765,497,46.71666666666667,13.666666666666666
2002,14.738217468261718,498,48.35,15.2
2002,16.048162841796874,499,47.63333333333333,16.133333333333333
2002,15.503359680175782,500,48.916666666666664,15.183333333333334
2002,27.078585815429687,501,48.1,12.866666666666667
2002,23.68975646972656,502,47.86666666666667,13.35
2002,10.198675384521485,503,47.483333333333334,13.416666666666666
2002,17.173959045410157,504,46.61666666666667,15.5
2002,11.975539245605468,505,47.36666666666667,15.166666666666666
2002,9.613537521362305,506,47.63333333333333,15.65
2002,7.611041412353516,507,47.05,14.1
2002,11.04794563293457,508,47.31666666666667,12.4
2002,8.597514190673827,509,47.38333333333333,10.9
2002,18.476864318847657,510,47.36666666666667,11.883333333333333
2002,25.459797821044923,511,47.483333333333334,9.983333333333333
2002,0.8159384512901307,512,69.56666666666666,28.883333333333333
2002,1.3534284877777099,513,67.95,24.05
2002,1.3757317805290221,514,67.98333333333333,24.216666666666665
2002,1.8114121532440186,515,67.33333333333333,26.633333333333333
2002,2.06757061958313,516,66.31666666666666,26.633333333333333
2002,2.0815680027008057,517,66.35,26.716666666666665
2002,2.0816116237640383,518,66.28333333333333,29.45
2002,2.08100745677948,519,66.33333333333333,29.35
2002,2.8653454780578613,520,64.96666666666667,26.383333333333333
2002,4.522014427185058,521,61.86666666666667,24.216666666666665
2002,4.522014427185058,522,61.85,24.3
2002,5.94633674621582,523,60.65,23.8
2002,5.579302520751953,524,60.61666666666667,23.833333333333332
2002,5.795198135375976,525,60.63333333333333,26.083333333333332
2002,6.02111328125,526,60.65,26.116666666666667
2002,3.265017547607422,527,61.766666666666666,29.333333333333332
2002,3.265017547607422,528,61.8,29.316666666666663
2002,6.287249908447266,529,60.7,27.85
2002,4.794523239135742,530,61.233333333333334,25.05
2002,2.840230598449707,531,63.15,30.7
2002,2.0816116237640383,532,66.3,29.483333333333334
2002,0.7101250183582306,533,69.73333333333333,26.95
2002,2.995493927001953,534,63.55,22.483333333333334
2002,4.364088134765625,535,62.45,21.516666666666666
2002,4.510166358947754,536,62.05,24.366666666666667
2002,4.32515323638916,537,61.916666666666664,23.316666666666663
2002,8.442391052246094,538,60.03333333333333,23.033333333333335
2002,2.721853427886963,539,64.11666666666666,26.683333333333337
2002,2.06757061958313,540,66.33333333333333,26.633333333333333
2002,4.112356948852539,541,61.81666666666667,29.3
2002,2.041524415016174,542,66.43333333333334,26.683333333333337
2002,5.266596565246582,543,60.983333333333334,27.266666666666666
2002,5.266596565246582,544,60.916666666666664,27.233333333333334
2002,24.1044677734375,545,46.583333333333336,6.65
2002,27.01202575683594,546,47.38333333333333,8.216666666666667
2002,25.75607650756836,547,47.03333333333333,8.7
2002,16.77201599121094,548,47.21666666666667,7.4
2002,15.743087615966797,549,46.21666666666667,6.283333333333333
2002,21.45715301513672,550,47.68333333333333,8.533333333333333
2002,32.02596817016602,551,46.016666666666666,8.833333333333334
2002,3.0467778778076173,552,46.483333333333334,9.883333333333333
2002,8.721656646728515,553,46.43333333333333,8.8
2002,24.657261505126954,554,46.11666666666667,9
2002,11.50006851196289,555,46.266666666666666,7.433333333333334
2002,3.5312494659423828,556,46.65,10.216666666666669
2002,7.883918151855469,557,46.28333333333333,7.85
2002,25.799826049804686,558,47.266666666666666,7.883333333333333
2002,15.817682495117188,559,46.7,7.75
2002,29.582107849121094,560,47.15,9.066666666666666
2002,4.777459945678711,561,46.8,9.85
2002,27.577513427734374,562,47.46666666666667,8.35
2002,12.768097305297852,563,47.88333333333333,19.95
2002,12.768097305297852,564,47.85,19.966666666666665
2002,14.194024505615234,565,47.55,19.383333333333333
2002,12.337955627441406,566,46.96666666666667,19.55
2002,12.337955627441406,567,46.95,19.533333333333335
2002,12.00795669555664,568,47.333333333333336,21.083333333333332
2002,16.515105590820312,569,47.65,16.483333333333334
2002,15.91643798828125,570,47.65,16.516666666666666
2002,16.515105590820312,571,47.666666666666664,16.5
2002,16.8502685546875,572,46.81666666666667,16.4
2002,14.798629302978515,573,46.583333333333336,16.733333333333334
2002,12.337955627441406,574,46.95,19.55
2002,12.337955627441406,575,46.93333333333333,19.533333333333335
2002,12.08006561279297,576,43.9,26
2002,11.43908203125,577,44.06666666666667,26.05
2002,10.482704467773438,578,44.3,25.6
2002,13.998524017333985,579,44.5,26.166666666666668
2002,12.801233520507813,580,44.9,26.1
2002,10.830587005615234,581,45.1,25.7
2002,6.790753822326661,582,45.5,25.583333333333332
2002,5.995853652954102,583,45.416666666666664,25.266666666666666
2002,10.180709915161133,584,46.68333333333333,22.616666666666667
2002,10.470278625488282,585,45.016666666666666,24.983333333333334
2002,7.379880065917969,586,47.43333333333333,25.55
2002,7.394072151184082,587,45.333333333333336,25.55
2002,12.211864166259765,588,53.88333333333333,14.5
2002,12.613029174804687,589,54.8,17.933333333333334
2002,15.717428283691406,590,53.78333333333333,15.05
2002,14.163415222167968,591,53.18333333333333,14.483333333333333
2002,16.91027862548828,592,52.9,15.35
2002,17.284537658691406,593,52.766666666666666,14.9
2002,17.196656188964845,594,53.11666666666667,16.033333333333335
2002,14.906024780273437,595,53.766666666666666,15.483333333333333
2002,13.503209075927735,596,54.666666666666664,17.983333333333334
2002,14.301706237792969,597,53.8,16.35
2002,16.551472473144532,598,54.15,17.116666666666667
2002,14.978245697021485,599,54.2,17.216666666666665
2002,14.083542022705078,600,54.083333333333336,19.15
2002,14.083542022705078,601,54.083333333333336,19.2
2002,13.799111785888671,602,54.05,20.4
2002,21.199883728027345,603,54.15,20.166666666666668
2002,15.878963623046875,604,53.766666666666666,19.033333333333335
2002,18.962945556640626,605,53.45,19.416666666666668
2002,9.913556671142578,606,54.28333333333333,23
2002,10.503225402832031,607,54.266666666666666,22.833333333333332
2002,14.73407958984375,608,54.333333333333336,22.35
2002,16.014673767089842,609,53.65,20.15
2002,15.823541870117188,610,53.666666666666664,21.433333333333337
2002,13.391770935058593,611,53.96666666666667,23.116666666666667
2002,13.108753967285157,612,53.9,23.316666666666663
2002,11.90378173828125,613,53.2,23.15
2002,13.254030456542969,614,53.2,23.35
2002,12.943469848632812,615,52.666666666666664,23.716666666666665
2002,12.471090240478516,616,52.85,23.666666666666668
2002,17.75028091430664,617,53.43333333333333,21.816666666666663
2002,13.853788757324219,618,53.28333333333333,22.05
2002,16.457757263183595,619,53.81666666666667,17.85
2002,16.895988159179687,620,53.93333333333333,18.083333333333332
2002,19.414305725097655,621,53.483333333333334,16.383333333333333
2002,19.31462707519531,622,53.3,16.833333333333332
2002,17.100066833496093,623,53.6,16.95
2002,15.286086120605468,624,53.266666666666666,19.55
2002,16.818272399902344,625,52.983333333333334,19.233333333333334
2002,15.94273193359375,626,52.55,15.25
2002,15.801982879638672,627,52.516666666666666,14.95
2002,20.34951873779297,628,52.8,16.416666666666668
2002,21.40598907470703,629,52.95,18.516666666666666
2002,21.454968872070314,630,52.7,18.916666666666668
2002,15.1973974609375,631,51.86666666666667,15.533333333333331
2002,14.912297973632812,632,52.35,15.8
2002,16.80076904296875,633,52.25,16.316666666666666
2002,23.084383544921874,634,52,17.316666666666666
2002,14.986014099121094,635,51.8,16.5
2002,24.65610137939453,636,52.63333333333333,17.65
2002,21.796969604492187,637,51.95,17.2
2002,15.813153381347655,638,51.516666666666666,18.25
2002,22.367989807128907,639,51.6,16.916666666666668
2002,21.037794799804686,640,53.11666666666667,19.783333333333335
2002,17.456056823730467,641,52.71666666666667,20.6
2002,15.210909423828125,642,52.36666666666667,19.9
2002,13.583938598632813,643,52.016666666666666,21.1
2002,13.301746368408203,644,51.8,21.45
2002,14.48475311279297,645,53.3,21.616666666666667
2002,16.088370666503906,646,53.18333333333333,21.083333333333332
2002,12.616698760986328,647,52.766666666666666,22.666666666666668
2002,11.26439468383789,648,51.43333333333333,22.766666666666666
2002,13.010499877929687,649,51.96666666666667,22.983333333333334
2002,11.563869018554687,650,51.483333333333334,23.35
2002,11.455194244384765,651,51.233333333333334,23.5
2002,10.547989501953126,652,50.63333333333333,23.75
2002,15.610184173583985,653,51.36666666666667,15.683333333333334
2002,15.964991302490235,654,51.25,15.483333333333333
2002,12.703358001708985,655,51.35,16.5
2002,12.88336929321289,656,50.88333333333333,17.633333333333333
2002,11.475022048950196,657,50.63333333333333,16.933333333333334
2002,12.63876350402832,658,50.38333333333333,17.55
2002,13.64399444580078,659,50.43333333333333,17.95
2002,13.89231185913086,660,50.53333333333333,17.7
2002,14.471666717529297,661,50.8,18.166666666666668
2002,16.637452392578126,662,50.583333333333336,18.45
2002,14.795216522216798,663,50.233333333333334,18.316666666666663
2002,15.090358123779296,664,51.333333333333336,19.266666666666666
2002,13.141700286865234,665,51.1,20.416666666666668
2002,13.504115600585937,666,51.083333333333336,20.15
2002,11.087426300048827,667,50.7,20.766666666666666
2002,12.064907989501954,668,51.65,21.033333333333335
2002,11.220984344482423,669,51.2,21.383333333333333
2002,10.918836059570312,670,51.21666666666667,22.65
2002,11.390358352661133,671,51.166666666666664,21.866666666666667
2002,11.719754486083984,672,50.38333333333333,23.45
2002,11.232473602294922,673,50.43333333333333,23.4
2002,13.750301818847657,674,50.75,18.666666666666668
2002,13.49071792602539,675,51,19.05
2002,16.284017333984377,676,50.2,19.4
2002,15.600306243896485,677,50.35,19.35
2002,15.935209045410156,678,50.333333333333336,19.65
2002,13.989130096435547,679,50.7,19.216666666666665
2002,12.227401123046874,680,50.71666666666667,20.3
2002,13.034166717529297,681,50.55,21.25
2002,13.086024169921876,682,50.46666666666667,22.116666666666667
2002,12.416340484619141,683,50.5,22.933333333333337
2002,11.283640899658202,684,50.416666666666664,22.75
2002,13.111436614990234,685,50.05,20.566666666666663
2002,14.350964965820312,686,50.06666666666667,20.8
2002,11.60774932861328,687,50.266666666666666,22.116666666666667
2002,15.806008529663085,688,50.833333333333336,15.416666666666666
2002,14.57102699279785,689,50.85,15.516666666666667
2002,12.043085479736328,690,50.266666666666666,16.633333333333333
2002,16.318845367431642,691,50.31666666666667,16.416666666666668
2002,13.673988800048829,692,50.25,16.983333333333334
2002,12.636170043945313,693,50.233333333333334,16.783333333333335
2002,16.19070541381836,694,49.666666666666664,18.966666666666665
2002,13.2138525390625,695,49.75,21.816666666666663
2002,13.04452651977539,696,49.61666666666667,22.466666666666665
2002,11.467330780029297,697,49.2,22.716666666666665
2002,11.036771545410156,698,49.06666666666667,22.85
2002,14.413906707763672,699,49.65,19.033333333333335
2002,12.431921463012696,700,49.6,19.083333333333332
2002,13.593678741455077,701,49.516666666666666,18.9
2002,12.760824584960938,702,49.75,19.8
2002,12.26976417541504,703,49.68333333333333,20.166666666666668
2002,11.33914176940918,704,49.416666666666664,20.816666666666663
2002,9.903172760009765,705,49.333333333333336,20.833333333333332
2002,13.878507080078125,706,49.483333333333334,21.616666666666667
2002,13.20423095703125,707,49.4,21.95
2002,10.746382598876954,708,49.45,19.983333333333334
2002,17.284537658691406,709,52.733333333333334,14.866666666666667
2002,15.375196228027344,710,52.86666666666667,15.716666666666669
2002,14.219278411865234,711,54.53333333333333,17.9
2002,14.70434112548828,712,54.55,18.266666666666666
2002,15.550002288818359,713,53.983333333333334,19.433333333333337
2002,14.812552185058594,714,53.85,20.533333333333335
2002,11.82257827758789,715,53.583333333333336,23.266666666666666
2002,13.921046295166015,716,53.68333333333333,16.766666666666666
2002,14.830848388671875,717,51.81666666666667,15.783333333333331
2002,19.863838806152344,718,51.766666666666666,17.566666666666666
2002,20.98293426513672,719,52.483333333333334,19.6
2002,11.526168975830078,720,52.333333333333336,22.65
2002,12.714614868164063,721,52.03333333333333,22.716666666666665
2002,15.964991302490235,722,51.3,15.416666666666666
2002,13.89231185913086,723,50.6,17.683333333333334
2002,12.385760345458984,724,50.61666666666667,17.25
2002,16.462496490478514,725,50.083333333333336,18.65
2002,16.84253173828125,726,50.3,18.483333333333334
2002,12.996996612548829,727,51.03333333333333,19.6
2002,10.341395111083985,728,50.5,23.466666666666665
2002,16.237994079589843,729,50.483333333333334,20.116666666666667
2002,13.168625030517578,730,51.05,15.866666666666667
2002,11.536178512573242,731,50.78333333333333,16.2
2002,12.706770629882813,732,49.85,22.6
2002,13.04452651977539,733,49.65,22.483333333333334
2002,11.932709808349609,734,49.45,22.283333333333335
2002,13.31463134765625,735,49.65,20.25
2002,14.1921435546875,736,48.2,18.383333333333333
2002,9.422939529418946,737,48.916666666666664,19.483333333333334
2002,10.576478881835937,738,48.63333333333333,19.533333333333335
2002,14.113152770996093,739,47.88333333333333,17.583333333333332
2002,12.642496948242188,740,48.61666666666667,19.033333333333335
2002,7.494555740356446,741,49.166666666666664,20.233333333333334
2002,12.588979721069336,742,49.18333333333333,22.083333333333332
2002,13.796096649169922,743,49.5,18.566666666666663
2002,13.796096649169922,744,49.483333333333334,18.566666666666663
2002,13.0373876953125,745,48.38333333333333,19
2002,10.139131469726562,746,48.95,19.383333333333333
2002,12.642496948242188,747,48.61666666666667,19.016666666666666
2002,9.45112268447876,748,58.38333333333333,8.233333333333333
2002,3.9235592746734618,749,59.03333333333333,7.566666666666666
2002,1.7724925661087036,750,65.88333333333334,13.8
2002,9.116084976196289,751,58.96666666666667,11.516666666666667
2002,3.6255038452148436,752,60.6,6.516666666666667
2002,2.629664649963379,753,64.65,12.266666666666667
2002,3.519773235321045,754,61.266666666666666,11.85
2002,5.979726524353027,755,59.43333333333333,9.866666666666667
2002,2.6137697219848635,756,61,9.216666666666669
2002,2.483101043701172,757,63.28333333333333,11.183333333333334
2002,1.881272315979004,758,62.766666666666666,8.883333333333333
2002,5.366548805236817,759,60.36666666666667,11.066666666666666
2002,13.808709030151368,760,59.333333333333336,5.783333333333333
2002,3.519773235321045,761,61.28333333333333,11.85
2002,1.881272315979004,762,62.78333333333333,8.883333333333333
2002,5.979726524353027,763,59.45,9.866666666666667
2002,8.425983810424805,764,56.35,24.95
2002,11.19459732055664,765,54.833333333333336,24.05
2002,11.965483551025391,766,54.85,23.533333333333335
2002,8.749060821533202,767,56.333333333333336,24.833333333333332
2002,10.956761322021485,768,54.416666666666664,24.95
2002,11.19459732055664,769,54.81666666666667,24.066666666666663
2002,9.286794891357422,770,54.78333333333333,24.066666666666663
2002,12.076648864746094,771,54.18333333333333,24.6
2002,8.394555435180663,772,55.8,25.516666666666666
2002,11.516406326293945,773,55.81666666666667,21.466666666666665
2002,11.19459732055664,774,54.833333333333336,24.033333333333335
2002,17.630445709228514,775,50.03333333333333,12.616666666666667
2002,12.77134506225586,776,50.166666666666664,17.066666666666666
2002,12.862870788574218,777,50.1,17.2
2002,15.569112243652343,778,49.45,15.766666666666667
2002,14.771272583007812,779,50.55,15.95
2002,16.240523681640624,780,49.666666666666664,15.216666666666669
2002,17.2249609375,781,50.18333333333333,12.883333333333333
2002,15.572336120605469,782,49.25,15.7
2002,14.095055313110352,783,50.733333333333334,15.533333333333331
2002,16.35841583251953,784,49.06666666666667,17.266666666666666
2002,19.312107543945313,785,50.13333333333333,15.866666666666667
2002,17.15503662109375,786,49.9,14.533333333333331
2002,15.99333526611328,787,49.21666666666667,14.3
2002,16.248120727539064,788,49.016666666666666,14.966666666666669
2002,17.653535461425783,789,50.28333333333333,16.383333333333333
2002,15.459964904785156,790,49.733333333333334,12.85
2002,15.355877227783203,791,49,14.8
2002,16.423421173095704,792,50.63333333333333,14.6
2002,16.48193244934082,793,50.833333333333336,15.333333333333334
2002,15.869478149414062,794,49.7,17.133333333333333
2002,15.467318572998046,795,49.45,18.383333333333333
2002,6.336775932312012,796,59.55,26.033333333333335
2002,6.021043815612793,797,59.56666666666667,26.116666666666667
2002,6.653468170166016,798,58.05,26.1
2002,6.359987869262695,799,58.11666666666667,27.05
2002,5.538036956787109,800,58.35,26.966666666666665
2002,6.9498046875,801,57.7,26.516666666666666
2002,5.8507704925537105,802,59.516666666666666,26.4
2002,5.8905032348632815,803,58.266666666666666,26.45
2002,11.422915267944337,804,46.36666666666667,13.933333333333334
2002,22.35371353149414,805,45.983333333333334,13.733333333333333
2002,19.67702880859375,806,45.666666666666664,13.85
2002,21.99892791748047,807,46.28333333333333,14.4
2002,11.50866226196289,808,45.53333333333333,14.8
2002,16.39218688964844,809,46.46666666666667,15.383333333333333
2002,16.358901062011718,810,46.36666666666667,15.233333333333333
2002,17.055787048339845,811,46.1,15.066666666666666
2002,12.055922927856445,812,45.63333333333333,14.633333333333333
2002,17.742964630126952,813,45.86666666666667,15.416666666666666
2002,14.782899017333984,814,46.483333333333334,16.516666666666666
2002,16.39218688964844,815,46.45,15.383333333333333
2002,2.302128438949585,816,64.13333333333334,32.233333333333334
2002,1.8229025840759276,817,64.11666666666666,32.88333333333333
2002,1.9081075763702393,818,63.85,30.9
2002,2.322398986816406,819,63.85,31.55
2002,2.1624287509918214,820,63.833333333333336,32.85
2002,2.840134677886963,821,63.56666666666667,30.883333333333333
2002,2.398499803543091,822,63.56666666666667,31.533333333333335
2002,2.4062312412261964,823,63.266666666666666,32.166666666666664
2002,2.479839324951172,824,63.25,32.8
2002,2.6558262634277345,825,62.96666666666667,32.78333333333333
2002,2.6775803756713867,826,62.93333333333333,34.03333333333333
2002,3.08744722366333,827,62.916666666666664,34.666666666666664
2002,2.707871980667114,828,62.9,35.3
2002,2.5621909713745117,829,62.86666666666667,35.916666666666664
2002,3.1376207160949705,830,62.583333333333336,35.86666666666667
2002,3.047866268157959,831,62.28333333333333,36.43333333333333
2002,3.0035956001281736,832,62.083333333333336,33.916666666666664
2002,3.1307112693786623,833,61.983333333333334,36.36666666666667
2002,3.015308132171631,834,61.96666666666667,36.96666666666667
2002,2.902704792022705,835,61.93333333333333,37.583333333333336
2002,4.356945686340332,836,61.85,30.833333333333332
2002,3.2655425453186036,837,61.81666666666667,33.266666666666666
2002,3.485275001525879,838,61.8,33.88333333333333
2002,3.3958856582641603,839,61.666666666666664,36.916666666666664
2002,4.253190956115723,840,61.55,30.216666666666665
2002,4.176361045837402,841,61.55,32.03333333333333
2002,3.8005376052856445,842,61.5,33.833333333333336
2002,3.6980567932128907,843,61.483333333333334,34.45
2002,3.849908676147461,844,61.46666666666667,35.05
2002,4.7928452301025395,845,61.266666666666666,29.633333333333333
2002,3.0822873497009278,846,61.266666666666666,30.216666666666665
2002,4.740388221740723,847,61.25,32.61666666666667
2002,4.642068977355957,848,61.233333333333334,33.21666666666667
2002,3.790380859375,849,61.2,34.4
2002,5.622403907775879,850,60.95,33.18333333333333
2002,5.107623710632324,851,61.25,29.316666666666663
2002,5.186372375488281,852,61.11666666666667,29.033333333333335
2002,5.050931167602539,853,61.11666666666667,29.333333333333332
2002,4.913493614196778,854,61.11666666666667,29.616666666666667
2002,3.9560774993896484,855,61.11666666666667,29.933333333333337
2002,1.7741707229614259,856,64.7,32.95
2002,5.481077766418457,857,60.96666666666667,29.033333333333335
2002,5.631758804321289,858,60.96666666666667,29.333333333333332
2002,5.522598800659179,859,60.96666666666667,29.633333333333333
2002,5.860330810546875,860,60.96666666666667,30.216666666666665
2002,5.983811492919922,861,60.833333333333336,28.45
2002,6.217751541137695,862,60.833333333333336,28.75
2002,5.452621803283692,863,60.833333333333336,29.066666666666663
2002,4.382774429321289,864,60.833333333333336,29.35
2002,5.854385070800781,865,60.81666666666667,29.633333333333333
2002,5.5193243408203125,866,60.833333333333336,29.933333333333337
2002,4.732739562988281,867,60.81666666666667,30.233333333333334
2002,5.242110137939453,868,60.68333333333333,29.933333333333337
2002,4.858772792816162,869,60.68333333333333,28.466666666666665
2002,6.3115898132324215,870,60.68333333333333,29.05
2002,6.153261642456055,871,60.7,29.333333333333332
2002,5.481951446533203,872,60.68333333333333,29.65
2002,5.512713394165039,873,60.68333333333333,30.216666666666665
2002,5.502954063415527,874,60.68333333333333,30.483333333333334
2002,6.408665237426757,875,60.53333333333333,27.916666666666668
2002,5.443987693786621,876,60.55,28.216666666666665
2002,4.786003036499023,877,60.53333333333333,28.483333333333334
2002,7.703522415161133,878,60.53333333333333,28.766666666666666
2002,5.085698585510254,879,60.55,29.366666666666667
2002,4.8322656631469725,880,60.55,29.633333333333333
2002,6.501676635742188,881,60.55,29.933333333333337
2002,5.177741661071777,882,60.55,30.516666666666666
2002,7.720830764770508,883,60.4,28.766666666666666
2002,7.087170333862304,884,60.4,29.066666666666663
2002,7.651882476806641,885,60.4,29.35
2002,7.613924255371094,886,60.4,29.633333333333333
2002,7.129923782348633,887,60.4,29.933333333333337
2002,6.520832977294922,888,60.416666666666664,30.2
2002,8.497772827148438,889,60.266666666666666,29.066666666666663
2002,7.515120010375977,890,60.266666666666666,29.35
2002,7.124317321777344,891,60.266666666666666,29.633333333333333
2002,8.312082443237305,892,60.266666666666666,29.933333333333337
2002,7.169847106933593,893,60.11666666666667,30.516666666666666
2002,7.776219177246094,894,60.11666666666667,30.8
2002,8.851677627563477,895,59.983333333333334,30.8
2002,5.589632339477539,896,59.983333333333334,31.083333333333332
2002,1.9086863946914674,897,66.43333333333334,32.43333333333333
2002,1.8203868293762206,898,66.41666666666667,33.15
2002,1.6809255123138427,899,66.15,31.683333333333337
2002,1.9510318660736083,900,66.13333333333334,33.11666666666667
2002,1.9424744749069214,901,66.11666666666666,33.81666666666667
2002,1.8026952838897705,902,65.86666666666666,30.95
2002,1.963018069267273,903,65.86666666666666,31.666666666666668
2002,1.5513284587860108,904,65.85,33.083333333333336
2002,1.5538735747337342,905,65.83333333333333,33.78333333333333
2002,1.490017569065094,906,65.81666666666666,34.46666666666667
2002,1.7792116832733154,907,65.58333333333333,30.966666666666665
2002,1.6613448810577394,908,65.58333333333333,31.65
2002,1.6125517416000366,909,65.56666666666666,32.35
2002,1.6083619499206543,910,65.56666666666666,33.03333333333333
2002,1.937193250656128,911,65.3,30.25
2002,1.8770709943771362,912,65.3,30.95
2002,1.9657834482192993,913,65.3,31.633333333333333
2002,1.4271465349197388,914,65.26666666666667,33.016666666666666
2002,1.4567979192733764,915,65.25,33.68333333333333
2002,1.5184467267990112,916,65.25,34.38333333333333
2002,1.9621103858947755,917,65.01666666666667,30.25
2002,1.8372943925857543,918,65,32.28333333333333
2002,1.608055019378662,919,64.98333333333333,32.983333333333334
2002,1.6828937911987305,920,64.96666666666667,33.65
2002,1.572922511100769,921,64.95,34.333333333333336
2002,2.09082576751709,922,64.73333333333333,30.25
2002,1.8972539138793945,923,64.71666666666667,30.916666666666668
2002,1.9242725372314453,924,64.71666666666667,31.6
2002,1.9870847034454346,925,64.41666666666667,32.9
2002,1.8898577308654785,926,64.4,33.583333333333336
2002,2.2779339599609374,927,64.38333333333334,34.25
2002,2.162461633682251,928,64.15,31.566666666666663
2002,2.3312943363189698,929,64.1,33.53333333333333
2002,2.2517558097839356,930,64.08333333333333,34.2
2002,2.3035304355621338,931,63.85,32.2
2002,1.845086827278137,932,63.8,34.15
2002,2.3135592555999756,933,63.78333333333333,34.8
2002,1.9710757112503052,934,63.55,32.833333333333336
2002,2.291245489120483,935,63.53333333333333,33.46666666666667
2002,2.4549156761169435,936,63.21666666666667,34.71666666666667
2002,2.7438979053497317,937,63.18333333333333,35.35
2002,2.6093597984313965,938,63.166666666666664,35.983333333333334
2002,2.4475131893157958,939,62.983333333333334,32.13333333333333
2002,2.701303367614746,940,62.7,32.11666666666667
2002,2.9000845527648926,941,62.68333333333333,32.733333333333334
2002,2.9586917304992677,942,62.666666666666664,33.36666666666667
2002,2.972048740386963,943,62.63333333333333,34.61666666666667
2002,2.9037043762207033,944,62.416666666666664,31.466666666666665
2002,3.0182475090026855,945,62.4,32.71666666666667
2002,2.7387975692749023,946,62.38333333333333,33.333333333333336
2002,2.607724275588989,947,62.36666666666667,33.96666666666667
2002,2.94884428024292,948,62.333333333333336,35.18333333333333
2002,4.28584659576416,949,62.13333333333333,30.85
2002,3.5863437843322754,950,62.13333333333333,31.45
2002,3.4204211807250977,951,62.11666666666667,32.06666666666667
2002,3.372716636657715,952,62.11666666666667,32.68333333333333
2002,3.0286738204956056,953,62.1,33.3
2002,2.880026969909668,954,62.05,35.15
2002,4.412271347045898,955,61.833333333333336,31.45
2002,3.634701690673828,956,61.81666666666667,32.666666666666664
2002,4.3652809715271,957,61.55,31.433333333333337
2002,3.1713965797424315,958,61.53333333333333,32.63333333333333
2002,3.585339889526367,959,61.516666666666666,33.233333333333334
2002,5.1856897354125975,960,60.93333333333333,33.78333333333333
2002,9.236247253417968,961,42.766666666666666,23.75
2002,11.028222351074218,962,43.05,27.766666666666666
2002,6.0970903015136715,963,42.06666666666667,23.8
2002,10.548611907958984,964,42.9,27.75
2002,5.699242324829101,965,41.68333333333333,24.733333333333334
2002,12.116444244384766,966,56.21666666666667,21.116666666666667
2002,6.790931015014649,967,57.166666666666664,25.7
2002,8.55749755859375,968,56.733333333333334,23.683333333333337
2002,6.573819274902344,969,35,33.05
2002,5.945211791992188,970,34.95,32.81666666666667
2002,5.9918443298339845,971,34.916666666666664,32.916666666666664
2002,6.947408142089844,972,35.016666666666666,32.61666666666667
2002,11.773113555908203,973,45.15,19.8
2002,7.699221115112305,974,43.28333333333333,20.8
2002,11.742529602050782,975,45.45,19.166666666666668
2002,13.237089538574219,976,44.11666666666667,21.966666666666665
2002,7.804089813232422,977,43.75,19.483333333333334
2003,14.85354705810547,1,47.86666666666667,6.2
2003,12.776684722900391,2,46.96666666666667,5.233333333333333
2003,16.300557708740236,3,46.166666666666664,5.233333333333333
2003,14.662006225585937,4,47.06666666666667,5.066666666666666
2003,13.775556945800782,5,48.166666666666664,-1.5333333333333332
2003,13.134781188964844,6,45.93333333333333,4.466666666666667
2003,13.367933349609375,7,47.083333333333336,4.083333333333333
2003,12.421645812988281,8,46.56666666666667,5.866666666666667
2003,12.319481658935548,9,46.516666666666666,6.05
2003,6.065263671875,10,45.583333333333336,6.783333333333333
2003,14.574666748046875,11,46.21666666666667,6.333333333333333
2003,8.555559120178224,12,44.11666666666667,5.8
2003,14.017171020507812,13,47.8,4.85
2003,15.232412414550781,14,47.18333333333333,6.266666666666667
2003,12.511288909912109,15,44.916666666666664,5.283333333333333
2003,14.249956359863281,16,47.78333333333333,5.066666666666666
2003,18.561895446777342,17,48.63333333333333,6.066666666666666
2003,4.947013969421387,18,44.7,6.55
2003,6.187393417358399,19,44.016666666666666,6.666666666666667
2003,13.775556945800782,20,48.2,-1.55
2003,13.625748901367187,21,47.93333333333333,3.716666666666667
2003,5.564689712524414,22,44.483333333333334,6.45
2003,13.603421020507813,23,46.96666666666667,6.45
2003,11.514124145507813,24,44.93333333333333,5.316666666666666
2003,12.350275497436524,25,45.416666666666664,6.116666666666666
2003,14.961008453369141,26,46.833333333333336,5.783333333333333
2003,18.088572998046875,27,48.333333333333336,4.3
2003,12.802535400390624,28,46.81666666666667,2.5666666666666664
2003,23.057611541748045,29,43.733333333333334,-0.8333333333333334
2003,13.390390319824219,30,47.45,-0.01666666666666666
2003,16.334176330566407,31,49.016666666666666,5.766666666666667
2003,19.353256225585938,32,50.166666666666664,3.75
2003,13.180525817871093,33,43.2,-0.03333333333333333
2003,12.537545471191406,34,46.666666666666664,2.716666666666667
2003,18.255296936035155,35,48.28333333333333,4.45
2003,13.02919189453125,36,47.25,2.1166666666666667
2003,17.124971923828124,37,49.35,1.5
2003,14.592066955566406,38,47.56666666666667,1.25
2003,20.50447784423828,39,49.03333333333333,4.95
2003,18.828661193847655,40,48.86666666666667,6.483333333333333
2003,17.28236785888672,41,49,7.45
2003,12.494308013916015,42,46.96666666666667,3.65
2003,16.099353637695312,43,49.38333333333333,2.3
2003,14.199454956054687,44,48.516666666666666,0.6666666666666666
2003,18.87478088378906,45,47.68333333333333,7.466666666666667
2003,14.457651977539063,46,47.78333333333333,0.36666666666666664
2003,11.638484649658203,47,44.03333333333333,1.7333333333333334
2003,14.369320678710938,48,46.61666666666667,0.48333333333333334
2003,15.86238037109375,49,48.016666666666666,6.033333333333333
2003,15.509300842285157,50,48.983333333333334,7.716666666666667
2003,17.58152374267578,51,48.45,2.716666666666667
2003,11.19536865234375,52,46.15,1.8166666666666669
2003,11.079394149780274,53,43.43333333333333,2.7
2003,13.936531677246094,54,48.56666666666667,-0.06666666666666667
2003,12.965200271606445,55,43.1,-0.1
2003,18.872975158691407,56,49.93333333333333,4.8
2003,11.015351409912109,57,43.63333333333333,2.9166666666666665
2003,11.00964859008789,58,45.75,2.95
2003,11.131444702148437,59,47,4.116666666666666
2003,11.008980560302735,60,43.43333333333333,2.4333333333333336
2003,10.627881927490234,61,45.8,1.8
2003,14.931935119628907,62,48.233333333333334,7.1
2003,17.3990966796875,63,49.2,3.1166666666666667
2003,13.598823547363281,64,42.916666666666664,1.2666666666666666
2003,15.100042114257812,65,49.166666666666664,-0.85
2003,11.21993881225586,66,47.833333333333336,-3.533333333333333
2003,11.114684600830078,67,44.1,3.533333333333333
2003,17.82802490234375,68,48.5,6.7
2003,21.539595947265624,69,49.166666666666664,5
2003,20.52641876220703,70,49.31666666666667,2.8666666666666667
2003,14.42113525390625,71,43.15,-0.65
2003,13.000213470458984,72,43.016666666666666,0.43333333333333335
2003,20.306439514160157,73,49.7,1.3166666666666669
2003,12.284651641845704,74,43.4,2.1666666666666665
2003,15.537716979980468,75,48.1,6.233333333333333
2003,6.385917472839355,76,42.25,8.833333333333334
2003,13.700821838378907,77,47.65,2.0833333333333335
2003,7.904475288391113,78,41.75,9.2
2003,11.75479034423828,79,43.93333333333333,-1.3333333333333333
2003,12.769043273925782,80,44.1,0.1
2003,13.57283660888672,81,44.03333333333333,-0
2003,14.457651977539063,82,47.733333333333334,0.3333333333333333
2003,9.306673736572266,83,44.85,3.05
2003,12.454380645751954,84,47.53333333333333,-1.8
2003,15.091512756347656,85,47.81666666666667,2.4333333333333336
2003,14.224478759765624,86,48.6,-0.5
2003,9.17212417602539,87,45.4,3.6833333333333336
2003,16.126060485839844,88,48.85,7.7
2003,17.28236785888672,89,48.916666666666664,7.433333333333334
2003,21.81020721435547,90,49.45,0.7333333333333333
2003,17.300819396972656,91,48.68333333333333,1.7166666666666668
2003,15.72142364501953,92,48.21666666666667,6.683333333333334
2003,10.252875061035157,93,44.7,3.95
2003,11.724583358764649,94,42.85,1.3333333333333333
2003,10.950785446166993,95,42.86666666666667,2.1
2003,17.58189178466797,96,48.6,7.133333333333334
2003,9.840751953125,97,45.43333333333333,3.5166666666666666
2003,14.468542175292969,98,47.93333333333333,7.116666666666666
2003,10.174945526123047,99,45.96666666666667,-1.2666666666666666
2003,8.197906341552734,100,46.86666666666667,-2.1333333333333333
2003,11.612985382080078,101,46.18333333333333,2.9833333333333334
2003,32.88364837646484,102,51.06666666666667,3.033333333333333
2003,21.48446258544922,103,50.78333333333333,4.7
2003,21.108900146484373,104,50.7,4.3
2003,36.639888305664066,105,51.4,5.05
2003,31.405615234375,106,51.3,4.516666666666667
2003,23.638421936035158,107,50.96666666666667,3.8
2003,21.72443084716797,108,50.983333333333334,4.2
2003,30.452795104980467,109,50.96666666666667,2.95
2003,27.400023193359374,110,51.166666666666664,5.316666666666666
2003,28.567159423828127,111,50.93333333333333,5.6
2003,22.388827514648437,112,50.733333333333334,4.4
2003,18.988433227539062,113,49.95,4.816666666666666
2003,21.763023376464844,114,50.21666666666667,5.616666666666667
2003,19.44743133544922,115,49.766666666666666,5.45
2003,20.552322998046876,116,50.233333333333334,5.983333333333333
2003,22.505404052734374,117,50.583333333333336,6.1
2003,19.51980224609375,118,50.05,5.216666666666667
2003,19.604424438476563,119,49.516666666666666,5.566666666666666
2003,19.546993713378907,120,50.1,4.266666666666667
2003,20.420272827148438,121,50.666666666666664,4.6
2003,26.622500610351562,122,52.96666666666667,6.733333333333333
2003,28.063544921875,123,52.86666666666667,6.333333333333333
2003,28.063544921875,124,52.86666666666667,6.35
2003,26.088899536132814,125,52.9,6.716666666666667
2003,31.12973358154297,126,52.53333333333333,6.55
2003,42.99150146484375,127,52.166666666666664,5.75
2003,36.37669799804687,128,51.31666666666667,5.516666666666667
2003,32.92018676757812,129,51.55,4.766666666666667
2003,38.79222900390625,130,52.233333333333334,5.633333333333333
2003,33.67132751464844,131,52.1,5.216666666666667
2003,34.78295349121094,132,52.15,5.883333333333333
2003,27.463797912597656,133,52.833333333333336,6.433333333333334
2003,36.580595703125,134,52.266666666666666,5.733333333333333
2003,18.701540222167967,135,52.46666666666667,13.216666666666669
2003,15.905689849853516,136,52.416666666666664,13.6
2003,15.342184448242188,137,53.1,12.416666666666666
2003,16.640752563476564,138,53.13333333333333,12.95
2003,15.32498779296875,139,52.96666666666667,13.633333333333333
2003,15.166092224121094,140,52.18333333333333,12.55
2003,17.575997314453126,141,51.78333333333333,13.55
2003,16.91257385253906,142,52.13333333333333,14
2003,16.640752563476564,143,53.13333333333333,12.966666666666669
2003,17.575997314453126,144,51.78333333333333,13.566666666666666
2003,15.023678741455079,145,52.15,14.016666666666667
2003,16.640752563476564,146,53.15,12.983333333333333
2003,15.720224304199219,147,52.15,14.483333333333333
2003,18.677701263427736,148,48.8,8.383333333333333
2003,22.159417419433595,149,49.45,8.75
2003,16.08631286621094,150,47.983333333333334,8.983333333333333
2003,16.25980255126953,151,48.28333333333333,8.65
2003,18.615560607910155,152,47.78333333333333,7.7
2003,17.440741577148437,153,48.016666666666666,7.966666666666667
2003,21.651243591308592,154,48,9.95
2003,15.033392944335937,155,48.6,8.633333333333333
2003,19.380231018066407,156,48.86666666666667,9.566666666666666
2003,18.194877014160156,157,49.516666666666666,9.166666666666666
2003,20.383791198730467,158,48.75,9.416666666666666
2003,15.033392944335937,159,48.583333333333336,8.633333333333333
2003,22.159417419433595,160,49.46666666666667,8.733333333333333
2003,17.440741577148437,161,48.016666666666666,7.95
2003,21.651243591308592,162,48,9.966666666666669
2003,15.033392944335937,163,48.583333333333336,8.616666666666667
2003,18.94641845703125,164,49.4,11.316666666666666
2003,23.65224609375,165,48.11666666666667,11.916666666666666
2003,17.53557891845703,166,49.75,12.383333333333333
2003,17.920309448242186,167,48.96666666666667,12.866666666666667
2003,17.449865417480467,168,48.916666666666664,11.75
2003,19.53801574707031,169,48.4,11.65
2003,24.5215380859375,170,48.21666666666667,12.733333333333333
2003,15.5886181640625,171,50.35,9.916666666666666
2003,13.123941230773926,172,47.56666666666667,12.933333333333334
2003,17.59790069580078,173,49.11666666666667,10.583333333333334
2003,18.043435974121095,174,49.85,10.516666666666667
2003,17.442691040039062,175,49.96666666666667,11.8
2003,17.70283935546875,176,48.7,12.733333333333333
2003,19.309261169433594,177,49.68333333333333,11.5
2003,19.381652221679687,178,49.96666666666667,9.45
2003,24.226092834472656,179,47.86666666666667,10.783333333333331
2003,18.341200256347655,180,47.56666666666667,10.383333333333333
2003,19.86997100830078,181,48.4,10.533333333333331
2003,20.371824951171874,182,49.266666666666666,12.383333333333333
2003,17.176095275878907,183,50.45,11.35
2003,17.257598571777343,184,49.71666666666667,9.883333333333333
2003,21.729802551269533,185,47.71666666666667,11.666666666666666
2003,18.942669677734376,186,48.28333333333333,11.066666666666666
2003,20.73536102294922,187,52.833333333333336,10.25
2003,23.53040771484375,188,51.85,10.4
2003,21.905784606933594,189,51.85,10.416666666666666
2003,21.752059631347656,190,51.75,9.566666666666666
2003,18.868710327148438,191,51.516666666666666,10.033333333333331
2003,21.51575653076172,192,53.166666666666664,9.9
2003,27.464186706542968,193,52.9,7.85
2003,19.02045715332031,194,50.63333333333333,9.666666666666666
2003,17.213472290039064,195,50.416666666666664,9.666666666666666
2003,18.896375427246095,196,50.7,8.883333333333333
2003,19.99896697998047,197,50.15,9.383333333333333
2003,17.19033721923828,198,50.56666666666667,8.2
2003,17.832911071777342,199,50.916666666666664,9.333333333333334
2003,21.74571075439453,200,54.083333333333336,10.233333333333333
2003,20.53216369628906,201,49.63333333333333,8.833333333333334
2003,16.16873291015625,202,52.56666666666667,11.166666666666666
2003,16.738927001953126,203,52.05,12.3
2003,18.45422180175781,204,51.36666666666667,9.266666666666667
2003,19.452180786132814,205,51.28333333333333,9.75
2003,17.738527526855467,206,50.68333333333333,8.633333333333333
2003,16.69554931640625,207,51.15,9.016666666666667
2003,21.351898498535157,208,49.7,8.516666666666667
2003,21.351898498535157,209,49.7,8.533333333333333
2003,16.16873291015625,210,52.56666666666667,11.183333333333334
2003,15.302542724609374,211,53.666666666666664,12.05
2003,16.093240051269532,212,53.63333333333333,13.933333333333334
2003,35.79375427246094,213,51.75,6.05
2003,30.50096435546875,214,51.71666666666667,6.166666666666667
2003,30.449825439453125,215,51.68333333333333,7.25
2003,24.112509155273436,216,51.833333333333336,8.95
2003,16.998222045898437,217,51.21666666666667,8.666666666666666
2003,19.769454650878906,218,51.016666666666666,8.183333333333334
2003,23.349970397949217,219,50.666666666666664,6.25
2003,24.306492919921876,220,51.7,8.983333333333333
2003,18.68724609375,221,49.68333333333333,7.016666666666667
2003,20.48544647216797,222,50.416666666666664,7.083333333333333
2003,16.009045715332032,223,49.63333333333333,7.916666666666667
2003,20.043418579101562,224,50.4,7.716666666666667
2003,17.348896484375,225,49.266666666666666,7.8
2003,18.090823669433593,226,49.016666666666666,8.116666666666667
2003,17.508026733398438,227,49.3,7.866666666666667
2003,17.966585998535155,228,49.31666666666667,7.016666666666667
2003,18.310497436523438,229,50.416666666666664,12.533333333333331
2003,17.193199768066407,230,50.63333333333333,13.3
2003,16.235523071289062,231,50.81666666666667,14.083333333333334
2003,14.50638412475586,232,51.11666666666667,14.55
2003,19.887854919433593,233,51.233333333333334,13.816666666666666
2003,16.420867614746093,234,51.18333333333333,12.816666666666666
2003,16.438192443847655,235,50.6,10.783333333333331
2003,16.886104431152344,236,51.333333333333336,10.85
2003,17.789776306152344,237,50.78333333333333,11.65
2003,16.236209411621093,238,50.93333333333333,11.016666666666667
2003,16.906849060058594,239,50.483333333333334,11.483333333333333
2003,8.082137756347656,240,41.833333333333336,13.583333333333334
2003,9.452538146972657,241,40.6,15.866666666666667
2003,12.064535522460938,242,38.416666666666664,16.166666666666668
2003,7.753499603271484,243,40.416666666666664,15.433333333333334
2003,24.602720031738283,244,44.71666666666667,10.2
2003,17.049382629394533,245,44.1,11.116666666666667
2003,24.745467224121093,246,45.81666666666667,13.166666666666666
2003,11.486684494018554,247,46.483333333333334,13.583333333333334
2003,11.080210571289063,248,42.81666666666667,11.9
2003,10.974989166259766,249,46.233333333333334,9.55
2003,14.476382751464843,250,43.28333333333333,13.066666666666666
2003,33.93201995849609,251,45.666666666666664,8.066666666666666
2003,11.97093002319336,252,41.81666666666667,15.983333333333333
2003,8.254814834594727,253,39.333333333333336,8.566666666666666
2003,15.510740356445313,254,43.5,10.433333333333334
2003,12.048594207763673,255,46.35,11.483333333333333
2003,13.247696228027344,256,43.45,12.45
2003,6.438266181945801,257,45.71666666666667,6.916666666666667
2003,33.036216735839844,258,46.05,12.016666666666667
2003,6.9813143920898435,259,37.9,13.4
2003,11.07716567993164,260,41.9,14.35
2003,25.70434127807617,261,45.95,10.116666666666667
2003,28.547614135742187,262,45.88333333333333,9.383333333333333
2003,9.175939636230469,263,42.86666666666667,10.766666666666667
2003,12.974339599609374,264,43.733333333333334,11.566666666666666
2003,15.3059521484375,265,46.583333333333336,11.433333333333334
2003,17.889288177490233,266,44.4,9.45
2003,31.33263916015625,267,45.516666666666666,8.7
2003,7.568792266845703,268,46.31666666666667,8.266666666666667
2003,40.195167236328125,269,45.2,10.733333333333333
2003,12.714071655273438,270,46.266666666666666,8.233333333333333
2003,10.717165679931641,271,41.233333333333334,13.066666666666666
2003,10.717165679931641,272,41.233333333333334,13.083333333333334
2003,15.797672119140625,273,51.1,-0.85
2003,15.767426147460938,274,51.583333333333336,-1.9166666666666663
2003,16.809349060058594,275,54.3,-3.0166666666666666
2003,17.300307006835936,276,52.43333333333333,0.8666666666666667
2003,15.278057861328126,277,53.4,-1.75
2003,5.749391403198242,278,56.65,-4.283333333333333
2003,11.589828033447265,279,55.083333333333336,-2.466666666666667
2003,6.569489898681641,280,56.71666666666667,-4.05
2003,8.719144134521484,281,56.233333333333334,-5.266666666666667
2003,11.77950927734375,282,52.11666666666667,-3.7333333333333334
2003,16.261842803955076,283,51.2,1.1166666666666667
2003,13.207320709228515,284,51.11666666666667,-1.2333333333333334
2003,15.797672119140625,285,51.016666666666666,-0.8666666666666667
2003,13.207320709228515,286,51.13333333333333,-1.2333333333333334
2003,10.047572937011719,287,53.1,-6.233333333333333
2003,12.73394775390625,288,52.96666666666667,-6.183333333333334
2003,12.475553741455078,289,52.53333333333333,-7.033333333333333
2003,11.51973129272461,290,52.3,-8.616666666666667
2003,11.816532135009766,291,52.583333333333336,-7.666666666666667
2003,12.320598754882813,292,53.483333333333334,-6.85
2003,8.36401885986328,293,54.18333333333333,-8.616666666666667
2003,11.528836288452148,294,53.96666666666667,-7.65
2003,10.876867294311523,295,54.13333333333333,-7.666666666666667
2003,7.5987069702148435,296,53.35,-9.333333333333334
2003,5.898894424438477,297,53.75,-9.55
2003,18.889676513671876,298,56.28333333333333,8.416666666666666
2003,18.309081420898437,299,55.13333333333333,8.883333333333333
2003,15.901290893554688,300,55.95,12.35
2003,18.343392333984376,301,56.083333333333336,9.35
2003,14.615247802734375,302,55.36666666666667,11.55
2003,16.54074447631836,303,55.7,12.35
2003,15.811474761962891,304,56.38333333333333,9.333333333333334
2003,16.793095703125,305,55,9.916666666666666
2003,18.343392333984376,306,56.06666666666667,9.333333333333334
2003,6.789212112426758,307,38.833333333333336,21.3
2003,10.490423889160157,308,39.78333333333333,22.783333333333335
2003,10.490423889160157,309,39.78333333333333,22.766666666666666
2003,6.695426712036133,310,38.86666666666667,21.866666666666667
2003,6.695426712036133,311,38.86666666666667,21.85
2003,7.818173141479492,312,40.06666666666667,-8.25
2003,6.267692260742187,313,38.95,-8.066666666666666
2003,5.3330908203125,314,38.083333333333336,-7.033333333333333
2003,7.336361999511719,315,38.31666666666667,-8.533333333333333
2003,5.844642944335938,316,41.5,-7.633333333333333
2003,5.38448657989502,317,40.4,-7.533333333333333
2003,12.652098007202149,318,39.78333333333333,-8.95
2003,9.471590957641602,319,38.65,-8.616666666666667
2003,8.682289028167725,320,43.1,-4.633333333333333
2003,10.123982696533202,321,42.25,-2.7
2003,21.777158203125,322,41.81666666666667,2.6166666666666667
2003,7.2408127593994145,323,40.86666666666667,-3.966666666666667
2003,13.131148681640624,324,40.53333333333333,0.01666666666666666
2003,7.145247268676758,325,39.93333333333333,-5.783333333333333
2003,8.189287719726563,326,37.15,-6.716666666666667
2003,7.824308700561524,327,40.18333333333333,-6.433333333333334
2003,3.976025466918945,328,38.46666666666667,-6.75
2003,11.620621604919434,329,43.15,-5.466666666666667
2003,7.117131271362305,330,40.43333333333333,-4.116666666666666
2003,11.282970657348633,331,42.983333333333334,-1.3333333333333333
2003,6.646437377929687,332,37.81666666666667,-5.683333333333334
2003,8.950113792419433,333,36.36666666666667,-5.566666666666666
2003,19.631781005859374,334,41.766666666666666,2.4
2003,11.44343017578125,335,40.9,0.38333333333333336
2003,15.69860107421875,336,43.016666666666666,-8.95
2003,5.229667739868164,337,40.46666666666667,-1.6666666666666663
2003,7.159909439086914,338,40.31666666666667,-0.7166666666666667
2003,12.815219268798828,339,42.516666666666666,-1.0666666666666669
2003,7.024089469909668,340,42.63333333333333,-0.2833333333333333
2003,8.28366958618164,341,38.516666666666666,-0.6333333333333333
2003,7.268202667236328,342,38.166666666666664,-4.066666666666666
2003,6.184459762573242,343,37.9,-2.8833333333333333
2003,5.2980417633056645,344,37,-3
2003,7.859204406738281,345,41.6,-3.033333333333333
2003,7.504041976928711,346,41.86666666666667,-2.8666666666666667
2003,6.661749458312988,347,41.983333333333334,-2.5
2003,9.997282638549805,348,43,-3.6833333333333336
2003,8.04361831665039,349,42.86666666666667,-4.55
2003,9.627877349853515,350,42.78333333333333,-5.366666666666666
2003,6.182059555053711,351,41.78333333333333,-6.366666666666666
2003,10.333424835205077,352,41.333333333333336,-4.533333333333333
2003,9.735976104736329,353,41.35,-4.283333333333333
2003,4.996740646362305,354,40.333333333333336,-5.933333333333334
2003,6.472055587768555,355,40.21666666666667,-5.016666666666667
2003,8.027113151550292,356,39.81666666666667,2.9
2003,7.569021339416504,357,39.85,3.1666666666666665
2003,6.263614807128906,358,40.016666666666666,-1.9666666666666668
2003,7.462569808959961,359,39.833333333333336,-1.3
2003,5.34089111328125,360,39.38333333333333,-4.116666666666666
2003,15.476343383789063,361,43.13333333333333,-2.966666666666667
2003,5.809983215332031,362,38.483333333333334,-2.466666666666667
2003,16.215358428955078,363,42.28333333333333,1.8833333333333333
2003,6.819819984436035,364,42.6,1.0666666666666669
2003,5.610449142456055,365,39.6,-4.683333333333334
2003,6.408797149658203,366,41.9,-8.116666666666667
2003,NA,367,28.133333333333333,-17.283333333333335
2003,NA,368,28.116666666666667,-17.216666666666665
2003,NA,369,28.183333333333337,-16.666666666666668
2003,13.576375122070312,370,42.733333333333334,-8.7
2003,6.2933669281005855,371,38.06666666666667,-2.8166666666666664
2003,5.125345687866211,372,37.53333333333333,-7.183333333333334
2003,8.28366958618164,373,38.516666666666666,-0.6166666666666667
2003,7.504041976928711,374,41.86666666666667,-2.8833333333333333
2003,8.04361831665039,375,42.85,-4.55
2003,15.476343383789063,376,43.13333333333333,-2.9833333333333334
2003,5.809983215332031,377,38.46666666666667,-2.45
2003,11.031470947265625,378,39.333333333333336,-0.31666666666666665
2003,6.099016876220703,379,37.45,-6.833333333333333
2003,19.54236877441406,380,49.983333333333334,6.033333333333333
2003,28.255086364746095,381,49.65,6.183333333333334
2003,14.797201538085938,382,56.166666666666664,13.15
2003,2.7748117733001707,383,63.03333333333333,17.416666666666668
2003,7.04682502746582,384,59.65,17.883333333333333
2003,5.410984191894531,385,60.18333333333333,17.716666666666665
2003,6.382179870605468,386,58.96666666666667,15.85
2003,7.083048782348633,387,58.21666666666667,15.916666666666666
2003,8.772878494262695,388,57.45,13.7
2003,9.727098083496093,389,56.46666666666667,15.116666666666667
2003,7.046554412841797,390,57.7,15.916666666666666
2003,11.583714599609374,391,56.3,14.85
2003,11.789420013427735,392,56.3,15.7
2003,12.666671905517578,393,56.36666666666667,13.816666666666666
2003,11.639751586914063,394,56.166666666666664,14.233333333333333
2003,13.422352600097657,395,56.25,13.533333333333331
2003,16.29111999511719,396,56.333333333333336,13.016666666666667
2003,13.991879577636718,397,55.983333333333334,13.383333333333333
2003,15.838793182373047,398,57.2,12.45
2003,14.387950592041015,399,57.03333333333333,12.8
2003,10.96745101928711,400,58.36666666666667,12.083333333333334
2003,9.086678924560546,401,57.55,13.5
2003,10.922659149169922,402,57.21666666666667,13.1
2003,12.100111236572266,403,57.516666666666666,12.466666666666669
2003,8.170489501953124,404,58.13333333333333,14.066666666666666
2003,6.257121162414551,405,58.85,13.683333333333334
2003,5.897243919372559,406,59.95,12.633333333333333
2003,6.642838516235352,407,59.666666666666664,11.95
2003,5.93332202911377,408,59.583333333333336,12.483333333333333
2003,5.317057571411133,409,59.8,15.483333333333333
2003,4.8533963775634765,410,60.016666666666666,15.4
2003,3.1449063491821287,411,61.2,15.2
2003,4.230774841308594,412,60.266666666666666,14.5
2003,2.8036030960083007,413,62.18333333333333,16.716666666666665
2003,3.2712835693359374,414,63.166666666666664,17.916666666666668
2003,1.9907277297973633,415,63.333333333333336,14.75
2003,3.3760924339294434,416,63.75,19.4
2003,1.717160053253174,417,64.5,17.4
2003,1.5828982543945314,418,65.45,19.4
2003,9.001966857910157,419,57.1,14.55
2003,7.916479263305664,420,57.13333333333333,14.766666666666667
2003,7.916479263305664,421,57.166666666666664,14.8
2003,12.466277008056641,422,58.05,12.016666666666667
2003,12.466277008056641,423,58.06666666666667,12.016666666666667
2003,5.353557205200195,424,59.75,14.9
2003,5.319002456665039,425,59.9,15.233333333333333
2003,5.927960357666016,426,59.56666666666667,14.833333333333334
2003,2.246241626739502,427,63.85,18.1
2003,2.413680944442749,428,64.03333333333333,18.916666666666668
2003,2.6387335777282717,429,64.25,19.8
2003,10.463204193115235,430,56.333333333333336,14.966666666666669
2003,14.697161865234374,431,57.5,12.233333333333333
2003,11.604098052978516,432,58.43333333333333,11.733333333333333
2003,7.068200302124024,433,59.56666666666667,18.05
2003,6.445900955200195,434,59.083333333333336,17.633333333333333
2003,5.474815139770508,435,60.016666666666666,17.183333333333334
2003,6.896901779174804,436,58.95,16.983333333333334
2003,6.925922317504883,437,58.766666666666666,16.8
2003,6.700260467529297,438,59.03333333333333,16.25
2003,5.899405746459961,439,59.3,16.116666666666667
2003,7.177894973754883,440,58.15,15.416666666666666
2003,7.340754623413086,441,58.75,15.133333333333333
2003,7.12505859375,442,57.86666666666667,14.75
2003,6.961378784179687,443,57.833333333333336,14.983333333333333
2003,7.065268478393555,444,57.5,15.333333333333334
2003,10.361215972900391,445,57.13333333333333,13.583333333333334
2003,8.537672271728516,446,56.88333333333333,15.1
2003,8.732123794555664,447,57.05,14.366666666666667
2003,8.66444595336914,448,56.833333333333336,13.733333333333333
2003,12.638225555419922,449,56.733333333333334,13.366666666666667
2003,6.879026336669922,450,58.05,16.1
2003,8.572340469360352,451,56.63333333333333,15.616666666666667
2003,9.95814239501953,452,56.85,16.316666666666666
2003,11.955502014160157,453,56.28333333333333,14.65
2003,10.524475555419922,454,56.4,15.3
2003,12.451793670654297,455,56.21666666666667,15.433333333333334
2003,11.15021209716797,456,56.38333333333333,14.533333333333331
2003,13.485142822265624,457,56.016666666666666,13.916666666666666
2003,14.333907775878906,458,56.1,13.516666666666667
2003,14.427724151611327,459,56.13333333333333,13.5
2003,13.696298217773437,460,55.916666666666664,13.583333333333334
2003,13.618642883300781,461,55.61666666666667,13.433333333333334
2003,16.604000549316407,462,57.06666666666667,12.55
2003,15.7522021484375,463,56.93333333333333,12.716666666666669
2003,14.890399017333984,464,56.766666666666666,13.133333333333333
2003,10.813343048095703,465,57,13.366666666666667
2003,15.697018280029297,466,56.68333333333333,13.15
2003,10.715019683837891,467,58.53333333333333,11.716666666666669
2003,10.949183044433594,468,57.4,13.1
2003,7.612931976318359,469,57.766666666666666,13.733333333333333
2003,8.047754211425781,470,58.71666666666667,11.966666666666669
2003,7.551678924560547,471,58.61666666666667,13.766666666666667
2003,6.853233032226562,472,59.65,13.8
2003,6.371282920837403,473,59.81666666666667,12.9
2003,4.284144401550293,474,60.583333333333336,13.116666666666667
2003,5.927960357666016,475,59.583333333333336,14.866666666666667
2003,5.844274063110351,476,59.583333333333336,14.7
2003,5.084054565429687,477,59.86666666666667,14.416666666666666
2003,5.989929122924805,478,59.083333333333336,15.5
2003,6.605290222167969,479,59.333333333333336,15.933333333333334
2003,3.2848460197448732,480,61.11666666666667,14.35
2003,4.584466667175293,481,60.4,15.266666666666667
2003,3.3726515579223633,482,61.733333333333334,16.516666666666666
2003,4.5035672378540035,483,60.65,16.283333333333335
2003,2.594237947463989,484,62.266666666666666,16.333333333333332
2003,2.0391487216949464,485,62,14.416666666666666
2003,2.4081783962249754,486,63.06666666666667,16.733333333333334
2003,1.9007378101348877,487,64.48333333333333,18.466666666666665
2003,1.5109923791885376,488,65.4,18.1
2003,2.6595218181610107,489,65.95,23.25
2003,1.5640131378173827,490,66.06666666666666,20.616666666666667
2003,3.3726515579223633,491,61.71666666666667,16.516666666666666
2003,20.303569946289063,492,48.11666666666667,16.033333333333335
2003,17.017438049316407,493,47.766666666666666,16.316666666666666
2003,12.257533264160156,494,47.483333333333334,16.55
2003,12.78268341064453,495,46.733333333333334,14.5
2003,9.138150253295898,496,46.766666666666666,13.166666666666666
2003,11.258150024414062,497,46.71666666666667,13.666666666666666
2003,16.317029418945314,498,48.35,15.2
2003,15.89009033203125,499,47.63333333333333,16.133333333333333
2003,14.322801818847656,500,48.916666666666664,15.183333333333334
2003,25.78203582763672,501,48.1,12.866666666666667
2003,23.987864990234375,502,47.86666666666667,13.35
2003,11.861365661621093,503,47.483333333333334,13.416666666666666
2003,15.427331237792968,504,46.61666666666667,15.5
2003,12.41780502319336,505,47.36666666666667,15.166666666666666
2003,11.153409271240234,506,47.63333333333333,15.65
2003,8.004465560913086,507,47.05,14.1
2003,11.538026962280274,508,47.31666666666667,12.4
2003,9.48443115234375,509,47.38333333333333,10.9
2003,18.15233383178711,510,47.36666666666667,11.883333333333333
2003,21.32799560546875,511,47.483333333333334,9.983333333333333
2003,1.052054328918457,512,69.56666666666666,28.883333333333333
2003,1.2305029726028442,513,67.95,24.05
2003,1.2575257921218872,514,67.98333333333333,24.216666666666665
2003,1.6598779487609863,515,67.33333333333333,26.633333333333333
2003,2.2747293949127196,516,66.31666666666666,26.633333333333333
2003,2.2777284240722655,517,66.35,26.716666666666665
2003,1.8854395961761474,518,66.28333333333333,29.45
2003,1.8952279090881348,519,66.33333333333333,29.35
2003,3.492596969604492,520,64.96666666666667,26.383333333333333
2003,4.885835113525391,521,61.86666666666667,24.216666666666665
2003,4.885835113525391,522,61.85,24.3
2003,6.653866729736328,523,60.65,23.8
2003,6.325993270874023,524,60.61666666666667,23.833333333333332
2003,6.4374318695068355,525,60.63333333333333,26.083333333333332
2003,6.656881484985352,526,60.65,26.116666666666667
2003,4.287539405822754,527,61.766666666666666,29.333333333333332
2003,4.287539405822754,528,61.8,29.316666666666663
2003,6.967113952636719,529,60.7,27.85
2003,5.481654014587402,530,61.233333333333334,25.05
2003,3.5043624877929687,531,63.15,30.7
2003,1.8854395961761474,532,66.3,29.483333333333334
2003,0.9069153237342834,533,69.73333333333333,26.95
2003,3.480830078125,534,63.55,22.483333333333334
2003,5.394595451354981,535,62.45,21.516666666666666
2003,4.752341957092285,536,62.05,24.366666666666667
2003,4.787489318847657,537,61.916666666666664,23.316666666666663
2003,9.113766326904297,538,60.03333333333333,23.033333333333335
2003,3.2978807067871094,539,64.11666666666666,26.683333333333337
2003,2.2747293949127196,540,66.33333333333333,26.633333333333333
2003,5.207920265197754,541,61.81666666666667,29.3
2003,2.1643130016326904,542,66.43333333333334,26.683333333333337
2003,5.734543113708496,543,60.983333333333334,27.266666666666666
2003,5.734543113708496,544,60.916666666666664,27.233333333333334
2003,22.197442932128908,545,46.583333333333336,6.65
2003,24.485259704589843,546,47.38333333333333,8.216666666666667
2003,21.931939086914063,547,47.03333333333333,8.7
2003,14.996611022949219,548,47.21666666666667,7.4
2003,13.701709899902344,549,46.21666666666667,6.283333333333333
2003,20.594596252441406,550,47.68333333333333,8.533333333333333
2003,29.34309539794922,551,46.016666666666666,8.833333333333334
2003,4.146101493835449,552,46.483333333333334,9.883333333333333
2003,9.912494049072265,553,46.43333333333333,8.8
2003,22.9724104309082,554,46.11666666666667,9
2003,10.928922119140625,555,46.266666666666666,7.433333333333334
2003,4.237977447509766,556,46.65,10.216666666666669
2003,8.209382247924804,557,46.28333333333333,7.85
2003,22.73355010986328,558,47.266666666666666,7.883333333333333
2003,14.477680358886719,559,46.7,7.75
2003,24.514961395263672,560,47.15,9.066666666666666
2003,5.863689498901367,561,46.8,9.85
2003,25.872584228515624,562,47.46666666666667,8.35
2003,11.121772689819336,563,47.88333333333333,19.95
2003,11.121772689819336,564,47.85,19.966666666666665
2003,11.414374694824218,565,47.55,19.383333333333333
2003,10.477837524414063,566,46.96666666666667,19.55
2003,10.477837524414063,567,46.95,19.533333333333335
2003,10.747188110351562,568,47.333333333333336,21.083333333333332
2003,16.28491943359375,569,47.65,16.483333333333334
2003,15.1103076171875,570,47.65,16.516666666666666
2003,16.28491943359375,571,47.666666666666664,16.5
2003,14.785301818847657,572,46.81666666666667,16.4
2003,13.559431762695313,573,46.583333333333336,16.733333333333334
2003,10.477837524414063,574,46.95,19.55
2003,10.477837524414063,575,46.93333333333333,19.533333333333335
2003,12.253335876464844,576,43.9,26
2003,11.165282745361328,577,44.06666666666667,26.05
2003,10.258642730712891,578,44.3,25.6
2003,12.838099975585937,579,44.5,26.166666666666668
2003,12.448032684326172,580,44.9,26.1
2003,10.889482116699218,581,45.1,25.7
2003,7.598160400390625,582,45.5,25.583333333333332
2003,6.958560485839843,583,45.416666666666664,25.266666666666666
2003,8.774988174438477,584,46.68333333333333,22.616666666666667
2003,10.273987426757813,585,45.016666666666666,24.983333333333334
2003,7.011583786010743,586,47.43333333333333,25.55
2003,7.984216384887695,587,45.333333333333336,25.55
2003,10.591796646118164,588,53.88333333333333,14.5
2003,11.11017333984375,589,54.8,17.933333333333334
2003,12.46325698852539,590,53.78333333333333,15.05
2003,11.844120635986329,591,53.18333333333333,14.483333333333333
2003,14.800601196289062,592,52.9,15.35
2003,15.779246520996093,593,52.766666666666666,14.9
2003,13.944162902832032,594,53.11666666666667,16.033333333333335
2003,11.217057800292968,595,53.766666666666666,15.483333333333333
2003,11.705985107421874,596,54.666666666666664,17.983333333333334
2003,10.500738067626953,597,53.8,16.35
2003,13.231426086425781,598,54.15,17.116666666666667
2003,11.630549926757812,599,54.2,17.216666666666665
2003,11.34616180419922,600,54.083333333333336,19.15
2003,11.34616180419922,601,54.083333333333336,19.2
2003,12.31684326171875,602,54.05,20.4
2003,20.21733642578125,603,54.15,20.166666666666668
2003,12.865983581542968,604,53.766666666666666,19.033333333333335
2003,16.071674194335937,605,53.45,19.416666666666668
2003,8.968846740722656,606,54.28333333333333,23
2003,9.550611724853516,607,54.266666666666666,22.833333333333332
2003,13.655244140625,608,54.333333333333336,22.35
2003,14.444993896484375,609,53.65,20.15
2003,14.768248291015626,610,53.666666666666664,21.433333333333337
2003,11.674409790039062,611,53.96666666666667,23.116666666666667
2003,11.53455841064453,612,53.9,23.316666666666663
2003,10.498586730957031,613,53.2,23.15
2003,11.766568603515625,614,53.2,23.35
2003,11.20977264404297,615,52.666666666666664,23.716666666666665
2003,10.764994354248048,616,52.85,23.666666666666668
2003,15.644799652099609,617,53.43333333333333,21.816666666666663
2003,11.518964385986328,618,53.28333333333333,22.05
2003,13.046230163574219,619,53.81666666666667,17.85
2003,13.737049255371094,620,53.93333333333333,18.083333333333332
2003,15.968177490234375,621,53.483333333333334,16.383333333333333
2003,15.029271240234374,622,53.3,16.833333333333332
2003,14.054261169433595,623,53.6,16.95
2003,12.99171112060547,624,53.266666666666666,19.55
2003,13.59297882080078,625,52.983333333333334,19.233333333333334
2003,14.077356719970703,626,52.55,15.25
2003,13.451831512451172,627,52.516666666666666,14.95
2003,16.30414276123047,628,52.8,16.416666666666668
2003,18.086203002929686,629,52.95,18.516666666666666
2003,19.98325408935547,630,52.7,18.916666666666668
2003,12.8193505859375,631,51.86666666666667,15.533333333333331
2003,12.610568084716796,632,52.35,15.8
2003,13.836787109375,633,52.25,16.316666666666666
2003,20.68643310546875,634,52,17.316666666666666
2003,12.564706115722656,635,51.8,16.5
2003,20.47620635986328,636,52.63333333333333,17.65
2003,19.174678649902344,637,51.95,17.2
2003,15.272965393066407,638,51.516666666666666,18.25
2003,20.149353942871095,639,51.6,16.916666666666668
2003,18.52802734375,640,53.11666666666667,19.783333333333335
2003,13.906198120117187,641,52.71666666666667,20.6
2003,14.069551849365235,642,52.36666666666667,19.9
2003,12.668984832763671,643,52.016666666666666,21.1
2003,12.260755004882812,644,51.8,21.45
2003,12.414428100585937,645,53.3,21.616666666666667
2003,13.078660736083984,646,53.18333333333333,21.083333333333332
2003,10.729017791748047,647,52.766666666666666,22.666666666666668
2003,10.360633697509765,648,51.43333333333333,22.766666666666666
2003,11.894937286376953,649,51.96666666666667,22.983333333333334
2003,10.347530517578125,650,51.483333333333334,23.35
2003,10.66679656982422,651,51.233333333333334,23.5
2003,9.279393310546874,652,50.63333333333333,23.75
2003,12.960625152587891,653,51.36666666666667,15.683333333333334
2003,13.602504577636719,654,51.25,15.483333333333333
2003,11.568463439941405,655,51.35,16.5
2003,12.242394409179688,656,50.88333333333333,17.633333333333333
2003,11.182805633544922,657,50.63333333333333,16.933333333333334
2003,12.074906539916991,658,50.38333333333333,17.55
2003,13.043773651123047,659,50.43333333333333,17.95
2003,13.779359130859374,660,50.53333333333333,17.7
2003,14.209174652099609,661,50.8,18.166666666666668
2003,16.088590698242186,662,50.583333333333336,18.45
2003,14.521876983642578,663,50.233333333333334,18.316666666666663
2003,15.3550244140625,664,51.333333333333336,19.266666666666666
2003,12.265682525634766,665,51.1,20.416666666666668
2003,12.876934356689453,666,51.083333333333336,20.15
2003,10.376385192871094,667,50.7,20.766666666666666
2003,11.03361846923828,668,51.65,21.033333333333335
2003,10.4323193359375,669,51.2,21.383333333333333
2003,10.26564079284668,670,51.21666666666667,22.65
2003,10.982360916137695,671,51.166666666666664,21.866666666666667
2003,10.42940902709961,672,50.38333333333333,23.45
2003,10.417632751464843,673,50.43333333333333,23.4
2003,13.27430404663086,674,50.75,18.666666666666668
2003,13.764505310058594,675,51,19.05
2003,15.9655078125,676,50.2,19.4
2003,14.573943939208984,677,50.35,19.35
2003,15.19503402709961,678,50.333333333333336,19.65
2003,13.507988739013673,679,50.7,19.216666666666665
2003,11.342679901123047,680,50.71666666666667,20.3
2003,12.597183837890626,681,50.55,21.25
2003,12.834976959228516,682,50.46666666666667,22.116666666666667
2003,11.778229370117188,683,50.5,22.933333333333337
2003,11.078276062011719,684,50.416666666666664,22.75
2003,13.14396469116211,685,50.05,20.566666666666663
2003,14.440055236816406,686,50.06666666666667,20.8
2003,11.701728820800781,687,50.266666666666666,22.116666666666667
2003,13.827857818603515,688,50.833333333333336,15.416666666666666
2003,12.87226806640625,689,50.85,15.516666666666667
2003,10.686370697021484,690,50.266666666666666,16.633333333333333
2003,14.904531555175781,691,50.31666666666667,16.416666666666668
2003,13.336666870117188,692,50.25,16.983333333333334
2003,11.645404357910156,693,50.233333333333334,16.783333333333335
2003,16.398375549316405,694,49.666666666666664,18.966666666666665
2003,13.45932876586914,695,49.75,21.816666666666663
2003,13.493456573486329,696,49.61666666666667,22.466666666666665
2003,12.014007263183593,697,49.2,22.716666666666665
2003,11.22255485534668,698,49.06666666666667,22.85
2003,14.704076461791992,699,49.65,19.033333333333335
2003,12.830855255126954,700,49.6,19.083333333333332
2003,14.263316192626952,701,49.516666666666666,18.9
2003,13.466603164672852,702,49.75,19.8
2003,13.371881408691406,703,49.68333333333333,20.166666666666668
2003,12.694752044677735,704,49.416666666666664,20.816666666666663
2003,11.081109466552734,705,49.333333333333336,20.833333333333332
2003,14.171874237060546,706,49.483333333333334,21.616666666666667
2003,13.831516571044922,707,49.4,21.95
2003,11.98667495727539,708,49.45,19.983333333333334
2003,15.779246520996093,709,52.733333333333334,14.866666666666667
2003,12.985158233642577,710,52.86666666666667,15.716666666666669
2003,11.939144439697266,711,54.53333333333333,17.9
2003,12.385801391601563,712,54.55,18.266666666666666
2003,13.237727966308594,713,53.983333333333334,19.433333333333337
2003,13.0064697265625,714,53.85,20.533333333333335
2003,10.489037322998048,715,53.583333333333336,23.266666666666666
2003,10.674591369628907,716,53.68333333333333,16.766666666666666
2003,12.786782836914062,717,51.81666666666667,15.783333333333331
2003,18.20957824707031,718,51.766666666666666,17.566666666666666
2003,19.086983032226563,719,52.483333333333334,19.6
2003,10.611216888427734,720,52.333333333333336,22.65
2003,11.448877563476563,721,52.03333333333333,22.716666666666665
2003,13.602504577636719,722,51.3,15.416666666666666
2003,13.779359130859374,723,50.6,17.683333333333334
2003,11.743570556640625,724,50.61666666666667,17.25
2003,15.819613647460937,725,50.083333333333336,18.65
2003,16.346339416503906,726,50.3,18.483333333333334
2003,12.860853271484375,727,51.03333333333333,19.6
2003,9.341528015136719,728,50.5,23.466666666666665
2003,15.674603881835937,729,50.483333333333334,20.116666666666667
2003,11.972964477539062,730,51.05,15.866666666666667
2003,11.03350830078125,731,50.78333333333333,16.2
2003,12.359492950439453,732,49.85,22.6
2003,13.493456573486329,733,49.65,22.483333333333334
2003,12.760462188720703,734,49.45,22.283333333333335
2003,14.787281036376953,735,49.65,20.25
2003,11.403861999511719,736,48.2,18.383333333333333
2003,10.06317726135254,737,48.916666666666664,19.483333333333334
2003,10.3678515625,738,48.63333333333333,19.533333333333335
2003,12.778026428222656,739,47.88333333333333,17.583333333333332
2003,11.268771286010741,740,48.61666666666667,19.033333333333335
2003,9.26714469909668,741,49.166666666666664,20.233333333333334
2003,12.04988265991211,742,49.18333333333333,22.083333333333332
2003,14.8507763671875,743,49.5,18.566666666666663
2003,14.8507763671875,744,49.483333333333334,18.566666666666663
2003,10.542362365722656,745,48.38333333333333,19
2003,10.615405120849609,746,48.95,19.383333333333333
2003,11.268771286010741,747,48.61666666666667,19.016666666666666
2003,11.495574836730958,748,58.38333333333333,8.233333333333333
2003,4.401096525192261,749,59.03333333333333,7.566666666666666
2003,2.1876735162734984,750,65.88333333333334,13.8
2003,9.257493438720703,751,58.96666666666667,11.516666666666667
2003,4.558934087753296,752,60.6,6.516666666666667
2003,3.639662799835205,753,64.65,12.266666666666667
2003,3.5044467353820803,754,61.266666666666666,11.85
2003,7.1802412796020505,755,59.43333333333333,9.866666666666667
2003,2.81907096862793,756,61,9.216666666666669
2003,2.6789178085327148,757,63.28333333333333,11.183333333333334
2003,1.7521364068984986,758,62.766666666666666,8.883333333333333
2003,5.590041847229004,759,60.36666666666667,11.066666666666666
2003,15.595320129394532,760,59.333333333333336,5.783333333333333
2003,3.5044467353820803,761,61.28333333333333,11.85
2003,1.7521364068984986,762,62.78333333333333,8.883333333333333
2003,7.1802412796020505,763,59.45,9.866666666666667
2003,8.759249496459962,764,56.35,24.95
2003,10.520261535644531,765,54.833333333333336,24.05
2003,10.710838623046875,766,54.85,23.533333333333335
2003,9.050754699707031,767,56.333333333333336,24.833333333333332
2003,10.417010345458984,768,54.416666666666664,24.95
2003,10.520261535644531,769,54.81666666666667,24.066666666666663
2003,8.342770004272461,770,54.78333333333333,24.066666666666663
2003,10.960806884765624,771,54.18333333333333,24.6
2003,7.803097152709961,772,55.8,25.516666666666666
2003,10.245248794555664,773,55.81666666666667,21.466666666666665
2003,10.520261535644531,774,54.833333333333336,24.033333333333335
2003,15.49606414794922,775,50.03333333333333,12.616666666666667
2003,12.1190966796875,776,50.166666666666664,17.066666666666666
2003,11.860951232910157,777,50.1,17.2
2003,13.605996704101562,778,49.45,15.766666666666667
2003,12.74250747680664,779,50.55,15.95
2003,14.340097351074219,780,49.666666666666664,15.216666666666669
2003,14.527432861328125,781,50.18333333333333,12.883333333333333
2003,13.83282928466797,782,49.25,15.7
2003,12.05265754699707,783,50.733333333333334,15.533333333333331
2003,14.4864990234375,784,49.06666666666667,17.266666666666666
2003,16.855792846679687,785,50.13333333333333,15.866666666666667
2003,14.484954223632812,786,49.9,14.533333333333331
2003,14.532741394042969,787,49.21666666666667,14.3
2003,13.82879638671875,788,49.016666666666666,14.966666666666669
2003,15.371277465820313,789,50.28333333333333,16.383333333333333
2003,12.945189819335937,790,49.733333333333334,12.85
2003,14.229228210449218,791,49,14.8
2003,13.847306823730468,792,50.63333333333333,14.6
2003,13.996457901000976,793,50.833333333333336,15.333333333333334
2003,14.118361511230468,794,49.7,17.133333333333333
2003,15.813828735351562,795,49.45,18.383333333333333
2003,6.965192909240723,796,59.55,26.033333333333335
2003,6.676516761779785,797,59.56666666666667,26.116666666666667
2003,6.979387435913086,798,58.05,26.1
2003,6.9142999267578125,799,58.11666666666667,27.05
2003,6.359614105224609,800,58.35,26.966666666666665
2003,7.390575790405274,801,57.7,26.516666666666666
2003,6.5611011505126955,802,59.516666666666666,26.4
2003,6.471249160766601,803,58.266666666666666,26.45
2003,12.82154441833496,804,46.36666666666667,13.933333333333334
2003,19.861458435058594,805,45.983333333333334,13.733333333333333
2003,18.877676696777343,806,45.666666666666664,13.85
2003,20.34684509277344,807,46.28333333333333,14.4
2003,12.755380554199219,808,45.53333333333333,14.8
2003,16.101143798828126,809,46.46666666666667,15.383333333333333
2003,14.702241516113281,810,46.36666666666667,15.233333333333333
2003,15.660266723632812,811,46.1,15.066666666666666
2003,13.819369964599609,812,45.63333333333333,14.633333333333333
2003,15.439981994628907,813,45.86666666666667,15.416666666666666
2003,13.134717254638671,814,46.483333333333334,16.516666666666666
2003,16.101143798828126,815,46.45,15.383333333333333
2003,2.8147052192687987,816,64.13333333333334,32.233333333333334
2003,2.5133533000946047,817,64.11666666666666,32.88333333333333
2003,2.6502286100387575,818,63.85,30.9
2003,2.8061349964141846,819,63.85,31.55
2003,2.811752185821533,820,63.833333333333336,32.85
2003,3.5737120628356935,821,63.56666666666667,30.883333333333333
2003,2.9752854442596437,822,63.56666666666667,31.533333333333335
2003,3.001543550491333,823,63.266666666666666,32.166666666666664
2003,3.1278683280944826,824,63.25,32.8
2003,3.411899166107178,825,62.96666666666667,32.78333333333333
2003,3.2395995044708252,826,62.93333333333333,34.03333333333333
2003,3.750977840423584,827,62.916666666666664,34.666666666666664
2003,3.422581272125244,828,62.9,35.3
2003,3.1024595642089845,829,62.86666666666667,35.916666666666664
2003,4.553363056182861,830,62.583333333333336,35.86666666666667
2003,4.1135236930847165,831,62.28333333333333,36.43333333333333
2003,4.183996334075927,832,62.083333333333336,33.916666666666664
2003,4.534804058074951,833,61.983333333333334,36.36666666666667
2003,4.123164577484131,834,61.96666666666667,36.96666666666667
2003,3.7268384742736815,835,61.93333333333333,37.583333333333336
2003,5.626686668395996,836,61.85,30.833333333333332
2003,4.370921516418457,837,61.81666666666667,33.266666666666666
2003,4.350842742919922,838,61.8,33.88333333333333
2003,4.268758945465088,839,61.666666666666664,36.916666666666664
2003,5.020387134552002,840,61.55,30.216666666666665
2003,5.645229148864746,841,61.55,32.03333333333333
2003,4.958135185241699,842,61.5,33.833333333333336
2003,4.2865043640136715,843,61.483333333333334,34.45
2003,4.470424652099609,844,61.46666666666667,35.05
2003,5.403436279296875,845,61.266666666666666,29.633333333333333
2003,3.944367599487305,846,61.266666666666666,30.216666666666665
2003,6.742587623596191,847,61.25,32.61666666666667
2003,6.201572456359863,848,61.233333333333334,33.21666666666667
2003,4.3931872940063474,849,61.2,34.4
2003,7.289162979125977,850,60.95,33.18333333333333
2003,5.733310737609863,851,61.25,29.316666666666663
2003,5.893200454711914,852,61.11666666666667,29.033333333333335
2003,5.681963844299316,853,61.11666666666667,29.333333333333332
2003,5.484525718688965,854,61.11666666666667,29.616666666666667
2003,4.545881233215332,855,61.11666666666667,29.933333333333337
2003,2.4139014053344727,856,64.7,32.95
2003,6.142244873046875,857,60.96666666666667,29.033333333333335
2003,6.350628204345703,858,60.96666666666667,29.333333333333332
2003,6.12005989074707,859,60.96666666666667,29.633333333333333
2003,6.462962036132812,860,60.96666666666667,30.216666666666665
2003,6.512565078735352,861,60.833333333333336,28.45
2003,6.775731353759766,862,60.833333333333336,28.75
2003,6.132262725830078,863,60.833333333333336,29.066666666666663
2003,4.969036407470703,864,60.833333333333336,29.35
2003,6.447158584594726,865,60.81666666666667,29.633333333333333
2003,5.686868553161621,866,60.833333333333336,29.933333333333337
2003,5.105203399658203,867,60.81666666666667,30.233333333333334
2003,5.7564608764648435,868,60.68333333333333,29.933333333333337
2003,5.577033233642578,869,60.68333333333333,28.466666666666665
2003,7.34697151184082,870,60.68333333333333,29.05
2003,7.147531890869141,871,60.7,29.333333333333332
2003,6.473717079162598,872,60.68333333333333,29.65
2003,6.074099235534668,873,60.68333333333333,30.216666666666665
2003,6.184879264831543,874,60.68333333333333,30.483333333333334
2003,7.316160430908203,875,60.53333333333333,27.916666666666668
2003,6.47462589263916,876,60.55,28.216666666666665
2003,6.005212020874024,877,60.53333333333333,28.483333333333334
2003,9.171477508544921,878,60.53333333333333,28.766666666666666
2003,6.13221622467041,879,60.55,29.366666666666667
2003,5.775168266296387,880,60.55,29.633333333333333
2003,7.249755477905273,881,60.55,29.933333333333337
2003,5.987879676818848,882,60.55,30.516666666666666
2003,9.530330581665039,883,60.4,28.766666666666666
2003,8.658649597167969,884,60.4,29.066666666666663
2003,8.791103897094727,885,60.4,29.35
2003,8.911521224975585,886,60.4,29.633333333333333
2003,8.184506530761718,887,60.4,29.933333333333337
2003,7.394604568481445,888,60.416666666666664,30.2
2003,10.100444869995117,889,60.266666666666666,29.066666666666663
2003,8.78877296447754,890,60.266666666666666,29.35
2003,8.216306533813476,891,60.266666666666666,29.633333333333333
2003,9.404251403808594,892,60.266666666666666,29.933333333333337
2003,7.788134460449219,893,60.11666666666667,30.516666666666666
2003,8.23391731262207,894,60.11666666666667,30.8
2003,9.065609512329102,895,59.983333333333334,30.8
2003,6.276141777038574,896,59.983333333333334,31.083333333333332
2003,1.889547152519226,897,66.43333333333334,32.43333333333333
2003,1.787839126586914,898,66.41666666666667,33.15
2003,1.795766077041626,899,66.15,31.683333333333337
2003,1.835049204826355,900,66.13333333333334,33.11666666666667
2003,1.921879825592041,901,66.11666666666666,33.81666666666667
2003,2.0566327571868896,902,65.86666666666666,30.95
2003,2.0860134887695314,903,65.86666666666666,31.666666666666668
2003,1.7348643732070923,904,65.85,33.083333333333336
2003,1.6498768615722657,905,65.83333333333333,33.78333333333333
2003,1.626860134601593,906,65.81666666666666,34.46666666666667
2003,2.072822675704956,907,65.58333333333333,30.966666666666665
2003,1.906604332923889,908,65.58333333333333,31.65
2003,1.9512787771224975,909,65.56666666666666,32.35
2003,1.8729375076293946,910,65.56666666666666,33.03333333333333
2003,2.3528369522094725,911,65.3,30.25
2003,2.3576609659194947,912,65.3,30.95
2003,2.298430962562561,913,65.3,31.633333333333333
2003,1.7851293540000917,914,65.26666666666667,33.016666666666666
2003,1.9279811429977416,915,65.25,33.68333333333333
2003,1.875638518333435,916,65.25,34.38333333333333
2003,2.4108633041381835,917,65.01666666666667,30.25
2003,2.248421754837036,918,65,32.28333333333333
2003,2.1359128093719484,919,64.98333333333333,32.983333333333334
2003,2.092919726371765,920,64.96666666666667,33.65
2003,1.9387176656723022,921,64.95,34.333333333333336
2003,2.605810432434082,922,64.73333333333333,30.25
2003,2.4084425449371336,923,64.71666666666667,30.916666666666668
2003,2.423915901184082,924,64.71666666666667,31.6
2003,2.620710687637329,925,64.41666666666667,32.9
2003,2.5463176155090332,926,64.4,33.583333333333336
2003,2.7289648056030273,927,64.38333333333334,34.25
2003,2.688541879653931,928,64.15,31.566666666666663
2003,2.9179619216918944,929,64.1,33.53333333333333
2003,2.7987764835357667,930,64.08333333333333,34.2
2003,2.714760284423828,931,63.85,32.2
2003,2.422521095275879,932,63.8,34.15
2003,3.3192989826202393,933,63.78333333333333,34.8
2003,2.5870284366607668,934,63.55,32.833333333333336
2003,2.9337529277801515,935,63.53333333333333,33.46666666666667
2003,3.16810827255249,936,63.21666666666667,34.71666666666667
2003,3.160957956314087,937,63.18333333333333,35.35
2003,3.2901737976074217,938,63.166666666666664,35.983333333333334
2003,3.1696329879760743,939,62.983333333333334,32.13333333333333
2003,3.582780246734619,940,62.7,32.11666666666667
2003,3.7469959831237794,941,62.68333333333333,32.733333333333334
2003,3.7313606262207033,942,62.666666666666664,33.36666666666667
2003,3.8789751815795896,943,62.63333333333333,34.61666666666667
2003,4.0958053016662594,944,62.416666666666664,31.466666666666665
2003,4.080478286743164,945,62.4,32.71666666666667
2003,3.794272403717041,946,62.38333333333333,33.333333333333336
2003,3.6703672504425047,947,62.36666666666667,33.96666666666667
2003,4.061183490753174,948,62.333333333333336,35.18333333333333
2003,5.494597930908203,949,62.13333333333333,30.85
2003,4.714743385314941,950,62.13333333333333,31.45
2003,4.61400936126709,951,62.11666666666667,32.06666666666667
2003,4.538492927551269,952,62.11666666666667,32.68333333333333
2003,4.153237361907959,953,62.1,33.3
2003,4.531410884857178,954,62.05,35.15
2003,5.849048538208008,955,61.833333333333336,31.45
2003,4.836179084777832,956,61.81666666666667,32.666666666666664
2003,6.288637371063232,957,61.55,31.433333333333337
2003,4.562611608505249,958,61.53333333333333,32.63333333333333
2003,4.897060050964355,959,61.516666666666666,33.233333333333334
2003,6.313873329162598,960,60.93333333333333,33.78333333333333
2003,9.488808670043944,961,42.766666666666666,23.75
2003,9.936641387939453,962,43.05,27.766666666666666
2003,6.7828603363037105,963,42.06666666666667,23.8
2003,9.404956817626953,964,42.9,27.75
2003,6.463594207763672,965,41.68333333333333,24.733333333333334
2003,12.28087188720703,966,56.21666666666667,21.116666666666667
2003,6.569366989135742,967,57.166666666666664,25.7
2003,8.122463836669922,968,56.733333333333334,23.683333333333337
2003,6.848286743164063,969,35,33.05
2003,6.116816253662109,970,34.95,32.81666666666667
2003,6.327109527587891,971,34.916666666666664,32.916666666666664
2003,7.339132385253906,972,35.016666666666666,32.61666666666667
2003,11.964338073730469,973,45.15,19.8
2003,7.30924560546875,974,43.28333333333333,20.8
2003,11.425533447265625,975,45.45,19.166666666666668
2003,13.083305816650391,976,44.11666666666667,21.966666666666665
2003,8.754050750732421,977,43.75,19.483333333333334
2004,16.320408325195313,1,47.86666666666667,6.2
2004,15.004956207275391,2,46.96666666666667,5.233333333333333
2004,17.080751037597658,3,46.166666666666664,5.233333333333333
2004,17.083201904296875,4,47.06666666666667,5.066666666666666
2004,14.181721496582032,5,48.166666666666664,-1.5333333333333332
2004,13.826063842773438,6,45.93333333333333,4.466666666666667
2004,14.77073715209961,7,47.083333333333336,4.083333333333333
2004,12.62657501220703,8,46.56666666666667,5.866666666666667
2004,11.352240295410157,9,46.516666666666666,6.05
2004,5.670770263671875,10,45.583333333333336,6.783333333333333
2004,14.997323760986328,11,46.21666666666667,6.333333333333333
2004,7.725479011535644,12,44.11666666666667,5.8
2004,15.0719677734375,13,47.8,4.85
2004,15.673517608642578,14,47.18333333333333,6.266666666666667
2004,13.060641174316407,15,44.916666666666664,5.283333333333333
2004,14.568097229003905,16,47.78333333333333,5.066666666666666
2004,18.854791870117186,17,48.63333333333333,6.066666666666666
2004,4.149467468261719,18,44.7,6.55
2004,4.943667945861816,19,44.016666666666666,6.666666666666667
2004,14.181721496582032,20,48.2,-1.55
2004,14.715245361328124,21,47.93333333333333,3.716666666666667
2004,4.529709968566895,22,44.483333333333334,6.45
2004,12.423453369140624,23,46.96666666666667,6.45
2004,11.406672973632812,24,44.93333333333333,5.316666666666666
2004,12.660724792480469,25,45.416666666666664,6.116666666666666
2004,16.09655487060547,26,46.833333333333336,5.783333333333333
2004,20.577229919433595,27,48.333333333333336,4.3
2004,14.373592529296875,28,46.81666666666667,2.5666666666666664
2004,21.397962341308595,29,43.733333333333334,-0.8333333333333334
2004,12.942315368652343,30,47.45,-0.01666666666666666
2004,17.4235205078125,31,49.016666666666666,5.766666666666667
2004,21.782999572753905,32,50.166666666666664,3.75
2004,13.942611236572265,33,43.2,-0.03333333333333333
2004,14.441351165771485,34,46.666666666666664,2.716666666666667
2004,19.84087677001953,35,48.28333333333333,4.45
2004,13.708751525878906,36,47.25,2.1166666666666667
2004,17.47928253173828,37,49.35,1.5
2004,15.078541259765625,38,47.56666666666667,1.25
2004,22.16026184082031,39,49.03333333333333,4.95
2004,21.07576202392578,40,48.86666666666667,6.483333333333333
2004,19.05041229248047,41,49,7.45
2004,14.31462371826172,42,46.96666666666667,3.65
2004,16.913395385742188,43,49.38333333333333,2.3
2004,14.301962890625,44,48.516666666666666,0.6666666666666666
2004,20.287726440429687,45,47.68333333333333,7.466666666666667
2004,13.701082153320312,46,47.78333333333333,0.36666666666666664
2004,10.848025512695312,47,44.03333333333333,1.7333333333333334
2004,13.88259002685547,48,46.61666666666667,0.48333333333333334
2004,17.02165100097656,49,48.016666666666666,6.033333333333333
2004,17.66155715942383,50,48.983333333333334,7.716666666666667
2004,18.70956970214844,51,48.45,2.716666666666667
2004,12.207084045410156,52,46.15,1.8166666666666669
2004,9.593017501831055,53,43.43333333333333,2.7
2004,13.580587158203125,54,48.56666666666667,-0.06666666666666667
2004,13.022499618530274,55,43.1,-0.1
2004,20.92073944091797,56,49.93333333333333,4.8
2004,9.952307662963868,57,43.63333333333333,2.9166666666666665
2004,12.218978118896484,58,45.75,2.95
2004,12.944246520996094,59,47,4.116666666666666
2004,10.37821533203125,60,43.43333333333333,2.4333333333333336
2004,11.208757934570313,61,45.8,1.8
2004,15.693034362792968,62,48.233333333333334,7.1
2004,18.85676818847656,63,49.2,3.1166666666666667
2004,13.678990859985351,64,42.916666666666664,1.2666666666666666
2004,14.34091094970703,65,49.166666666666664,-0.85
2004,10.845357513427734,66,47.833333333333336,-3.533333333333333
2004,9.954506301879883,67,44.1,3.533333333333333
2004,20.63274139404297,68,48.5,6.7
2004,22.620480346679688,69,49.166666666666664,5
2004,22.336602783203126,70,49.31666666666667,2.8666666666666667
2004,15.960202026367188,71,43.15,-0.65
2004,13.436971435546875,72,43.016666666666666,0.43333333333333335
2004,20.851896667480467,73,49.7,1.3166666666666669
2004,13.188323822021484,74,43.4,2.1666666666666665
2004,16.680058898925783,75,48.1,6.233333333333333
2004,6.448284721374511,76,42.25,8.833333333333334
2004,14.38912841796875,77,47.65,2.0833333333333335
2004,7.27467529296875,78,41.75,9.2
2004,11.644337005615235,79,43.93333333333333,-1.3333333333333333
2004,11.95325225830078,80,44.1,0.1
2004,12.855423889160157,81,44.03333333333333,-0
2004,13.701082153320312,82,47.733333333333334,0.3333333333333333
2004,8.764489288330077,83,44.85,3.05
2004,12.123057556152343,84,47.53333333333333,-1.8
2004,16.567289733886717,85,47.81666666666667,2.4333333333333336
2004,14.202582397460937,86,48.6,-0.5
2004,9.913007507324219,87,45.4,3.6833333333333336
2004,17.86751770019531,88,48.85,7.7
2004,19.05041229248047,89,48.916666666666664,7.433333333333334
2004,21.354317016601563,90,49.45,0.7333333333333333
2004,16.64776580810547,91,48.68333333333333,1.7166666666666668
2004,17.64562530517578,92,48.21666666666667,6.683333333333334
2004,8.538407974243164,93,44.7,3.95
2004,11.21237045288086,94,42.85,1.3333333333333333
2004,10.830193481445313,95,42.86666666666667,2.1
2004,18.13739303588867,96,48.6,7.133333333333334
2004,10.644931488037109,97,45.43333333333333,3.5166666666666666
2004,14.463907165527344,98,47.93333333333333,7.116666666666666
2004,9.587915802001953,99,45.96666666666667,-1.2666666666666666
2004,7.5077745056152345,100,46.86666666666667,-2.1333333333333333
2004,12.555655212402344,101,46.18333333333333,2.9833333333333334
2004,32.525853576660154,102,51.06666666666667,3.033333333333333
2004,22.554693298339842,103,50.78333333333333,4.7
2004,22.509142150878905,104,50.7,4.3
2004,37.52419250488281,105,51.4,5.05
2004,31.746312255859376,106,51.3,4.516666666666667
2004,24.536675415039063,107,50.96666666666667,3.8
2004,23.2100927734375,108,50.983333333333334,4.2
2004,29.97213348388672,109,50.96666666666667,2.95
2004,29.499812622070312,110,51.166666666666664,5.316666666666666
2004,30.19240661621094,111,50.93333333333333,5.6
2004,23.41906768798828,112,50.733333333333334,4.4
2004,20.85662109375,113,49.95,4.816666666666666
2004,22.826068420410156,114,50.21666666666667,5.616666666666667
2004,21.14398468017578,115,49.766666666666666,5.45
2004,21.163660888671874,116,50.233333333333334,5.983333333333333
2004,24.34441864013672,117,50.583333333333336,6.1
2004,21.21235595703125,118,50.05,5.216666666666667
2004,21.969383850097657,119,49.516666666666666,5.566666666666666
2004,21.449021606445314,120,50.1,4.266666666666667
2004,21.45139953613281,121,50.666666666666664,4.6
2004,28.003214416503905,122,52.96666666666667,6.733333333333333
2004,28.85876739501953,123,52.86666666666667,6.333333333333333
2004,28.85876739501953,124,52.86666666666667,6.35
2004,27.544034118652345,125,52.9,6.716666666666667
2004,32.99607208251953,126,52.53333333333333,6.55
2004,47.025277099609376,127,52.166666666666664,5.75
2004,37.47937561035156,128,51.31666666666667,5.516666666666667
2004,33.776015014648436,129,51.55,4.766666666666667
2004,40.52210205078125,130,52.233333333333334,5.633333333333333
2004,34.98075744628906,131,52.1,5.216666666666667
2004,37.13060607910156,132,52.15,5.883333333333333
2004,28.867017517089845,133,52.833333333333336,6.433333333333334
2004,38.72733642578125,134,52.266666666666666,5.733333333333333
2004,19.510264892578125,135,52.46666666666667,13.216666666666669
2004,16.818385620117187,136,52.416666666666664,13.6
2004,17.45317687988281,137,53.1,12.416666666666666
2004,18.397982788085937,138,53.13333333333333,12.95
2004,16.190909729003906,139,52.96666666666667,13.633333333333333
2004,17.25407287597656,140,52.18333333333333,12.55
2004,18.545962829589843,141,51.78333333333333,13.55
2004,17.210489807128905,142,52.13333333333333,14
2004,18.397982788085937,143,53.13333333333333,12.966666666666669
2004,18.545962829589843,144,51.78333333333333,13.566666666666666
2004,15.413024597167968,145,52.15,14.016666666666667
2004,18.397982788085937,146,53.15,12.983333333333333
2004,16.599176635742186,147,52.15,14.483333333333333
2004,20.23842010498047,148,48.8,8.383333333333333
2004,24.13648956298828,149,49.45,8.75
2004,16.354694213867187,150,47.983333333333334,8.983333333333333
2004,15.865411987304688,151,48.28333333333333,8.65
2004,20.208741455078126,152,47.78333333333333,7.7
2004,18.616903533935545,153,48.016666666666666,7.966666666666667
2004,23.838675231933593,154,48,9.95
2004,14.483582458496095,155,48.6,8.633333333333333
2004,22.21341552734375,156,48.86666666666667,9.566666666666666
2004,19.228877868652344,157,49.516666666666666,9.166666666666666
2004,22.45868377685547,158,48.75,9.416666666666666
2004,14.483582458496095,159,48.583333333333336,8.633333333333333
2004,24.13648956298828,160,49.46666666666667,8.733333333333333
2004,18.616903533935545,161,48.016666666666666,7.95
2004,23.838675231933593,162,48,9.966666666666669
2004,14.483582458496095,163,48.583333333333336,8.616666666666667
2004,21.57788055419922,164,49.4,11.316666666666666
2004,24.374144287109374,165,48.11666666666667,11.916666666666666
2004,18.07885498046875,166,49.75,12.383333333333333
2004,19.795324401855467,167,48.96666666666667,12.866666666666667
2004,17.94486083984375,168,48.916666666666664,11.75
2004,20.740850524902342,169,48.4,11.65
2004,25.580307922363282,170,48.21666666666667,12.733333333333333
2004,16.015295104980467,171,50.35,9.916666666666666
2004,12.32047996520996,172,47.56666666666667,12.933333333333334
2004,19.26304412841797,173,49.11666666666667,10.583333333333334
2004,18.851433715820313,174,49.85,10.516666666666667
2004,18.815840759277343,175,49.96666666666667,11.8
2004,19.24316650390625,176,48.7,12.733333333333333
2004,20.823440856933594,177,49.68333333333333,11.5
2004,20.592141723632814,178,49.96666666666667,9.45
2004,26.243895568847655,179,47.86666666666667,10.783333333333331
2004,20.42156967163086,180,47.56666666666667,10.383333333333333
2004,21.524436645507812,181,48.4,10.533333333333331
2004,21.339293212890624,182,49.266666666666666,12.383333333333333
2004,16.498413696289063,183,50.45,11.35
2004,18.560478515625,184,49.71666666666667,9.883333333333333
2004,23.904010314941406,185,47.71666666666667,11.666666666666666
2004,21.432694396972657,186,48.28333333333333,11.066666666666666
2004,23.585963745117187,187,52.833333333333336,10.25
2004,26.705318908691407,188,51.85,10.4
2004,24.326003112792968,189,51.85,10.416666666666666
2004,23.272030334472657,190,51.75,9.566666666666666
2004,21.52208435058594,191,51.516666666666666,10.033333333333331
2004,24.45652648925781,192,53.166666666666664,9.9
2004,32.523446044921876,193,52.9,7.85
2004,19.57133239746094,194,50.63333333333333,9.666666666666666
2004,18.064998474121094,195,50.416666666666664,9.666666666666666
2004,19.32297576904297,196,50.7,8.883333333333333
2004,21.74334442138672,197,50.15,9.383333333333333
2004,17.414031982421875,198,50.56666666666667,8.2
2004,18.043780517578124,199,50.916666666666664,9.333333333333334
2004,22.31854278564453,200,54.083333333333336,10.233333333333333
2004,22.065501403808593,201,49.63333333333333,8.833333333333334
2004,18.33836120605469,202,52.56666666666667,11.166666666666666
2004,20.036808471679688,203,52.05,12.3
2004,18.723374633789064,204,51.36666666666667,9.266666666666667
2004,20.685067138671876,205,51.28333333333333,9.75
2004,17.381700744628905,206,50.68333333333333,8.633333333333333
2004,16.68794219970703,207,51.15,9.016666666666667
2004,23.914301452636717,208,49.7,8.516666666666667
2004,23.914301452636717,209,49.7,8.533333333333333
2004,18.33836120605469,210,52.56666666666667,11.183333333333334
2004,17.742308959960937,211,53.666666666666664,12.05
2004,17.19778839111328,212,53.63333333333333,13.933333333333334
2004,38.435888671875,213,51.75,6.05
2004,33.31983642578125,214,51.71666666666667,6.166666666666667
2004,33.69477661132812,215,51.68333333333333,7.25
2004,28.15618713378906,216,51.833333333333336,8.95
2004,17.634284362792968,217,51.21666666666667,8.666666666666666
2004,21.902409057617188,218,51.016666666666666,8.183333333333334
2004,23.71201843261719,219,50.666666666666664,6.25
2004,27.67762939453125,220,51.7,8.983333333333333
2004,19.27466003417969,221,49.68333333333333,7.016666666666667
2004,19.994403076171874,222,50.416666666666664,7.083333333333333
2004,17.144250793457033,223,49.63333333333333,7.916666666666667
2004,21.107938232421876,224,50.4,7.716666666666667
2004,19.160094604492187,225,49.266666666666666,7.8
2004,20.126465759277345,226,49.016666666666666,8.116666666666667
2004,19.60382568359375,227,49.3,7.866666666666667
2004,19.586344299316405,228,49.31666666666667,7.016666666666667
2004,18.52681945800781,229,50.416666666666664,12.533333333333331
2004,16.417919006347656,230,50.63333333333333,13.3
2004,17.19386444091797,231,50.81666666666667,14.083333333333334
2004,16.173994903564452,232,51.11666666666667,14.55
2004,20.56775360107422,233,51.233333333333334,13.816666666666666
2004,18.054442749023437,234,51.18333333333333,12.816666666666666
2004,17.005322570800782,235,50.6,10.783333333333331
2004,16.793243408203125,236,51.333333333333336,10.85
2004,17.454942932128905,237,50.78333333333333,11.65
2004,16.677195587158202,238,50.93333333333333,11.016666666666667
2004,15.964566650390625,239,50.483333333333334,11.483333333333333
2004,7.9152778625488285,240,41.833333333333336,13.583333333333334
2004,7.852172088623047,241,40.6,15.866666666666667
2004,10.221477966308594,242,38.416666666666664,16.166666666666668
2004,7.086771392822266,243,40.416666666666664,15.433333333333334
2004,25.603152465820312,244,44.71666666666667,10.2
2004,15.270442810058594,245,44.1,11.116666666666667
2004,34.64053283691406,246,45.81666666666667,13.166666666666666
2004,13.06481315612793,247,46.483333333333334,13.583333333333334
2004,10.814792175292968,248,42.81666666666667,11.9
2004,8.625772933959961,249,46.233333333333334,9.55
2004,14.190390625,250,43.28333333333333,13.066666666666666
2004,30.76970199584961,251,45.666666666666664,8.066666666666666
2004,12.6722420501709,252,41.81666666666667,15.983333333333333
2004,9.59841827392578,253,39.333333333333336,8.566666666666666
2004,20.694058227539063,254,43.5,10.433333333333334
2004,11.222880249023438,255,46.35,11.483333333333333
2004,12.39118896484375,256,43.45,12.45
2004,4.963429527282715,257,45.71666666666667,6.916666666666667
2004,37.46046310424805,258,46.05,12.016666666666667
2004,6.182862625122071,259,37.9,13.4
2004,10.026780395507812,260,41.9,14.35
2004,22.729330444335936,261,45.95,10.116666666666667
2004,29.1310009765625,262,45.88333333333333,9.383333333333333
2004,10.848950653076171,263,42.86666666666667,10.766666666666667
2004,11.660905456542968,264,43.733333333333334,11.566666666666666
2004,14.194298553466798,265,46.583333333333336,11.433333333333334
2004,16.721024322509766,266,44.4,9.45
2004,32.08774139404297,267,45.516666666666666,8.7
2004,6.040221290588379,268,46.31666666666667,8.266666666666667
2004,42.94588958740234,269,45.2,10.733333333333333
2004,10.907433242797852,270,46.266666666666666,8.233333333333333
2004,11.923249740600586,271,41.233333333333334,13.066666666666666
2004,11.923249740600586,272,41.233333333333334,13.083333333333334
2004,16.165982055664063,273,51.1,-0.85
2004,16.20988800048828,274,51.583333333333336,-1.9166666666666663
2004,17.311283111572266,275,54.3,-3.0166666666666666
2004,18.77268859863281,276,52.43333333333333,0.8666666666666667
2004,15.917618103027344,277,53.4,-1.75
2004,4.653418617248535,278,56.65,-4.283333333333333
2004,11.580896606445313,279,55.083333333333336,-2.466666666666667
2004,5.354874801635742,280,56.71666666666667,-4.05
2004,6.919637222290039,281,56.233333333333334,-5.266666666666667
2004,9.618448791503907,282,52.11666666666667,-3.7333333333333334
2004,16.905657806396484,283,51.2,1.1166666666666667
2004,13.853973236083984,284,51.11666666666667,-1.2333333333333334
2004,16.165982055664063,285,51.016666666666666,-0.8666666666666667
2004,13.853973236083984,286,51.13333333333333,-1.2333333333333334
2004,8.463499603271485,287,53.1,-6.233333333333333
2004,10.445518341064453,288,52.96666666666667,-6.183333333333334
2004,10.130373687744141,289,52.53333333333333,-7.033333333333333
2004,9.838133697509766,290,52.3,-8.616666666666667
2004,9.96813003540039,291,52.583333333333336,-7.666666666666667
2004,10.141604537963866,292,53.483333333333334,-6.85
2004,6.44697998046875,293,54.18333333333333,-8.616666666666667
2004,8.798847198486328,294,53.96666666666667,-7.65
2004,8.008246994018554,295,54.13333333333333,-7.666666666666667
2004,4.651641464233398,296,53.35,-9.333333333333334
2004,4.603675575256347,297,53.75,-9.55
2004,16.659309997558594,298,56.28333333333333,8.416666666666666
2004,18.10309844970703,299,55.13333333333333,8.883333333333333
2004,14.656327667236328,300,55.95,12.35
2004,16.844700317382813,301,56.083333333333336,9.35
2004,14.65114028930664,302,55.36666666666667,11.55
2004,16.16838592529297,303,55.7,12.35
2004,14.724658966064453,304,56.38333333333333,9.333333333333334
2004,16.283243408203123,305,55,9.916666666666666
2004,16.844700317382813,306,56.06666666666667,9.333333333333334
2004,7.683354721069336,307,38.833333333333336,21.3
2004,10.153539733886719,308,39.78333333333333,22.783333333333335
2004,10.153539733886719,309,39.78333333333333,22.766666666666666
2004,6.332215118408203,310,38.86666666666667,21.866666666666667
2004,6.332215118408203,311,38.86666666666667,21.85
2004,6.410959014892578,312,40.06666666666667,-8.25
2004,5.533131103515625,313,38.95,-8.066666666666666
2004,5.346128158569336,314,38.083333333333336,-7.033333333333333
2004,7.059304275512695,315,38.31666666666667,-8.533333333333333
2004,4.95904800415039,316,41.5,-7.633333333333333
2004,4.163337287902832,317,40.4,-7.533333333333333
2004,11.953921356201171,318,39.78333333333333,-8.95
2004,9.106693496704102,319,38.65,-8.616666666666667
2004,7.938853569030762,320,43.1,-4.633333333333333
2004,11.208184356689452,321,42.25,-2.7
2004,23.923359375,322,41.81666666666667,2.6166666666666667
2004,6.836651382446289,323,40.86666666666667,-3.966666666666667
2004,14.032542114257813,324,40.53333333333333,0.01666666666666666
2004,5.9395748901367185,325,39.93333333333333,-5.783333333333333
2004,8.389464187622071,326,37.15,-6.716666666666667
2004,6.072345123291016,327,40.18333333333333,-6.433333333333334
2004,4.148184280395508,328,38.46666666666667,-6.75
2004,11.569222774505615,329,43.15,-5.466666666666667
2004,6.599688415527344,330,40.43333333333333,-4.116666666666666
2004,10.29786949157715,331,42.983333333333334,-1.3333333333333333
2004,5.983605651855469,332,37.81666666666667,-5.683333333333334
2004,9.723748626708984,333,36.36666666666667,-5.566666666666666
2004,21.229926147460937,334,41.766666666666666,2.4
2004,11.05028045654297,335,40.9,0.38333333333333336
2004,13.910972900390625,336,43.016666666666666,-8.95
2004,5.732218399047851,337,40.46666666666667,-1.6666666666666663
2004,7.04585334777832,338,40.31666666666667,-0.7166666666666667
2004,10.045310668945312,339,42.516666666666666,-1.0666666666666669
2004,5.292267875671387,340,42.63333333333333,-0.2833333333333333
2004,9.295531616210937,341,38.516666666666666,-0.6333333333333333
2004,6.931362533569336,342,38.166666666666664,-4.066666666666666
2004,5.690704803466797,343,37.9,-2.8833333333333333
2004,7.3813621520996096,344,37,-3
2004,8.231371307373047,345,41.6,-3.033333333333333
2004,7.213932876586914,346,41.86666666666667,-2.8666666666666667
2004,6.242394104003906,347,41.983333333333334,-2.5
2004,9.371332168579102,348,43,-3.6833333333333336
2004,7.460417098999024,349,42.86666666666667,-4.55
2004,8.25643180847168,350,42.78333333333333,-5.366666666666666
2004,5.060964202880859,351,41.78333333333333,-6.366666666666666
2004,9.547324676513671,352,41.333333333333336,-4.533333333333333
2004,9.284850006103516,353,41.35,-4.283333333333333
2004,4.9041776275634765,354,40.333333333333336,-5.933333333333334
2004,5.715619735717773,355,40.21666666666667,-5.016666666666667
2004,8.977231521606445,356,39.81666666666667,2.9
2004,8.569403877258301,357,39.85,3.1666666666666665
2004,5.908647918701172,358,40.016666666666666,-1.9666666666666668
2004,6.874900894165039,359,39.833333333333336,-1.3
2004,4.935925750732422,360,39.38333333333333,-4.116666666666666
2004,17.87730270385742,361,43.13333333333333,-2.966666666666667
2004,5.59614974975586,362,38.483333333333334,-2.466666666666667
2004,16.1718896484375,363,42.28333333333333,1.8833333333333333
2004,5.392859954833984,364,42.6,1.0666666666666669
2004,5.098879470825195,365,39.6,-4.683333333333334
2004,5.190701217651367,366,41.9,-8.116666666666667
2004,NA,367,28.133333333333333,-17.283333333333335
2004,NA,368,28.116666666666667,-17.216666666666665
2004,NA,369,28.183333333333337,-16.666666666666668
2004,11.694232788085937,370,42.733333333333334,-8.7
2004,5.848858032226563,371,38.06666666666667,-2.8166666666666664
2004,5.241347885131836,372,37.53333333333333,-7.183333333333334
2004,9.295531616210937,373,38.516666666666666,-0.6166666666666667
2004,7.213932876586914,374,41.86666666666667,-2.8833333333333333
2004,7.460417098999024,375,42.85,-4.55
2004,17.87730270385742,376,43.13333333333333,-2.9833333333333334
2004,5.59614974975586,377,38.46666666666667,-2.45
2004,11.282915802001954,378,39.333333333333336,-0.31666666666666665
2004,5.531816482543945,379,37.45,-6.833333333333333
2004,20.39677185058594,380,49.983333333333334,6.033333333333333
2004,30.568028259277344,381,49.65,6.183333333333334
2004,14.822529602050782,382,56.166666666666664,13.15
2004,2.524668254852295,383,63.03333333333333,17.416666666666668
2004,6.312165451049805,384,59.65,17.883333333333333
2004,4.657435607910156,385,60.18333333333333,17.716666666666665
2004,5.790410461425782,386,58.96666666666667,15.85
2004,6.374428176879883,387,58.21666666666667,15.916666666666666
2004,8.78903793334961,388,57.45,13.7
2004,9.807742462158203,389,56.46666666666667,15.116666666666667
2004,7.0258644104003904,390,57.7,15.916666666666666
2004,12.00997787475586,391,56.3,14.85
2004,11.974869079589844,392,56.3,15.7
2004,12.021627655029297,393,56.36666666666667,13.816666666666666
2004,11.945848236083984,394,56.166666666666664,14.233333333333333
2004,12.683487548828126,395,56.25,13.533333333333331
2004,15.274454956054688,396,56.333333333333336,13.016666666666667
2004,14.29462158203125,397,55.983333333333334,13.383333333333333
2004,17.117240447998046,398,57.2,12.45
2004,15.177603759765624,399,57.03333333333333,12.8
2004,9.782589569091797,400,58.36666666666667,12.083333333333334
2004,8.803201217651367,401,57.55,13.5
2004,10.870045394897462,402,57.21666666666667,13.1
2004,12.291820068359375,403,57.516666666666666,12.466666666666669
2004,7.729500122070313,404,58.13333333333333,14.066666666666666
2004,5.727593269348144,405,58.85,13.683333333333334
2004,5.0003565979003906,406,59.95,12.633333333333333
2004,5.445468940734863,407,59.666666666666664,11.95
2004,5.16522331237793,408,59.583333333333336,12.483333333333333
2004,5.104530563354492,409,59.8,15.483333333333333
2004,4.427310600280761,410,60.016666666666666,15.4
2004,2.960347766876221,411,61.2,15.2
2004,3.8560148811340333,412,60.266666666666666,14.5
2004,2.7922763633728027,413,62.18333333333333,16.716666666666665
2004,2.8136619186401366,414,63.166666666666664,17.916666666666668
2004,1.9753156471252442,415,63.333333333333336,14.75
2004,2.850864200592041,416,63.75,19.4
2004,1.599916434288025,417,64.5,17.4
2004,1.4591116571426392,418,65.45,19.4
2004,9.16039810180664,419,57.1,14.55
2004,8.10763168334961,420,57.13333333333333,14.766666666666667
2004,8.10763168334961,421,57.166666666666664,14.8
2004,11.385966033935548,422,58.05,12.016666666666667
2004,11.385966033935548,423,58.06666666666667,12.016666666666667
2004,5.018508949279785,424,59.75,14.9
2004,4.773687515258789,425,59.9,15.233333333333333
2004,5.521551666259765,426,59.56666666666667,14.833333333333334
2004,1.9163020706176759,427,63.85,18.1
2004,2.1172113609313965,428,64.03333333333333,18.916666666666668
2004,2.301341953277588,429,64.25,19.8
2004,10.551178970336913,430,56.333333333333336,14.966666666666669
2004,15.197591857910156,431,57.5,12.233333333333333
2004,10.85228302001953,432,58.43333333333333,11.733333333333333
2004,6.2912423706054685,433,59.56666666666667,18.05
2004,5.9701072692871096,434,59.083333333333336,17.633333333333333
2004,4.92719482421875,435,60.016666666666666,17.183333333333334
2004,6.465932464599609,436,58.95,16.983333333333334
2004,6.342312622070312,437,58.766666666666666,16.8
2004,6.310942459106445,438,59.03333333333333,16.25
2004,5.548170776367187,439,59.3,16.116666666666667
2004,6.3459131622314455,440,58.15,15.416666666666666
2004,6.565544586181641,441,58.75,15.133333333333333
2004,6.87810791015625,442,57.86666666666667,14.75
2004,6.723809814453125,443,57.833333333333336,14.983333333333333
2004,7.268628005981445,444,57.5,15.333333333333334
2004,10.274612274169922,445,57.13333333333333,13.583333333333334
2004,8.550033645629883,446,56.88333333333333,15.1
2004,8.855623397827149,447,57.05,14.366666666666667
2004,8.936986846923828,448,56.833333333333336,13.733333333333333
2004,12.325430755615235,449,56.733333333333334,13.366666666666667
2004,6.224463806152344,450,58.05,16.1
2004,8.621184463500976,451,56.63333333333333,15.616666666666667
2004,9.169037322998047,452,56.85,16.316666666666666
2004,12.061958618164063,453,56.28333333333333,14.65
2004,10.790167388916016,454,56.4,15.3
2004,12.686734619140625,455,56.21666666666667,15.433333333333334
2004,11.097439727783204,456,56.38333333333333,14.533333333333331
2004,13.438246765136718,457,56.016666666666666,13.916666666666666
2004,13.840753479003906,458,56.1,13.516666666666667
2004,13.523410339355468,459,56.13333333333333,13.5
2004,13.92348358154297,460,55.916666666666664,13.583333333333334
2004,13.30621353149414,461,55.61666666666667,13.433333333333334
2004,18.01603271484375,462,57.06666666666667,12.55
2004,16.81998229980469,463,56.93333333333333,12.716666666666669
2004,14.433502960205079,464,56.766666666666666,13.133333333333333
2004,10.957551116943359,465,57,13.366666666666667
2004,15.266710205078125,466,56.68333333333333,13.15
2004,9.923520584106445,467,58.53333333333333,11.716666666666669
2004,10.672044219970703,468,57.4,13.1
2004,7.484063491821289,469,57.766666666666666,13.733333333333333
2004,7.6432480621337895,470,58.71666666666667,11.966666666666669
2004,6.8357540893554685,471,58.61666666666667,13.766666666666667
2004,6.079779510498047,472,59.65,13.8
2004,5.383032455444336,473,59.81666666666667,12.9
2004,3.8940545082092286,474,60.583333333333336,13.116666666666667
2004,5.521551666259765,475,59.583333333333336,14.866666666666667
2004,5.503598670959473,476,59.583333333333336,14.7
2004,4.608463249206543,477,59.86666666666667,14.416666666666666
2004,5.520708389282227,478,59.083333333333336,15.5
2004,6.516349487304687,479,59.333333333333336,15.933333333333334
2004,3.358990135192871,480,61.11666666666667,14.35
2004,4.116765670776367,481,60.4,15.266666666666667
2004,3.3115805435180663,482,61.733333333333334,16.516666666666666
2004,3.795893363952637,483,60.65,16.283333333333335
2004,2.4462184143066406,484,62.266666666666666,16.333333333333332
2004,2.101426191329956,485,62,14.416666666666666
2004,2.122728567123413,486,63.06666666666667,16.733333333333334
2004,1.7858369541168213,487,64.48333333333333,18.466666666666665
2004,1.4102099609375,488,65.4,18.1
2004,2.6722148132324217,489,65.95,23.25
2004,1.645378131866455,490,66.06666666666666,20.616666666666667
2004,3.3115805435180663,491,61.71666666666667,16.516666666666666
2004,19.699111022949218,492,48.11666666666667,16.033333333333335
2004,16.127264862060546,493,47.766666666666666,16.316666666666666
2004,13.429152069091797,494,47.483333333333334,16.55
2004,13.331892547607422,495,46.733333333333334,14.5
2004,9.292099304199219,496,46.766666666666666,13.166666666666666
2004,11.870311584472656,497,46.71666666666667,13.666666666666666
2004,16.2136181640625,498,48.35,15.2
2004,15.3981640625,499,47.63333333333333,16.133333333333333
2004,14.419901428222657,500,48.916666666666664,15.183333333333334
2004,27.541036071777345,501,48.1,12.866666666666667
2004,26.149866638183592,502,47.86666666666667,13.35
2004,11.713514099121094,503,47.483333333333334,13.416666666666666
2004,17.08123962402344,504,46.61666666666667,15.5
2004,12.113118743896484,505,47.36666666666667,15.166666666666666
2004,10.208591232299804,506,47.63333333333333,15.65
2004,7.904500427246094,507,47.05,14.1
2004,12.881767349243164,508,47.31666666666667,12.4
2004,9.92672134399414,509,47.38333333333333,10.9
2004,19.708314971923826,510,47.36666666666667,11.883333333333333
2004,26.510394134521484,511,47.483333333333334,9.983333333333333
2004,1.1825732398033142,512,69.56666666666666,28.883333333333333
2004,1.3575928783416749,513,67.95,24.05
2004,1.3649114847183228,514,67.98333333333333,24.216666666666665
2004,1.7732654953002929,515,67.33333333333333,26.633333333333333
2004,2.251110887527466,516,66.31666666666666,26.633333333333333
2004,2.265806894302368,517,66.35,26.716666666666665
2004,1.8576328182220458,518,66.28333333333333,29.45
2004,1.9497287893295288,519,66.33333333333333,29.35
2004,2.934367847442627,520,64.96666666666667,26.383333333333333
2004,4.785983963012695,521,61.86666666666667,24.216666666666665
2004,4.785983963012695,522,61.85,24.3
2004,6.702205963134766,523,60.65,23.8
2004,6.35604232788086,524,60.61666666666667,23.833333333333332
2004,6.726798400878907,525,60.63333333333333,26.083333333333332
2004,6.8812326812744145,526,60.65,26.116666666666667
2004,3.732303695678711,527,61.766666666666666,29.333333333333332
2004,3.732303695678711,528,61.8,29.316666666666663
2004,7.154873199462891,529,60.7,27.85
2004,5.271702766418457,530,61.233333333333334,25.05
2004,3.3867389011383056,531,63.15,30.7
2004,1.8576328182220458,532,66.3,29.483333333333334
2004,1.02358375787735,533,69.73333333333333,26.95
2004,3.2358498764038086,534,63.55,22.483333333333334
2004,5.050619583129883,535,62.45,21.516666666666666
2004,4.450459327697754,536,62.05,24.366666666666667
2004,4.564790802001953,537,61.916666666666664,23.316666666666663
2004,8.876720275878906,538,60.03333333333333,23.033333333333335
2004,2.9566352653503416,539,64.11666666666666,26.683333333333337
2004,2.251110887527466,540,66.33333333333333,26.633333333333333
2004,4.667825698852539,541,61.81666666666667,29.3
2004,2.15184579372406,542,66.43333333333334,26.683333333333337
2004,5.984561233520508,543,60.983333333333334,27.266666666666666
2004,5.984561233520508,544,60.916666666666664,27.233333333333334
2004,22.347635192871095,545,46.583333333333336,6.65
2004,25.070818786621093,546,47.38333333333333,8.216666666666667
2004,25.644090881347655,547,47.03333333333333,8.7
2004,16.45679443359375,548,47.21666666666667,7.4
2004,14.073012390136718,549,46.21666666666667,6.283333333333333
2004,19.651590270996095,550,47.68333333333333,8.533333333333333
2004,28.006977844238282,551,46.016666666666666,8.833333333333334
2004,3.283379077911377,552,46.483333333333334,9.883333333333333
2004,8.915241088867187,553,46.43333333333333,8.8
2004,21.072884216308594,554,46.11666666666667,9
2004,10.288222885131836,555,46.266666666666666,7.433333333333334
2004,3.928503952026367,556,46.65,10.216666666666669
2004,7.199060897827149,557,46.28333333333333,7.85
2004,24.545323791503908,558,47.266666666666666,7.883333333333333
2004,15.797280044555665,559,46.7,7.75
2004,29.330401763916015,560,47.15,9.066666666666666
2004,5.461745529174805,561,46.8,9.85
2004,26.147967529296874,562,47.46666666666667,8.35
2004,13.730403442382812,563,47.88333333333333,19.95
2004,13.730403442382812,564,47.85,19.966666666666665
2004,13.910621337890625,565,47.55,19.383333333333333
2004,12.235201721191407,566,46.96666666666667,19.55
2004,12.235201721191407,567,46.95,19.533333333333335
2004,12.598934020996094,568,47.333333333333336,21.083333333333332
2004,16.305155029296873,569,47.65,16.483333333333334
2004,16.060611267089843,570,47.65,16.516666666666666
2004,16.305155029296873,571,47.666666666666664,16.5
2004,16.170857849121095,572,46.81666666666667,16.4
2004,14.337684020996093,573,46.583333333333336,16.733333333333334
2004,12.235201721191407,574,46.95,19.55
2004,12.235201721191407,575,46.93333333333333,19.533333333333335
2004,11.488301544189452,576,43.9,26
2004,11.226257934570313,577,44.06666666666667,26.05
2004,10.272812652587891,578,44.3,25.6
2004,14.731813507080078,579,44.5,26.166666666666668
2004,13.79506607055664,580,44.9,26.1
2004,12.146480102539062,581,45.1,25.7
2004,7.332710456848145,582,45.5,25.583333333333332
2004,6.6652069091796875,583,45.416666666666664,25.266666666666666
2004,9.67241039276123,584,46.68333333333333,22.616666666666667
2004,11.07289077758789,585,45.016666666666666,24.983333333333334
2004,6.334141387939453,586,47.43333333333333,25.55
2004,8.158983306884766,587,45.333333333333336,25.55
2004,11.852933044433593,588,53.88333333333333,14.5
2004,11.385715179443359,589,54.8,17.933333333333334
2004,14.3480029296875,590,53.78333333333333,15.05
2004,13.057946624755859,591,53.18333333333333,14.483333333333333
2004,15.176571350097657,592,52.9,15.35
2004,16.45771026611328,593,52.766666666666666,14.9
2004,14.402649383544922,594,53.11666666666667,16.033333333333335
2004,13.803464813232422,595,53.766666666666666,15.483333333333333
2004,12.036411590576172,596,54.666666666666664,17.983333333333334
2004,12.226158447265625,597,53.8,16.35
2004,13.999896240234374,598,54.15,17.116666666666667
2004,12.454403533935547,599,54.2,17.216666666666665
2004,13.751422729492187,600,54.083333333333336,19.15
2004,13.751422729492187,601,54.083333333333336,19.2
2004,13.385259246826172,602,54.05,20.4
2004,21.896289672851562,603,54.15,20.166666666666668
2004,15.111396789550781,604,53.766666666666666,19.033333333333335
2004,18.621985778808593,605,53.45,19.416666666666668
2004,9.959725799560546,606,54.28333333333333,23
2004,10.52185302734375,607,54.266666666666666,22.833333333333332
2004,15.035146484375,608,54.333333333333336,22.35
2004,15.758590087890624,609,53.65,20.15
2004,15.383752746582031,610,53.666666666666664,21.433333333333337
2004,13.580585327148437,611,53.96666666666667,23.116666666666667
2004,13.270693054199219,612,53.9,23.316666666666663
2004,12.480583648681641,613,53.2,23.15
2004,13.645218200683594,614,53.2,23.35
2004,12.396568908691407,615,52.666666666666664,23.716666666666665
2004,11.979182891845703,616,52.85,23.666666666666668
2004,17.095984954833984,617,53.43333333333333,21.816666666666663
2004,12.967447052001953,618,53.28333333333333,22.05
2004,14.632513732910157,619,53.81666666666667,17.85
2004,14.719149475097657,620,53.93333333333333,18.083333333333332
2004,18.6046826171875,621,53.483333333333334,16.383333333333333
2004,15.41443115234375,622,53.3,16.833333333333332
2004,14.93219970703125,623,53.6,16.95
2004,15.47515121459961,624,53.266666666666666,19.55
2004,16.53753829956055,625,52.983333333333334,19.233333333333334
2004,14.789047241210938,626,52.55,15.25
2004,14.911864166259766,627,52.516666666666666,14.95
2004,16.325,628,52.8,16.416666666666668
2004,19.874742736816405,629,52.95,18.516666666666666
2004,23.29835479736328,630,52.7,18.916666666666668
2004,13.879179840087891,631,51.86666666666667,15.533333333333331
2004,13.30454315185547,632,52.35,15.8
2004,14.416762084960938,633,52.25,16.316666666666666
2004,21.280044860839844,634,52,17.316666666666666
2004,13.69839111328125,635,51.8,16.5
2004,21.359797973632812,636,52.63333333333333,17.65
2004,19.46255584716797,637,51.95,17.2
2004,15.04079376220703,638,51.516666666666666,18.25
2004,21.176952209472656,639,51.6,16.916666666666668
2004,20.24298278808594,640,53.11666666666667,19.783333333333335
2004,16.05986053466797,641,52.71666666666667,20.6
2004,15.71126724243164,642,52.36666666666667,19.9
2004,13.589286651611328,643,52.016666666666666,21.1
2004,13.532380218505859,644,51.8,21.45
2004,13.786442413330079,645,53.3,21.616666666666667
2004,15.624004516601563,646,53.18333333333333,21.083333333333332
2004,12.56556884765625,647,52.766666666666666,22.666666666666668
2004,12.003627471923828,648,51.43333333333333,22.766666666666666
2004,12.83559814453125,649,51.96666666666667,22.983333333333334
2004,10.828524627685546,650,51.483333333333334,23.35
2004,11.06345932006836,651,51.233333333333334,23.5
2004,10.096943511962891,652,50.63333333333333,23.75
2004,15.097785034179687,653,51.36666666666667,15.683333333333334
2004,15.806448822021485,654,51.25,15.483333333333333
2004,12.839846801757812,655,51.35,16.5
2004,13.17994415283203,656,50.88333333333333,17.633333333333333
2004,12.42305694580078,657,50.63333333333333,16.933333333333334
2004,12.4058984375,658,50.38333333333333,17.55
2004,14.10033950805664,659,50.43333333333333,17.95
2004,14.433682250976563,660,50.53333333333333,17.7
2004,14.579027709960938,661,50.8,18.166666666666668
2004,16.431957092285156,662,50.583333333333336,18.45
2004,15.040000915527344,663,50.233333333333334,18.316666666666663
2004,15.092480010986328,664,51.333333333333336,19.266666666666666
2004,12.99856430053711,665,51.1,20.416666666666668
2004,13.495864105224609,666,51.083333333333336,20.15
2004,11.507685546875,667,50.7,20.766666666666666
2004,12.009366302490234,668,51.65,21.033333333333335
2004,11.491688079833985,669,51.2,21.383333333333333
2004,11.555722732543945,670,51.21666666666667,22.65
2004,12.248707504272462,671,51.166666666666664,21.866666666666667
2004,11.231577911376952,672,50.38333333333333,23.45
2004,10.840210876464845,673,50.43333333333333,23.4
2004,13.590055694580078,674,50.75,18.666666666666668
2004,13.628648986816406,675,51,19.05
2004,17.070355682373048,676,50.2,19.4
2004,15.423040466308594,677,50.35,19.35
2004,15.452067260742188,678,50.333333333333336,19.65
2004,13.742386322021485,679,50.7,19.216666666666665
2004,12.608467254638672,680,50.71666666666667,20.3
2004,13.457771453857422,681,50.55,21.25
2004,13.636095581054688,682,50.46666666666667,22.116666666666667
2004,12.66890625,683,50.5,22.933333333333337
2004,11.604564514160156,684,50.416666666666664,22.75
2004,14.283733291625976,685,50.05,20.566666666666663
2004,15.27798080444336,686,50.06666666666667,20.8
2004,12.631473159790039,687,50.266666666666666,22.116666666666667
2004,15.91371810913086,688,50.833333333333336,15.416666666666666
2004,14.753704910278321,689,50.85,15.516666666666667
2004,12.26577392578125,690,50.266666666666666,16.633333333333333
2004,16.490288391113282,691,50.31666666666667,16.416666666666668
2004,13.665375213623047,692,50.25,16.983333333333334
2004,12.743280487060547,693,50.233333333333334,16.783333333333335
2004,16.402456207275392,694,49.666666666666664,18.966666666666665
2004,13.801233596801758,695,49.75,21.816666666666663
2004,13.355767974853515,696,49.61666666666667,22.466666666666665
2004,11.602784805297851,697,49.2,22.716666666666665
2004,11.137612075805665,698,49.06666666666667,22.85
2004,14.918549423217774,699,49.65,19.033333333333335
2004,13.060629348754883,700,49.6,19.083333333333332
2004,14.033854827880859,701,49.516666666666666,18.9
2004,13.893421020507812,702,49.75,19.8
2004,13.020721740722657,703,49.68333333333333,20.166666666666668
2004,12.117580871582032,704,49.416666666666664,20.816666666666663
2004,10.790306701660157,705,49.333333333333336,20.833333333333332
2004,14.5509375,706,49.483333333333334,21.616666666666667
2004,13.755251159667969,707,49.4,21.95
2004,11.436657104492188,708,49.45,19.983333333333334
2004,16.45771026611328,709,52.733333333333334,14.866666666666667
2004,13.513369598388671,710,52.86666666666667,15.716666666666669
2004,12.17560562133789,711,54.53333333333333,17.9
2004,12.127790832519532,712,54.55,18.266666666666666
2004,15.290069274902343,713,53.983333333333334,19.433333333333337
2004,13.634639282226562,714,53.85,20.533333333333335
2004,12.231520843505859,715,53.583333333333336,23.266666666666666
2004,12.316239166259766,716,53.68333333333333,16.766666666666666
2004,14.04578826904297,717,51.81666666666667,15.783333333333331
2004,18.931665954589842,718,51.766666666666666,17.566666666666666
2004,20.97435546875,719,52.483333333333334,19.6
2004,11.985796813964845,720,52.333333333333336,22.65
2004,12.298851470947266,721,52.03333333333333,22.716666666666665
2004,15.806448822021485,722,51.3,15.416666666666666
2004,14.433682250976563,723,50.6,17.683333333333334
2004,12.786117095947265,724,50.61666666666667,17.25
2004,16.526944732666017,725,50.083333333333336,18.65
2004,16.918505554199218,726,50.3,18.483333333333334
2004,12.87942886352539,727,51.03333333333333,19.6
2004,9.92347999572754,728,50.5,23.466666666666665
2004,17.067042541503906,729,50.483333333333334,20.116666666666667
2004,13.859415740966798,730,51.05,15.866666666666667
2004,12.019282760620117,731,50.78333333333333,16.2
2004,12.777861328125,732,49.85,22.6
2004,13.355767974853515,733,49.65,22.483333333333334
2004,11.914902801513671,734,49.45,22.283333333333335
2004,14.29177032470703,735,49.65,20.25
2004,14.030128479003906,736,48.2,18.383333333333333
2004,9.879205780029297,737,48.916666666666664,19.483333333333334
2004,11.357349319458008,738,48.63333333333333,19.533333333333335
2004,13.966536560058593,739,47.88333333333333,17.583333333333332
2004,13.299337768554688,740,48.61666666666667,19.033333333333335
2004,8.320170440673827,741,49.166666666666664,20.233333333333334
2004,12.573994522094727,742,49.18333333333333,22.083333333333332
2004,14.074046096801759,743,49.5,18.566666666666663
2004,14.074046096801759,744,49.483333333333334,18.566666666666663
2004,12.882037811279297,745,48.38333333333333,19
2004,10.273108291625977,746,48.95,19.383333333333333
2004,13.299337768554688,747,48.61666666666667,19.016666666666666
2004,9.619214630126953,748,58.38333333333333,8.233333333333333
2004,4.062150621414185,749,59.03333333333333,7.566666666666666
2004,1.4585615110397339,750,65.88333333333334,13.8
2004,7.635919113159179,751,58.96666666666667,11.516666666666667
2004,4.038302211761475,752,60.6,6.516666666666667
2004,2.128764171600342,753,64.65,12.266666666666667
2004,3.252718620300293,754,61.266666666666666,11.85
2004,6.673970336914063,755,59.43333333333333,9.866666666666667
2004,2.57200740814209,756,61,9.216666666666669
2004,2.2996834564208983,757,63.28333333333333,11.183333333333334
2004,1.490150671005249,758,62.766666666666666,8.883333333333333
2004,5.200715065002441,759,60.36666666666667,11.066666666666666
2004,13.410099716186524,760,59.333333333333336,5.783333333333333
2004,3.252718620300293,761,61.28333333333333,11.85
2004,1.490150671005249,762,62.78333333333333,8.883333333333333
2004,6.673970336914063,763,59.45,9.866666666666667
2004,9.34088607788086,764,56.35,24.95
2004,11.5706787109375,765,54.833333333333336,24.05
2004,12.202395172119141,766,54.85,23.533333333333335
2004,9.849943084716797,767,56.333333333333336,24.833333333333332
2004,11.083509368896484,768,54.416666666666664,24.95
2004,11.5706787109375,769,54.81666666666667,24.066666666666663
2004,9.510975189208985,770,54.78333333333333,24.066666666666663
2004,11.848164215087891,771,54.18333333333333,24.6
2004,8.818019332885742,772,55.8,25.516666666666666
2004,11.550171661376954,773,55.81666666666667,21.466666666666665
2004,11.5706787109375,774,54.833333333333336,24.033333333333335
2004,15.162434997558593,775,50.03333333333333,12.616666666666667
2004,13.022036437988282,776,50.166666666666664,17.066666666666666
2004,13.128234405517578,777,50.1,17.2
2004,14.215196838378906,778,49.45,15.766666666666667
2004,14.578971710205078,779,50.55,15.95
2004,15.495602722167968,780,49.666666666666664,15.216666666666669
2004,13.99344970703125,781,50.18333333333333,12.883333333333333
2004,14.054166564941406,782,49.25,15.7
2004,14.049756774902344,783,50.733333333333334,15.533333333333331
2004,15.10548126220703,784,49.06666666666667,17.266666666666666
2004,19.414116516113282,785,50.13333333333333,15.866666666666667
2004,16.12400848388672,786,49.9,14.533333333333331
2004,15.040224914550782,787,49.21666666666667,14.3
2004,14.9860595703125,788,49.016666666666666,14.966666666666669
2004,17.85590545654297,789,50.28333333333333,16.383333333333333
2004,13.598459625244141,790,49.733333333333334,12.85
2004,14.7994580078125,791,49,14.8
2004,15.13247589111328,792,50.63333333333333,14.6
2004,16.451874084472657,793,50.833333333333336,15.333333333333334
2004,16.071119689941405,794,49.7,17.133333333333333
2004,15.053033752441406,795,49.45,18.383333333333333
2004,6.71106990814209,796,59.55,26.033333333333335
2004,6.495797080993652,797,59.56666666666667,26.116666666666667
2004,7.287698287963867,798,58.05,26.1
2004,6.87284439086914,799,58.11666666666667,27.05
2004,6.374263687133789,800,58.35,26.966666666666665
2004,7.236913833618164,801,57.7,26.516666666666666
2004,6.190936355590821,802,59.516666666666666,26.4
2004,6.341481170654297,803,58.266666666666666,26.45
2004,13.68529312133789,804,46.36666666666667,13.933333333333334
2004,23.287061767578123,805,45.983333333333334,13.733333333333333
2004,20.742137451171875,806,45.666666666666664,13.85
2004,22.94947235107422,807,46.28333333333333,14.4
2004,12.77855987548828,808,45.53333333333333,14.8
2004,16.847499542236328,809,46.46666666666667,15.383333333333333
2004,16.893288879394532,810,46.36666666666667,15.233333333333333
2004,17.951856079101564,811,46.1,15.066666666666666
2004,13.41703094482422,812,45.63333333333333,14.633333333333333
2004,16.68601272583008,813,45.86666666666667,15.416666666666666
2004,14.160039978027344,814,46.483333333333334,16.516666666666666
2004,16.847499542236328,815,46.45,15.383333333333333
2004,2.5267738914489746,816,64.13333333333334,32.233333333333334
2004,1.9554296684265138,817,64.11666666666666,32.88333333333333
2004,2.4245361948013304,818,63.85,30.9
2004,2.650494155883789,819,63.85,31.55
2004,2.492028760910034,820,63.833333333333336,32.85
2004,3.4585175132751464,821,63.56666666666667,30.883333333333333
2004,2.737182550430298,822,63.56666666666667,31.533333333333335
2004,2.988327856063843,823,63.266666666666666,32.166666666666664
2004,2.935701274871826,824,63.25,32.8
2004,3.1521988105773926,825,62.96666666666667,32.78333333333333
2004,3.0061763858795167,826,62.93333333333333,34.03333333333333
2004,3.545196475982666,827,62.916666666666664,34.666666666666664
2004,3.0059649991989135,828,62.9,35.3
2004,2.6554227542877196,829,62.86666666666667,35.916666666666664
2004,3.78377477645874,830,62.583333333333336,35.86666666666667
2004,3.5081728172302244,831,62.28333333333333,36.43333333333333
2004,3.4790121269226075,832,62.083333333333336,33.916666666666664
2004,3.845067024230957,833,61.983333333333334,36.36666666666667
2004,3.7419028663635254,834,61.96666666666667,36.96666666666667
2004,3.347642478942871,835,61.93333333333333,37.583333333333336
2004,5.326780433654785,836,61.85,30.833333333333332
2004,3.7076255798339846,837,61.81666666666667,33.266666666666666
2004,3.7382098960876466,838,61.8,33.88333333333333
2004,3.6768346214294434,839,61.666666666666664,36.916666666666664
2004,4.635140476226806,840,61.55,30.216666666666665
2004,5.279054832458496,841,61.55,32.03333333333333
2004,4.20752254486084,842,61.5,33.833333333333336
2004,3.8308740234375,843,61.483333333333334,34.45
2004,4.05201789855957,844,61.46666666666667,35.05
2004,5.349520225524902,845,61.266666666666666,29.633333333333333
2004,3.79917290687561,846,61.266666666666666,30.216666666666665
2004,5.612005310058594,847,61.25,32.61666666666667
2004,5.1515303802490235,848,61.233333333333334,33.21666666666667
2004,4.061281337738037,849,61.2,34.4
2004,6.02046142578125,850,60.95,33.18333333333333
2004,5.655983123779297,851,61.25,29.316666666666663
2004,6.014328155517578,852,61.11666666666667,29.033333333333335
2004,5.689532928466797,853,61.11666666666667,29.333333333333332
2004,5.435704727172851,854,61.11666666666667,29.616666666666667
2004,4.657164669036865,855,61.11666666666667,29.933333333333337
2004,2.010005359649658,856,64.7,32.95
2004,6.432015151977539,857,60.96666666666667,29.033333333333335
2004,6.434228057861328,858,60.96666666666667,29.333333333333332
2004,5.95172550201416,859,60.96666666666667,29.633333333333333
2004,6.131227416992187,860,60.96666666666667,30.216666666666665
2004,6.61241584777832,861,60.833333333333336,28.45
2004,6.8539509582519536,862,60.833333333333336,28.75
2004,6.40285587310791,863,60.833333333333336,29.066666666666663
2004,5.190611972808838,864,60.833333333333336,29.35
2004,6.30650146484375,865,60.81666666666667,29.633333333333333
2004,5.728269233703613,866,60.833333333333336,29.933333333333337
2004,4.92251106262207,867,60.81666666666667,30.233333333333334
2004,5.702098846435547,868,60.68333333333333,29.933333333333337
2004,5.779820823669434,869,60.68333333333333,28.466666666666665
2004,7.402231140136719,870,60.68333333333333,29.05
2004,7.15861213684082,871,60.7,29.333333333333332
2004,6.3196512222290036,872,60.68333333333333,29.65
2004,5.900071487426758,873,60.68333333333333,30.216666666666665
2004,5.724871368408203,874,60.68333333333333,30.483333333333334
2004,7.419897003173828,875,60.53333333333333,27.916666666666668
2004,6.413467140197754,876,60.55,28.216666666666665
2004,5.8877559089660645,877,60.53333333333333,28.483333333333334
2004,8.990636901855469,878,60.53333333333333,28.766666666666666
2004,6.14125358581543,879,60.55,29.366666666666667
2004,5.791139526367187,880,60.55,29.633333333333333
2004,7.289884414672851,881,60.55,29.933333333333337
2004,5.582996368408203,882,60.55,30.516666666666666
2004,8.956327285766601,883,60.4,28.766666666666666
2004,8.499852600097656,884,60.4,29.066666666666663
2004,8.79610984802246,885,60.4,29.35
2004,8.75174331665039,886,60.4,29.633333333333333
2004,8.096471557617187,887,60.4,29.933333333333337
2004,7.284911117553711,888,60.416666666666664,30.2
2004,9.717909698486329,889,60.266666666666666,29.066666666666663
2004,8.7419970703125,890,60.266666666666666,29.35
2004,8.152995223999023,891,60.266666666666666,29.633333333333333
2004,9.349105072021484,892,60.266666666666666,29.933333333333337
2004,7.934198532104492,893,60.11666666666667,30.516666666666666
2004,8.351565170288087,894,60.11666666666667,30.8
2004,9.181216506958007,895,59.983333333333334,30.8
2004,5.9810200119018555,896,59.983333333333334,31.083333333333332
2004,1.8383225202560425,897,66.43333333333334,32.43333333333333
2004,1.6067223310470582,898,66.41666666666667,33.15
2004,1.6594664001464843,899,66.15,31.683333333333337
2004,1.8206930446624756,900,66.13333333333334,33.11666666666667
2004,1.843797950744629,901,66.11666666666666,33.81666666666667
2004,2.015316162109375,902,65.86666666666666,30.95
2004,1.876676459312439,903,65.86666666666666,31.666666666666668
2004,1.558896656036377,904,65.85,33.083333333333336
2004,1.4588684940338135,905,65.83333333333333,33.78333333333333
2004,1.5627253079414367,906,65.81666666666666,34.46666666666667
2004,1.9673158359527587,907,65.58333333333333,30.966666666666665
2004,1.8110140228271485,908,65.58333333333333,31.65
2004,1.7413501453399658,909,65.56666666666666,32.35
2004,1.693174877166748,910,65.56666666666666,33.03333333333333
2004,2.119397659301758,911,65.3,30.25
2004,2.0942564392089844,912,65.3,30.95
2004,2.0733282470703127,913,65.3,31.633333333333333
2004,1.5098043441772462,914,65.26666666666667,33.016666666666666
2004,1.6975673580169677,915,65.25,33.68333333333333
2004,1.7474161767959595,916,65.25,34.38333333333333
2004,2.189133472442627,917,65.01666666666667,30.25
2004,2.0422638845443726,918,65,32.28333333333333
2004,1.858824281692505,919,64.98333333333333,32.983333333333334
2004,1.847660312652588,920,64.96666666666667,33.65
2004,1.7378305053710938,921,64.95,34.333333333333336
2004,2.356005811691284,922,64.73333333333333,30.25
2004,2.084364261627197,923,64.71666666666667,30.916666666666668
2004,2.1277630805969237,924,64.71666666666667,31.6
2004,2.2082318305969237,925,64.41666666666667,32.9
2004,2.158166694641113,926,64.4,33.583333333333336
2004,2.3694659233093263,927,64.38333333333334,34.25
2004,2.4296755313873293,928,64.15,31.566666666666663
2004,2.395231313705444,929,64.1,33.53333333333333
2004,2.357368278503418,930,64.08333333333333,34.2
2004,2.4468934822082518,931,63.85,32.2
2004,2.152415246963501,932,63.8,34.15
2004,2.8272163581848146,933,63.78333333333333,34.8
2004,2.3267637729644775,934,63.55,32.833333333333336
2004,2.7007463932037354,935,63.53333333333333,33.46666666666667
2004,2.7566782665252685,936,63.21666666666667,34.71666666666667
2004,2.860348062515259,937,63.18333333333333,35.35
2004,2.9249131011962892,938,63.166666666666664,35.983333333333334
2004,2.996776571273804,939,62.983333333333334,32.13333333333333
2004,3.3507289123535156,940,62.7,32.11666666666667
2004,3.4619512367248535,941,62.68333333333333,32.733333333333334
2004,3.39804967880249,942,62.666666666666664,33.36666666666667
2004,3.474685478210449,943,62.63333333333333,34.61666666666667
2004,3.664611511230469,944,62.416666666666664,31.466666666666665
2004,3.6202660369873048,945,62.4,32.71666666666667
2004,3.462261219024658,946,62.38333333333333,33.333333333333336
2004,3.0138807773590086,947,62.36666666666667,33.96666666666667
2004,3.389234104156494,948,62.333333333333336,35.18333333333333
2004,5.156388320922852,949,62.13333333333333,30.85
2004,4.341051349639892,950,62.13333333333333,31.45
2004,4.159869861602783,951,62.11666666666667,32.06666666666667
2004,4.082330093383789,952,62.11666666666667,32.68333333333333
2004,3.6369775390625,953,62.1,33.3
2004,3.4849257850646973,954,62.05,35.15
2004,5.559435081481934,955,61.833333333333336,31.45
2004,4.222613182067871,956,61.81666666666667,32.666666666666664
2004,5.617525539398193,957,61.55,31.433333333333337
2004,4.125670423507691,958,61.53333333333333,32.63333333333333
2004,4.110827407836914,959,61.516666666666666,33.233333333333334
2004,5.503225021362304,960,60.93333333333333,33.78333333333333
2004,9.051890182495118,961,42.766666666666666,23.75
2004,10.608590393066406,962,43.05,27.766666666666666
2004,6.167156982421875,963,42.06666666666667,23.8
2004,10.698634948730469,964,42.9,27.75
2004,6.280094223022461,965,41.68333333333333,24.733333333333334
2004,12.963018493652344,966,56.21666666666667,21.116666666666667
2004,6.724233016967774,967,57.166666666666664,25.7
2004,8.566889190673828,968,56.733333333333334,23.683333333333337
2004,5.538883666992188,969,35,33.05
2004,5.0628369140625,970,34.95,32.81666666666667
2004,5.188288269042968,971,34.916666666666664,32.916666666666664
2004,6.050671615600586,972,35.016666666666666,32.61666666666667
2004,12.553047790527344,973,45.15,19.8
2004,7.673553848266602,974,43.28333333333333,20.8
2004,12.64695327758789,975,45.45,19.166666666666668
2004,13.62476318359375,976,44.11666666666667,21.966666666666665
2004,8.610037689208985,977,43.75,19.483333333333334
2005,16.231592102050783,1,47.86666666666667,6.2
2005,14.070298156738282,2,46.96666666666667,5.233333333333333
2005,17.24533172607422,3,46.166666666666664,5.233333333333333
2005,15.5436181640625,4,47.06666666666667,5.066666666666666
2005,13.255001220703125,5,48.166666666666664,-1.5333333333333332
2005,13.37984405517578,6,45.93333333333333,4.466666666666667
2005,13.796188201904297,7,47.083333333333336,4.083333333333333
2005,12.409916229248047,8,46.56666666666667,5.866666666666667
2005,11.029852142333985,9,46.516666666666666,6.05
2005,5.114887733459472,10,45.583333333333336,6.783333333333333
2005,14.461395721435547,11,46.21666666666667,6.333333333333333
2005,6.793069801330566,12,44.11666666666667,5.8
2005,15.352997131347657,13,47.8,4.85
2005,16.140111389160158,14,47.18333333333333,6.266666666666667
2005,11.563192443847656,15,44.916666666666664,5.283333333333333
2005,14.791332397460938,16,47.78333333333333,5.066666666666666
2005,20.037257080078124,17,48.63333333333333,6.066666666666666
2005,4.02652271270752,18,44.7,6.55
2005,4.919417114257812,19,44.016666666666666,6.666666666666667
2005,13.255001220703125,20,48.2,-1.55
2005,15.03147216796875,21,47.93333333333333,3.716666666666667
2005,4.60568302154541,22,44.483333333333334,6.45
2005,12.840955200195312,23,46.96666666666667,6.45
2005,10.182420883178711,24,44.93333333333333,5.316666666666666
2005,11.743956451416016,25,45.416666666666664,6.116666666666666
2005,16.46208999633789,26,46.833333333333336,5.783333333333333
2005,20.208628845214843,27,48.333333333333336,4.3
2005,13.300509033203125,28,46.81666666666667,2.5666666666666664
2005,21.813594818115234,29,43.733333333333334,-0.8333333333333334
2005,13.378115844726562,30,47.45,-0.01666666666666666
2005,17.315538940429686,31,49.016666666666666,5.766666666666667
2005,20.257004699707032,32,50.166666666666664,3.75
2005,13.232747802734375,33,43.2,-0.03333333333333333
2005,13.100292358398438,34,46.666666666666664,2.716666666666667
2005,20.159370727539063,35,48.28333333333333,4.45
2005,13.631480102539063,36,47.25,2.1166666666666667
2005,17.53921875,37,49.35,1.5
2005,15.111100158691407,38,47.56666666666667,1.25
2005,21.76699157714844,39,49.03333333333333,4.95
2005,21.459345703125,40,48.86666666666667,6.483333333333333
2005,18.971442260742187,41,49,7.45
2005,13.721968383789063,42,46.96666666666667,3.65
2005,16.788106994628905,43,49.38333333333333,2.3
2005,14.638563842773438,44,48.516666666666666,0.6666666666666666
2005,19.502247009277344,45,47.68333333333333,7.466666666666667
2005,14.325916137695312,46,47.78333333333333,0.36666666666666664
2005,10.391489715576173,47,44.03333333333333,1.7333333333333334
2005,13.243565979003906,48,46.61666666666667,0.48333333333333334
2005,16.91723175048828,49,48.016666666666666,6.033333333333333
2005,17.75428466796875,50,48.983333333333334,7.716666666666667
2005,18.076257629394533,51,48.45,2.716666666666667
2005,11.308834228515625,52,46.15,1.8166666666666669
2005,9.546179504394532,53,43.43333333333333,2.7
2005,13.545160217285156,54,48.56666666666667,-0.06666666666666667
2005,12.402361907958984,55,43.1,-0.1
2005,19.975592346191405,56,49.93333333333333,4.8
2005,9.890869827270508,57,43.63333333333333,2.9166666666666665
2005,10.915677642822265,58,45.75,2.95
2005,11.997620391845704,59,47,4.116666666666666
2005,10.416738586425781,60,43.43333333333333,2.4333333333333336
2005,10.079123992919921,61,45.8,1.8
2005,16.897564697265626,62,48.233333333333334,7.1
2005,18.40135223388672,63,49.2,3.1166666666666667
2005,13.812508163452149,64,42.916666666666664,1.2666666666666666
2005,14.322324981689453,65,49.166666666666664,-0.85
2005,10.40304428100586,66,47.833333333333336,-3.533333333333333
2005,9.183391799926758,67,44.1,3.533333333333333
2005,21.236954650878907,68,48.5,6.7
2005,22.708972778320312,69,49.166666666666664,5
2005,21.490291748046875,70,49.31666666666667,2.8666666666666667
2005,14.384404907226562,71,43.15,-0.65
2005,12.685595550537109,72,43.016666666666666,0.43333333333333335
2005,21.18512969970703,73,49.7,1.3166666666666669
2005,12.559697723388672,74,43.4,2.1666666666666665
2005,16.86566131591797,75,48.1,6.233333333333333
2005,6.584957466125489,76,42.25,8.833333333333334
2005,14.559584350585938,77,47.65,2.0833333333333335
2005,8.082907638549806,78,41.75,9.2
2005,11.632079010009766,79,43.93333333333333,-1.3333333333333333
2005,12.07838165283203,80,44.1,0.1
2005,12.82028106689453,81,44.03333333333333,-0
2005,14.325916137695312,82,47.733333333333334,0.3333333333333333
2005,8.472550964355468,83,44.85,3.05
2005,11.785064697265625,84,47.53333333333333,-1.8
2005,16.196205139160156,85,47.81666666666667,2.4333333333333336
2005,13.897846984863282,86,48.6,-0.5
2005,8.713422546386719,87,45.4,3.6833333333333336
2005,17.838098449707033,88,48.85,7.7
2005,18.971442260742187,89,48.916666666666664,7.433333333333334
2005,21.93645263671875,90,49.45,0.7333333333333333
2005,17.466317443847657,91,48.68333333333333,1.7166666666666668
2005,19.285396728515625,92,48.21666666666667,6.683333333333334
2005,8.519555358886718,93,44.7,3.95
2005,11.142919158935547,94,42.85,1.3333333333333333
2005,10.370457763671874,95,42.86666666666667,2.1
2005,19.537598266601563,96,48.6,7.133333333333334
2005,9.927868194580078,97,45.43333333333333,3.5166666666666666
2005,14.29330352783203,98,47.93333333333333,7.116666666666666
2005,9.079955596923828,99,45.96666666666667,-1.2666666666666666
2005,8.260302124023438,100,46.86666666666667,-2.1333333333333333
2005,11.677276153564453,101,46.18333333333333,2.9833333333333334
2005,34.150210266113284,102,51.06666666666667,3.033333333333333
2005,21.884271240234376,103,50.78333333333333,4.7
2005,22.784414978027343,104,50.7,4.3
2005,38.19937438964844,105,51.4,5.05
2005,31.88478271484375,106,51.3,4.516666666666667
2005,24.7603125,107,50.96666666666667,3.8
2005,22.936056213378905,108,50.983333333333334,4.2
2005,30.637703247070313,109,50.96666666666667,2.95
2005,27.850552978515626,110,51.166666666666664,5.316666666666666
2005,29.260103149414064,111,50.93333333333333,5.6
2005,23.452271118164063,112,50.733333333333334,4.4
2005,20.138416137695312,113,49.95,4.816666666666666
2005,21.701659240722655,114,50.21666666666667,5.616666666666667
2005,19.209481506347657,115,49.766666666666666,5.45
2005,20.19665283203125,116,50.233333333333334,5.983333333333333
2005,22.998486938476564,117,50.583333333333336,6.1
2005,20.669090576171875,118,50.05,5.216666666666667
2005,19.77434387207031,119,49.516666666666666,5.566666666666666
2005,20.80015899658203,120,50.1,4.266666666666667
2005,21.539851989746094,121,50.666666666666664,4.6
2005,27.8764208984375,122,52.96666666666667,6.733333333333333
2005,28.25894256591797,123,52.86666666666667,6.333333333333333
2005,28.25894256591797,124,52.86666666666667,6.35
2005,27.680509338378908,125,52.9,6.716666666666667
2005,30.85962890625,126,52.53333333333333,6.55
2005,40.692272338867184,127,52.166666666666664,5.75
2005,35.627520141601565,128,51.31666666666667,5.516666666666667
2005,33.097908935546876,129,51.55,4.766666666666667
2005,38.83629089355469,130,52.233333333333334,5.633333333333333
2005,34.95247314453125,131,52.1,5.216666666666667
2005,33.625111694335935,132,52.15,5.883333333333333
2005,27.438918151855468,133,52.833333333333336,6.433333333333334
2005,34.59078674316406,134,52.266666666666666,5.733333333333333
2005,18.88177764892578,135,52.46666666666667,13.216666666666669
2005,15.801087036132813,136,52.416666666666664,13.6
2005,15.466865234375,137,53.1,12.416666666666666
2005,16.52486846923828,138,53.13333333333333,12.95
2005,15.421549377441407,139,52.96666666666667,13.633333333333333
2005,16.256996459960938,140,52.18333333333333,12.55
2005,18.079295959472656,141,51.78333333333333,13.55
2005,16.416817932128907,142,52.13333333333333,14
2005,16.52486846923828,143,53.13333333333333,12.966666666666669
2005,18.079295959472656,144,51.78333333333333,13.566666666666666
2005,14.596936798095703,145,52.15,14.016666666666667
2005,16.52486846923828,146,53.15,12.983333333333333
2005,16.144184875488282,147,52.15,14.483333333333333
2005,21.849236297607423,148,48.8,8.383333333333333
2005,25.02906494140625,149,49.45,8.75
2005,16.09800323486328,150,47.983333333333334,8.983333333333333
2005,16.75954650878906,151,48.28333333333333,8.65
2005,20.140843811035158,152,47.78333333333333,7.7
2005,19.31023880004883,153,48.016666666666666,7.966666666666667
2005,24.05300506591797,154,48,9.95
2005,15.28569091796875,155,48.6,8.633333333333333
2005,23.193466186523438,156,48.86666666666667,9.566666666666666
2005,20.081546630859375,157,49.516666666666666,9.166666666666666
2005,24.06667266845703,158,48.75,9.416666666666666
2005,15.28569091796875,159,48.583333333333336,8.633333333333333
2005,25.02906494140625,160,49.46666666666667,8.733333333333333
2005,19.31023880004883,161,48.016666666666666,7.95
2005,24.05300506591797,162,48,9.966666666666669
2005,15.28569091796875,163,48.583333333333336,8.616666666666667
2005,22.088907165527345,164,49.4,11.316666666666666
2005,26.257083740234375,165,48.11666666666667,11.916666666666666
2005,18.78876739501953,166,49.75,12.383333333333333
2005,21.07099426269531,167,48.96666666666667,12.866666666666667
2005,19.44397247314453,168,48.916666666666664,11.75
2005,22.759700317382812,169,48.4,11.65
2005,28.134996643066405,170,48.21666666666667,12.733333333333333
2005,16.085829620361327,171,50.35,9.916666666666666
2005,12.348654747009277,172,47.56666666666667,12.933333333333334
2005,20.496304626464845,173,49.11666666666667,10.583333333333334
2005,20.093511047363283,174,49.85,10.516666666666667
2005,18.90166748046875,175,49.96666666666667,11.8
2005,21.54734405517578,176,48.7,12.733333333333333
2005,21.183468322753907,177,49.68333333333333,11.5
2005,22.30000457763672,178,49.96666666666667,9.45
2005,25.807398986816406,179,47.86666666666667,10.783333333333331
2005,19.42525894165039,180,47.56666666666667,10.383333333333333
2005,22.716600952148436,181,48.4,10.533333333333331
2005,21.640632934570313,182,49.266666666666666,12.383333333333333
2005,17.41388916015625,183,50.45,11.35
2005,20.238311767578125,184,49.71666666666667,9.883333333333333
2005,23.428206481933593,185,47.71666666666667,11.666666666666666
2005,22.829829711914062,186,48.28333333333333,11.066666666666666
2005,21.224300231933594,187,52.833333333333336,10.25
2005,24.410806884765623,188,51.85,10.4
2005,22.68115051269531,189,51.85,10.416666666666666
2005,22.243456726074218,190,51.75,9.566666666666666
2005,20.0611572265625,191,51.516666666666666,10.033333333333331
2005,22.45844482421875,192,53.166666666666664,9.9
2005,32.405029296875,193,52.9,7.85
2005,19.75964172363281,194,50.63333333333333,9.666666666666666
2005,18.492322082519532,195,50.416666666666664,9.666666666666666
2005,19.281751708984373,196,50.7,8.883333333333333
2005,22.447407836914063,197,50.15,9.383333333333333
2005,17.256837463378908,198,50.56666666666667,8.2
2005,18.663533020019532,199,50.916666666666664,9.333333333333334
2005,20.336566162109374,200,54.083333333333336,10.233333333333333
2005,22.15651611328125,201,49.63333333333333,8.833333333333334
2005,16.917420043945313,202,52.56666666666667,11.166666666666666
2005,18.495454711914064,203,52.05,12.3
2005,18.935025329589845,204,51.36666666666667,9.266666666666667
2005,19.747992248535155,205,51.28333333333333,9.75
2005,18.176810913085937,206,50.68333333333333,8.633333333333333
2005,17.474095458984376,207,51.15,9.016666666666667
2005,23.10087158203125,208,49.7,8.516666666666667
2005,23.10087158203125,209,49.7,8.533333333333333
2005,16.917420043945313,210,52.56666666666667,11.183333333333334
2005,16.602851257324218,211,53.666666666666664,12.05
2005,16.15683837890625,212,53.63333333333333,13.933333333333334
2005,37.905446166992185,213,51.75,6.05
2005,32.820204467773436,214,51.71666666666667,6.166666666666667
2005,32.87672973632812,215,51.68333333333333,7.25
2005,27.336075134277344,216,51.833333333333336,8.95
2005,18.367469177246093,217,51.21666666666667,8.666666666666666
2005,20.85946258544922,218,51.016666666666666,8.183333333333334
2005,23.87627899169922,219,50.666666666666664,6.25
2005,27.047313232421875,220,51.7,8.983333333333333
2005,18.464576721191406,221,49.68333333333333,7.016666666666667
2005,20.268820495605468,222,50.416666666666664,7.083333333333333
2005,16.725041809082033,223,49.63333333333333,7.916666666666667
2005,21.54555725097656,224,50.4,7.716666666666667
2005,18.67503692626953,225,49.266666666666666,7.8
2005,20.694451293945313,226,49.016666666666666,8.116666666666667
2005,19.219967346191407,227,49.3,7.866666666666667
2005,19.4047119140625,228,49.31666666666667,7.016666666666667
2005,19.69028991699219,229,50.416666666666664,12.533333333333331
2005,18.186026611328124,230,50.63333333333333,13.3
2005,17.97880126953125,231,50.81666666666667,14.083333333333334
2005,16.822002563476563,232,51.11666666666667,14.55
2005,21.063848876953124,233,51.233333333333334,13.816666666666666
2005,17.889126586914063,234,51.18333333333333,12.816666666666666
2005,16.847403564453124,235,50.6,10.783333333333331
2005,16.745992126464845,236,51.333333333333336,10.85
2005,18.608175659179686,237,50.78333333333333,11.65
2005,16.9581103515625,238,50.93333333333333,11.016666666666667
2005,17.137447204589844,239,50.483333333333334,11.483333333333333
2005,7.845123825073242,240,41.833333333333336,13.583333333333334
2005,8.22111785888672,241,40.6,15.866666666666667
2005,9.64652847290039,242,38.416666666666664,16.166666666666668
2005,6.93880142211914,243,40.416666666666664,15.433333333333334
2005,25.71864501953125,244,44.71666666666667,10.2
2005,14.605066375732422,245,44.1,11.116666666666667
2005,26.047982482910157,246,45.81666666666667,13.166666666666666
2005,11.195874633789062,247,46.483333333333334,13.583333333333334
2005,10.484402770996093,248,42.81666666666667,11.9
2005,8.95251594543457,249,46.233333333333334,9.55
2005,12.876565704345703,250,43.28333333333333,13.066666666666666
2005,30.29808395385742,251,45.666666666666664,8.066666666666666
2005,12.925370025634766,252,41.81666666666667,15.983333333333333
2005,8.725224990844726,253,39.333333333333336,8.566666666666666
2005,21.957446899414062,254,43.5,10.433333333333334
2005,11.89392105102539,255,46.35,11.483333333333333
2005,11.541558685302734,256,43.45,12.45
2005,4.259909019470215,257,45.71666666666667,6.916666666666667
2005,33.07741683959961,258,46.05,12.016666666666667
2005,6.073874435424805,259,37.9,13.4
2005,9.348364410400391,260,41.9,14.35
2005,19.64606170654297,261,45.95,10.116666666666667
2005,27.81540313720703,262,45.88333333333333,9.383333333333333
2005,10.227769470214843,263,42.86666666666667,10.766666666666667
2005,10.96587890625,264,43.733333333333334,11.566666666666666
2005,14.363149108886718,265,46.583333333333336,11.433333333333334
2005,15.554701309204102,266,44.4,9.45
2005,28.29837127685547,267,45.516666666666666,8.7
2005,6.062349243164062,268,46.31666666666667,8.266666666666667
2005,43.92118133544922,269,45.2,10.733333333333333
2005,10.62695167541504,270,46.266666666666666,8.233333333333333
2005,11.626364974975585,271,41.233333333333334,13.066666666666666
2005,11.626364974975585,272,41.233333333333334,13.083333333333334
2005,16.308291015625,273,51.1,-0.85
2005,15.685107421875,274,51.583333333333336,-1.9166666666666663
2005,16.50071060180664,275,54.3,-3.0166666666666666
2005,17.611437377929686,276,52.43333333333333,0.8666666666666667
2005,15.65889404296875,277,53.4,-1.75
2005,4.174880027770996,278,56.65,-4.283333333333333
2005,10.268369445800781,279,55.083333333333336,-2.466666666666667
2005,4.948317146301269,280,56.71666666666667,-4.05
2005,7.123420867919922,281,56.233333333333334,-5.266666666666667
2005,9.779666442871093,282,52.11666666666667,-3.7333333333333334
2005,15.2567626953125,283,51.2,1.1166666666666667
2005,13.897965393066407,284,51.11666666666667,-1.2333333333333334
2005,16.308291015625,285,51.016666666666666,-0.8666666666666667
2005,13.897965393066407,286,51.13333333333333,-1.2333333333333334
2005,9.298418273925781,287,53.1,-6.233333333333333
2005,11.549474029541015,288,52.96666666666667,-6.183333333333334
2005,11.595961532592774,289,52.53333333333333,-7.033333333333333
2005,11.093235626220704,290,52.3,-8.616666666666667
2005,11.311164474487304,291,52.583333333333336,-7.666666666666667
2005,11.415054321289063,292,53.483333333333334,-6.85
2005,7.279809875488281,293,54.18333333333333,-8.616666666666667
2005,10.596856307983398,294,53.96666666666667,-7.65
2005,9.354196853637696,295,54.13333333333333,-7.666666666666667
2005,5.605511398315429,296,53.35,-9.333333333333334
2005,5.054455032348633,297,53.75,-9.55
2005,16.00934112548828,298,56.28333333333333,8.416666666666666
2005,18.09777648925781,299,55.13333333333333,8.883333333333333
2005,14.150253601074219,300,55.95,12.35
2005,16.617764282226563,301,56.083333333333336,9.35
2005,13.862568054199219,302,55.36666666666667,11.55
2005,15.820743865966797,303,55.7,12.35
2005,14.031639099121094,304,56.38333333333333,9.333333333333334
2005,15.98687286376953,305,55,9.916666666666666
2005,16.617764282226563,306,56.06666666666667,9.333333333333334
2005,7.250041046142578,307,38.833333333333336,21.3
2005,10.010427856445313,308,39.78333333333333,22.783333333333335
2005,10.010427856445313,309,39.78333333333333,22.766666666666666
2005,6.170672225952148,310,38.86666666666667,21.866666666666667
2005,6.170672225952148,311,38.86666666666667,21.85
2005,5.719105224609375,312,40.06666666666667,-8.25
2005,5.132883720397949,313,38.95,-8.066666666666666
2005,4.753839569091797,314,38.083333333333336,-7.033333333333333
2005,6.252950115203857,315,38.31666666666667,-8.533333333333333
2005,4.549364242553711,316,41.5,-7.633333333333333
2005,3.737103080749512,317,40.4,-7.533333333333333
2005,11.552533874511719,318,39.78333333333333,-8.95
2005,7.915728034973145,319,38.65,-8.616666666666667
2005,7.557746963500977,320,43.1,-4.633333333333333
2005,9.277683029174804,321,42.25,-2.7
2005,22.06905792236328,322,41.81666666666667,2.6166666666666667
2005,5.988172378540039,323,40.86666666666667,-3.966666666666667
2005,12.10489730834961,324,40.53333333333333,0.01666666666666666
2005,5.553841247558593,325,39.93333333333333,-5.783333333333333
2005,7.725765647888184,326,37.15,-6.716666666666667
2005,5.445813064575195,327,40.18333333333333,-6.433333333333334
2005,3.6533880615234375,328,38.46666666666667,-6.75
2005,10.114267101287842,329,43.15,-5.466666666666667
2005,5.070715866088867,330,40.43333333333333,-4.116666666666666
2005,9.698474655151367,331,42.983333333333334,-1.3333333333333333
2005,5.032024688720703,332,37.81666666666667,-5.683333333333334
2005,8.548630409240722,333,36.36666666666667,-5.566666666666666
2005,20.558700256347656,334,41.766666666666666,2.4
2005,9.5809912109375,335,40.9,0.38333333333333336
2005,14.32859390258789,336,43.016666666666666,-8.95
2005,5.9630598449707035,337,40.46666666666667,-1.6666666666666663
2005,7.082991333007812,338,40.31666666666667,-0.7166666666666667
2005,10.311901397705078,339,42.516666666666666,-1.0666666666666669
2005,4.985128898620605,340,42.63333333333333,-0.2833333333333333
2005,7.845400695800781,341,38.516666666666666,-0.6333333333333333
2005,5.630534362792969,342,38.166666666666664,-4.066666666666666
2005,4.680956954956055,343,37.9,-2.8833333333333333
2005,5.4572549819946286,344,37,-3
2005,7.084812774658203,345,41.6,-3.033333333333333
2005,6.304664535522461,346,41.86666666666667,-2.8666666666666667
2005,5.460428047180176,347,41.983333333333334,-2.5
2005,9.236004333496094,348,43,-3.6833333333333336
2005,6.702762298583984,349,42.86666666666667,-4.55
2005,7.262015686035157,350,42.78333333333333,-5.366666666666666
2005,4.236412048339844,351,41.78333333333333,-6.366666666666666
2005,8.13933120727539,352,41.333333333333336,-4.533333333333333
2005,8.17429412841797,353,41.35,-4.283333333333333
2005,4.2630579376220705,354,40.333333333333336,-5.933333333333334
2005,5.266886749267578,355,40.21666666666667,-5.016666666666667
2005,7.7880729293823245,356,39.81666666666667,2.9
2005,7.496434135437012,357,39.85,3.1666666666666665
2005,6.108523788452149,358,40.016666666666666,-1.9666666666666668
2005,7.407856979370117,359,39.833333333333336,-1.3
2005,4.287520828247071,360,39.38333333333333,-4.116666666666666
2005,15.508679351806641,361,43.13333333333333,-2.966666666666667
2005,5.009645462036133,362,38.483333333333334,-2.466666666666667
2005,14.472805786132813,363,42.28333333333333,1.8833333333333333
2005,5.658287849426269,364,42.6,1.0666666666666669
2005,4.490196228027344,365,39.6,-4.683333333333334
2005,4.892402000427246,366,41.9,-8.116666666666667
2005,NA,367,28.133333333333333,-17.283333333333335
2005,NA,368,28.116666666666667,-17.216666666666665
2005,NA,369,28.183333333333337,-16.666666666666668
2005,12.051318359375,370,42.733333333333334,-8.7
2005,4.815285415649414,371,38.06666666666667,-2.8166666666666664
2005,4.578619079589844,372,37.53333333333333,-7.183333333333334
2005,7.845400695800781,373,38.516666666666666,-0.6166666666666667
2005,6.304664535522461,374,41.86666666666667,-2.8833333333333333
2005,6.702762298583984,375,42.85,-4.55
2005,15.508679351806641,376,43.13333333333333,-2.9833333333333334
2005,5.009645462036133,377,38.46666666666667,-2.45
2005,9.39846435546875,378,39.333333333333336,-0.31666666666666665
2005,5.214115371704102,379,37.45,-6.833333333333333
2005,19.3832470703125,380,49.983333333333334,6.033333333333333
2005,29.58361633300781,381,49.65,6.183333333333334
2005,13.896135559082031,382,56.166666666666664,13.15
2005,2.9077078247070314,383,63.03333333333333,17.416666666666668
2005,6.4162668609619145,384,59.65,17.883333333333333
2005,5.1029776763916015,385,60.18333333333333,17.716666666666665
2005,5.933668594360352,386,58.96666666666667,15.85
2005,5.989624404907227,387,58.21666666666667,15.916666666666666
2005,8.982086639404297,388,57.45,13.7
2005,8.995423278808595,389,56.46666666666667,15.116666666666667
2005,6.778898773193359,390,57.7,15.916666666666666
2005,11.150231628417968,391,56.3,14.85
2005,10.801539001464844,392,56.3,15.7
2005,11.346628570556641,393,56.36666666666667,13.816666666666666
2005,11.392297821044922,394,56.166666666666664,14.233333333333333
2005,12.005151672363281,395,56.25,13.533333333333331
2005,14.30563217163086,396,56.333333333333336,13.016666666666667
2005,13.163330535888672,397,55.983333333333334,13.383333333333333
2005,16.815288543701172,398,57.2,12.45
2005,14.873472900390626,399,57.03333333333333,12.8
2005,10.68408332824707,400,58.36666666666667,12.083333333333334
2005,9.432457427978516,401,57.55,13.5
2005,10.923115539550782,402,57.21666666666667,13.1
2005,12.714334411621094,403,57.516666666666666,12.466666666666669
2005,7.8031172180175785,404,58.13333333333333,14.066666666666666
2005,5.93737190246582,405,58.85,13.683333333333334
2005,5.865006675720215,406,59.95,12.633333333333333
2005,6.610239677429199,407,59.666666666666664,11.95
2005,5.643461074829101,408,59.583333333333336,12.483333333333333
2005,5.341909065246582,409,59.8,15.483333333333333
2005,4.91348934173584,410,60.016666666666666,15.4
2005,3.5428208923339843,411,61.2,15.2
2005,4.279286346435547,412,60.266666666666666,14.5
2005,3.0059189224243164,413,62.18333333333333,16.716666666666665
2005,3.128286209106445,414,63.166666666666664,17.916666666666668
2005,2.7036288261413572,415,63.333333333333336,14.75
2005,3.2033347129821776,416,63.75,19.4
2005,1.9372159957885742,417,64.5,17.4
2005,1.715927095413208,418,65.45,19.4
2005,8.709897003173829,419,57.1,14.55
2005,7.6530591583251955,420,57.13333333333333,14.766666666666667
2005,7.6530591583251955,421,57.166666666666664,14.8
2005,13.014668884277343,422,58.05,12.016666666666667
2005,13.014668884277343,423,58.06666666666667,12.016666666666667
2005,5.661391105651855,424,59.75,14.9
2005,5.323541564941406,425,59.9,15.233333333333333
2005,6.179861183166504,426,59.56666666666667,14.833333333333334
2005,2.389102964401245,427,63.85,18.1
2005,2.4937137031555174,428,64.03333333333333,18.916666666666668
2005,2.8276518821716308,429,64.25,19.8
2005,9.89216278076172,430,56.333333333333336,14.966666666666669
2005,15.257140808105468,431,57.5,12.233333333333333
2005,12.189657211303711,432,58.43333333333333,11.733333333333333
2005,6.473583831787109,433,59.56666666666667,18.05
2005,5.855265884399414,434,59.083333333333336,17.633333333333333
2005,5.074078369140625,435,60.016666666666666,17.183333333333334
2005,6.38780258178711,436,58.95,16.983333333333334
2005,6.221522750854493,437,58.766666666666666,16.8
2005,6.440251159667969,438,59.03333333333333,16.25
2005,5.644419555664062,439,59.3,16.116666666666667
2005,6.265120620727539,440,58.15,15.416666666666666
2005,6.404471206665039,441,58.75,15.133333333333333
2005,7.16428726196289,442,57.86666666666667,14.75
2005,6.911293029785156,443,57.833333333333336,14.983333333333333
2005,6.672036743164062,444,57.5,15.333333333333334
2005,10.213792266845703,445,57.13333333333333,13.583333333333334
2005,8.176104660034179,446,56.88333333333333,15.1
2005,8.31862045288086,447,57.05,14.366666666666667
2005,8.207824096679687,448,56.833333333333336,13.733333333333333
2005,11.602872619628906,449,56.733333333333334,13.366666666666667
2005,5.840473403930664,450,58.05,16.1
2005,7.708324966430664,451,56.63333333333333,15.616666666666667
2005,8.885885620117188,452,56.85,16.316666666666666
2005,11.582522735595703,453,56.28333333333333,14.65
2005,9.548651580810548,454,56.4,15.3
2005,11.376561279296874,455,56.21666666666667,15.433333333333334
2005,10.386902465820313,456,56.38333333333333,14.533333333333331
2005,13.058157958984374,457,56.016666666666666,13.916666666666666
2005,12.839967193603515,458,56.1,13.516666666666667
2005,12.953713989257812,459,56.13333333333333,13.5
2005,12.739222564697265,460,55.916666666666664,13.583333333333334
2005,13.22379653930664,461,55.61666666666667,13.433333333333334
2005,17.627662963867188,462,57.06666666666667,12.55
2005,16.310395812988283,463,56.93333333333333,12.716666666666669
2005,14.378559722900391,464,56.766666666666666,13.133333333333333
2005,10.302186813354492,465,57,13.366666666666667
2005,14.797561798095703,466,56.68333333333333,13.15
2005,11.25129364013672,467,58.53333333333333,11.716666666666669
2005,10.742806243896485,468,57.4,13.1
2005,8.329567794799805,469,57.766666666666666,13.733333333333333
2005,8.518941192626952,470,58.71666666666667,11.966666666666669
2005,7.2434603881835935,471,58.61666666666667,13.766666666666667
2005,6.901130828857422,472,59.65,13.8
2005,6.021130790710449,473,59.81666666666667,12.9
2005,4.566658573150635,474,60.583333333333336,13.116666666666667
2005,6.179861183166504,475,59.583333333333336,14.866666666666667
2005,6.211656608581543,476,59.583333333333336,14.7
2005,5.31572452545166,477,59.86666666666667,14.416666666666666
2005,5.648669586181641,478,59.083333333333336,15.5
2005,6.501452789306641,479,59.333333333333336,15.933333333333334
2005,3.701617259979248,480,61.11666666666667,14.35
2005,4.545941886901855,481,60.4,15.266666666666667
2005,3.459727935791016,482,61.733333333333334,16.516666666666666
2005,4.084818000793457,483,60.65,16.283333333333335
2005,2.7271404838562012,484,62.266666666666666,16.333333333333332
2005,2.624674186706543,485,62,14.416666666666666
2005,2.691815071105957,486,63.06666666666667,16.733333333333334
2005,2.2625220584869385,487,64.48333333333333,18.466666666666665
2005,1.6014462184906006,488,65.4,18.1
2005,3.4077124404907226,489,65.95,23.25
2005,1.7970635509490966,490,66.06666666666666,20.616666666666667
2005,3.459727935791016,491,61.71666666666667,16.516666666666666
2005,21.526355895996094,492,48.11666666666667,16.033333333333335
2005,17.5765234375,493,47.766666666666666,16.316666666666666
2005,13.263995971679687,494,47.483333333333334,16.55
2005,13.001239776611328,495,46.733333333333334,14.5
2005,9.194429550170899,496,46.766666666666666,13.166666666666666
2005,11.059564666748047,497,46.71666666666667,13.666666666666666
2005,16.54052917480469,498,48.35,15.2
2005,16.983328552246093,499,47.63333333333333,16.133333333333333
2005,15.313274841308594,500,48.916666666666664,15.183333333333334
2005,28.6473095703125,501,48.1,12.866666666666667
2005,27.149677734375,502,47.86666666666667,13.35
2005,11.56791748046875,503,47.483333333333334,13.416666666666666
2005,16.7172998046875,504,46.61666666666667,15.5
2005,12.633742980957031,505,47.36666666666667,15.166666666666666
2005,10.706810760498048,506,47.63333333333333,15.65
2005,8.264303207397461,507,47.05,14.1
2005,11.869120788574218,508,47.31666666666667,12.4
2005,9.268541107177734,509,47.38333333333333,10.9
2005,18.931551361083983,510,47.36666666666667,11.883333333333333
2005,24.755711364746094,511,47.483333333333334,9.983333333333333
2005,1.2391574215888976,512,69.56666666666666,28.883333333333333
2005,1.8350696134567261,513,67.95,24.05
2005,1.8183068561553954,514,67.98333333333333,24.216666666666665
2005,1.9995980072021484,515,67.33333333333333,26.633333333333333
2005,2.7103030014038088,516,66.31666666666666,26.633333333333333
2005,2.6940499210357665,517,66.35,26.716666666666665
2005,2.1800599670410157,518,66.28333333333333,29.45
2005,2.272258701324463,519,66.33333333333333,29.35
2005,3.752979564666748,520,64.96666666666667,26.383333333333333
2005,4.899682846069336,521,61.86666666666667,24.216666666666665
2005,4.899682846069336,522,61.85,24.3
2005,6.91538589477539,523,60.65,23.8
2005,6.486725234985352,524,60.61666666666667,23.833333333333332
2005,6.352237319946289,525,60.63333333333333,26.083333333333332
2005,6.579829177856445,526,60.65,26.116666666666667
2005,3.562894134521484,527,61.766666666666666,29.333333333333332
2005,3.562894134521484,528,61.8,29.316666666666663
2005,7.052244491577149,529,60.7,27.85
2005,5.21496337890625,530,61.233333333333334,25.05
2005,3.5165603065490725,531,63.15,30.7
2005,2.1800599670410157,532,66.3,29.483333333333334
2005,1.0540815913677215,533,69.73333333333333,26.95
2005,3.7903818130493163,534,63.55,22.483333333333334
2005,5.935404434204101,535,62.45,21.516666666666666
2005,4.613696517944336,536,62.05,24.366666666666667
2005,4.96883602142334,537,61.916666666666664,23.316666666666663
2005,8.830210342407227,538,60.03333333333333,23.033333333333335
2005,3.300031833648682,539,64.11666666666666,26.683333333333337
2005,2.7103030014038088,540,66.33333333333333,26.633333333333333
2005,4.603875770568847,541,61.81666666666667,29.3
2005,2.582144231796265,542,66.43333333333334,26.683333333333337
2005,5.925532379150391,543,60.983333333333334,27.266666666666666
2005,5.925532379150391,544,60.916666666666664,27.233333333333334
2005,21.685647583007814,545,46.583333333333336,6.65
2005,25.264993286132814,546,47.38333333333333,8.216666666666667
2005,25.051031036376955,547,47.03333333333333,8.7
2005,15.389785766601563,548,47.21666666666667,7.4
2005,13.453766174316407,549,46.21666666666667,6.283333333333333
2005,19.897545166015625,550,47.68333333333333,8.533333333333333
2005,26.285644073486328,551,46.016666666666666,8.833333333333334
2005,3.0664673805236817,552,46.483333333333334,9.883333333333333
2005,8.900671997070312,553,46.43333333333333,8.8
2005,20.14948959350586,554,46.11666666666667,9
2005,9.938843994140624,555,46.266666666666666,7.433333333333334
2005,3.6467171478271485,556,46.65,10.216666666666669
2005,7.233132781982422,557,46.28333333333333,7.85
2005,23.920701293945314,558,47.266666666666666,7.883333333333333
2005,15.533285903930665,559,46.7,7.75
2005,28.484320526123046,560,47.15,9.066666666666666
2005,5.159734115600586,561,46.8,9.85
2005,27.009443359375,562,47.46666666666667,8.35
2005,12.674636535644531,563,47.88333333333333,19.95
2005,12.674636535644531,564,47.85,19.966666666666665
2005,13.267304229736329,565,47.55,19.383333333333333
2005,12.498820190429688,566,46.96666666666667,19.55
2005,12.498820190429688,567,46.95,19.533333333333335
2005,11.845144958496094,568,47.333333333333336,21.083333333333332
2005,17.597335815429688,569,47.65,16.483333333333334
2005,16.59362335205078,570,47.65,16.516666666666666
2005,17.597335815429688,571,47.666666666666664,16.5
2005,16.33246765136719,572,46.81666666666667,16.4
2005,14.505119934082032,573,46.583333333333336,16.733333333333334
2005,12.498820190429688,574,46.95,19.55
2005,12.498820190429688,575,46.93333333333333,19.533333333333335
2005,14.766304016113281,576,43.9,26
2005,14.177429656982422,577,44.06666666666667,26.05
2005,12.592317657470703,578,44.3,25.6
2005,15.89004425048828,579,44.5,26.166666666666668
2005,14.68546371459961,580,44.9,26.1
2005,12.91370086669922,581,45.1,25.7
2005,7.560093116760254,582,45.5,25.583333333333332
2005,7.090897064208985,583,45.416666666666664,25.266666666666666
2005,9.738741264343261,584,46.68333333333333,22.616666666666667
2005,12.201454010009765,585,45.016666666666666,24.983333333333334
2005,6.47591796875,586,47.43333333333333,25.55
2005,7.907325668334961,587,45.333333333333336,25.55
2005,10.895555114746093,588,53.88333333333333,14.5
2005,10.98885643005371,589,54.8,17.933333333333334
2005,12.996432037353516,590,53.78333333333333,15.05
2005,12.333443450927735,591,53.18333333333333,14.483333333333333
2005,14.993556823730469,592,52.9,15.35
2005,15.765511779785156,593,52.766666666666666,14.9
2005,14.728357238769531,594,53.11666666666667,16.033333333333335
2005,12.283997955322265,595,53.766666666666666,15.483333333333333
2005,11.599945068359375,596,54.666666666666664,17.983333333333334
2005,11.653117370605468,597,53.8,16.35
2005,13.526107177734374,598,54.15,17.116666666666667
2005,12.235686645507812,599,54.2,17.216666666666665
2005,12.309604339599609,600,54.083333333333336,19.15
2005,12.309604339599609,601,54.083333333333336,19.2
2005,12.586934204101562,602,54.05,20.4
2005,20.817348022460937,603,54.15,20.166666666666668
2005,13.756831970214844,604,53.766666666666666,19.033333333333335
2005,17.56403778076172,605,53.45,19.416666666666668
2005,9.52450698852539,606,54.28333333333333,23
2005,10.084427337646485,607,54.266666666666666,22.833333333333332
2005,14.015880737304688,608,54.333333333333336,22.35
2005,14.039535827636719,609,53.65,20.15
2005,15.122841796875,610,53.666666666666664,21.433333333333337
2005,12.229342346191407,611,53.96666666666667,23.116666666666667
2005,12.004436340332031,612,53.9,23.316666666666663
2005,11.230998992919922,613,53.2,23.15
2005,12.255819702148438,614,53.2,23.35
2005,11.666127624511718,615,52.666666666666664,23.716666666666665
2005,11.26113983154297,616,52.85,23.666666666666668
2005,16.70383987426758,617,53.43333333333333,21.816666666666663
2005,12.469501190185547,618,53.28333333333333,22.05
2005,14.452745056152343,619,53.81666666666667,17.85
2005,14.872743530273437,620,53.93333333333333,18.083333333333332
2005,17.802979736328126,621,53.483333333333334,16.383333333333333
2005,16.508235473632812,622,53.3,16.833333333333332
2005,15.127454223632812,623,53.6,16.95
2005,13.91792495727539,624,53.266666666666666,19.55
2005,14.59437515258789,625,52.983333333333334,19.233333333333334
2005,14.780585021972657,626,52.55,15.25
2005,14.297374572753906,627,52.516666666666666,14.95
2005,17.283380737304686,628,52.8,16.416666666666668
2005,19.687460327148436,629,52.95,18.516666666666666
2005,20.968125305175782,630,52.7,18.916666666666668
2005,14.163343200683594,631,51.86666666666667,15.533333333333331
2005,13.546654510498048,632,52.35,15.8
2005,14.728574523925781,633,52.25,16.316666666666666
2005,21.240155029296876,634,52,17.316666666666666
2005,13.907283935546875,635,51.8,16.5
2005,21.593431091308595,636,52.63333333333333,17.65
2005,19.748832397460937,637,51.95,17.2
2005,14.56552978515625,638,51.516666666666666,18.25
2005,21.560126953125,639,51.6,16.916666666666668
2005,18.902078247070314,640,53.11666666666667,19.783333333333335
2005,14.424533386230468,641,52.71666666666667,20.6
2005,13.956759948730468,642,52.36666666666667,19.9
2005,12.374028778076172,643,52.016666666666666,21.1
2005,12.114682312011718,644,51.8,21.45
2005,13.593016357421876,645,53.3,21.616666666666667
2005,14.721581115722657,646,53.18333333333333,21.083333333333332
2005,11.208569793701171,647,52.766666666666666,22.666666666666668
2005,10.650595092773438,648,51.43333333333333,22.766666666666666
2005,11.90556640625,649,51.96666666666667,22.983333333333334
2005,10.181058502197265,650,51.483333333333334,23.35
2005,10.244738159179688,651,51.233333333333334,23.5
2005,9.062785339355468,652,50.63333333333333,23.75
2005,14.582711639404296,653,51.36666666666667,15.683333333333334
2005,15.505215759277343,654,51.25,15.483333333333333
2005,12.889647064208985,655,51.35,16.5
2005,13.103092803955079,656,50.88333333333333,17.633333333333333
2005,12.152279510498047,657,50.63333333333333,16.933333333333334
2005,12.990495834350586,658,50.38333333333333,17.55
2005,13.917220458984374,659,50.43333333333333,17.95
2005,14.872500915527343,660,50.53333333333333,17.7
2005,14.06830352783203,661,50.8,18.166666666666668
2005,16.76375030517578,662,50.583333333333336,18.45
2005,14.857906494140625,663,50.233333333333334,18.316666666666663
2005,14.478423004150391,664,51.333333333333336,19.266666666666666
2005,11.948539581298828,665,51.1,20.416666666666668
2005,12.948178253173829,666,51.083333333333336,20.15
2005,10.809329223632812,667,50.7,20.766666666666666
2005,11.125359649658202,668,51.65,21.033333333333335
2005,11.02677490234375,669,51.2,21.383333333333333
2005,10.578127136230469,670,51.21666666666667,22.65
2005,10.984949798583985,671,51.166666666666664,21.866666666666667
2005,10.20203384399414,672,50.38333333333333,23.45
2005,10.027498016357422,673,50.43333333333333,23.4
2005,13.5723828125,674,50.75,18.666666666666668
2005,13.120593109130859,675,51,19.05
2005,16.392489776611328,676,50.2,19.4
2005,14.89222381591797,677,50.35,19.35
2005,15.30851089477539,678,50.333333333333336,19.65
2005,13.117835540771484,679,50.7,19.216666666666665
2005,12.081151580810547,680,50.71666666666667,20.3
2005,13.30355224609375,681,50.55,21.25
2005,12.847334442138672,682,50.46666666666667,22.116666666666667
2005,11.988712768554688,683,50.5,22.933333333333337
2005,11.073780212402344,684,50.416666666666664,22.75
2005,13.242037200927735,685,50.05,20.566666666666663
2005,14.594806518554687,686,50.06666666666667,20.8
2005,11.43067138671875,687,50.266666666666666,22.116666666666667
2005,15.04397720336914,688,50.833333333333336,15.416666666666666
2005,13.80599365234375,689,50.85,15.516666666666667
2005,11.525018463134765,690,50.266666666666666,16.633333333333333
2005,15.64785675048828,691,50.31666666666667,16.416666666666668
2005,13.342646942138671,692,50.25,16.983333333333334
2005,12.245296478271484,693,50.233333333333334,16.783333333333335
2005,16.02035514831543,694,49.666666666666664,18.966666666666665
2005,12.252209014892578,695,49.75,21.816666666666663
2005,12.003653717041015,696,49.61666666666667,22.466666666666665
2005,10.389691467285155,697,49.2,22.716666666666665
2005,10.069274826049805,698,49.06666666666667,22.85
2005,14.299745254516601,699,49.65,19.033333333333335
2005,12.345116653442382,700,49.6,19.083333333333332
2005,13.558430862426757,701,49.516666666666666,18.9
2005,13.444116287231445,702,49.75,19.8
2005,12.80758804321289,703,49.68333333333333,20.166666666666668
2005,11.41817985534668,704,49.416666666666664,20.816666666666663
2005,10.104036178588867,705,49.333333333333336,20.833333333333332
2005,13.998675994873047,706,49.483333333333334,21.616666666666667
2005,13.177288360595703,707,49.4,21.95
2005,11.207963256835937,708,49.45,19.983333333333334
2005,15.765511779785156,709,52.733333333333334,14.866666666666667
2005,13.755580291748046,710,52.86666666666667,15.716666666666669
2005,11.982786865234376,711,54.53333333333333,17.9
2005,12.456964416503906,712,54.55,18.266666666666666
2005,13.702093353271485,713,53.983333333333334,19.433333333333337
2005,13.395203857421874,714,53.85,20.533333333333335
2005,11.170323638916015,715,53.583333333333336,23.266666666666666
2005,11.75479263305664,716,53.68333333333333,16.766666666666666
2005,14.048418884277345,717,51.81666666666667,15.783333333333331
2005,18.834077453613283,718,51.766666666666666,17.566666666666666
2005,19.617885131835937,719,52.483333333333334,19.6
2005,10.844265594482422,720,52.333333333333336,22.65
2005,11.636104583740234,721,52.03333333333333,22.716666666666665
2005,15.505215759277343,722,51.3,15.416666666666666
2005,14.872500915527343,723,50.6,17.683333333333334
2005,12.71154312133789,724,50.61666666666667,17.25
2005,17.21943054199219,725,50.083333333333336,18.65
2005,17.063995361328125,726,50.3,18.483333333333334
2005,11.794154510498046,727,51.03333333333333,19.6
2005,8.979144821166992,728,50.5,23.466666666666665
2005,16.043702087402345,729,50.483333333333334,20.116666666666667
2005,13.478480529785156,730,51.05,15.866666666666667
2005,11.953375701904298,731,50.78333333333333,16.2
2005,11.60607421875,732,49.85,22.6
2005,12.003653717041015,733,49.65,22.483333333333334
2005,11.155673370361328,734,49.45,22.283333333333335
2005,13.915569915771485,735,49.65,20.25
2005,12.885494384765625,736,48.2,18.383333333333333
2005,9.21247169494629,737,48.916666666666664,19.483333333333334
2005,10.689052734375,738,48.63333333333333,19.533333333333335
2005,14.347835998535157,739,47.88333333333333,17.583333333333332
2005,11.109988098144532,740,48.61666666666667,19.033333333333335
2005,7.81024543762207,741,49.166666666666664,20.233333333333334
2005,11.925773849487305,742,49.18333333333333,22.083333333333332
2005,14.008362274169922,743,49.5,18.566666666666663
2005,14.008362274169922,744,49.483333333333334,18.566666666666663
2005,10.846915588378906,745,48.38333333333333,19
2005,9.755983200073242,746,48.95,19.383333333333333
2005,11.109988098144532,747,48.61666666666667,19.016666666666666
2005,10.208856258392334,748,58.38333333333333,8.233333333333333
2005,5.1708869361877445,749,59.03333333333333,7.566666666666666
2005,1.9069099736213684,750,65.88333333333334,13.8
2005,9.609618759155273,751,58.96666666666667,11.516666666666667
2005,4.989088039398194,752,60.6,6.516666666666667
2005,2.749764289855957,753,64.65,12.266666666666667
2005,4.330373992919922,754,61.266666666666666,11.85
2005,7.207089347839355,755,59.43333333333333,9.866666666666667
2005,3.0857048797607423,756,61,9.216666666666669
2005,2.6454429817199707,757,63.28333333333333,11.183333333333334
2005,1.8614397430419922,758,62.766666666666666,8.883333333333333
2005,6.237629280090332,759,60.36666666666667,11.066666666666666
2005,17.94447479248047,760,59.333333333333336,5.783333333333333
2005,4.330373992919922,761,61.28333333333333,11.85
2005,1.8614397430419922,762,62.78333333333333,8.883333333333333
2005,7.207089347839355,763,59.45,9.866666666666667
2005,7.978922729492187,764,56.35,24.95
2005,10.436760559082032,765,54.833333333333336,24.05
2005,11.080630187988282,766,54.85,23.533333333333335
2005,8.424820251464844,767,56.333333333333336,24.833333333333332
2005,10.319495391845702,768,54.416666666666664,24.95
2005,10.436760559082032,769,54.81666666666667,24.066666666666663
2005,8.513315963745118,770,54.78333333333333,24.066666666666663
2005,10.828420104980468,771,54.18333333333333,24.6
2005,7.2227300262451175,772,55.8,25.516666666666666
2005,10.318293533325196,773,55.81666666666667,21.466666666666665
2005,10.436760559082032,774,54.833333333333336,24.033333333333335
2005,16.43405349731445,775,50.03333333333333,12.616666666666667
2005,12.376157684326172,776,50.166666666666664,17.066666666666666
2005,12.066532135009766,777,50.1,17.2
2005,14.627478942871093,778,49.45,15.766666666666667
2005,13.310919647216798,779,50.55,15.95
2005,15.857442321777343,780,49.666666666666664,15.216666666666669
2005,14.72526824951172,781,50.18333333333333,12.883333333333333
2005,14.7417919921875,782,49.25,15.7
2005,12.624935913085938,783,50.733333333333334,15.533333333333331
2005,15.381920166015625,784,49.06666666666667,17.266666666666666
2005,18.826970825195314,785,50.13333333333333,15.866666666666667
2005,17.21189697265625,786,49.9,14.533333333333331
2005,16.650415344238283,787,49.21666666666667,14.3
2005,15.546150207519531,788,49.016666666666666,14.966666666666669
2005,16.549766845703125,789,50.28333333333333,16.383333333333333
2005,14.339732666015625,790,49.733333333333334,12.85
2005,15.780933990478516,791,49,14.8
2005,15.413279418945313,792,50.63333333333333,14.6
2005,15.88387306213379,793,50.833333333333336,15.333333333333334
2005,14.454423217773437,794,49.7,17.133333333333333
2005,15.248909606933594,795,49.45,18.383333333333333
2005,5.923257675170898,796,59.55,26.033333333333335
2005,5.65456527709961,797,59.56666666666667,26.116666666666667
2005,7.107203063964843,798,58.05,26.1
2005,6.278679885864258,799,58.11666666666667,27.05
2005,5.819083938598633,800,58.35,26.966666666666665
2005,7.030506057739258,801,57.7,26.516666666666666
2005,5.580862808227539,802,59.516666666666666,26.4
2005,5.948199234008789,803,58.266666666666666,26.45
2005,11.104918212890626,804,46.36666666666667,13.933333333333334
2005,17.185348510742188,805,45.983333333333334,13.733333333333333
2005,16.758319702148437,806,45.666666666666664,13.85
2005,20.380821533203125,807,46.28333333333333,14.4
2005,12.669267044067382,808,45.53333333333333,14.8
2005,15.363597412109375,809,46.46666666666667,15.383333333333333
2005,14.941465759277344,810,46.36666666666667,15.233333333333333
2005,15.675919494628907,811,46.1,15.066666666666666
2005,12.99473388671875,812,45.63333333333333,14.633333333333333
2005,16.440908355712892,813,45.86666666666667,15.416666666666666
2005,14.116164093017579,814,46.483333333333334,16.516666666666666
2005,15.363597412109375,815,46.45,15.383333333333333
2005,2.9576966094970705,816,64.13333333333334,32.233333333333334
2005,2.0734135150909423,817,64.11666666666666,32.88333333333333
2005,2.7169681549072267,818,63.85,30.9
2005,2.910061168670654,819,63.85,31.55
2005,2.6977636337280275,820,63.833333333333336,32.85
2005,3.866560306549072,821,63.56666666666667,30.883333333333333
2005,3.0587384605407717,822,63.56666666666667,31.533333333333335
2005,2.9822983360290527,823,63.266666666666666,32.166666666666664
2005,2.993417854309082,824,63.25,32.8
2005,3.227400550842285,825,62.96666666666667,32.78333333333333
2005,2.9105737686157225,826,62.93333333333333,34.03333333333333
2005,3.65809944152832,827,62.916666666666664,34.666666666666664
2005,3.291201877593994,828,62.9,35.3
2005,2.99247239112854,829,62.86666666666667,35.916666666666664
2005,4.542277297973633,830,62.583333333333336,35.86666666666667
2005,4.02533447265625,831,62.28333333333333,36.43333333333333
2005,3.583972911834717,832,62.083333333333336,33.916666666666664
2005,4.341764469146728,833,61.983333333333334,36.36666666666667
2005,4.069407272338867,834,61.96666666666667,36.96666666666667
2005,3.8527488327026367,835,61.93333333333333,37.583333333333336
2005,5.389898452758789,836,61.85,30.833333333333332
2005,4.00939037322998,837,61.81666666666667,33.266666666666666
2005,4.186664848327637,838,61.8,33.88333333333333
2005,4.200608253479004,839,61.666666666666664,36.916666666666664
2005,4.353549385070801,840,61.55,30.216666666666665
2005,5.734241981506347,841,61.55,32.03333333333333
2005,4.509815559387207,842,61.5,33.833333333333336
2005,4.053778648376465,843,61.483333333333334,34.45
2005,4.135073013305664,844,61.46666666666667,35.05
2005,4.911881637573242,845,61.266666666666666,29.633333333333333
2005,3.1634914684295654,846,61.266666666666666,30.216666666666665
2005,6.860524215698242,847,61.25,32.61666666666667
2005,5.735510177612305,848,61.233333333333334,33.21666666666667
2005,4.088332405090332,849,61.2,34.4
2005,6.598568000793457,850,60.95,33.18333333333333
2005,5.322521514892578,851,61.25,29.316666666666663
2005,5.551392974853516,852,61.11666666666667,29.033333333333335
2005,5.175824432373047,853,61.11666666666667,29.333333333333332
2005,4.971126708984375,854,61.11666666666667,29.616666666666667
2005,3.9533524703979492,855,61.11666666666667,29.933333333333337
2005,2.191014289855957,856,64.7,32.95
2005,5.645608711242676,857,60.96666666666667,29.033333333333335
2005,5.8341607666015625,858,60.96666666666667,29.333333333333332
2005,5.513709182739258,859,60.96666666666667,29.633333333333333
2005,5.583554153442383,860,60.96666666666667,30.216666666666665
2005,6.1068994140625,861,60.833333333333336,28.45
2005,6.370617370605469,862,60.833333333333336,28.75
2005,5.579831886291504,863,60.833333333333336,29.066666666666663
2005,4.441433353424072,864,60.833333333333336,29.35
2005,5.8418061065673825,865,60.81666666666667,29.633333333333333
2005,5.125534362792969,866,60.833333333333336,29.933333333333337
2005,4.379188690185547,867,60.81666666666667,30.233333333333334
2005,5.325961494445801,868,60.68333333333333,29.933333333333337
2005,5.396303520202637,869,60.68333333333333,28.466666666666665
2005,6.7499800872802735,870,60.68333333333333,29.05
2005,6.620749893188477,871,60.7,29.333333333333332
2005,5.9015896606445315,872,60.68333333333333,29.65
2005,5.6026011657714845,873,60.68333333333333,30.216666666666665
2005,5.622936630249024,874,60.68333333333333,30.483333333333334
2005,7.385454864501953,875,60.53333333333333,27.916666666666668
2005,6.25048755645752,876,60.55,28.216666666666665
2005,5.695521812438965,877,60.53333333333333,28.483333333333334
2005,8.6850390625,878,60.53333333333333,28.766666666666666
2005,5.637138710021973,879,60.55,29.366666666666667
2005,5.3540681457519534,880,60.55,29.633333333333333
2005,6.992132186889648,881,60.55,29.933333333333337
2005,5.47418586730957,882,60.55,30.516666666666666
2005,9.124686660766601,883,60.4,28.766666666666666
2005,8.296124572753905,884,60.4,29.066666666666663
2005,8.365666122436524,885,60.4,29.35
2005,8.549516296386718,886,60.4,29.633333333333333
2005,7.946701354980469,887,60.4,29.933333333333337
2005,7.054141159057617,888,60.416666666666664,30.2
2005,9.724890594482423,889,60.266666666666666,29.066666666666663
2005,8.372133026123047,890,60.266666666666666,29.35
2005,8.170723190307617,891,60.266666666666666,29.633333333333333
2005,9.42549301147461,892,60.266666666666666,29.933333333333337
2005,7.875194320678711,893,60.11666666666667,30.516666666666666
2005,8.074825134277344,894,60.11666666666667,30.8
2005,8.861790161132813,895,59.983333333333334,30.8
2005,5.919077301025391,896,59.983333333333334,31.083333333333332
2005,1.9500702381134034,897,66.43333333333334,32.43333333333333
2005,1.7820250225067138,898,66.41666666666667,33.15
2005,1.914955234527588,899,66.15,31.683333333333337
2005,2.041669569015503,900,66.13333333333334,33.11666666666667
2005,2.1609992504119875,901,66.11666666666666,33.81666666666667
2005,2.1786369132995604,902,65.86666666666666,30.95
2005,2.1844577312469484,903,65.86666666666666,31.666666666666668
2005,1.8037722969055177,904,65.85,33.083333333333336
2005,1.6901762723922729,905,65.83333333333333,33.78333333333333
2005,1.6771685409545898,906,65.81666666666666,34.46666666666667
2005,2.2273028755187987,907,65.58333333333333,30.966666666666665
2005,2.0438669681549073,908,65.58333333333333,31.65
2005,2.1151098346710206,909,65.56666666666666,32.35
2005,2.0076140356063843,910,65.56666666666666,33.03333333333333
2005,2.5943855571746828,911,65.3,30.25
2005,2.5832332515716554,912,65.3,30.95
2005,2.463941469192505,913,65.3,31.633333333333333
2005,1.8412598609924316,914,65.26666666666667,33.016666666666666
2005,1.7907625913619996,915,65.25,33.68333333333333
2005,1.758030319213867,916,65.25,34.38333333333333
2005,2.669994239807129,917,65.01666666666667,30.25
2005,2.537327308654785,918,65,32.28333333333333
2005,2.2426712703704834,919,64.98333333333333,32.983333333333334
2005,2.0397488117218017,920,64.96666666666667,33.65
2005,1.7795446920394897,921,64.95,34.333333333333336
2005,2.7217162322998045,922,64.73333333333333,30.25
2005,2.56357310295105,923,64.71666666666667,30.916666666666668
2005,2.4957598781585695,924,64.71666666666667,31.6
2005,2.4681558799743653,925,64.41666666666667,32.9
2005,2.3547835159301758,926,64.4,33.583333333333336
2005,2.477232131958008,927,64.38333333333334,34.25
2005,2.727104511260986,928,64.15,31.566666666666663
2005,2.516478042602539,929,64.1,33.53333333333333
2005,2.453490915298462,930,64.08333333333333,34.2
2005,2.713248405456543,931,63.85,32.2
2005,2.050842704772949,932,63.8,34.15
2005,3.1715185546875,933,63.78333333333333,34.8
2005,2.377016935348511,934,63.55,32.833333333333336
2005,2.779682464599609,935,63.53333333333333,33.46666666666667
2005,2.863206214904785,936,63.21666666666667,34.71666666666667
2005,3.0708389854431153,937,63.18333333333333,35.35
2005,3.115755348205566,938,63.166666666666664,35.983333333333334
2005,2.9566214942932127,939,62.983333333333334,32.13333333333333
2005,3.25312255859375,940,62.7,32.11666666666667
2005,3.453418083190918,941,62.68333333333333,32.733333333333334
2005,3.4441310119628907,942,62.666666666666664,33.36666666666667
2005,3.6378218650817873,943,62.63333333333333,34.61666666666667
2005,3.5413698387145995,944,62.416666666666664,31.466666666666665
2005,3.574653491973877,945,62.4,32.71666666666667
2005,3.3956898498535155,946,62.38333333333333,33.333333333333336
2005,3.140285234451294,947,62.36666666666667,33.96666666666667
2005,3.8844550323486327,948,62.333333333333336,35.18333333333333
2005,5.130488243103027,949,62.13333333333333,30.85
2005,4.308108329772949,950,62.13333333333333,31.45
2005,4.073082084655762,951,62.11666666666667,32.06666666666667
2005,4.038652877807618,952,62.11666666666667,32.68333333333333
2005,3.799482765197754,953,62.1,33.3
2005,4.177836189270019,954,62.05,35.15
2005,5.5769401550292965,955,61.833333333333336,31.45
2005,4.5557012939453125,956,61.81666666666667,32.666666666666664
2005,6.592158508300781,957,61.55,31.433333333333337
2005,4.6271489715576175,958,61.53333333333333,32.63333333333333
2005,4.615983047485352,959,61.516666666666666,33.233333333333334
2005,5.39673583984375,960,60.93333333333333,33.78333333333333
2005,9.59501968383789,961,42.766666666666666,23.75
2005,12.336266784667968,962,43.05,27.766666666666666
2005,6.357142486572266,963,42.06666666666667,23.8
2005,11.619691009521484,964,42.9,27.75
2005,6.528905601501465,965,41.68333333333333,24.733333333333334
2005,12.03441162109375,966,56.21666666666667,21.116666666666667
2005,6.2583809661865235,967,57.166666666666664,25.7
2005,7.704931335449219,968,56.733333333333334,23.683333333333337
2005,5.155879364013672,969,35,33.05
2005,4.8513038635253904,970,34.95,32.81666666666667
2005,4.899880294799805,971,34.916666666666664,32.916666666666664
2005,6.328299713134766,972,35.016666666666666,32.61666666666667
2005,13.588493194580078,973,45.15,19.8
2005,7.6062572479248045,974,43.28333333333333,20.8
2005,13.547610473632812,975,45.45,19.166666666666668
2005,14.437154846191406,976,44.11666666666667,21.966666666666665
2005,9.0583544921875,977,43.75,19.483333333333334
2006,16.731966552734374,1,47.86666666666667,6.2
2006,13.269027404785156,2,46.96666666666667,5.233333333333333
2006,16.867302551269532,3,46.166666666666664,5.233333333333333
2006,15.355122985839843,4,47.06666666666667,5.066666666666666
2006,14.681790161132813,5,48.166666666666664,-1.5333333333333332
2006,12.640568237304688,6,45.93333333333333,4.466666666666667
2006,12.756016387939454,7,47.083333333333336,4.083333333333333
2006,12.330430755615234,8,46.56666666666667,5.866666666666667
2006,10.644609375,9,46.516666666666666,6.05
2006,4.539820709228516,10,45.583333333333336,6.783333333333333
2006,12.912145233154297,11,46.21666666666667,6.333333333333333
2006,7.500973167419434,12,44.11666666666667,5.8
2006,14.20869110107422,13,47.8,4.85
2006,15.302962493896484,14,47.18333333333333,6.266666666666667
2006,11.378586120605469,15,44.916666666666664,5.283333333333333
2006,14.088115539550781,16,47.78333333333333,5.066666666666666
2006,18.411805114746095,17,48.63333333333333,6.066666666666666
2006,3.914640426635742,18,44.7,6.55
2006,4.8683895492553715,19,44.016666666666666,6.666666666666667
2006,14.681790161132813,20,48.2,-1.55
2006,13.504027709960937,21,47.93333333333333,3.716666666666667
2006,4.6903292846679685,22,44.483333333333334,6.45
2006,12.095339965820312,23,46.96666666666667,6.45
2006,9.876389083862305,24,44.93333333333333,5.316666666666666
2006,9.58414665222168,25,45.416666666666664,6.116666666666666
2006,15.57921844482422,26,46.833333333333336,5.783333333333333
2006,18.983768005371093,27,48.333333333333336,4.3
2006,12.253354797363281,28,46.81666666666667,2.5666666666666664
2006,20.920590209960938,29,43.733333333333334,-0.8333333333333334
2006,12.976387023925781,30,47.45,-0.01666666666666666
2006,16.824901123046875,31,49.016666666666666,5.766666666666667
2006,20.78532897949219,32,50.166666666666664,3.75
2006,11.324251251220703,33,43.2,-0.03333333333333333
2006,12.047033233642578,34,46.666666666666664,2.716666666666667
2006,19.088539123535156,35,48.28333333333333,4.45
2006,12.973546142578124,36,47.25,2.1166666666666667
2006,18.377506103515625,37,49.35,1.5
2006,14.091928100585937,38,47.56666666666667,1.25
2006,22.372831420898436,39,49.03333333333333,4.95
2006,20.546771545410156,40,48.86666666666667,6.483333333333333
2006,19.19880645751953,41,49,7.45
2006,12.37897979736328,42,46.96666666666667,3.65
2006,17.64805358886719,43,49.38333333333333,2.3
2006,14.915508728027344,44,48.516666666666666,0.6666666666666666
2006,19.123214721679688,45,47.68333333333333,7.466666666666667
2006,14.506022033691407,46,47.78333333333333,0.36666666666666664
2006,9.91897216796875,47,44.03333333333333,1.7333333333333334
2006,12.902869262695312,48,46.61666666666667,0.48333333333333334
2006,17.5982373046875,49,48.016666666666666,6.033333333333333
2006,17.39461730957031,50,48.983333333333334,7.716666666666667
2006,16.91080383300781,51,48.45,2.716666666666667
2006,10.121087188720702,52,46.15,1.8166666666666669
2006,8.985439682006836,53,43.43333333333333,2.7
2006,14.096576232910156,54,48.56666666666667,-0.06666666666666667
2006,10.9058846282959,55,43.1,-0.1
2006,20.43055419921875,56,49.93333333333333,4.8
2006,9.457377319335938,57,43.63333333333333,2.9166666666666665
2006,9.559108123779296,58,45.75,2.95
2006,11.28162811279297,59,47,4.116666666666666
2006,9.1746673583984375,60,43.43333333333333,2.4333333333333336
2006,10.052758026123048,61,45.8,1.8
2006,15.433436889648437,62,48.233333333333334,7.1
2006,17.948847045898436,63,49.2,3.1166666666666667
2006,10.6073583984375,64,42.916666666666664,1.2666666666666666
2006,15.334055633544923,65,49.166666666666664,-0.85
2006,11.388747100830079,66,47.833333333333336,-3.533333333333333
2006,9.086018371582032,67,44.1,3.533333333333333
2006,20.883191833496095,68,48.5,6.7
2006,22.568451232910157,69,49.166666666666664,5
2006,21.03085418701172,70,49.31666666666667,2.8666666666666667
2006,12.017545013427734,71,43.15,-0.65
2006,10.20937973022461,72,43.016666666666666,0.43333333333333335
2006,21.173835144042968,73,49.7,1.3166666666666669
2006,9.870025024414062,74,43.4,2.1666666666666665
2006,17.83292724609375,75,48.1,6.233333333333333
2006,6.544544792175293,76,42.25,8.833333333333334
2006,13.33606475830078,77,47.65,2.0833333333333335
2006,7.741512069702148,78,41.75,9.2
2006,10.637593994140625,79,43.93333333333333,-1.3333333333333333
2006,11.466212310791015,80,44.1,0.1
2006,12.269536743164062,81,44.03333333333333,-0
2006,14.506022033691407,82,47.733333333333334,0.3333333333333333
2006,8.124259490966796,83,44.85,3.05
2006,12.958418579101563,84,47.53333333333333,-1.8
2006,15.669463806152343,85,47.81666666666667,2.4333333333333336
2006,14.787437591552735,86,48.6,-0.5
2006,7.8395602416992185,87,45.4,3.6833333333333336
2006,18.456779174804687,88,48.85,7.7
2006,19.19880645751953,89,48.916666666666664,7.433333333333334
2006,21.56590881347656,90,49.45,0.7333333333333333
2006,17.08328369140625,91,48.68333333333333,1.7166666666666668
2006,18.595010986328123,92,48.21666666666667,6.683333333333334
2006,8.387922668457032,93,44.7,3.95
2006,9.192009429931641,94,42.85,1.3333333333333333
2006,8.517619247436523,95,42.86666666666667,2.1
2006,17.325367279052735,96,48.6,7.133333333333334
2006,8.43882064819336,97,45.43333333333333,3.5166666666666666
2006,13.911849822998047,98,47.93333333333333,7.116666666666666
2006,10.691833038330078,99,45.96666666666667,-1.2666666666666666
2006,7.803851623535156,100,46.86666666666667,-2.1333333333333333
2006,10.25147674560547,101,46.18333333333333,2.9833333333333334
2006,33.063298034667966,102,51.06666666666667,3.033333333333333
2006,21.04046813964844,103,50.78333333333333,4.7
2006,21.84475830078125,104,50.7,4.3
2006,34.311004638671875,105,51.4,5.05
2006,30.403656616210938,106,51.3,4.516666666666667
2006,24.463753662109376,107,50.96666666666667,3.8
2006,22.17245391845703,108,50.983333333333334,4.2
2006,31.203844604492186,109,50.96666666666667,2.95
2006,26.101915893554686,110,51.166666666666664,5.316666666666666
2006,27.393342895507814,111,50.93333333333333,5.6
2006,22.499848022460938,112,50.733333333333334,4.4
2006,20.597164611816407,113,49.95,4.816666666666666
2006,22.65145324707031,114,50.21666666666667,5.616666666666667
2006,21.23468048095703,115,49.766666666666666,5.45
2006,20.857138671875,116,50.233333333333334,5.983333333333333
2006,23.364677734375,117,50.583333333333336,6.1
2006,21.263482971191408,118,50.05,5.216666666666667
2006,21.923517150878908,119,49.516666666666666,5.566666666666666
2006,20.964158630371095,120,50.1,4.266666666666667
2006,20.3571484375,121,50.666666666666664,4.6
2006,27.477669982910157,122,52.96666666666667,6.733333333333333
2006,27.611848754882814,123,52.86666666666667,6.333333333333333
2006,27.611848754882814,124,52.86666666666667,6.35
2006,27.951794738769532,125,52.9,6.716666666666667
2006,30.488578186035156,126,52.53333333333333,6.55
2006,39.2398974609375,127,52.166666666666664,5.75
2006,32.242395629882814,128,51.31666666666667,5.516666666666667
2006,31.535863037109376,129,51.55,4.766666666666667
2006,37.75927673339844,130,52.233333333333334,5.633333333333333
2006,33.22824584960937,131,52.1,5.216666666666667
2006,32.48226867675781,132,52.15,5.883333333333333
2006,27.236282958984376,133,52.833333333333336,6.433333333333334
2006,34.13353759765625,134,52.266666666666666,5.733333333333333
2006,18.477777404785158,135,52.46666666666667,13.216666666666669
2006,16.736993865966795,136,52.416666666666664,13.6
2006,16.37771270751953,137,53.1,12.416666666666666
2006,17.25096923828125,138,53.13333333333333,12.95
2006,16.231956481933594,139,52.96666666666667,13.633333333333333
2006,16.312140197753905,140,52.18333333333333,12.55
2006,17.103374633789063,141,51.78333333333333,13.55
2006,16.538856506347656,142,52.13333333333333,14
2006,17.25096923828125,143,53.13333333333333,12.966666666666669
2006,17.103374633789063,144,51.78333333333333,13.566666666666666
2006,14.679979705810547,145,52.15,14.016666666666667
2006,17.25096923828125,146,53.15,12.983333333333333
2006,16.106640625,147,52.15,14.483333333333333
2006,19.488644104003907,148,48.8,8.383333333333333
2006,23.51891143798828,149,49.45,8.75
2006,15.621463317871093,150,47.983333333333334,8.983333333333333
2006,16.118038940429688,151,48.28333333333333,8.65
2006,19.51176940917969,152,47.78333333333333,7.7
2006,17.491954498291015,153,48.016666666666666,7.966666666666667
2006,22.797578125,154,48,9.95
2006,14.405792846679688,155,48.6,8.633333333333333
2006,22.200068359375,156,48.86666666666667,9.566666666666666
2006,18.072412109375,157,49.516666666666666,9.166666666666666
2006,21.92975830078125,158,48.75,9.416666666666666
2006,14.405792846679688,159,48.583333333333336,8.633333333333333
2006,23.51891143798828,160,49.46666666666667,8.733333333333333
2006,17.491954498291015,161,48.016666666666666,7.95
2006,22.797578125,162,48,9.966666666666669
2006,14.405792846679688,163,48.583333333333336,8.616666666666667
2006,20.574721069335936,164,49.4,11.316666666666666
2006,23.717954406738283,165,48.11666666666667,11.916666666666666
2006,18.372539672851563,166,49.75,12.383333333333333
2006,20.740446166992186,167,48.96666666666667,12.866666666666667
2006,18.330679626464843,168,48.916666666666664,11.75
2006,22.037087707519532,169,48.4,11.65
2006,25.96625213623047,170,48.21666666666667,12.733333333333333
2006,16.082301483154296,171,50.35,9.916666666666666
2006,10.45285991668701,172,47.56666666666667,12.933333333333334
2006,18.93505584716797,173,49.11666666666667,10.583333333333334
2006,18.518421936035157,174,49.85,10.516666666666667
2006,18.82183380126953,175,49.96666666666667,11.8
2006,19.7661376953125,176,48.7,12.733333333333333
2006,20.628562927246094,177,49.68333333333333,11.5
2006,20.43804168701172,178,49.96666666666667,9.45
2006,22.844330444335938,179,47.86666666666667,10.783333333333331
2006,17.517171478271486,180,47.56666666666667,10.383333333333333
2006,20.801289367675782,181,48.4,10.533333333333331
2006,21.246134033203123,182,49.266666666666666,12.383333333333333
2006,16.678574829101564,183,50.45,11.35
2006,18.681785583496094,184,49.71666666666667,9.883333333333333
2006,20.942699279785156,185,47.71666666666667,11.666666666666666
2006,20.532361755371095,186,48.28333333333333,11.066666666666666
2006,22.48805908203125,187,52.833333333333336,10.25
2006,25.310724487304686,188,51.85,10.4
2006,23.413238830566407,189,51.85,10.416666666666666
2006,21.93813690185547,190,51.75,9.566666666666666
2006,20.42075958251953,191,51.516666666666666,10.033333333333331
2006,23.666346130371092,192,53.166666666666664,9.9
2006,33.62094940185547,193,52.9,7.85
2006,19.672220458984373,194,50.63333333333333,9.666666666666666
2006,17.8664697265625,195,50.416666666666664,9.666666666666666
2006,19.083601989746093,196,50.7,8.883333333333333
2006,21.292538146972657,197,50.15,9.383333333333333
2006,17.433621520996095,198,50.56666666666667,8.2
2006,18.131469116210937,199,50.916666666666664,9.333333333333334
2006,22.554323425292967,200,54.083333333333336,10.233333333333333
2006,21.329647521972657,201,49.63333333333333,8.833333333333334
2006,18.087192993164063,202,52.56666666666667,11.166666666666666
2006,18.571016540527342,203,52.05,12.3
2006,18.93211120605469,204,51.36666666666667,9.266666666666667
2006,20.063152465820313,205,51.28333333333333,9.75
2006,17.69490020751953,206,50.68333333333333,8.633333333333333
2006,16.800260314941408,207,51.15,9.016666666666667
2006,22.188472595214844,208,49.7,8.516666666666667
2006,22.188472595214844,209,49.7,8.533333333333333
2006,18.087192993164063,210,52.56666666666667,11.183333333333334
2006,17.259244995117186,211,53.666666666666664,12.05
2006,17.529167785644532,212,53.63333333333333,13.933333333333334
2006,34.90037536621094,213,51.75,6.05
2006,29.958381958007813,214,51.71666666666667,6.166666666666667
2006,32.11124877929687,215,51.68333333333333,7.25
2006,27.703833923339843,216,51.833333333333336,8.95
2006,17.75308624267578,217,51.21666666666667,8.666666666666666
2006,20.624908752441407,218,51.016666666666666,8.183333333333334
2006,22.98696807861328,219,50.666666666666664,6.25
2006,26.852781982421874,220,51.7,8.983333333333333
2006,19.62149658203125,221,49.68333333333333,7.016666666666667
2006,19.361463317871095,222,50.416666666666664,7.083333333333333
2006,15.961519470214844,223,49.63333333333333,7.916666666666667
2006,19.984231567382814,224,50.4,7.716666666666667
2006,17.822297973632814,225,49.266666666666666,7.8
2006,19.460068359375,226,49.016666666666666,8.116666666666667
2006,18.04031921386719,227,49.3,7.866666666666667
2006,19.721481018066406,228,49.31666666666667,7.016666666666667
2006,19.302095642089842,229,50.416666666666664,12.533333333333331
2006,17.711585693359375,230,50.63333333333333,13.3
2006,17.929391174316407,231,50.81666666666667,14.083333333333334
2006,16.97420440673828,232,51.11666666666667,14.55
2006,20.777928161621094,233,51.233333333333334,13.816666666666666
2006,17.690504760742186,234,51.18333333333333,12.816666666666666
2006,17.051700744628906,235,50.6,10.783333333333331
2006,17.307996520996095,236,51.333333333333336,10.85
2006,17.76153076171875,237,50.78333333333333,11.65
2006,16.382052612304687,238,50.93333333333333,11.016666666666667
2006,16.236675415039063,239,50.483333333333334,11.483333333333333
2006,7.539980239868164,240,41.833333333333336,13.583333333333334
2006,8.164799194335938,241,40.6,15.866666666666667
2006,10.387233047485351,242,38.416666666666664,16.166666666666668
2006,6.501514053344726,243,40.416666666666664,15.433333333333334
2006,25.038310546875,244,44.71666666666667,10.2
2006,15.399165954589844,245,44.1,11.116666666666667
2006,23.941252136230467,246,45.81666666666667,13.166666666666666
2006,10.112745056152344,247,46.483333333333334,13.583333333333334
2006,9.481486358642577,248,42.81666666666667,11.9
2006,8.987609252929687,249,46.233333333333334,9.55
2006,12.373071899414063,250,43.28333333333333,13.066666666666666
2006,27.322068328857423,251,45.666666666666664,8.066666666666666
2006,10.655724792480468,252,41.81666666666667,15.983333333333333
2006,7.394478759765625,253,39.333333333333336,8.566666666666666
2006,17.939799499511718,254,43.5,10.433333333333334
2006,10.692013397216797,255,46.35,11.483333333333333
2006,11.429122924804688,256,43.45,12.45
2006,4.2048170852661135,257,45.71666666666667,6.916666666666667
2006,33.02449157714844,258,46.05,12.016666666666667
2006,5.675219573974609,259,37.9,13.4
2006,9.275281219482421,260,41.9,14.35
2006,20.37994400024414,261,45.95,10.116666666666667
2006,26.787747497558595,262,45.88333333333333,9.383333333333333
2006,8.882096862792968,263,42.86666666666667,10.766666666666667
2006,11.758126525878906,264,43.733333333333334,11.566666666666666
2006,14.299275970458984,265,46.583333333333336,11.433333333333334
2006,16.613641662597658,266,44.4,9.45
2006,30.477350158691408,267,45.516666666666666,8.7
2006,5.205514316558838,268,46.31666666666667,8.266666666666667
2006,41.7414453125,269,45.2,10.733333333333333
2006,9.180071105957031,270,46.266666666666666,8.233333333333333
2006,10.161985321044922,271,41.233333333333334,13.066666666666666
2006,10.161985321044922,272,41.233333333333334,13.083333333333334
2006,15.532757263183594,273,51.1,-0.85
2006,15.224819946289063,274,51.583333333333336,-1.9166666666666663
2006,17.896371154785157,275,54.3,-3.0166666666666666
2006,16.913565673828124,276,52.43333333333333,0.8666666666666667
2006,16.47175994873047,277,53.4,-1.75
2006,4.9596161270141605,278,56.65,-4.283333333333333
2006,11.632813110351563,279,55.083333333333336,-2.466666666666667
2006,5.802658004760742,280,56.71666666666667,-4.05
2006,6.9130847549438474,281,56.233333333333334,-5.266666666666667
2006,10.926435089111328,282,52.11666666666667,-3.7333333333333334
2006,15.94419448852539,283,51.2,1.1166666666666667
2006,12.934928741455078,284,51.11666666666667,-1.2333333333333334
2006,15.532757263183594,285,51.016666666666666,-0.8666666666666667
2006,12.934928741455078,286,51.13333333333333,-1.2333333333333334
2006,9.318209686279296,287,53.1,-6.233333333333333
2006,11.35289321899414,288,52.96666666666667,-6.183333333333334
2006,11.315979232788086,289,52.53333333333333,-7.033333333333333
2006,10.859801712036132,290,52.3,-8.616666666666667
2006,11.151096420288086,291,52.583333333333336,-7.666666666666667
2006,11.386168670654296,292,53.483333333333334,-6.85
2006,7.630605697631836,293,54.18333333333333,-8.616666666666667
2006,10.300218048095703,294,53.96666666666667,-7.65
2006,9.861550903320312,295,54.13333333333333,-7.666666666666667
2006,5.796539154052734,296,53.35,-9.333333333333334
2006,5.018816986083984,297,53.75,-9.55
2006,17.834979858398437,298,56.28333333333333,8.416666666666666
2006,20.202291717529295,299,55.13333333333333,8.883333333333333
2006,16.320333709716795,300,55.95,12.35
2006,17.728226318359376,301,56.083333333333336,9.35
2006,16.868267364501953,302,55.36666666666667,11.55
2006,17.646356506347658,303,55.7,12.35
2006,15.604757080078125,304,56.38333333333333,9.333333333333334
2006,17.709896545410157,305,55,9.916666666666666
2006,17.728226318359376,306,56.06666666666667,9.333333333333334
2006,6.902695999145508,307,38.833333333333336,21.3
2006,10.580888977050781,308,39.78333333333333,22.783333333333335
2006,10.580888977050781,309,39.78333333333333,22.766666666666666
2006,5.760803451538086,310,38.86666666666667,21.866666666666667
2006,5.760803451538086,311,38.86666666666667,21.85
2006,6.932282867431641,312,40.06666666666667,-8.25
2006,5.853342590332031,313,38.95,-8.066666666666666
2006,5.046344070434571,314,38.083333333333336,-7.033333333333333
2006,6.958245429992676,315,38.31666666666667,-8.533333333333333
2006,4.841379318237305,316,41.5,-7.633333333333333
2006,4.653925971984863,317,40.4,-7.533333333333333
2006,11.622775497436523,318,39.78333333333333,-8.95
2006,8.683620223999023,319,38.65,-8.616666666666667
2006,7.707378292083741,320,43.1,-4.633333333333333
2006,8.558347625732422,321,42.25,-2.7
2006,17.90540466308594,322,41.81666666666667,2.6166666666666667
2006,6.270235900878906,323,40.86666666666667,-3.966666666666667
2006,11.41365219116211,324,40.53333333333333,0.01666666666666666
2006,9.905023803710938,325,39.93333333333333,-5.783333333333333
2006,8.53460823059082,326,37.15,-6.716666666666667
2006,6.319181060791015,327,40.18333333333333,-6.433333333333334
2006,4.182364273071289,328,38.46666666666667,-6.75
2006,9.852770938873292,329,43.15,-5.466666666666667
2006,6.269354248046875,330,40.43333333333333,-4.116666666666666
2006,10.2753914642334,331,42.983333333333334,-1.3333333333333333
2006,7.191645660400391,332,37.81666666666667,-5.683333333333334
2006,9.314673080444337,333,36.36666666666667,-5.566666666666666
2006,19.53976043701172,334,41.766666666666666,2.4
2006,10.259075469970703,335,40.9,0.38333333333333336
2006,12.639486541748047,336,43.016666666666666,-8.95
2006,4.567336959838867,337,40.46666666666667,-1.6666666666666663
2006,5.83287483215332,338,40.31666666666667,-0.7166666666666667
2006,11.115058212280273,339,42.516666666666666,-1.0666666666666669
2006,5.538801078796387,340,42.63333333333333,-0.2833333333333333
2006,9.18077491760254,341,38.516666666666666,-0.6333333333333333
2006,7.540799331665039,342,38.166666666666664,-4.066666666666666
2006,5.3224089813232425,343,37.9,-2.8833333333333333
2006,5.53187255859375,344,37,-3
2006,6.395363922119141,345,41.6,-3.033333333333333
2006,7.155234756469727,346,41.86666666666667,-2.8666666666666667
2006,6.156181793212891,347,41.983333333333334,-2.5
2006,9.852670593261719,348,43,-3.6833333333333336
2006,6.806223754882812,349,42.86666666666667,-4.55
2006,9.03620132446289,350,42.78333333333333,-5.366666666666666
2006,6.653202667236328,351,41.78333333333333,-6.366666666666666
2006,9.140812072753906,352,41.333333333333336,-4.533333333333333
2006,10.003145446777344,353,41.35,-4.283333333333333
2006,5.058800506591797,354,40.333333333333336,-5.933333333333334
2006,5.503449172973633,355,40.21666666666667,-5.016666666666667
2006,7.394662780761719,356,39.81666666666667,2.9
2006,6.884395370483398,357,39.85,3.1666666666666665
2006,5.757296142578125,358,40.016666666666666,-1.9666666666666668
2006,6.729043731689453,359,39.833333333333336,-1.3
2006,5.242926330566406,360,39.38333333333333,-4.116666666666666
2006,29.445223083496092,361,43.13333333333333,-2.966666666666667
2006,5.201931915283203,362,38.483333333333334,-2.466666666666667
2006,12.950740203857421,363,42.28333333333333,1.8833333333333333
2006,5.342004356384277,364,42.6,1.0666666666666669
2006,5.262836074829101,365,39.6,-4.683333333333334
2006,5.268752975463867,366,41.9,-8.116666666666667
2006,NA,367,28.133333333333333,-17.283333333333335
2006,NA,368,28.116666666666667,-17.216666666666665
2006,NA,369,28.183333333333337,-16.666666666666668
2006,15.174061889648437,370,42.733333333333334,-8.7
2006,5.55050479888916,371,38.06666666666667,-2.8166666666666664
2006,4.863824081420899,372,37.53333333333333,-7.183333333333334
2006,9.18077491760254,373,38.516666666666666,-0.6166666666666667
2006,7.155234756469727,374,41.86666666666667,-2.8833333333333333
2006,6.806223754882812,375,42.85,-4.55
2006,29.445223083496092,376,43.13333333333333,-2.9833333333333334
2006,5.201931915283203,377,38.46666666666667,-2.45
2006,10.273129577636718,378,39.333333333333336,-0.31666666666666665
2006,6.195451354980468,379,37.45,-6.833333333333333
2006,20.21945556640625,380,49.983333333333334,6.033333333333333
2006,30.01448486328125,381,49.65,6.183333333333334
2006,16.20878372192383,382,56.166666666666664,13.15
2006,3.162621021270752,383,63.03333333333333,17.416666666666668
2006,7.076795120239257,384,59.65,17.883333333333333
2006,5.4989996337890625,385,60.18333333333333,17.716666666666665
2006,6.560534362792969,386,58.96666666666667,15.85
2006,7.284328536987305,387,58.21666666666667,15.916666666666666
2006,9.649217758178711,388,57.45,13.7
2006,11.59178108215332,389,56.46666666666667,15.116666666666667
2006,7.903349456787109,390,57.7,15.916666666666666
2006,14.107386627197265,391,56.3,14.85
2006,13.78993637084961,392,56.3,15.7
2006,13.586148071289063,393,56.36666666666667,13.816666666666666
2006,13.505872192382812,394,56.166666666666664,14.233333333333333
2006,13.988877105712891,395,56.25,13.533333333333331
2006,16.99089080810547,396,56.333333333333336,13.016666666666667
2006,15.104844818115234,397,55.983333333333334,13.383333333333333
2006,18.455408782958983,398,57.2,12.45
2006,16.84727264404297,399,57.03333333333333,12.8
2006,10.982647399902344,400,58.36666666666667,12.083333333333334
2006,9.644915008544922,401,57.55,13.5
2006,11.835330810546875,402,57.21666666666667,13.1
2006,13.591353302001954,403,57.516666666666666,12.466666666666669
2006,8.486740264892578,404,58.13333333333333,14.066666666666666
2006,7.086829643249512,405,58.85,13.683333333333334
2006,6.0115444946289065,406,59.95,12.633333333333333
2006,6.69971118927002,407,59.666666666666664,11.95
2006,6.3131951904296875,408,59.583333333333336,12.483333333333333
2006,5.969844703674316,409,59.8,15.483333333333333
2006,5.507112426757812,410,60.016666666666666,15.4
2006,3.7124175071716308,411,61.2,15.2
2006,4.566274738311767,412,60.266666666666666,14.5
2006,3.2063052368164064,413,62.18333333333333,16.716666666666665
2006,3.3675809478759766,414,63.166666666666664,17.916666666666668
2006,2.378448905944824,415,63.333333333333336,14.75
2006,3.3354267692565918,416,63.75,19.4
2006,1.952166395187378,417,64.5,17.4
2006,1.8777750968933105,418,65.45,19.4
2006,10.516139221191406,419,57.1,14.55
2006,9.08309440612793,420,57.13333333333333,14.766666666666667
2006,9.08309440612793,421,57.166666666666664,14.8
2006,13.163694610595703,422,58.05,12.016666666666667
2006,13.163694610595703,423,58.06666666666667,12.016666666666667
2006,5.8260487365722655,424,59.75,14.9
2006,5.860484390258789,425,59.9,15.233333333333333
2006,6.396693115234375,426,59.56666666666667,14.833333333333334
2006,2.40494423866272,427,63.85,18.1
2006,2.696204900741577,428,64.03333333333333,18.916666666666668
2006,2.7035500144958498,429,64.25,19.8
2006,12.40948471069336,430,56.333333333333336,14.966666666666669
2006,16.307007446289063,431,57.5,12.233333333333333
2006,12.442780227661133,432,58.43333333333333,11.733333333333333
2006,6.9013746643066405,433,59.56666666666667,18.05
2006,6.680992507934571,434,59.083333333333336,17.633333333333333
2006,5.711660766601563,435,60.016666666666666,17.183333333333334
2006,7.338562469482422,436,58.95,16.983333333333334
2006,7.053776245117188,437,58.766666666666666,16.8
2006,7.1682884216308596,438,59.03333333333333,16.25
2006,6.390767135620117,439,59.3,16.116666666666667
2006,7.224523468017578,440,58.15,15.416666666666666
2006,7.49223518371582,441,58.75,15.133333333333333
2006,7.646548919677734,442,57.86666666666667,14.75
2006,7.461773223876953,443,57.833333333333336,14.983333333333333
2006,7.855855407714844,444,57.5,15.333333333333334
2006,11.298916015625,445,57.13333333333333,13.583333333333334
2006,10.327645874023437,446,56.88333333333333,15.1
2006,10.138531799316405,447,57.05,14.366666666666667
2006,10.184953079223632,448,56.833333333333336,13.733333333333333
2006,13.774056854248046,449,56.733333333333334,13.366666666666667
2006,7.434999542236328,450,58.05,16.1
2006,10.172312240600586,451,56.63333333333333,15.616666666666667
2006,11.017891082763672,452,56.85,16.316666666666666
2006,13.88598129272461,453,56.28333333333333,14.65
2006,12.649397583007813,454,56.4,15.3
2006,14.521485137939454,455,56.21666666666667,15.433333333333334
2006,12.331582946777344,456,56.38333333333333,14.533333333333331
2006,14.942227478027343,457,56.016666666666666,13.916666666666666
2006,14.823805847167968,458,56.1,13.516666666666667
2006,15.122015533447266,459,56.13333333333333,13.5
2006,14.446518249511719,460,55.916666666666664,13.583333333333334
2006,15.126078491210938,461,55.61666666666667,13.433333333333334
2006,19.798180236816407,462,57.06666666666667,12.55
2006,18.803907165527345,463,56.93333333333333,12.716666666666669
2006,16.327478942871092,464,56.766666666666666,13.133333333333333
2006,11.965068435668945,465,57,13.366666666666667
2006,17.06520980834961,466,56.68333333333333,13.15
2006,11.522972640991211,467,58.53333333333333,11.716666666666669
2006,11.740377197265625,468,57.4,13.1
2006,8.0827783203125,469,57.766666666666666,13.733333333333333
2006,8.905624618530274,470,58.71666666666667,11.966666666666669
2006,7.925039520263672,471,58.61666666666667,13.766666666666667
2006,7.153635711669922,472,59.65,13.8
2006,6.464462203979492,473,59.81666666666667,12.9
2006,4.602606658935547,474,60.583333333333336,13.116666666666667
2006,6.396693115234375,475,59.583333333333336,14.866666666666667
2006,6.414496612548828,476,59.583333333333336,14.7
2006,5.531949310302735,477,59.86666666666667,14.416666666666666
2006,6.455853042602539,478,59.083333333333336,15.5
2006,7.371056594848633,479,59.333333333333336,15.933333333333334
2006,4.112344913482666,480,61.11666666666667,14.35
2006,5.090063285827637,481,60.4,15.266666666666667
2006,3.7670311737060547,482,61.733333333333334,16.516666666666666
2006,4.588115577697754,483,60.65,16.283333333333335
2006,2.8425345039367675,484,62.266666666666666,16.333333333333332
2006,2.794856767654419,485,62,14.416666666666666
2006,2.5372980308532713,486,63.06666666666667,16.733333333333334
2006,2.205019302368164,487,64.48333333333333,18.466666666666665
2006,1.6933188152313232,488,65.4,18.1
2006,2.6397766304016113,489,65.95,23.25
2006,2.3116281032562256,490,66.06666666666666,20.616666666666667
2006,3.7670311737060547,491,61.71666666666667,16.516666666666666
2006,18.654747009277344,492,48.11666666666667,16.033333333333335
2006,16.084778747558595,493,47.766666666666666,16.316666666666666
2006,12.918065185546874,494,47.483333333333334,16.55
2006,12.116730346679688,495,46.733333333333334,14.5
2006,8.588890075683594,496,46.766666666666666,13.166666666666666
2006,10.109844360351563,497,46.71666666666667,13.666666666666666
2006,15.182440185546875,498,48.35,15.2
2006,14.867125244140626,499,47.63333333333333,16.133333333333333
2006,13.73785903930664,500,48.916666666666664,15.183333333333334
2006,25.906536560058594,501,48.1,12.866666666666667
2006,23.386479797363283,502,47.86666666666667,13.35
2006,9.88713737487793,503,47.483333333333334,13.416666666666666
2006,16.069699096679688,504,46.61666666666667,15.5
2006,11.151800384521485,505,47.36666666666667,15.166666666666666
2006,9.478804016113282,506,47.63333333333333,15.65
2006,6.516989974975586,507,47.05,14.1
2006,10.561354522705079,508,47.31666666666667,12.4
2006,8.348636856079102,509,47.38333333333333,10.9
2006,17.5346923828125,510,47.36666666666667,11.883333333333333
2006,22.890890502929686,511,47.483333333333334,9.983333333333333
2006,1.2037426328659058,512,69.56666666666666,28.883333333333333
2006,1.6513448905944825,513,67.95,24.05
2006,1.6897986364364623,514,67.98333333333333,24.216666666666665
2006,1.752720603942871,515,67.33333333333333,26.633333333333333
2006,2.1972158336639405,516,66.31666666666666,26.633333333333333
2006,2.1927501583099365,517,66.35,26.716666666666665
2006,1.8587646675109863,518,66.28333333333333,29.45
2006,1.8067619514465332,519,66.33333333333333,29.35
2006,2.905050964355469,520,64.96666666666667,26.383333333333333
2006,5.0218839263916015,521,61.86666666666667,24.216666666666665
2006,5.0218839263916015,522,61.85,24.3
2006,6.827450332641601,523,60.65,23.8
2006,6.448579025268555,524,60.61666666666667,23.833333333333332
2006,6.4747317504882815,525,60.63333333333333,26.083333333333332
2006,6.729418258666993,526,60.65,26.116666666666667
2006,3.498026351928711,527,61.766666666666666,29.333333333333332
2006,3.498026351928711,528,61.8,29.316666666666663
2006,6.44003288269043,529,60.7,27.85
2006,5.4248443222045895,530,61.233333333333334,25.05
2006,3.71017032623291,531,63.15,30.7
2006,1.8587646675109863,532,66.3,29.483333333333334
2006,0.9987117719650268,533,69.73333333333333,26.95
2006,3.484684524536133,534,63.55,22.483333333333334
2006,5.061668853759766,535,62.45,21.516666666666666
2006,4.694405403137207,536,62.05,24.366666666666667
2006,4.586054420471191,537,61.916666666666664,23.316666666666663
2006,9.158114700317382,538,60.03333333333333,23.033333333333335
2006,3.0757813835144043,539,64.11666666666666,26.683333333333337
2006,2.1972158336639405,540,66.33333333333333,26.633333333333333
2006,4.552770156860351,541,61.81666666666667,29.3
2006,2.093775224685669,542,66.43333333333334,26.683333333333337
2006,5.786584167480469,543,60.983333333333334,27.266666666666666
2006,5.786584167480469,544,60.916666666666664,27.233333333333334
2006,20.81997802734375,545,46.583333333333336,6.65
2006,24.99449645996094,546,47.38333333333333,8.216666666666667
2006,21.847743682861328,547,47.03333333333333,8.7
2006,14.89931427001953,548,47.21666666666667,7.4
2006,13.105831909179688,549,46.21666666666667,6.283333333333333
2006,19.981202697753908,550,47.68333333333333,8.533333333333333
2006,25.62677185058594,551,46.016666666666666,8.833333333333334
2006,3.147286853790283,552,46.483333333333334,9.883333333333333
2006,7.860607681274414,553,46.43333333333333,8.8
2006,19.347156982421875,554,46.11666666666667,9
2006,8.920256118774414,555,46.266666666666666,7.433333333333334
2006,3.3937813949584963,556,46.65,10.216666666666669
2006,6.415482025146485,557,46.28333333333333,7.85
2006,23.298558044433594,558,47.266666666666666,7.883333333333333
2006,13.081439971923828,559,46.7,7.75
2006,25.116873321533202,560,47.15,9.066666666666666
2006,4.957251167297363,561,46.8,9.85
2006,26.067420654296875,562,47.46666666666667,8.35
2006,12.361366500854492,563,47.88333333333333,19.95
2006,12.361366500854492,564,47.85,19.966666666666665
2006,13.246346893310546,565,47.55,19.383333333333333
2006,11.901525115966797,566,46.96666666666667,19.55
2006,11.901525115966797,567,46.95,19.533333333333335
2006,11.816535186767577,568,47.333333333333336,21.083333333333332
2006,16.155695495605467,569,47.65,16.483333333333334
2006,15.279168701171875,570,47.65,16.516666666666666
2006,16.155695495605467,571,47.666666666666664,16.5
2006,15.601083984375,572,46.81666666666667,16.4
2006,13.962682647705078,573,46.583333333333336,16.733333333333334
2006,11.901525115966797,574,46.95,19.55
2006,11.901525115966797,575,46.93333333333333,19.533333333333335
2006,12.438699645996094,576,43.9,26
2006,11.394324493408202,577,44.06666666666667,26.05
2006,11.285243530273437,578,44.3,25.6
2006,14.530756225585938,579,44.5,26.166666666666668
2006,13.969214324951173,580,44.9,26.1
2006,12.855844268798828,581,45.1,25.7
2006,7.2664860916137695,582,45.5,25.583333333333332
2006,6.656472625732422,583,45.416666666666664,25.266666666666666
2006,9.196433296203613,584,46.68333333333333,22.616666666666667
2006,12.149813842773437,585,45.016666666666666,24.983333333333334
2006,6.240382232666016,586,47.43333333333333,25.55
2006,8.118458099365235,587,45.333333333333336,25.55
2006,11.245193176269531,588,53.88333333333333,14.5
2006,12.02858169555664,589,54.8,17.933333333333334
2006,13.744658203125,590,53.78333333333333,15.05
2006,13.49326675415039,591,53.18333333333333,14.483333333333333
2006,15.01908935546875,592,52.9,15.35
2006,15.820577392578125,593,52.766666666666666,14.9
2006,14.640099487304688,594,53.11666666666667,16.033333333333335
2006,12.769828186035156,595,53.766666666666666,15.483333333333333
2006,13.094203796386719,596,54.666666666666664,17.983333333333334
2006,11.837669830322266,597,53.8,16.35
2006,15.210020446777344,598,54.15,17.116666666666667
2006,13.69420425415039,599,54.2,17.216666666666665
2006,14.461648864746094,600,54.083333333333336,19.15
2006,14.461648864746094,601,54.083333333333336,19.2
2006,13.641826477050781,602,54.05,20.4
2006,21.35236053466797,603,54.15,20.166666666666668
2006,16.293789978027345,604,53.766666666666666,19.033333333333335
2006,19.103304138183592,605,53.45,19.416666666666668
2006,9.787073822021485,606,54.28333333333333,23
2006,10.313100891113281,607,54.266666666666666,22.833333333333332
2006,14.481556091308594,608,54.333333333333336,22.35
2006,16.12884246826172,609,53.65,20.15
2006,15.748673706054687,610,53.666666666666664,21.433333333333337
2006,13.00626220703125,611,53.96666666666667,23.116666666666667
2006,13.006842956542968,612,53.9,23.316666666666663
2006,11.415114135742188,613,53.2,23.15
2006,12.527479248046875,614,53.2,23.35
2006,12.061088562011719,615,52.666666666666664,23.716666666666665
2006,11.805233917236329,616,52.85,23.666666666666668
2006,16.952214813232423,617,53.43333333333333,21.816666666666663
2006,12.42644012451172,618,53.28333333333333,22.05
2006,15.635350646972656,619,53.81666666666667,17.85
2006,15.94330078125,620,53.93333333333333,18.083333333333332
2006,18.38208953857422,621,53.483333333333334,16.383333333333333
2006,16.634622192382814,622,53.3,16.833333333333332
2006,15.541820068359375,623,53.6,16.95
2006,15.557758026123047,624,53.266666666666666,19.55
2006,16.819317779541016,625,52.983333333333334,19.233333333333334
2006,14.68392120361328,626,52.55,15.25
2006,14.783175354003907,627,52.516666666666666,14.95
2006,17.674939880371095,628,52.8,16.416666666666668
2006,22.04165740966797,629,52.95,18.516666666666666
2006,23.50169677734375,630,52.7,18.916666666666668
2006,13.329722900390625,631,51.86666666666667,15.533333333333331
2006,13.012238311767579,632,52.35,15.8
2006,14.66374542236328,633,52.25,16.316666666666666
2006,22.616570129394532,634,52,17.316666666666666
2006,13.744912109375,635,51.8,16.5
2006,24.078122863769533,636,52.63333333333333,17.65
2006,20.666726989746095,637,51.95,17.2
2006,15.498960571289063,638,51.516666666666666,18.25
2006,21.74867370605469,639,51.6,16.916666666666668
2006,20.964241943359376,640,53.11666666666667,19.783333333333335
2006,15.3593212890625,641,52.71666666666667,20.6
2006,14.609392395019531,642,52.36666666666667,19.9
2006,13.138136291503907,643,52.016666666666666,21.1
2006,12.8770458984375,644,51.8,21.45
2006,13.338526916503906,645,53.3,21.616666666666667
2006,14.649320678710938,646,53.18333333333333,21.083333333333332
2006,11.536038818359375,647,52.766666666666666,22.666666666666668
2006,10.885882415771484,648,51.43333333333333,22.766666666666666
2006,12.171051025390625,649,51.96666666666667,22.983333333333334
2006,10.947807006835937,650,51.483333333333334,23.35
2006,10.784512939453125,651,51.233333333333334,23.5
2006,9.550220794677735,652,50.63333333333333,23.75
2006,14.697422943115235,653,51.36666666666667,15.683333333333334
2006,15.527041778564453,654,51.25,15.483333333333333
2006,12.653842468261718,655,51.35,16.5
2006,12.544155426025391,656,50.88333333333333,17.633333333333333
2006,12.463521194458007,657,50.63333333333333,16.933333333333334
2006,13.0780322265625,658,50.38333333333333,17.55
2006,13.696702117919921,659,50.43333333333333,17.95
2006,14.245892486572266,660,50.53333333333333,17.7
2006,13.861439514160157,661,50.8,18.166666666666668
2006,16.085376586914062,662,50.583333333333336,18.45
2006,14.73080810546875,663,50.233333333333334,18.316666666666663
2006,14.860729370117188,664,51.333333333333336,19.266666666666666
2006,12.998542938232422,665,51.1,20.416666666666668
2006,13.36389663696289,666,51.083333333333336,20.15
2006,10.965183563232422,667,50.7,20.766666666666666
2006,11.717575988769532,668,51.65,21.033333333333335
2006,11.281212310791016,669,51.2,21.383333333333333
2006,10.971584625244141,670,51.21666666666667,22.65
2006,10.856268310546875,671,51.166666666666664,21.866666666666667
2006,9.983687133789063,672,50.38333333333333,23.45
2006,9.66369140625,673,50.43333333333333,23.4
2006,13.147507934570312,674,50.75,18.666666666666668
2006,13.674265899658202,675,51,19.05
2006,16.92170867919922,676,50.2,19.4
2006,15.87734130859375,677,50.35,19.35
2006,15.391475830078125,678,50.333333333333336,19.65
2006,14.601619415283203,679,50.7,19.216666666666665
2006,12.710282440185546,680,50.71666666666667,20.3
2006,12.96145538330078,681,50.55,21.25
2006,12.404754943847657,682,50.46666666666667,22.116666666666667
2006,11.32504867553711,683,50.5,22.933333333333337
2006,10.372934265136719,684,50.416666666666664,22.75
2006,13.396987075805663,685,50.05,20.566666666666663
2006,14.398763732910156,686,50.06666666666667,20.8
2006,11.30214111328125,687,50.266666666666666,22.116666666666667
2006,16.00345230102539,688,50.833333333333336,15.416666666666666
2006,15.0746630859375,689,50.85,15.516666666666667
2006,12.157971267700196,690,50.266666666666666,16.633333333333333
2006,16.27995376586914,691,50.31666666666667,16.416666666666668
2006,13.556211547851563,692,50.25,16.983333333333334
2006,12.678079071044921,693,50.233333333333334,16.783333333333335
2006,15.271592330932616,694,49.666666666666664,18.966666666666665
2006,12.82572738647461,695,49.75,21.816666666666663
2006,12.267965545654297,696,49.61666666666667,22.466666666666665
2006,10.45656967163086,697,49.2,22.716666666666665
2006,9.874566116333007,698,49.06666666666667,22.85
2006,13.662805938720703,699,49.65,19.033333333333335
2006,12.190146713256835,700,49.6,19.083333333333332
2006,13.53290985107422,701,49.516666666666666,18.9
2006,13.2614892578125,702,49.75,19.8
2006,12.271005859375,703,49.68333333333333,20.166666666666668
2006,11.555086669921875,704,49.416666666666664,20.816666666666663
2006,10.327680130004882,705,49.333333333333336,20.833333333333332
2006,13.859961395263673,706,49.483333333333334,21.616666666666667
2006,12.728848571777343,707,49.4,21.95
2006,10.541187133789062,708,49.45,19.983333333333334
2006,15.820577392578125,709,52.733333333333334,14.866666666666667
2006,13.676507110595702,710,52.86666666666667,15.716666666666669
2006,13.076126708984376,711,54.53333333333333,17.9
2006,14.208648376464843,712,54.55,18.266666666666666
2006,15.708849334716797,713,53.983333333333334,19.433333333333337
2006,14.155907897949218,714,53.85,20.533333333333335
2006,11.344421081542968,715,53.583333333333336,23.266666666666666
2006,12.260798950195312,716,53.68333333333333,16.766666666666666
2006,13.236174926757812,717,51.81666666666667,15.783333333333331
2006,19.936859741210938,718,51.766666666666666,17.566666666666666
2006,21.33109619140625,719,52.483333333333334,19.6
2006,11.47857650756836,720,52.333333333333336,22.65
2006,11.945592498779297,721,52.03333333333333,22.716666666666665
2006,15.527041778564453,722,51.3,15.416666666666666
2006,14.245892486572266,723,50.6,17.683333333333334
2006,12.99068359375,724,50.61666666666667,17.25
2006,16.97609085083008,725,50.083333333333336,18.65
2006,16.572850646972658,726,50.3,18.483333333333334
2006,12.69785888671875,727,51.03333333333333,19.6
2006,8.817393112182618,728,50.5,23.466666666666665
2006,16.742789306640624,729,50.483333333333334,20.116666666666667
2006,14.008611907958985,730,51.05,15.866666666666667
2006,13.1490576171875,731,50.78333333333333,16.2
2006,11.581037902832032,732,49.85,22.6
2006,12.267965545654297,733,49.65,22.483333333333334
2006,11.334370422363282,734,49.45,22.283333333333335
2006,13.549888305664062,735,49.65,20.25
2006,12.340308837890625,736,48.2,18.383333333333333
2006,8.95537452697754,737,48.916666666666664,19.483333333333334
2006,10.478701400756837,738,48.63333333333333,19.533333333333335
2006,13.147193145751952,739,47.88333333333333,17.583333333333332
2006,11.733255996704102,740,48.61666666666667,19.033333333333335
2006,7.878082962036133,741,49.166666666666664,20.233333333333334
2006,11.283571243286133,742,49.18333333333333,22.083333333333332
2006,13.98961524963379,743,49.5,18.566666666666663
2006,13.98961524963379,744,49.483333333333334,18.566666666666663
2006,11.190153503417969,745,48.38333333333333,19
2006,9.48745216369629,746,48.95,19.383333333333333
2006,11.733255996704102,747,48.61666666666667,19.016666666666666
2006,10.497911319732665,748,58.38333333333333,8.233333333333333
2006,4.454859743118286,749,59.03333333333333,7.566666666666666
2006,1.9133539342880248,750,65.88333333333334,13.8
2006,9.242321701049805,751,58.96666666666667,11.516666666666667
2006,4.325072116851807,752,60.6,6.516666666666667
2006,2.848624687194824,753,64.65,12.266666666666667
2006,4.178297843933105,754,61.266666666666666,11.85
2006,7.435604286193848,755,59.43333333333333,9.866666666666667
2006,3.066720542907715,756,61,9.216666666666669
2006,2.7003096771240234,757,63.28333333333333,11.183333333333334
2006,1.8928861761093139,758,62.766666666666666,8.883333333333333
2006,6.221617164611817,759,60.36666666666667,11.066666666666666
2006,15.135723419189453,760,59.333333333333336,5.783333333333333
2006,4.178297843933105,761,61.28333333333333,11.85
2006,1.8928861761093139,762,62.78333333333333,8.883333333333333
2006,7.435604286193848,763,59.45,9.866666666666667
2006,8.663988494873047,764,56.35,24.95
2006,11.269885101318359,765,54.833333333333336,24.05
2006,11.715619506835937,766,54.85,23.533333333333335
2006,9.0677294921875,767,56.333333333333336,24.833333333333332
2006,11.187607879638671,768,54.416666666666664,24.95
2006,11.269885101318359,769,54.81666666666667,24.066666666666663
2006,9.216900939941405,770,54.78333333333333,24.066666666666663
2006,11.425012664794922,771,54.18333333333333,24.6
2006,8.072044525146485,772,55.8,25.516666666666666
2006,11.745473480224609,773,55.81666666666667,21.466666666666665
2006,11.269885101318359,774,54.833333333333336,24.033333333333335
2006,15.560581512451172,775,50.03333333333333,12.616666666666667
2006,12.312397003173828,776,50.166666666666664,17.066666666666666
2006,12.078479766845703,777,50.1,17.2
2006,14.170589904785157,778,49.45,15.766666666666667
2006,14.77650619506836,779,50.55,15.95
2006,14.899152221679687,780,49.666666666666664,15.216666666666669
2006,14.27360809326172,781,50.18333333333333,12.883333333333333
2006,13.82939208984375,782,49.25,15.7
2006,13.72589958190918,783,50.733333333333334,15.533333333333331
2006,15.53043212890625,784,49.06666666666667,17.266666666666666
2006,19.0395556640625,785,50.13333333333333,15.866666666666667
2006,16.063430786132813,786,49.9,14.533333333333331
2006,15.2270751953125,787,49.21666666666667,14.3
2006,14.022555847167968,788,49.016666666666666,14.966666666666669
2006,17.080205383300783,789,50.28333333333333,16.383333333333333
2006,13.318361358642578,790,49.733333333333334,12.85
2006,14.211960906982421,791,49,14.8
2006,15.037536926269532,792,50.63333333333333,14.6
2006,16.10331771850586,793,50.833333333333336,15.333333333333334
2006,16.36466827392578,794,49.7,17.133333333333333
2006,14.836914825439454,795,49.45,18.383333333333333
2006,6.683661651611328,796,59.55,26.033333333333335
2006,6.327495346069336,797,59.56666666666667,26.116666666666667
2006,7.2285695648193355,798,58.05,26.1
2006,6.672020416259766,799,58.11666666666667,27.05
2006,5.976226654052734,800,58.35,26.966666666666665
2006,7.361178512573242,801,57.7,26.516666666666666
2006,6.148088531494141,802,59.516666666666666,26.4
2006,6.131676788330078,803,58.266666666666666,26.45
2006,11.308579254150391,804,46.36666666666667,13.933333333333334
2006,20.018163757324217,805,45.983333333333334,13.733333333333333
2006,18.23985778808594,806,45.666666666666664,13.85
2006,20.81898193359375,807,46.28333333333333,14.4
2006,11.717691650390625,808,45.53333333333333,14.8
2006,15.803146057128906,809,46.46666666666667,15.383333333333333
2006,14.94124496459961,810,46.36666666666667,15.233333333333333
2006,16.2411328125,811,46.1,15.066666666666666
2006,12.32199691772461,812,45.63333333333333,14.633333333333333
2006,15.712037658691406,813,45.86666666666667,15.416666666666666
2006,14.082883605957031,814,46.483333333333334,16.516666666666666
2006,15.803146057128906,815,46.45,15.383333333333333
2006,2.5815454959869384,816,64.13333333333334,32.233333333333334
2006,2.0992679262161253,817,64.11666666666666,32.88333333333333
2006,2.3401737117767336,818,63.85,30.9
2006,2.617517852783203,819,63.85,31.55
2006,2.430765600204468,820,63.833333333333336,32.85
2006,3.3869339179992677,821,63.56666666666667,30.883333333333333
2006,2.6989769744873047,822,63.56666666666667,31.533333333333335
2006,2.923061056137085,823,63.266666666666666,32.166666666666664
2006,3.027737102508545,824,63.25,32.8
2006,3.430254650115967,825,62.96666666666667,32.78333333333333
2006,3.111135263442993,826,62.93333333333333,34.03333333333333
2006,3.5332523345947267,827,62.916666666666664,34.666666666666664
2006,2.930422096252441,828,62.9,35.3
2006,2.700351438522339,829,62.86666666666667,35.916666666666664
2006,3.627128028869629,830,62.583333333333336,35.86666666666667
2006,3.5035663414001466,831,62.28333333333333,36.43333333333333
2006,3.546883487701416,832,62.083333333333336,33.916666666666664
2006,3.7196498680114747,833,61.983333333333334,36.36666666666667
2006,3.6375601387023924,834,61.96666666666667,36.96666666666667
2006,3.4525780487060547,835,61.93333333333333,37.583333333333336
2006,4.843971939086914,836,61.85,30.833333333333332
2006,3.6431549263000487,837,61.81666666666667,33.266666666666666
2006,3.7559932708740233,838,61.8,33.88333333333333
2006,3.7691750526428223,839,61.666666666666664,36.916666666666664
2006,4.435912628173828,840,61.55,30.216666666666665
2006,4.564455184936524,841,61.55,32.03333333333333
2006,4.021316223144531,842,61.5,33.833333333333336
2006,3.6306177520751954,843,61.483333333333334,34.45
2006,3.9714456176757813,844,61.46666666666667,35.05
2006,4.949692001342774,845,61.266666666666666,29.633333333333333
2006,3.156047945022583,846,61.266666666666666,30.216666666666665
2006,5.064931831359863,847,61.25,32.61666666666667
2006,4.906487846374512,848,61.233333333333334,33.21666666666667
2006,3.680123233795166,849,61.2,34.4
2006,5.959843444824219,850,60.95,33.18333333333333
2006,5.187651786804199,851,61.25,29.316666666666663
2006,5.2973583984375,852,61.11666666666667,29.033333333333335
2006,5.075865325927734,853,61.11666666666667,29.333333333333332
2006,4.9785965728759765,854,61.11666666666667,29.616666666666667
2006,4.01229772567749,855,61.11666666666667,29.933333333333337
2006,1.9975854110717775,856,64.7,32.95
2006,5.308190994262695,857,60.96666666666667,29.033333333333335
2006,5.531350631713867,858,60.96666666666667,29.333333333333332
2006,5.153440399169922,859,60.96666666666667,29.633333333333333
2006,5.511288375854492,860,60.96666666666667,30.216666666666665
2006,5.764829711914063,861,60.833333333333336,28.45
2006,5.8566802215576175,862,60.833333333333336,28.75
2006,5.188952865600586,863,60.833333333333336,29.066666666666663
2006,4.129989414215088,864,60.833333333333336,29.35
2006,5.410267562866211,865,60.81666666666667,29.633333333333333
2006,4.887003860473633,866,60.833333333333336,29.933333333333337
2006,4.5013601684570315,867,60.81666666666667,30.233333333333334
2006,4.891307907104492,868,60.68333333333333,29.933333333333337
2006,4.669477386474609,869,60.68333333333333,28.466666666666665
2006,6.406709518432617,870,60.68333333333333,29.05
2006,6.225033264160157,871,60.7,29.333333333333332
2006,5.504678573608398,872,60.68333333333333,29.65
2006,5.316434364318848,873,60.68333333333333,30.216666666666665
2006,5.336090354919434,874,60.68333333333333,30.483333333333334
2006,6.689227600097656,875,60.53333333333333,27.916666666666668
2006,5.603897171020508,876,60.55,28.216666666666665
2006,5.002537994384766,877,60.53333333333333,28.483333333333334
2006,7.973920364379882,878,60.53333333333333,28.766666666666666
2006,5.16427547454834,879,60.55,29.366666666666667
2006,4.833157997131348,880,60.55,29.633333333333333
2006,6.362156677246094,881,60.55,29.933333333333337
2006,5.045167770385742,882,60.55,30.516666666666666
2006,8.245859069824219,883,60.4,28.766666666666666
2006,7.529004898071289,884,60.4,29.066666666666663
2006,7.880549087524414,885,60.4,29.35
2006,7.772991256713867,886,60.4,29.633333333333333
2006,7.064684982299805,887,60.4,29.933333333333337
2006,6.3711941528320315,888,60.416666666666664,30.2
2006,9.092075958251954,889,60.266666666666666,29.066666666666663
2006,7.932832641601562,890,60.266666666666666,29.35
2006,7.333472213745117,891,60.266666666666666,29.633333333333333
2006,8.254030456542969,892,60.266666666666666,29.933333333333337
2006,7.085280685424805,893,60.11666666666667,30.516666666666666
2006,7.633975067138672,894,60.11666666666667,30.8
2006,9.05052459716797,895,59.983333333333334,30.8
2006,5.954073333740235,896,59.983333333333334,31.083333333333332
2006,1.8396719789505005,897,66.43333333333334,32.43333333333333
2006,1.7397354316711426,898,66.41666666666667,33.15
2006,1.7382188796997071,899,66.15,31.683333333333337
2006,1.8084029722213746,900,66.13333333333334,33.11666666666667
2006,1.7507563352584838,901,66.11666666666666,33.81666666666667
2006,1.8313596630096436,902,65.86666666666666,30.95
2006,1.7769176244735718,903,65.86666666666666,31.666666666666668
2006,1.4824064588546753,904,65.85,33.083333333333336
2006,1.4389371919631957,905,65.83333333333333,33.78333333333333
2006,1.431732714176178,906,65.81666666666666,34.46666666666667
2006,1.794301257133484,907,65.58333333333333,30.966666666666665
2006,1.778860206604004,908,65.58333333333333,31.65
2006,1.5014554500579833,909,65.56666666666666,32.35
2006,1.629148564338684,910,65.56666666666666,33.03333333333333
2006,2.275680799484253,911,65.3,30.25
2006,1.9622267150878907,912,65.3,30.95
2006,1.9664651107788087,913,65.3,31.633333333333333
2006,1.5092593097686768,914,65.26666666666667,33.016666666666666
2006,1.53973379611969,915,65.25,33.68333333333333
2006,1.559944567680359,916,65.25,34.38333333333333
2006,2.2483635711669923,917,65.01666666666667,30.25
2006,1.8930246639251709,918,65,32.28333333333333
2006,1.7708421277999877,919,64.98333333333333,32.983333333333334
2006,1.808551926612854,920,64.96666666666667,33.65
2006,1.6882850551605224,921,64.95,34.333333333333336
2006,2.5718586349487307,922,64.73333333333333,30.25
2006,2.2014505767822268,923,64.71666666666667,30.916666666666668
2006,2.0661140155792235,924,64.71666666666667,31.6
2006,2.2161062431335448,925,64.41666666666667,32.9
2006,2.124939603805542,926,64.4,33.583333333333336
2006,2.240059757232666,927,64.38333333333334,34.25
2006,2.501305093765259,928,64.15,31.566666666666663
2006,2.4985358619689944,929,64.1,33.53333333333333
2006,2.379108123779297,930,64.08333333333333,34.2
2006,2.623664388656616,931,63.85,32.2
2006,1.9550889015197754,932,63.8,34.15
2006,2.5307443809509276,933,63.78333333333333,34.8
2006,2.383950505256653,934,63.55,32.833333333333336
2006,2.565243043899536,935,63.53333333333333,33.46666666666667
2006,2.881440715789795,936,63.21666666666667,34.71666666666667
2006,2.903271198272705,937,63.18333333333333,35.35
2006,2.962156753540039,938,63.166666666666664,35.983333333333334
2006,3.2137511444091795,939,62.983333333333334,32.13333333333333
2006,3.431243591308594,940,62.7,32.11666666666667
2006,3.753713436126709,941,62.68333333333333,32.733333333333334
2006,3.573724555969238,942,62.666666666666664,33.36666666666667
2006,3.5424451065063476,943,62.63333333333333,34.61666666666667
2006,3.61584508895874,944,62.416666666666664,31.466666666666665
2006,3.6465470504760744,945,62.4,32.71666666666667
2006,3.4296559715270996,946,62.38333333333333,33.333333333333336
2006,3.277715177536011,947,62.36666666666667,33.96666666666667
2006,3.614066982269287,948,62.333333333333336,35.18333333333333
2006,4.970757904052735,949,62.13333333333333,30.85
2006,4.190551376342773,950,62.13333333333333,31.45
2006,3.809961853027344,951,62.11666666666667,32.06666666666667
2006,3.9045731353759767,952,62.11666666666667,32.68333333333333
2006,3.5415225982666017,953,62.1,33.3
2006,3.433975086212158,954,62.05,35.15
2006,4.9675909042358395,955,61.833333333333336,31.45
2006,3.973429870605469,956,61.81666666666667,32.666666666666664
2006,4.933178081512451,957,61.55,31.433333333333337
2006,3.6135581016540526,958,61.53333333333333,32.63333333333333
2006,4.029868049621582,959,61.516666666666666,33.233333333333334
2006,5.2340786743164065,960,60.93333333333333,33.78333333333333
2006,8.976726989746094,961,42.766666666666666,23.75
2006,10.278192291259765,962,43.05,27.766666666666666
2006,5.7224819946289065,963,42.06666666666667,23.8
2006,10.017397766113282,964,42.9,27.75
2006,6.063374099731445,965,41.68333333333333,24.733333333333334
2006,12.906973266601563,966,56.21666666666667,21.116666666666667
2006,6.622314910888672,967,57.166666666666664,25.7
2006,9.178160858154296,968,56.733333333333334,23.683333333333337
2006,6.224514007568359,969,35,33.05
2006,5.866102066040039,970,34.95,32.81666666666667
2006,5.858861846923828,971,34.916666666666664,32.916666666666664
2006,7.322947845458985,972,35.016666666666666,32.61666666666667
2006,12.041747436523437,973,45.15,19.8
2006,7.687383651733398,974,43.28333333333333,20.8
2006,12.042799530029297,975,45.45,19.166666666666668
2006,12.886910400390626,976,44.11666666666667,21.966666666666665
2006,8.388400573730468,977,43.75,19.483333333333334
2007,15.479545288085937,1,47.86666666666667,6.2
2007,14.099149017333984,2,46.96666666666667,5.233333333333333
2007,17.037860107421874,3,46.166666666666664,5.233333333333333
2007,15.315148315429688,4,47.06666666666667,5.066666666666666
2007,13.99288055419922,5,48.166666666666664,-1.5333333333333332
2007,13.982845458984375,6,45.93333333333333,4.466666666666667
2007,14.593784484863281,7,47.083333333333336,4.083333333333333
2007,13.575124359130859,8,46.56666666666667,5.866666666666667
2007,11.646405334472655,9,46.516666666666666,6.05
2007,5.440898780822754,10,45.583333333333336,6.783333333333333
2007,14.233251342773437,11,46.21666666666667,6.333333333333333
2007,6.501689643859863,12,44.11666666666667,5.8
2007,15.2353955078125,13,47.8,4.85
2007,15.18122589111328,14,47.18333333333333,6.266666666666667
2007,14.675054473876953,15,44.916666666666664,5.283333333333333
2007,14.76995849609375,16,47.78333333333333,5.066666666666666
2007,19.39304962158203,17,48.63333333333333,6.066666666666666
2007,4.477201766967774,18,44.7,6.55
2007,4.663958625793457,19,44.016666666666666,6.666666666666667
2007,13.99288055419922,20,48.2,-1.55
2007,15.052581481933593,21,47.93333333333333,3.716666666666667
2007,5.012259407043457,22,44.483333333333334,6.45
2007,12.815153350830078,23,46.96666666666667,6.45
2007,12.793059616088867,24,44.93333333333333,5.316666666666666
2007,11.515121231079101,25,45.416666666666664,6.116666666666666
2007,16.329610290527345,26,46.833333333333336,5.783333333333333
2007,20.47370300292969,27,48.333333333333336,4.3
2007,14.059478607177734,28,46.81666666666667,2.5666666666666664
2007,22.06644287109375,29,43.733333333333334,-0.8333333333333334
2007,14.045498657226563,30,47.45,-0.01666666666666666
2007,18.397166748046875,31,49.016666666666666,5.766666666666667
2007,20.778489990234377,32,50.166666666666664,3.75
2007,13.185969848632812,33,43.2,-0.03333333333333333
2007,14.491963195800782,34,46.666666666666664,2.716666666666667
2007,20.470818176269532,35,48.28333333333333,4.45
2007,15.29645294189453,36,47.25,2.1166666666666667
2007,18.2052978515625,37,49.35,1.5
2007,16.279485168457033,38,47.56666666666667,1.25
2007,22.525576171875,39,49.03333333333333,4.95
2007,21.51212829589844,40,48.86666666666667,6.483333333333333
2007,17.424623718261717,41,49,7.45
2007,13.959730224609375,42,46.96666666666667,3.65
2007,16.784952697753905,43,49.38333333333333,2.3
2007,14.403450317382813,44,48.516666666666666,0.6666666666666666
2007,17.42080078125,45,47.68333333333333,7.466666666666667
2007,14.713455505371094,46,47.78333333333333,0.36666666666666664
2007,10.607916412353516,47,44.03333333333333,1.7333333333333334
2007,14.35895263671875,48,46.61666666666667,0.48333333333333334
2007,16.78158447265625,49,48.016666666666666,6.033333333333333
2007,16.025538787841796,50,48.983333333333334,7.716666666666667
2007,18.286892700195313,51,48.45,2.716666666666667
2007,12.214017486572265,52,46.15,1.8166666666666669
2007,8.954092178344727,53,43.43333333333333,2.7
2007,14.228603210449219,54,48.56666666666667,-0.06666666666666667
2007,11.373671569824218,55,43.1,-0.1
2007,20.297425231933595,56,49.93333333333333,4.8
2007,9.690207901000976,57,43.63333333333333,2.9166666666666665
2007,11.141722869873046,58,45.75,2.95
2007,11.581158599853516,59,47,4.116666666666666
2007,10.16154281616211,60,43.43333333333333,2.4333333333333336
2007,11.765500030517579,61,45.8,1.8
2007,15.7943115234375,62,48.233333333333334,7.1
2007,18.33489227294922,63,49.2,3.1166666666666667
2007,12.618734817504883,64,42.916666666666664,1.2666666666666666
2007,15.435817108154296,65,49.166666666666664,-0.85
2007,10.600957489013672,66,47.833333333333336,-3.533333333333333
2007,8.93818244934082,67,44.1,3.533333333333333
2007,20.52379913330078,68,48.5,6.7
2007,22.94171325683594,69,49.166666666666664,5
2007,21.355269470214843,70,49.31666666666667,2.8666666666666667
2007,15.444039916992187,71,43.15,-0.65
2007,12.272380981445313,72,43.016666666666666,0.43333333333333335
2007,22.169573669433593,73,49.7,1.3166666666666669
2007,12.726471405029297,74,43.4,2.1666666666666665
2007,16.963033447265627,75,48.1,6.233333333333333
2007,6.016831531524658,76,42.25,8.833333333333334
2007,16.231581115722655,77,47.65,2.0833333333333335
2007,6.067599792480468,78,41.75,9.2
2007,12.673450622558594,79,43.93333333333333,-1.3333333333333333
2007,12.996458740234376,80,44.1,0.1
2007,13.928070678710938,81,44.03333333333333,-0
2007,14.713455505371094,82,47.733333333333334,0.3333333333333333
2007,8.740890655517578,83,44.85,3.05
2007,12.430810089111327,84,47.53333333333333,-1.8
2007,18.24459442138672,85,47.81666666666667,2.4333333333333336
2007,15.153624420166016,86,48.6,-0.5
2007,9.690913543701171,87,45.4,3.6833333333333336
2007,16.64810745239258,88,48.85,7.7
2007,17.424623718261717,89,48.916666666666664,7.433333333333334
2007,22.374942016601562,90,49.45,0.7333333333333333
2007,16.627034912109377,91,48.68333333333333,1.7166666666666668
2007,17.92964569091797,92,48.21666666666667,6.683333333333334
2007,8.423853759765626,93,44.7,3.95
2007,10.08116424560547,94,42.85,1.3333333333333333
2007,10.10210594177246,95,42.86666666666667,2.1
2007,18.767863006591796,96,48.6,7.133333333333334
2007,11.106675109863282,97,45.43333333333333,3.5166666666666666
2007,12.897337493896485,98,47.93333333333333,7.116666666666666
2007,9.596148834228515,99,45.96666666666667,-1.2666666666666666
2007,7.675126800537109,100,46.86666666666667,-2.1333333333333333
2007,12.222742919921876,101,46.18333333333333,2.9833333333333334
2007,31.908039855957032,102,51.06666666666667,3.033333333333333
2007,22.18226135253906,103,50.78333333333333,4.7
2007,22.596866760253906,104,50.7,4.3
2007,38.06923400878906,105,51.4,5.05
2007,31.969476318359376,106,51.3,4.516666666666667
2007,24.94992736816406,107,50.96666666666667,3.8
2007,23.081181640625,108,50.983333333333334,4.2
2007,30.422505187988282,109,50.96666666666667,2.95
2007,28.31224609375,110,51.166666666666664,5.316666666666666
2007,28.671358642578124,111,50.93333333333333,5.6
2007,23.595142211914062,112,50.733333333333334,4.4
2007,20.18395080566406,113,49.95,4.816666666666666
2007,21.37439971923828,114,50.21666666666667,5.616666666666667
2007,19.682699279785155,115,49.766666666666666,5.45
2007,19.638489990234376,116,50.233333333333334,5.983333333333333
2007,22.80413635253906,117,50.583333333333336,6.1
2007,20.060396728515624,118,50.05,5.216666666666667
2007,20.501077575683595,119,49.516666666666666,5.566666666666666
2007,21.682914428710937,120,50.1,4.266666666666667
2007,21.220419006347655,121,50.666666666666664,4.6
2007,27.21465606689453,122,52.96666666666667,6.733333333333333
2007,27.244901733398436,123,52.86666666666667,6.333333333333333
2007,27.244901733398436,124,52.86666666666667,6.35
2007,27.73021697998047,125,52.9,6.716666666666667
2007,30.718155822753907,126,52.53333333333333,6.55
2007,41.47397216796875,127,52.166666666666664,5.75
2007,35.61362731933594,128,51.31666666666667,5.516666666666667
2007,34.689589233398436,129,51.55,4.766666666666667
2007,39.03238891601563,130,52.233333333333334,5.633333333333333
2007,34.12211791992188,131,52.1,5.216666666666667
2007,34.238623046875,132,52.15,5.883333333333333
2007,27.072099609375,133,52.833333333333336,6.433333333333334
2007,35.414586791992186,134,52.266666666666666,5.733333333333333
2007,19.163768615722656,135,52.46666666666667,13.216666666666669
2007,16.979878845214845,136,52.416666666666664,13.6
2007,16.490960998535158,137,53.1,12.416666666666666
2007,17.508545532226563,138,53.13333333333333,12.95
2007,16.469217224121095,139,52.96666666666667,13.633333333333333
2007,16.463095092773436,140,52.18333333333333,12.55
2007,17.476357421875,141,51.78333333333333,13.55
2007,16.951949462890624,142,52.13333333333333,14
2007,17.508545532226563,143,53.13333333333333,12.966666666666669
2007,17.476357421875,144,51.78333333333333,13.566666666666666
2007,15.594177703857422,145,52.15,14.016666666666667
2007,17.508545532226563,146,53.15,12.983333333333333
2007,16.82610137939453,147,52.15,14.483333333333333
2007,21.22134292602539,148,48.8,8.383333333333333
2007,23.868298645019532,149,49.45,8.75
2007,15.075431213378906,150,47.983333333333334,8.983333333333333
2007,15.494700012207032,151,48.28333333333333,8.65
2007,19.458517456054686,152,47.78333333333333,7.7
2007,18.322598114013672,153,48.016666666666666,7.966666666666667
2007,21.64494812011719,154,48,9.95
2007,13.894544830322266,155,48.6,8.633333333333333
2007,21.385342407226563,156,48.86666666666667,9.566666666666666
2007,18.091024780273436,157,49.516666666666666,9.166666666666666
2007,21.394737243652344,158,48.75,9.416666666666666
2007,13.894544830322266,159,48.583333333333336,8.633333333333333
2007,23.868298645019532,160,49.46666666666667,8.733333333333333
2007,18.322598114013672,161,48.016666666666666,7.95
2007,21.64494812011719,162,48,9.966666666666669
2007,13.894544830322266,163,48.583333333333336,8.616666666666667
2007,21.43936279296875,164,49.4,11.316666666666666
2007,24.44189208984375,165,48.11666666666667,11.916666666666666
2007,18.283724060058592,166,49.75,12.383333333333333
2007,21.01551300048828,167,48.96666666666667,12.866666666666667
2007,17.858414001464844,168,48.916666666666664,11.75
2007,21.205233459472655,169,48.4,11.65
2007,26.922100830078126,170,48.21666666666667,12.733333333333333
2007,15.798218688964845,171,50.35,9.916666666666666
2007,12.51317985534668,172,47.56666666666667,12.933333333333334
2007,19.49987030029297,173,49.11666666666667,10.583333333333334
2007,18.780791015625,174,49.85,10.516666666666667
2007,19.282874755859375,175,49.96666666666667,11.8
2007,19.988394775390624,176,48.7,12.733333333333333
2007,20.57901336669922,177,49.68333333333333,11.5
2007,20.49644073486328,178,49.96666666666667,9.45
2007,23.691737060546874,179,47.86666666666667,10.783333333333331
2007,19.747434539794924,180,47.56666666666667,10.383333333333333
2007,20.553428649902344,181,48.4,10.533333333333331
2007,20.58218933105469,182,49.266666666666666,12.383333333333333
2007,16.439090270996093,183,50.45,11.35
2007,17.76190460205078,184,49.71666666666667,9.883333333333333
2007,22.638440399169923,185,47.71666666666667,11.666666666666666
2007,20.516092224121095,186,48.28333333333333,11.066666666666666
2007,21.62226806640625,187,52.833333333333336,10.25
2007,26.587565307617187,188,51.85,10.4
2007,24.234320983886718,189,51.85,10.416666666666666
2007,23.26035949707031,190,51.75,9.566666666666666
2007,20.18777557373047,191,51.516666666666666,10.033333333333331
2007,22.923142395019532,192,53.166666666666664,9.9
2007,32.35897888183594,193,52.9,7.85
2007,19.904455261230467,194,50.63333333333333,9.666666666666666
2007,18.66938903808594,195,50.416666666666664,9.666666666666666
2007,19.84750762939453,196,50.7,8.883333333333333
2007,21.80444305419922,197,50.15,9.383333333333333
2007,16.657972106933595,198,50.56666666666667,8.2
2007,18.539556884765624,199,50.916666666666664,9.333333333333334
2007,20.590944519042967,200,54.083333333333336,10.233333333333333
2007,20.926657104492186,201,49.63333333333333,8.833333333333334
2007,18.25541534423828,202,52.56666666666667,11.166666666666666
2007,19.441268310546874,203,52.05,12.3
2007,18.301233825683592,204,51.36666666666667,9.266666666666667
2007,20.68258117675781,205,51.28333333333333,9.75
2007,17.57591552734375,206,50.68333333333333,8.633333333333333
2007,16.56099151611328,207,51.15,9.016666666666667
2007,22.04462646484375,208,49.7,8.516666666666667
2007,22.04462646484375,209,49.7,8.533333333333333
2007,18.25541534423828,210,52.56666666666667,11.183333333333334
2007,16.80691162109375,211,53.666666666666664,12.05
2007,16.987252197265626,212,53.63333333333333,13.933333333333334
2007,36.93218322753906,213,51.75,6.05
2007,32.362197265625,214,51.71666666666667,6.166666666666667
2007,32.31532775878906,215,51.68333333333333,7.25
2007,28.411331176757813,216,51.833333333333336,8.95
2007,17.803802490234375,217,51.21666666666667,8.666666666666666
2007,20.749699096679688,218,51.016666666666666,8.183333333333334
2007,22.735279846191407,219,50.666666666666664,6.25
2007,27.67316162109375,220,51.7,8.983333333333333
2007,18.378401794433593,221,49.68333333333333,7.016666666666667
2007,18.661653137207033,222,50.416666666666664,7.083333333333333
2007,15.122580108642579,223,49.63333333333333,7.916666666666667
2007,20.07740966796875,224,50.4,7.716666666666667
2007,17.05274383544922,225,49.266666666666666,7.8
2007,18.37724334716797,226,49.016666666666666,8.116666666666667
2007,17.182673950195312,227,49.3,7.866666666666667
2007,19.410913391113283,228,49.31666666666667,7.016666666666667
2007,18.5624072265625,229,50.416666666666664,12.533333333333331
2007,17.110094909667968,230,50.63333333333333,13.3
2007,16.41201110839844,231,50.81666666666667,14.083333333333334
2007,15.76361572265625,232,51.11666666666667,14.55
2007,19.718394470214843,233,51.233333333333334,13.816666666666666
2007,17.80438247680664,234,51.18333333333333,12.816666666666666
2007,17.20072540283203,235,50.6,10.783333333333331
2007,16.970083923339843,236,51.333333333333336,10.85
2007,17.69452911376953,237,50.78333333333333,11.65
2007,17.337064208984376,238,50.93333333333333,11.016666666666667
2007,16.006121826171874,239,50.483333333333334,11.483333333333333
2007,7.248600158691406,240,41.833333333333336,13.583333333333334
2007,7.987395477294922,241,40.6,15.866666666666667
2007,9.096286315917968,242,38.416666666666664,16.166666666666668
2007,6.882677154541016,243,40.416666666666664,15.433333333333334
2007,20.250736389160156,244,44.71666666666667,10.2
2007,13.085735321044922,245,44.1,11.116666666666667
2007,28.46372863769531,246,45.81666666666667,13.166666666666666
2007,13.189045944213866,247,46.483333333333334,13.583333333333334
2007,8.807054443359375,248,42.81666666666667,11.9
2007,8.084662399291993,249,46.233333333333334,9.55
2007,11.27798370361328,250,43.28333333333333,13.066666666666666
2007,24.599951934814452,251,45.666666666666664,8.066666666666666
2007,11.17770248413086,252,41.81666666666667,15.983333333333333
2007,8.005825347900391,253,39.333333333333336,8.566666666666666
2007,15.701044006347656,254,43.5,10.433333333333334
2007,10.961550598144532,255,46.35,11.483333333333333
2007,10.226988067626953,256,43.45,12.45
2007,4.2818207168579105,257,45.71666666666667,6.916666666666667
2007,32.05498046875,258,46.05,12.016666666666667
2007,6.12856201171875,259,37.9,13.4
2007,8.557241973876954,260,41.9,14.35
2007,19.687415924072265,261,45.95,10.116666666666667
2007,25.565937805175782,262,45.88333333333333,9.383333333333333
2007,8.143114776611329,263,42.86666666666667,10.766666666666667
2007,10.158972778320312,264,43.733333333333334,11.566666666666666
2007,14.214952697753906,265,46.583333333333336,11.433333333333334
2007,13.264866180419922,266,44.4,9.45
2007,27.792391662597655,267,45.516666666666666,8.7
2007,4.906440086364746,268,46.31666666666667,8.266666666666667
2007,41.97653991699219,269,45.2,10.733333333333333
2007,8.488361206054687,270,46.266666666666666,8.233333333333333
2007,9.914731292724609,271,41.233333333333334,13.066666666666666
2007,9.914731292724609,272,41.233333333333334,13.083333333333334
2007,15.044249114990235,273,51.1,-0.85
2007,14.6325,274,51.583333333333336,-1.9166666666666663
2007,13.444415130615234,275,54.3,-3.0166666666666666
2007,15.373187866210937,276,52.43333333333333,0.8666666666666667
2007,13.78956787109375,277,53.4,-1.75
2007,3.514997138977051,278,56.65,-4.283333333333333
2007,9.338038024902344,279,55.083333333333336,-2.466666666666667
2007,4.140031204223633,280,56.71666666666667,-4.05
2007,5.926185264587402,281,56.233333333333334,-5.266666666666667
2007,10.284457244873046,282,52.11666666666667,-3.7333333333333334
2007,14.033499145507813,283,51.2,1.1166666666666667
2007,12.181913604736328,284,51.11666666666667,-1.2333333333333334
2007,15.044249114990235,285,51.016666666666666,-0.8666666666666667
2007,12.181913604736328,286,51.13333333333333,-1.2333333333333334
2007,7.806091766357422,287,53.1,-6.233333333333333
2007,9.634591522216796,288,52.96666666666667,-6.183333333333334
2007,10.45009536743164,289,52.53333333333333,-7.033333333333333
2007,10.166421432495117,290,52.3,-8.616666666666667
2007,10.234627838134765,291,52.583333333333336,-7.666666666666667
2007,10.893946838378906,292,53.483333333333334,-6.85
2007,6.1584986877441406,293,54.18333333333333,-8.616666666666667
2007,8.668386306762695,294,53.96666666666667,-7.65
2007,7.746055679321289,295,54.13333333333333,-7.666666666666667
2007,5.078439102172852,296,53.35,-9.333333333333334
2007,4.590471572875977,297,53.75,-9.55
2007,14.506536560058594,298,56.28333333333333,8.416666666666666
2007,17.053254547119142,299,55.13333333333333,8.883333333333333
2007,13.568331604003907,300,55.95,12.35
2007,14.430458221435547,301,56.083333333333336,9.35
2007,13.987220764160156,302,55.36666666666667,11.55
2007,16.335914764404297,303,55.7,12.35
2007,12.680281219482422,304,56.38333333333333,9.333333333333334
2007,14.608679809570312,305,55,9.916666666666666
2007,14.430458221435547,306,56.06666666666667,9.333333333333334
2007,7.278514404296875,307,38.833333333333336,21.3
2007,9.372304534912109,308,39.78333333333333,22.783333333333335
2007,9.372304534912109,309,39.78333333333333,22.766666666666666
2007,6.329228897094726,310,38.86666666666667,21.866666666666667
2007,6.329228897094726,311,38.86666666666667,21.85
2007,7.161934509277343,312,40.06666666666667,-8.25
2007,5.99754638671875,313,38.95,-8.066666666666666
2007,5.477213134765625,314,38.083333333333336,-7.033333333333333
2007,7.193102188110352,315,38.31666666666667,-8.533333333333333
2007,4.6701358032226565,316,41.5,-7.633333333333333
2007,3.892887535095215,317,40.4,-7.533333333333333
2007,12.62173080444336,318,39.78333333333333,-8.95
2007,9.40456558227539,319,38.65,-8.616666666666667
2007,5.915653820037842,320,43.1,-4.633333333333333
2007,8.255345153808594,321,42.25,-2.7
2007,20.77281066894531,322,41.81666666666667,2.6166666666666667
2007,5.795830917358399,323,40.86666666666667,-3.966666666666667
2007,10.507032012939453,324,40.53333333333333,0.01666666666666666
2007,9.590752716064452,325,39.93333333333333,-5.783333333333333
2007,10.271553649902344,326,37.15,-6.716666666666667
2007,5.35324722290039,327,40.18333333333333,-6.433333333333334
2007,4.226225967407227,328,38.46666666666667,-6.75
2007,10.73247673034668,329,43.15,-5.466666666666667
2007,6.148134536743164,330,40.43333333333333,-4.116666666666666
2007,9.55116912841797,331,42.983333333333334,-1.3333333333333333
2007,6.073168182373047,332,37.81666666666667,-5.683333333333334
2007,9.215135040283203,333,36.36666666666667,-5.566666666666666
2007,19.096270446777343,334,41.766666666666666,2.4
2007,10.869873809814454,335,40.9,0.38333333333333336
2007,12.449500885009765,336,43.016666666666666,-8.95
2007,4.784765396118164,337,40.46666666666667,-1.6666666666666663
2007,5.454467849731445,338,40.31666666666667,-0.7166666666666667
2007,8.774258193969727,339,42.516666666666666,-1.0666666666666669
2007,4.446490211486816,340,42.63333333333333,-0.2833333333333333
2007,9.52784454345703,341,38.516666666666666,-0.6333333333333333
2007,6.56006950378418,342,38.166666666666664,-4.066666666666666
2007,5.189117202758789,343,37.9,-2.8833333333333333
2007,5.780231342315674,344,37,-3
2007,5.54391845703125,345,41.6,-3.033333333333333
2007,5.5365586090087895,346,41.86666666666667,-2.8666666666666667
2007,4.402912254333496,347,41.983333333333334,-2.5
2007,7.749749298095703,348,43,-3.6833333333333336
2007,5.297749862670899,349,42.86666666666667,-4.55
2007,6.830089950561524,350,42.78333333333333,-5.366666666666666
2007,6.824131088256836,351,41.78333333333333,-6.366666666666666
2007,9.053930816650391,352,41.333333333333336,-4.533333333333333
2007,9.327258911132812,353,41.35,-4.283333333333333
2007,5.3134049224853515,354,40.333333333333336,-5.933333333333334
2007,5.635520324707032,355,40.21666666666667,-5.016666666666667
2007,8.009082946777344,356,39.81666666666667,2.9
2007,7.45105354309082,357,39.85,3.1666666666666665
2007,5.014536285400391,358,40.016666666666666,-1.9666666666666668
2007,6.756198348999024,359,39.833333333333336,-1.3
2007,5.285331726074219,360,39.38333333333333,-4.116666666666666
2007,30.406564025878907,361,43.13333333333333,-2.966666666666667
2007,5.0071620178222656,362,38.483333333333334,-2.466666666666667
2007,11.60101776123047,363,42.28333333333333,1.8833333333333333
2007,4.292558670043945,364,42.6,1.0666666666666669
2007,6.0028221130371096,365,39.6,-4.683333333333334
2007,4.85313663482666,366,41.9,-8.116666666666667
2007,NA,367,28.133333333333333,-17.283333333333335
2007,NA,368,28.116666666666667,-17.216666666666665
2007,NA,369,28.183333333333337,-16.666666666666668
2007,13.948584442138673,370,42.733333333333334,-8.7
2007,5.610084152221679,371,38.06666666666667,-2.8166666666666664
2007,5.627939376831055,372,37.53333333333333,-7.183333333333334
2007,9.52784454345703,373,38.516666666666666,-0.6166666666666667
2007,5.5365586090087895,374,41.86666666666667,-2.8833333333333333
2007,5.297749862670899,375,42.85,-4.55
2007,30.406564025878907,376,43.13333333333333,-2.9833333333333334
2007,5.0071620178222656,377,38.46666666666667,-2.45
2007,11.418432769775391,378,39.333333333333336,-0.31666666666666665
2007,6.557275009155274,379,37.45,-6.833333333333333
2007,18.949503479003905,380,49.983333333333334,6.033333333333333
2007,28.339228515625,381,49.65,6.183333333333334
2007,13.62626693725586,382,56.166666666666664,13.15
2007,2.0499675464630127,383,63.03333333333333,17.416666666666668
2007,6.2362763214111325,384,59.65,17.883333333333333
2007,4.58185302734375,385,60.18333333333333,17.716666666666665
2007,5.912090072631836,386,58.96666666666667,15.85
2007,6.234687347412109,387,58.21666666666667,15.916666666666666
2007,8.392167739868164,388,57.45,13.7
2007,9.259367446899414,389,56.46666666666667,15.116666666666667
2007,6.822008972167969,390,57.7,15.916666666666666
2007,12.143954010009766,391,56.3,14.85
2007,11.392815246582032,392,56.3,15.7
2007,11.106011352539063,393,56.36666666666667,13.816666666666666
2007,12.030093078613282,394,56.166666666666664,14.233333333333333
2007,11.814178314208984,395,56.25,13.533333333333331
2007,13.917723999023437,396,56.333333333333336,13.016666666666667
2007,13.316011199951172,397,55.983333333333334,13.383333333333333
2007,15.430717926025391,398,57.2,12.45
2007,14.03172637939453,399,57.03333333333333,12.8
2007,9.240343551635743,400,58.36666666666667,12.083333333333334
2007,8.542960205078124,401,57.55,13.5
2007,9.895401077270508,402,57.21666666666667,13.1
2007,11.297085723876954,403,57.516666666666666,12.466666666666669
2007,7.139444885253906,404,58.13333333333333,14.066666666666666
2007,5.560988044738769,405,58.85,13.683333333333334
2007,4.753523063659668,406,59.95,12.633333333333333
2007,5.513317413330078,407,59.666666666666664,11.95
2007,4.700589485168457,408,59.583333333333336,12.483333333333333
2007,4.953246841430664,409,59.8,15.483333333333333
2007,4.410351791381836,410,60.016666666666666,15.4
2007,3.0197155380249026,411,61.2,15.2
2007,3.8422608184814453,412,60.266666666666666,14.5
2007,2.310021228790283,413,62.18333333333333,16.716666666666665
2007,2.309079475402832,414,63.166666666666664,17.916666666666668
2007,1.633807373046875,415,63.333333333333336,14.75
2007,2.2295766639709473,416,63.75,19.4
2007,1.370350399017334,417,64.5,17.4
2007,1.2417214345932006,418,65.45,19.4
2007,9.048096923828124,419,57.1,14.55
2007,7.790612869262695,420,57.13333333333333,14.766666666666667
2007,7.790612869262695,421,57.166666666666664,14.8
2007,10.660837631225586,422,58.05,12.016666666666667
2007,10.660837631225586,423,58.06666666666667,12.016666666666667
2007,4.727933921813965,424,59.75,14.9
2007,4.837196655273438,425,59.9,15.233333333333333
2007,5.140258636474609,426,59.56666666666667,14.833333333333334
2007,1.6082815170288085,427,63.85,18.1
2007,1.7575257110595703,428,64.03333333333333,18.916666666666668
2007,1.9974358558654786,429,64.25,19.8
2007,10.430890579223632,430,56.333333333333336,14.966666666666669
2007,13.53032699584961,431,57.5,12.233333333333333
2007,10.266806411743165,432,58.43333333333333,11.733333333333333
2007,6.364105911254883,433,59.56666666666667,18.05
2007,6.028239822387695,434,59.083333333333336,17.633333333333333
2007,4.792881355285645,435,60.016666666666666,17.183333333333334
2007,6.6066075134277344,436,58.95,16.983333333333334
2007,6.456950378417969,437,58.766666666666666,16.8
2007,6.571191329956054,438,59.03333333333333,16.25
2007,5.812954711914062,439,59.3,16.116666666666667
2007,6.284510650634766,440,58.15,15.416666666666666
2007,6.344477157592774,441,58.75,15.133333333333333
2007,6.809587478637695,442,57.86666666666667,14.75
2007,6.678546905517578,443,57.833333333333336,14.983333333333333
2007,6.9936860656738284,444,57.5,15.333333333333334
2007,9.569741821289062,445,57.13333333333333,13.583333333333334
2007,8.577251510620117,446,56.88333333333333,15.1
2007,8.738612899780273,447,57.05,14.366666666666667
2007,8.245597610473633,448,56.833333333333336,13.733333333333333
2007,11.4323193359375,449,56.733333333333334,13.366666666666667
2007,6.043884429931641,450,58.05,16.1
2007,7.772640228271484,451,56.63333333333333,15.616666666666667
2007,9.271100616455078,452,56.85,16.316666666666666
2007,12.023283233642578,453,56.28333333333333,14.65
2007,10.226071624755859,454,56.4,15.3
2007,12.085482330322266,455,56.21666666666667,15.433333333333334
2007,10.56874496459961,456,56.38333333333333,14.533333333333331
2007,13.369654541015626,457,56.016666666666666,13.916666666666666
2007,13.039949645996094,458,56.1,13.516666666666667
2007,12.891580963134766,459,56.13333333333333,13.5
2007,13.09601318359375,460,55.916666666666664,13.583333333333334
2007,13.122331085205078,461,55.61666666666667,13.433333333333334
2007,16.36156494140625,462,57.06666666666667,12.55
2007,15.785979614257812,463,56.93333333333333,12.716666666666669
2007,13.78231948852539,464,56.766666666666666,13.133333333333333
2007,9.708948364257813,465,57,13.366666666666667
2007,14.400613555908203,466,56.68333333333333,13.15
2007,9.095812530517579,467,58.53333333333333,11.716666666666669
2007,9.894471893310547,468,57.4,13.1
2007,7.169054946899414,469,57.766666666666666,13.733333333333333
2007,6.808443145751953,470,58.71666666666667,11.966666666666669
2007,6.997856750488281,471,58.61666666666667,13.766666666666667
2007,6.016991958618164,472,59.65,13.8
2007,5.094095344543457,473,59.81666666666667,12.9
2007,3.494749050140381,474,60.583333333333336,13.116666666666667
2007,5.140258636474609,475,59.583333333333336,14.866666666666667
2007,5.1092436981201175,476,59.583333333333336,14.7
2007,4.446133193969726,477,59.86666666666667,14.416666666666666
2007,5.528739509582519,478,59.083333333333336,15.5
2007,6.6331045532226565,479,59.333333333333336,15.933333333333334
2007,2.886847248077393,480,61.11666666666667,14.35
2007,4.17174129486084,481,60.4,15.266666666666667
2007,2.7396021270751953,482,61.733333333333334,16.516666666666666
2007,3.7858608627319335,483,60.65,16.283333333333335
2007,2.1034213161468505,484,62.266666666666666,16.333333333333332
2007,1.7547824478149414,485,62,14.416666666666666
2007,1.7406817531585694,486,63.06666666666667,16.733333333333334
2007,1.47943217754364,487,64.48333333333333,18.466666666666665
2007,1.1308069133758545,488,65.4,18.1
2007,2.442186279296875,489,65.95,23.25
2007,1.3403472232818603,490,66.06666666666666,20.616666666666667
2007,2.7396021270751953,491,61.71666666666667,16.516666666666666
2007,18.24869873046875,492,48.11666666666667,16.033333333333335
2007,15.39593017578125,493,47.766666666666666,16.316666666666666
2007,12.808701477050782,494,47.483333333333334,16.55
2007,12.327201843261719,495,46.733333333333334,14.5
2007,9.901029434204101,496,46.766666666666666,13.166666666666666
2007,11.698883361816407,497,46.71666666666667,13.666666666666666
2007,15.076528930664063,498,48.35,15.2
2007,15.37401885986328,499,47.63333333333333,16.133333333333333
2007,13.349888610839844,500,48.916666666666664,15.183333333333334
2007,28.704509887695313,501,48.1,12.866666666666667
2007,26.79574935913086,502,47.86666666666667,13.35
2007,11.515897979736328,503,47.483333333333334,13.416666666666666
2007,16.671658935546876,504,46.61666666666667,15.5
2007,12.328699798583985,505,47.36666666666667,15.166666666666666
2007,9.927543411254883,506,47.63333333333333,15.65
2007,7.86408576965332,507,47.05,14.1
2007,11.991197204589843,508,47.31666666666667,12.4
2007,9.100999450683593,509,47.38333333333333,10.9
2007,18.816574096679688,510,47.36666666666667,11.883333333333333
2007,26.011205139160158,511,47.483333333333334,9.983333333333333
2007,0.9518967151641846,512,69.56666666666666,28.883333333333333
2007,1.2376788568496704,513,67.95,24.05
2007,1.2544418025016784,514,67.98333333333333,24.216666666666665
2007,1.5445176601409911,515,67.33333333333333,26.633333333333333
2007,2.1560640716552735,516,66.31666666666666,26.633333333333333
2007,2.1474656105041503,517,66.35,26.716666666666665
2007,1.6939902353286742,518,66.28333333333333,29.45
2007,1.740125422477722,519,66.33333333333333,29.35
2007,2.9817302131652834,520,64.96666666666667,26.383333333333333
2007,4.566189270019532,521,61.86666666666667,24.216666666666665
2007,4.566189270019532,522,61.85,24.3
2007,6.441345901489258,523,60.65,23.8
2007,6.07725456237793,524,60.61666666666667,23.833333333333332
2007,6.474907531738281,525,60.63333333333333,26.083333333333332
2007,6.658519973754883,526,60.65,26.116666666666667
2007,3.817319564819336,527,61.766666666666666,29.333333333333332
2007,3.817319564819336,528,61.8,29.316666666666663
2007,7.123272857666016,529,60.7,27.85
2007,4.987059936523438,530,61.233333333333334,25.05
2007,3.4317196083068846,531,63.15,30.7
2007,1.6939902353286742,532,66.3,29.483333333333334
2007,0.8259203743934631,533,69.73333333333333,26.95
2007,3.2242377471923827,534,63.55,22.483333333333334
2007,4.779697380065918,535,62.45,21.516666666666666
2007,4.326275978088379,536,62.05,24.366666666666667
2007,4.519283676147461,537,61.916666666666664,23.316666666666663
2007,8.731257705688476,538,60.03333333333333,23.033333333333335
2007,2.8426263999938963,539,64.11666666666666,26.683333333333337
2007,2.1560640716552735,540,66.33333333333333,26.633333333333333
2007,4.704243888854981,541,61.81666666666667,29.3
2007,2.0303046464920045,542,66.43333333333334,26.683333333333337
2007,5.830512886047363,543,60.983333333333334,27.266666666666666
2007,5.830512886047363,544,60.916666666666664,27.233333333333334
2007,21.4541015625,545,46.583333333333336,6.65
2007,24.83960998535156,546,47.38333333333333,8.216666666666667
2007,24.18977020263672,547,47.03333333333333,8.7
2007,14.94154312133789,548,47.21666666666667,7.4
2007,13.436396026611328,549,46.21666666666667,6.283333333333333
2007,18.222475280761717,550,47.68333333333333,8.533333333333333
2007,23.991185455322267,551,46.016666666666666,8.833333333333334
2007,3.0176272583007813,552,46.483333333333334,9.883333333333333
2007,7.911625671386719,553,46.43333333333333,8.8
2007,18.525064239501955,554,46.11666666666667,9
2007,9.798336563110352,555,46.266666666666666,7.433333333333334
2007,3.7152603912353515,556,46.65,10.216666666666669
2007,7.194945755004883,557,46.28333333333333,7.85
2007,23.109565124511718,558,47.266666666666666,7.883333333333333
2007,14.757478332519531,559,46.7,7.75
2007,27.505663299560545,560,47.15,9.066666666666666
2007,5.183010482788086,561,46.8,9.85
2007,25.8387451171875,562,47.46666666666667,8.35
2007,11.841857986450195,563,47.88333333333333,19.95
2007,11.841857986450195,564,47.85,19.966666666666665
2007,13.341509857177734,565,47.55,19.383333333333333
2007,11.667540283203126,566,46.96666666666667,19.55
2007,11.667540283203126,567,46.95,19.533333333333335
2007,12.13643051147461,568,47.333333333333336,21.083333333333332
2007,15.375619506835937,569,47.65,16.483333333333334
2007,14.365675354003907,570,47.65,16.516666666666666
2007,15.375619506835937,571,47.666666666666664,16.5
2007,15.746383056640624,572,46.81666666666667,16.4
2007,14.19303939819336,573,46.583333333333336,16.733333333333334
2007,11.667540283203126,574,46.95,19.55
2007,11.667540283203126,575,46.93333333333333,19.533333333333335
2007,10.12827392578125,576,43.9,26
2007,9.817162017822266,577,44.06666666666667,26.05
2007,9.526973114013671,578,44.3,25.6
2007,12.427262573242187,579,44.5,26.166666666666668
2007,11.644949493408204,580,44.9,26.1
2007,11.834337921142579,581,45.1,25.7
2007,8.663048248291016,582,45.5,25.583333333333332
2007,7.997461166381836,583,45.416666666666664,25.266666666666666
2007,10.873324966430664,584,46.68333333333333,22.616666666666667
2007,11.575038757324219,585,45.016666666666666,24.983333333333334
2007,7.567248611450196,586,47.43333333333333,25.55
2007,9.347667236328125,587,45.333333333333336,25.55
2007,12.330165252685546,588,53.88333333333333,14.5
2007,11.063424987792969,589,54.8,17.933333333333334
2007,14.846683349609375,590,53.78333333333333,15.05
2007,14.097802734375,591,53.18333333333333,14.483333333333333
2007,15.778650207519531,592,52.9,15.35
2007,16.659974365234376,593,52.766666666666666,14.9
2007,15.645567016601563,594,53.11666666666667,16.033333333333335
2007,14.063339996337891,595,53.766666666666666,15.483333333333333
2007,11.80998504638672,596,54.666666666666664,17.983333333333334
2007,12.558579864501953,597,53.8,16.35
2007,13.823599548339844,598,54.15,17.116666666666667
2007,12.174463195800781,599,54.2,17.216666666666665
2007,13.048961029052734,600,54.083333333333336,19.15
2007,13.048961029052734,601,54.083333333333336,19.2
2007,12.845550689697266,602,54.05,20.4
2007,21.934235229492188,603,54.15,20.166666666666668
2007,14.333560485839843,604,53.766666666666666,19.033333333333335
2007,19.12350128173828,605,53.45,19.416666666666668
2007,10.277143859863282,606,54.28333333333333,23
2007,10.743175201416015,607,54.266666666666666,22.833333333333332
2007,14.468079833984374,608,54.333333333333336,22.35
2007,15.866468811035157,609,53.65,20.15
2007,15.979767456054688,610,53.666666666666664,21.433333333333337
2007,13.490088500976562,611,53.96666666666667,23.116666666666667
2007,12.803896789550782,612,53.9,23.316666666666663
2007,11.57122787475586,613,53.2,23.15
2007,12.517148742675781,614,53.2,23.35
2007,12.654007263183594,615,52.666666666666664,23.716666666666665
2007,12.143438415527344,616,52.85,23.666666666666668
2007,17.832825317382813,617,53.43333333333333,21.816666666666663
2007,13.419244232177734,618,53.28333333333333,22.05
2007,14.659190063476563,619,53.81666666666667,17.85
2007,14.446950073242187,620,53.93333333333333,18.083333333333332
2007,19.06977996826172,621,53.483333333333334,16.383333333333333
2007,16.749754943847655,622,53.3,16.833333333333332
2007,15.4640087890625,623,53.6,16.95
2007,16.472152252197265,624,53.266666666666666,19.55
2007,16.949388275146486,625,52.983333333333334,19.233333333333334
2007,15.621807556152344,626,52.55,15.25
2007,15.382914581298827,627,52.516666666666666,14.95
2007,18.71419921875,628,52.8,16.416666666666668
2007,21.61751190185547,629,52.95,18.516666666666666
2007,23.87684051513672,630,52.7,18.916666666666668
2007,14.096437377929687,631,51.86666666666667,15.533333333333331
2007,14.012731628417969,632,52.35,15.8
2007,15.882325744628906,633,52.25,16.316666666666666
2007,23.519466857910157,634,52,17.316666666666666
2007,14.501020202636719,635,51.8,16.5
2007,23.950020141601563,636,52.63333333333333,17.65
2007,21.36697937011719,637,51.95,17.2
2007,15.590606689453125,638,51.516666666666666,18.25
2007,21.513514099121092,639,51.6,16.916666666666668
2007,20.617290649414063,640,53.11666666666667,19.783333333333335
2007,17.362162780761718,641,52.71666666666667,20.6
2007,16.32034637451172,642,52.36666666666667,19.9
2007,14.141961517333984,643,52.016666666666666,21.1
2007,13.79575408935547,644,51.8,21.45
2007,14.367352752685546,645,53.3,21.616666666666667
2007,15.966122131347657,646,53.18333333333333,21.083333333333332
2007,12.467993927001952,647,52.766666666666666,22.666666666666668
2007,11.614610443115234,648,51.43333333333333,22.766666666666666
2007,12.846781921386718,649,51.96666666666667,22.983333333333334
2007,11.30861312866211,650,51.483333333333334,23.35
2007,11.736041870117187,651,51.233333333333334,23.5
2007,11.14447479248047,652,50.63333333333333,23.75
2007,14.18660140991211,653,51.36666666666667,15.683333333333334
2007,15.008274536132813,654,51.25,15.483333333333333
2007,12.339060821533202,655,51.35,16.5
2007,13.779510192871093,656,50.88333333333333,17.633333333333333
2007,11.84430892944336,657,50.63333333333333,16.933333333333334
2007,12.201958312988282,658,50.38333333333333,17.55
2007,14.340896606445313,659,50.43333333333333,17.95
2007,14.385030670166016,660,50.53333333333333,17.7
2007,14.635593719482422,661,50.8,18.166666666666668
2007,16.781312561035158,662,50.583333333333336,18.45
2007,15.6776171875,663,50.233333333333334,18.316666666666663
2007,15.751541290283203,664,51.333333333333336,19.266666666666666
2007,13.51507583618164,665,51.1,20.416666666666668
2007,14.059166412353516,666,51.083333333333336,20.15
2007,11.656168975830077,667,50.7,20.766666666666666
2007,12.708930206298827,668,51.65,21.033333333333335
2007,12.268350830078125,669,51.2,21.383333333333333
2007,11.515623168945313,670,51.21666666666667,22.65
2007,12.077251434326172,671,51.166666666666664,21.866666666666667
2007,11.915164794921875,672,50.38333333333333,23.45
2007,11.840919647216797,673,50.43333333333333,23.4
2007,14.579023132324219,674,50.75,18.666666666666668
2007,14.488471221923827,675,51,19.05
2007,17.307673950195312,676,50.2,19.4
2007,16.057129364013672,677,50.35,19.35
2007,16.2129801940918,678,50.333333333333336,19.65
2007,14.56188446044922,679,50.7,19.216666666666665
2007,12.720517120361329,680,50.71666666666667,20.3
2007,13.661298522949219,681,50.55,21.25
2007,13.479812316894531,682,50.46666666666667,22.116666666666667
2007,13.04700225830078,683,50.5,22.933333333333337
2007,12.00551498413086,684,50.416666666666664,22.75
2007,14.011367797851563,685,50.05,20.566666666666663
2007,15.045403594970702,686,50.06666666666667,20.8
2007,11.9066943359375,687,50.266666666666666,22.116666666666667
2007,14.833296508789063,688,50.833333333333336,15.416666666666666
2007,13.532829971313477,689,50.85,15.516666666666667
2007,11.92799476623535,690,50.266666666666666,16.633333333333333
2007,16.395164794921875,691,50.31666666666667,16.416666666666668
2007,13.454684906005859,692,50.25,16.983333333333334
2007,12.499076843261719,693,50.233333333333334,16.783333333333335
2007,16.46575210571289,694,49.666666666666664,18.966666666666665
2007,13.383054122924804,695,49.75,21.816666666666663
2007,12.85394744873047,696,49.61666666666667,22.466666666666665
2007,11.326565551757813,697,49.2,22.716666666666665
2007,10.51892837524414,698,49.06666666666667,22.85
2007,14.740623397827148,699,49.65,19.033333333333335
2007,12.88810905456543,700,49.6,19.083333333333332
2007,14.009433517456054,701,49.516666666666666,18.9
2007,14.069577331542968,702,49.75,19.8
2007,12.839663696289062,703,49.68333333333333,20.166666666666668
2007,11.346907501220704,704,49.416666666666664,20.816666666666663
2007,10.055165405273437,705,49.333333333333336,20.833333333333332
2007,13.344977722167968,706,49.483333333333334,21.616666666666667
2007,12.731076202392579,707,49.4,21.95
2007,11.47614044189453,708,49.45,19.983333333333334
2007,16.659974365234376,709,52.733333333333334,14.866666666666667
2007,14.552891082763672,710,52.86666666666667,15.716666666666669
2007,12.243429565429688,711,54.53333333333333,17.9
2007,12.446748352050781,712,54.55,18.266666666666666
2007,14.937371063232423,713,53.983333333333334,19.433333333333337
2007,13.614933166503906,714,53.85,20.533333333333335
2007,11.508063659667968,715,53.583333333333336,23.266666666666666
2007,12.507840118408204,716,53.68333333333333,16.766666666666666
2007,13.933408050537109,717,51.81666666666667,15.783333333333331
2007,20.097984619140625,718,51.766666666666666,17.566666666666666
2007,22.077501831054686,719,52.483333333333334,19.6
2007,11.707605743408203,720,52.333333333333336,22.65
2007,12.679625396728516,721,52.03333333333333,22.716666666666665
2007,15.008274536132813,722,51.3,15.416666666666666
2007,14.385030670166016,723,50.6,17.683333333333334
2007,12.453482131958008,724,50.61666666666667,17.25
2007,17.87459243774414,725,50.083333333333336,18.65
2007,17.50400634765625,726,50.3,18.483333333333334
2007,13.8948046875,727,51.03333333333333,19.6
2007,10.935927352905274,728,50.5,23.466666666666665
2007,17.207806396484376,729,50.483333333333334,20.116666666666667
2007,12.92068389892578,730,51.05,15.866666666666667
2007,11.416662979125977,731,50.78333333333333,16.2
2007,12.132266693115234,732,49.85,22.6
2007,12.85394744873047,733,49.65,22.483333333333334
2007,11.510226287841796,734,49.45,22.283333333333335
2007,14.021944885253907,735,49.65,20.25
2007,12.397522888183595,736,48.2,18.383333333333333
2007,9.202746047973633,737,48.916666666666664,19.483333333333334
2007,10.331565856933594,738,48.63333333333333,19.533333333333335
2007,13.472006225585938,739,47.88333333333333,17.583333333333332
2007,11.824813995361328,740,48.61666666666667,19.033333333333335
2007,8.455142364501953,741,49.166666666666664,20.233333333333334
2007,11.38695167541504,742,49.18333333333333,22.083333333333332
2007,14.37661491394043,743,49.5,18.566666666666663
2007,14.37661491394043,744,49.483333333333334,18.566666666666663
2007,11.30359405517578,745,48.38333333333333,19
2007,9.8901904296875,746,48.95,19.383333333333333
2007,11.824813995361328,747,48.61666666666667,19.016666666666666
2007,6.990858840942383,748,58.38333333333333,8.233333333333333
2007,2.873599271774292,749,59.03333333333333,7.566666666666666
2007,1.6836289405822753,750,65.88333333333334,13.8
2007,7.940767402648926,751,58.96666666666667,11.516666666666667
2007,3.1199153900146483,752,60.6,6.516666666666667
2007,2.366589183807373,753,64.65,12.266666666666667
2007,2.879040184020996,754,61.266666666666666,11.85
2007,5.416398277282715,755,59.43333333333333,9.866666666666667
2007,2.160564308166504,756,61,9.216666666666669
2007,2.2006546211242677,757,63.28333333333333,11.183333333333334
2007,1.4376743888854981,758,62.766666666666666,8.883333333333333
2007,4.456663017272949,759,60.36666666666667,11.066666666666666
2007,12.294751815795898,760,59.333333333333336,5.783333333333333
2007,2.879040184020996,761,61.28333333333333,11.85
2007,1.4376743888854981,762,62.78333333333333,8.883333333333333
2007,5.416398277282715,763,59.45,9.866666666666667
2007,9.01606185913086,764,56.35,24.95
2007,11.145073699951173,765,54.833333333333336,24.05
2007,11.177196197509765,766,54.85,23.533333333333335
2007,9.527677459716797,767,56.333333333333336,24.833333333333332
2007,10.919131011962891,768,54.416666666666664,24.95
2007,11.145073699951173,769,54.81666666666667,24.066666666666663
2007,9.215728759765625,770,54.78333333333333,24.066666666666663
2007,12.185215606689454,771,54.18333333333333,24.6
2007,8.301534118652343,772,55.8,25.516666666666666
2007,11.307411880493165,773,55.81666666666667,21.466666666666665
2007,11.145073699951173,774,54.833333333333336,24.033333333333335
2007,14.947618255615234,775,50.03333333333333,12.616666666666667
2007,12.152696533203125,776,50.166666666666664,17.066666666666666
2007,12.088919525146485,777,50.1,17.2
2007,12.914586181640624,778,49.45,15.766666666666667
2007,14.082036895751953,779,50.55,15.95
2007,15.08154052734375,780,49.666666666666664,15.216666666666669
2007,13.70752426147461,781,50.18333333333333,12.883333333333333
2007,12.382250061035156,782,49.25,15.7
2007,12.928480453491211,783,50.733333333333334,15.533333333333331
2007,14.27086441040039,784,49.06666666666667,17.266666666666666
2007,18.65994598388672,785,50.13333333333333,15.866666666666667
2007,15.530994567871094,786,49.9,14.533333333333331
2007,15.44616180419922,787,49.21666666666667,14.3
2007,13.657626953125,788,49.016666666666666,14.966666666666669
2007,18.095832214355468,789,50.28333333333333,16.383333333333333
2007,13.204320983886719,790,49.733333333333334,12.85
2007,13.494857482910156,791,49,14.8
2007,13.824650115966797,792,50.63333333333333,14.6
2007,15.818949127197266,793,50.833333333333336,15.333333333333334
2007,14.31674285888672,794,49.7,17.133333333333333
2007,15.075529937744141,795,49.45,18.383333333333333
2007,6.667365036010742,796,59.55,26.033333333333335
2007,6.538765869140625,797,59.56666666666667,26.116666666666667
2007,7.42855094909668,798,58.05,26.1
2007,6.702149124145508,799,58.11666666666667,27.05
2007,6.266198425292969,800,58.35,26.966666666666665
2007,7.56695556640625,801,57.7,26.516666666666666
2007,6.481011047363281,802,59.516666666666666,26.4
2007,6.536613159179687,803,58.266666666666666,26.45
2007,14.257267532348633,804,46.36666666666667,13.933333333333334
2007,21.09227752685547,805,45.983333333333334,13.733333333333333
2007,18.78431640625,806,45.666666666666664,13.85
2007,21.5658056640625,807,46.28333333333333,14.4
2007,12.003359756469727,808,45.53333333333333,14.8
2007,16.45294158935547,809,46.46666666666667,15.383333333333333
2007,15.899580688476563,810,46.36666666666667,15.233333333333333
2007,16.64193817138672,811,46.1,15.066666666666666
2007,13.01548095703125,812,45.63333333333333,14.633333333333333
2007,15.215528106689453,813,45.86666666666667,15.416666666666666
2007,13.534475708007813,814,46.483333333333334,16.516666666666666
2007,16.45294158935547,815,46.45,15.383333333333333
2007,2.776778974533081,816,64.13333333333334,32.233333333333334
2007,2.3253390407562256,817,64.11666666666666,32.88333333333333
2007,2.6894883155822753,818,63.85,30.9
2007,2.798774452209473,819,63.85,31.55
2007,2.751092720031738,820,63.833333333333336,32.85
2007,3.5527024459838867,821,63.56666666666667,30.883333333333333
2007,2.9276762866973876,822,63.56666666666667,31.533333333333335
2007,3.165693817138672,823,63.266666666666666,32.166666666666664
2007,3.0745062255859374,824,63.25,32.8
2007,3.5167191505432127,825,62.96666666666667,32.78333333333333
2007,3.349751386642456,826,62.93333333333333,34.03333333333333
2007,3.758489227294922,827,62.916666666666664,34.666666666666664
2007,3.3789726161956786,828,62.9,35.3
2007,3.054954433441162,829,62.86666666666667,35.916666666666664
2007,4.185291309356689,830,62.583333333333336,35.86666666666667
2007,4.1041060638427735,831,62.28333333333333,36.43333333333333
2007,3.794787635803223,832,62.083333333333336,33.916666666666664
2007,4.3829541015625,833,61.983333333333334,36.36666666666667
2007,4.162547512054443,834,61.96666666666667,36.96666666666667
2007,3.744450874328613,835,61.93333333333333,37.583333333333336
2007,5.992393569946289,836,61.85,30.833333333333332
2007,4.257047576904297,837,61.81666666666667,33.266666666666666
2007,4.2247544860839845,838,61.8,33.88333333333333
2007,4.308607711791992,839,61.666666666666664,36.916666666666664
2007,5.162654094696045,840,61.55,30.216666666666665
2007,5.760655517578125,841,61.55,32.03333333333333
2007,4.629646835327148,842,61.5,33.833333333333336
2007,4.264982261657715,843,61.483333333333334,34.45
2007,4.402079086303711,844,61.46666666666667,35.05
2007,5.328464202880859,845,61.266666666666666,29.633333333333333
2007,3.7690326023101806,846,61.266666666666666,30.216666666666665
2007,6.464658584594726,847,61.25,32.61666666666667
2007,5.873832015991211,848,61.233333333333334,33.21666666666667
2007,4.345418663024902,849,61.2,34.4
2007,6.506616554260254,850,60.95,33.18333333333333
2007,5.693660888671875,851,61.25,29.316666666666663
2007,5.956110343933106,852,61.11666666666667,29.033333333333335
2007,5.537739448547363,853,61.11666666666667,29.333333333333332
2007,5.240870132446289,854,61.11666666666667,29.616666666666667
2007,4.322382316589356,855,61.11666666666667,29.933333333333337
2007,2.11667640209198,856,64.7,32.95
2007,6.172107887268067,857,60.96666666666667,29.033333333333335
2007,6.100057106018067,858,60.96666666666667,29.333333333333332
2007,5.774527320861816,859,60.96666666666667,29.633333333333333
2007,6.038921813964844,860,60.96666666666667,30.216666666666665
2007,6.548000411987305,861,60.833333333333336,28.45
2007,6.721145858764649,862,60.833333333333336,28.75
2007,6.235148696899414,863,60.833333333333336,29.066666666666663
2007,4.953177871704102,864,60.833333333333336,29.35
2007,6.222717742919922,865,60.81666666666667,29.633333333333333
2007,5.575651054382324,866,60.833333333333336,29.933333333333337
2007,5.013250427246094,867,60.81666666666667,30.233333333333334
2007,5.521913719177246,868,60.68333333333333,29.933333333333337
2007,5.791883525848388,869,60.68333333333333,28.466666666666665
2007,7.040995559692383,870,60.68333333333333,29.05
2007,7.016221084594727,871,60.7,29.333333333333332
2007,6.206297950744629,872,60.68333333333333,29.65
2007,5.815886955261231,873,60.68333333333333,30.216666666666665
2007,5.840670776367188,874,60.68333333333333,30.483333333333334
2007,7.384161834716797,875,60.53333333333333,27.916666666666668
2007,6.548779678344727,876,60.55,28.216666666666665
2007,6.052676734924316,877,60.53333333333333,28.483333333333334
2007,8.676858139038085,878,60.53333333333333,28.766666666666666
2007,5.955722122192383,879,60.55,29.366666666666667
2007,5.619874763488769,880,60.55,29.633333333333333
2007,7.018661270141601,881,60.55,29.933333333333337
2007,5.762071151733398,882,60.55,30.516666666666666
2007,9.000598068237304,883,60.4,28.766666666666666
2007,8.084667129516601,884,60.4,29.066666666666663
2007,8.274430007934571,885,60.4,29.35
2007,8.600716171264649,886,60.4,29.633333333333333
2007,7.9717421722412105,887,60.4,29.933333333333337
2007,7.094950256347656,888,60.416666666666664,30.2
2007,9.421217727661134,889,60.266666666666666,29.066666666666663
2007,8.340020904541015,890,60.266666666666666,29.35
2007,8.310189895629883,891,60.266666666666666,29.633333333333333
2007,9.403585968017579,892,60.266666666666666,29.933333333333337
2007,8.080572204589844,893,60.11666666666667,30.516666666666666
2007,8.21202781677246,894,60.11666666666667,30.8
2007,9.309400177001953,895,59.983333333333334,30.8
2007,6.46414493560791,896,59.983333333333334,31.083333333333332
2007,1.6028613328933716,897,66.43333333333334,32.43333333333333
2007,1.4657527160644532,898,66.41666666666667,33.15
2007,1.5279547882080078,899,66.15,31.683333333333337
2007,1.6282328319549562,900,66.13333333333334,33.11666666666667
2007,1.674067759513855,901,66.11666666666666,33.81666666666667
2007,1.833164987564087,902,65.86666666666666,30.95
2007,1.7809882164001465,903,65.86666666666666,31.666666666666668
2007,1.5185335302352905,904,65.85,33.083333333333336
2007,1.421879405975342,905,65.83333333333333,33.78333333333333
2007,1.4729203224182128,906,65.81666666666666,34.46666666666667
2007,1.8921981287002563,907,65.58333333333333,30.966666666666665
2007,1.7397307348251343,908,65.58333333333333,31.65
2007,1.6580307817459106,909,65.56666666666666,32.35
2007,1.656704878807068,910,65.56666666666666,33.03333333333333
2007,2.149404354095459,911,65.3,30.25
2007,2.2023222827911377,912,65.3,30.95
2007,2.163525676727295,913,65.3,31.633333333333333
2007,1.6239732527732849,914,65.26666666666667,33.016666666666666
2007,1.685313482284546,915,65.25,33.68333333333333
2007,1.716661009788513,916,65.25,34.38333333333333
2007,2.3125535297393798,917,65.01666666666667,30.25
2007,2.140265040397644,918,65,32.28333333333333
2007,1.8912217378616334,919,64.98333333333333,32.983333333333334
2007,1.908413405418396,920,64.96666666666667,33.65
2007,1.8028269767761231,921,64.95,34.333333333333336
2007,2.4935041427612306,922,64.73333333333333,30.25
2007,2.256365947723389,923,64.71666666666667,30.916666666666668
2007,2.3132629013061523,924,64.71666666666667,31.6
2007,2.388986129760742,925,64.41666666666667,32.9
2007,2.3976926803588867,926,64.4,33.583333333333336
2007,2.535683898925781,927,64.38333333333334,34.25
2007,2.6620419311523436,928,64.15,31.566666666666663
2007,2.732501745223999,929,64.1,33.53333333333333
2007,2.5359137725830077,930,64.08333333333333,34.2
2007,2.8430057525634767,931,63.85,32.2
2007,2.2055587434768675,932,63.8,34.15
2007,3.2157544136047362,933,63.78333333333333,34.8
2007,2.501590971946716,934,63.55,32.833333333333336
2007,2.862055768966675,935,63.53333333333333,33.46666666666667
2007,3.228501615524292,936,63.21666666666667,34.71666666666667
2007,3.2041478729248047,937,63.18333333333333,35.35
2007,3.0757454872131347,938,63.166666666666664,35.983333333333334
2007,3.3934738349914553,939,62.983333333333334,32.13333333333333
2007,3.813925380706787,940,62.7,32.11666666666667
2007,3.9296996116638185,941,62.68333333333333,32.733333333333334
2007,3.7510260200500487,942,62.666666666666664,33.36666666666667
2007,3.570128231048584,943,62.63333333333333,34.61666666666667
2007,4.02134786605835,944,62.416666666666664,31.466666666666665
2007,4.088782577514649,945,62.4,32.71666666666667
2007,3.637117404937744,946,62.38333333333333,33.333333333333336
2007,3.240306816101074,947,62.36666666666667,33.96666666666667
2007,3.718265972137451,948,62.333333333333336,35.18333333333333
2007,5.501867370605469,949,62.13333333333333,30.85
2007,4.859180927276611,950,62.13333333333333,31.45
2007,4.693147125244141,951,62.11666666666667,32.06666666666667
2007,4.4867113494873045,952,62.11666666666667,32.68333333333333
2007,4.12980749130249,953,62.1,33.3
2007,3.9577671813964845,954,62.05,35.15
2007,6.15939998626709,955,61.833333333333336,31.45
2007,4.875459175109864,956,61.81666666666667,32.666666666666664
2007,6.500444450378418,957,61.55,31.433333333333337
2007,4.526619281768799,958,61.53333333333333,32.63333333333333
2007,4.743252983093262,959,61.516666666666666,33.233333333333334
2007,5.879617347717285,960,60.93333333333333,33.78333333333333
2007,9.365056610107422,961,42.766666666666666,23.75
2007,9.308508758544923,962,43.05,27.766666666666666
2007,6.797704620361328,963,42.06666666666667,23.8
2007,9.604896087646484,964,42.9,27.75
2007,6.725384445190429,965,41.68333333333333,24.733333333333334
2007,12.519527435302734,966,56.21666666666667,21.116666666666667
2007,6.6765907287597654,967,57.166666666666664,25.7
2007,8.766442108154298,968,56.733333333333334,23.683333333333337
2007,6.287471694946289,969,35,33.05
2007,5.656453094482422,970,34.95,32.81666666666667
2007,5.791599426269531,971,34.916666666666664,32.916666666666664
2007,6.91793701171875,972,35.016666666666666,32.61666666666667
2007,12.334633178710938,973,45.15,19.8
2007,7.410116958618164,974,43.28333333333333,20.8
2007,11.539690246582031,975,45.45,19.166666666666668
2007,13.265614929199218,976,44.11666666666667,21.966666666666665
2007,9.565436859130859,977,43.75,19.483333333333334
2008,15.156003723144531,1,47.86666666666667,6.2
2008,13.76446014404297,2,46.96666666666667,5.233333333333333
2008,16.59392333984375,3,46.166666666666664,5.233333333333333
2008,14.734820861816406,4,47.06666666666667,5.066666666666666
2008,12.781573486328124,5,48.166666666666664,-1.5333333333333332
2008,12.251910858154297,6,45.93333333333333,4.466666666666667
2008,12.670426635742187,7,47.083333333333336,4.083333333333333
2008,11.796152954101563,8,46.56666666666667,5.866666666666667
2008,9.938103332519532,9,46.516666666666666,6.05
2008,4.739248542785645,10,45.583333333333336,6.783333333333333
2008,13.243881378173828,11,46.21666666666667,6.333333333333333
2008,7.83956844329834,12,44.11666666666667,5.8
2008,14.270075225830078,13,47.8,4.85
2008,14.642649078369141,14,47.18333333333333,6.266666666666667
2008,10.992125778198242,15,44.916666666666664,5.283333333333333
2008,13.587976837158203,16,47.78333333333333,5.066666666666666
2008,18.085066833496093,17,48.63333333333333,6.066666666666666
2008,4.125868682861328,18,44.7,6.55
2008,4.902941951751709,19,44.016666666666666,6.666666666666667
2008,12.781573486328124,20,48.2,-1.55
2008,13.737179107666016,21,47.93333333333333,3.716666666666667
2008,4.568996887207032,22,44.483333333333334,6.45
2008,11.315375823974609,23,46.96666666666667,6.45
2008,9.49462158203125,24,44.93333333333333,5.316666666666666
2008,10.777609176635742,25,45.416666666666664,6.116666666666666
2008,15.235769805908204,26,46.833333333333336,5.783333333333333
2008,19.341510467529297,27,48.333333333333336,4.3
2008,12.260672149658204,28,46.81666666666667,2.5666666666666664
2008,22.22853775024414,29,43.733333333333334,-0.8333333333333334
2008,12.079396362304687,30,47.45,-0.01666666666666666
2008,17.035196685791014,31,49.016666666666666,5.766666666666667
2008,20.313775939941408,32,50.166666666666664,3.75
2008,11.601309661865235,33,43.2,-0.03333333333333333
2008,12.700119781494141,34,46.666666666666664,2.716666666666667
2008,19.05591766357422,35,48.28333333333333,4.45
2008,12.50110107421875,36,47.25,2.1166666666666667
2008,15.313230895996094,37,49.35,1.5
2008,13.007130737304687,38,47.56666666666667,1.25
2008,21.43168518066406,39,49.03333333333333,4.95
2008,20.519768981933595,40,48.86666666666667,6.483333333333333
2008,16.593813171386717,41,49,7.45
2008,12.534535827636718,42,46.96666666666667,3.65
2008,14.654322509765626,43,49.38333333333333,2.3
2008,12.443769836425782,44,48.516666666666666,0.6666666666666666
2008,17.25407440185547,45,47.68333333333333,7.466666666666667
2008,12.755092315673828,46,47.78333333333333,0.36666666666666664
2008,10.762906036376954,47,44.03333333333333,1.7333333333333334
2008,13.342047119140625,48,46.61666666666667,0.48333333333333334
2008,15.865538635253905,49,48.016666666666666,6.033333333333333
2008,15.701028900146484,50,48.983333333333334,7.716666666666667
2008,16.514395751953124,51,48.45,2.716666666666667
2008,11.385021362304688,52,46.15,1.8166666666666669
2008,8.48854766845703,53,43.43333333333333,2.7
2008,12.269145202636718,54,48.56666666666667,-0.06666666666666667
2008,10.439285049438476,55,43.1,-0.1
2008,19.05977020263672,56,49.93333333333333,4.8
2008,8.999353790283203,57,43.63333333333333,2.9166666666666665
2008,9.552960662841796,58,45.75,2.95
2008,10.73857162475586,59,47,4.116666666666666
2008,9.605239181518554,60,43.43333333333333,2.4333333333333336
2008,10.3422265625,61,45.8,1.8
2008,13.245226440429688,62,48.233333333333334,7.1
2008,16.987345581054687,63,49.2,3.1166666666666667
2008,10.483106994628907,64,42.916666666666664,1.2666666666666666
2008,13.795931243896485,65,49.166666666666664,-0.85
2008,9.355446166992188,66,47.833333333333336,-3.533333333333333
2008,8.425626602172851,67,44.1,3.533333333333333
2008,19.085162506103515,68,48.5,6.7
2008,21.802849731445313,69,49.166666666666664,5
2008,18.93644561767578,70,49.31666666666667,2.8666666666666667
2008,13.222884216308593,71,43.15,-0.65
2008,10.80403923034668,72,43.016666666666666,0.43333333333333335
2008,19.98675720214844,73,49.7,1.3166666666666669
2008,11.64497802734375,74,43.4,2.1666666666666665
2008,15.603880004882813,75,48.1,6.233333333333333
2008,5.205385036468506,76,42.25,8.833333333333334
2008,12.44916229248047,77,47.65,2.0833333333333335
2008,6.553322906494141,78,41.75,9.2
2008,10.693387908935547,79,43.93333333333333,-1.3333333333333333
2008,11.994877014160156,80,44.1,0.1
2008,12.895960235595703,81,44.03333333333333,-0
2008,12.755092315673828,82,47.733333333333334,0.3333333333333333
2008,8.16576774597168,83,44.85,3.05
2008,11.111161804199218,84,47.53333333333333,-1.8
2008,14.171566162109375,85,47.81666666666667,2.4333333333333336
2008,13.715870208740235,86,48.6,-0.5
2008,7.851534881591797,87,45.4,3.6833333333333336
2008,16.057638092041017,88,48.85,7.7
2008,16.593813171386717,89,48.916666666666664,7.433333333333334
2008,19.66653564453125,90,49.45,0.7333333333333333
2008,14.707674560546875,91,48.68333333333333,1.7166666666666668
2008,15.522899627685547,92,48.21666666666667,6.683333333333334
2008,7.527466354370117,93,44.7,3.95
2008,8.446124649047851,94,42.85,1.3333333333333333
2008,8.444859542846679,95,42.86666666666667,2.1
2008,15.582266845703124,96,48.6,7.133333333333334
2008,8.836125869750976,97,45.43333333333333,3.5166666666666666
2008,11.585164642333984,98,47.93333333333333,7.116666666666666
2008,8.007213287353515,99,45.96666666666667,-1.2666666666666666
2008,6.108497924804688,100,46.86666666666667,-2.1333333333333333
2008,11.254500122070313,101,46.18333333333333,2.9833333333333334
2008,31.129344177246093,102,51.06666666666667,3.033333333333333
2008,19.577044372558593,103,50.78333333333333,4.7
2008,20.094853820800783,104,50.7,4.3
2008,34.54938537597656,105,51.4,5.05
2008,29.93666320800781,106,51.3,4.516666666666667
2008,22.248365478515623,107,50.96666666666667,3.8
2008,21.149442138671876,108,50.983333333333334,4.2
2008,28.980262451171875,109,50.96666666666667,2.95
2008,25.50665466308594,110,51.166666666666664,5.316666666666666
2008,26.712034912109374,111,50.93333333333333,5.6
2008,20.626611328125,112,50.733333333333334,4.4
2008,19.021900329589844,113,49.95,4.816666666666666
2008,19.34339141845703,114,50.21666666666667,5.616666666666667
2008,19.53218780517578,115,49.766666666666666,5.45
2008,18.352030639648437,116,50.233333333333334,5.983333333333333
2008,19.400218505859375,117,50.583333333333336,6.1
2008,18.54114044189453,118,50.05,5.216666666666667
2008,20.46719970703125,119,49.516666666666666,5.566666666666666
2008,19.930975952148437,120,50.1,4.266666666666667
2008,18.74124267578125,121,50.666666666666664,4.6
2008,26.898148193359376,122,52.96666666666667,6.733333333333333
2008,27.688149719238282,123,52.86666666666667,6.333333333333333
2008,27.688149719238282,124,52.86666666666667,6.35
2008,27.01983673095703,125,52.9,6.716666666666667
2008,31.027628479003905,126,52.53333333333333,6.55
2008,38.38768005371094,127,52.166666666666664,5.75
2008,32.72987548828125,128,51.31666666666667,5.516666666666667
2008,32.216473999023435,129,51.55,4.766666666666667
2008,36.868212890625,130,52.233333333333334,5.633333333333333
2008,33.80962890625,131,52.1,5.216666666666667
2008,31.890545043945313,132,52.15,5.883333333333333
2008,26.609012145996093,133,52.833333333333336,6.433333333333334
2008,33.92803161621094,134,52.266666666666666,5.733333333333333
2008,17.90955535888672,135,52.46666666666667,13.216666666666669
2008,15.274521942138671,136,52.416666666666664,13.6
2008,15.016410217285156,137,53.1,12.416666666666666
2008,15.927087097167968,138,53.13333333333333,12.95
2008,15.033175964355468,139,52.96666666666667,13.633333333333333
2008,15.379667358398438,140,52.18333333333333,12.55
2008,16.38250762939453,141,51.78333333333333,13.55
2008,15.946768798828124,142,52.13333333333333,14
2008,15.927087097167968,143,53.13333333333333,12.966666666666669
2008,16.38250762939453,144,51.78333333333333,13.566666666666666
2008,14.419598693847655,145,52.15,14.016666666666667
2008,15.927087097167968,146,53.15,12.983333333333333
2008,15.457796936035157,147,52.15,14.483333333333333
2008,17.42857681274414,148,48.8,8.383333333333333
2008,21.486087036132812,149,49.45,8.75
2008,15.128138732910156,150,47.983333333333334,8.983333333333333
2008,14.293625793457032,151,48.28333333333333,8.65
2008,17.744873046875,152,47.78333333333333,7.7
2008,16.04870422363281,153,48.016666666666666,7.966666666666667
2008,22.39341796875,154,48,9.95
2008,12.786010284423828,155,48.6,8.633333333333333
2008,19.65906799316406,156,48.86666666666667,9.566666666666666
2008,16.998811340332033,157,49.516666666666666,9.166666666666666
2008,19.63782958984375,158,48.75,9.416666666666666
2008,12.786010284423828,159,48.583333333333336,8.633333333333333
2008,21.486087036132812,160,49.46666666666667,8.733333333333333
2008,16.04870422363281,161,48.016666666666666,7.95
2008,22.39341796875,162,48,9.966666666666669
2008,12.786010284423828,163,48.583333333333336,8.616666666666667
2008,19.835151977539063,164,49.4,11.316666666666666
2008,22.705438537597658,165,48.11666666666667,11.916666666666666
2008,17.744954528808595,166,49.75,12.383333333333333
2008,18.797027893066407,167,48.96666666666667,12.866666666666667
2008,16.93658935546875,168,48.916666666666664,11.75
2008,20.698330688476563,169,48.4,11.65
2008,24.848128967285156,170,48.21666666666667,12.733333333333333
2008,14.84301773071289,171,50.35,9.916666666666666
2008,10.235836906433105,172,47.56666666666667,12.933333333333334
2008,18.928384704589845,173,49.11666666666667,10.583333333333334
2008,17.52587646484375,174,49.85,10.516666666666667
2008,17.81592559814453,175,49.96666666666667,11.8
2008,19.480762786865235,176,48.7,12.733333333333333
2008,19.569583129882812,177,49.68333333333333,11.5
2008,18.68617660522461,178,49.96666666666667,9.45
2008,22.743910369873046,179,47.86666666666667,10.783333333333331
2008,18.172737731933594,180,47.56666666666667,10.383333333333333
2008,20.2594677734375,181,48.4,10.533333333333331
2008,19.586126098632814,182,49.266666666666666,12.383333333333333
2008,15.556484680175782,183,50.45,11.35
2008,17.333793029785156,184,49.71666666666667,9.883333333333333
2008,20.69529800415039,185,47.71666666666667,11.666666666666666
2008,19.806417236328127,186,48.28333333333333,11.066666666666666
2008,20.485634155273438,187,52.833333333333336,10.25
2008,23.283215942382814,188,51.85,10.4
2008,21.180185546875,189,51.85,10.416666666666666
2008,20.563356018066408,190,51.75,9.566666666666666
2008,18.307814636230468,191,51.516666666666666,10.033333333333331
2008,22.84738250732422,192,53.166666666666664,9.9
2008,32.661043090820314,193,52.9,7.85
2008,18.687467651367186,194,50.63333333333333,9.666666666666666
2008,17.094853515625,195,50.416666666666664,9.666666666666666
2008,17.650820922851562,196,50.7,8.883333333333333
2008,20.151432495117188,197,50.15,9.383333333333333
2008,15.304767150878906,198,50.56666666666667,8.2
2008,16.866275634765625,199,50.916666666666664,9.333333333333334
2008,20.598783264160158,200,54.083333333333336,10.233333333333333
2008,19.573568115234377,201,49.63333333333333,8.833333333333334
2008,16.511603393554687,202,52.56666666666667,11.166666666666666
2008,18.204876708984376,203,52.05,12.3
2008,17.320377807617188,204,51.36666666666667,9.266666666666667
2008,18.60434509277344,205,51.28333333333333,9.75
2008,16.2560693359375,206,50.68333333333333,8.633333333333333
2008,14.984500732421875,207,51.15,9.016666666666667
2008,21.03341033935547,208,49.7,8.516666666666667
2008,21.03341033935547,209,49.7,8.533333333333333
2008,16.511603393554687,210,52.56666666666667,11.183333333333334
2008,15.691227416992188,211,53.666666666666664,12.05
2008,15.667213745117188,212,53.63333333333333,13.933333333333334
2008,34.69912841796875,213,51.75,6.05
2008,30.259454345703126,214,51.71666666666667,6.166666666666667
2008,31.146370239257813,215,51.68333333333333,7.25
2008,26.321655883789063,216,51.833333333333336,8.95
2008,15.554976501464843,217,51.21666666666667,8.666666666666666
2008,17.896512756347658,218,51.016666666666666,8.183333333333334
2008,19.151243591308592,219,50.666666666666664,6.25
2008,25.357007446289064,220,51.7,8.983333333333333
2008,16.9607421875,221,49.68333333333333,7.016666666666667
2008,16.114551696777344,222,50.416666666666664,7.083333333333333
2008,14.519638366699219,223,49.63333333333333,7.916666666666667
2008,18.256712341308592,224,50.4,7.716666666666667
2008,16.38144744873047,225,49.266666666666666,7.8
2008,17.222955932617186,226,49.016666666666666,8.116666666666667
2008,16.503157653808593,227,49.3,7.866666666666667
2008,18.17318634033203,228,49.31666666666667,7.016666666666667
2008,17.290670166015627,229,50.416666666666664,12.533333333333331
2008,16.390337829589843,230,50.63333333333333,13.3
2008,16.758233337402345,231,50.81666666666667,14.083333333333334
2008,16.063992309570313,232,51.11666666666667,14.55
2008,18.80887664794922,233,51.233333333333334,13.816666666666666
2008,16.341587524414063,234,51.18333333333333,12.816666666666666
2008,15.980562744140625,235,50.6,10.783333333333331
2008,15.869856872558593,236,51.333333333333336,10.85
2008,16.309574279785156,237,50.78333333333333,11.65
2008,15.726798400878906,238,50.93333333333333,11.016666666666667
2008,15.138466186523438,239,50.483333333333334,11.483333333333333
2008,7.8200272369384765,240,41.833333333333336,13.583333333333334
2008,7.4270179748535154,241,40.6,15.866666666666667
2008,8.928597869873046,242,38.416666666666664,16.166666666666668
2008,6.643695297241211,243,40.416666666666664,15.433333333333334
2008,23.157050476074218,244,44.71666666666667,10.2
2008,12.874474182128907,245,44.1,11.116666666666667
2008,30.703896484375,246,45.81666666666667,13.166666666666666
2008,11.675774688720702,247,46.483333333333334,13.583333333333334
2008,8.983518371582031,248,42.81666666666667,11.9
2008,8.235461921691895,249,46.233333333333334,9.55
2008,11.221150665283202,250,43.28333333333333,13.066666666666666
2008,27.349735565185547,251,45.666666666666664,8.066666666666666
2008,9.83332763671875,252,41.81666666666667,15.983333333333333
2008,7.005035858154297,253,39.333333333333336,8.566666666666666
2008,17.294048767089844,254,43.5,10.433333333333334
2008,10.214653472900391,255,46.35,11.483333333333333
2008,10.294327239990235,256,43.45,12.45
2008,3.878148536682129,257,45.71666666666667,6.916666666666667
2008,35.24324493408203,258,46.05,12.016666666666667
2008,5.108903045654297,259,37.9,13.4
2008,8.61330322265625,260,41.9,14.35
2008,21.433505249023437,261,45.95,10.116666666666667
2008,28.558590087890625,262,45.88333333333333,9.383333333333333
2008,8.403216400146484,263,42.86666666666667,10.766666666666667
2008,10.223388595581055,264,43.733333333333334,11.566666666666666
2008,14.248959503173829,265,46.583333333333336,11.433333333333334
2008,15.231668243408203,266,44.4,9.45
2008,36.32102783203125,267,45.516666666666666,8.7
2008,4.997420978546143,268,46.31666666666667,8.266666666666667
2008,42.65195159912109,269,45.2,10.733333333333333
2008,9.120031509399414,270,46.266666666666666,8.233333333333333
2008,10.470982360839844,271,41.233333333333334,13.066666666666666
2008,10.470982360839844,272,41.233333333333334,13.083333333333334
2008,14.185976867675782,273,51.1,-0.85
2008,14.586672668457032,274,51.583333333333336,-1.9166666666666663
2008,16.56589096069336,275,54.3,-3.0166666666666666
2008,15.98215576171875,276,52.43333333333333,0.8666666666666667
2008,14.743883361816406,277,53.4,-1.75
2008,4.196394195556641,278,56.65,-4.283333333333333
2008,11.535818634033204,279,55.083333333333336,-2.466666666666667
2008,4.6733314895629885,280,56.71666666666667,-4.05
2008,5.69108699798584,281,56.233333333333334,-5.266666666666667
2008,10.695110626220703,282,52.11666666666667,-3.7333333333333334
2008,13.540851745605469,283,51.2,1.1166666666666667
2008,12.59966796875,284,51.11666666666667,-1.2333333333333334
2008,14.185976867675782,285,51.016666666666666,-0.8666666666666667
2008,12.59966796875,286,51.13333333333333,-1.2333333333333334
2008,8.724259719848632,287,53.1,-6.233333333333333
2008,10.457805938720703,288,52.96666666666667,-6.183333333333334
2008,10.859847106933593,289,52.53333333333333,-7.033333333333333
2008,10.529672622680664,290,52.3,-8.616666666666667
2008,11.099388427734375,291,52.583333333333336,-7.666666666666667
2008,11.451269454956055,292,53.483333333333334,-6.85
2008,7.38979248046875,293,54.18333333333333,-8.616666666666667
2008,10.012304840087891,294,53.96666666666667,-7.65
2008,8.64345932006836,295,54.13333333333333,-7.666666666666667
2008,5.483460388183594,296,53.35,-9.333333333333334
2008,5.266901168823242,297,53.75,-9.55
2008,13.578860778808593,298,56.28333333333333,8.416666666666666
2008,18.080247344970704,299,55.13333333333333,8.883333333333333
2008,13.835556640625,300,55.95,12.35
2008,14.24478012084961,301,56.083333333333336,9.35
2008,13.85302230834961,302,55.36666666666667,11.55
2008,15.229176330566407,303,55.7,12.35
2008,12.588934326171875,304,56.38333333333333,9.333333333333334
2008,15.073948364257813,305,55,9.916666666666666
2008,14.24478012084961,306,56.06666666666667,9.333333333333334
2008,6.219121322631836,307,38.833333333333336,21.3
2008,9.297547912597656,308,39.78333333333333,22.783333333333335
2008,9.297547912597656,309,39.78333333333333,22.766666666666666
2008,5.5118873596191404,310,38.86666666666667,21.866666666666667
2008,5.5118873596191404,311,38.86666666666667,21.85
2008,5.6109186553955075,312,40.06666666666667,-8.25
2008,4.792511596679687,313,38.95,-8.066666666666666
2008,4.3741130447387695,314,38.083333333333336,-7.033333333333333
2008,5.9864163589477535,315,38.31666666666667,-8.533333333333333
2008,3.836181945800781,316,41.5,-7.633333333333333
2008,3.530325698852539,317,40.4,-7.533333333333333
2008,9.48975440979004,318,39.78333333333333,-8.95
2008,7.620136795043945,319,38.65,-8.616666666666667
2008,5.674754123687745,320,43.1,-4.633333333333333
2008,7.906056900024414,321,42.25,-2.7
2008,19.882007446289062,322,41.81666666666667,2.6166666666666667
2008,5.586973724365234,323,40.86666666666667,-3.966666666666667
2008,11.206205444335938,324,40.53333333333333,0.01666666666666666
2008,7.805659637451172,325,39.93333333333333,-5.783333333333333
2008,7.855506439208984,326,37.15,-6.716666666666667
2008,4.166556396484375,327,40.18333333333333,-6.433333333333334
2008,3.318021240234375,328,38.46666666666667,-6.75
2008,8.54343147277832,329,43.15,-5.466666666666667
2008,4.912084732055664,330,40.43333333333333,-4.116666666666666
2008,9.049899749755859,331,42.983333333333334,-1.3333333333333333
2008,4.983270645141602,332,37.81666666666667,-5.683333333333334
2008,7.611099472045899,333,36.36666666666667,-5.566666666666666
2008,19.005401611328125,334,41.766666666666666,2.4
2008,10.261420440673827,335,40.9,0.38333333333333336
2008,10.80948715209961,336,43.016666666666666,-8.95
2008,4.285689468383789,337,40.46666666666667,-1.6666666666666663
2008,5.22876708984375,338,40.31666666666667,-0.7166666666666667
2008,8.05997688293457,339,42.516666666666666,-1.0666666666666669
2008,4.895212173461914,340,42.63333333333333,-0.2833333333333333
2008,8.400933456420898,341,38.516666666666666,-0.6333333333333333
2008,5.917665557861328,342,38.166666666666664,-4.066666666666666
2008,4.77522689819336,343,37.9,-2.8833333333333333
2008,4.882800235748291,344,37,-3
2008,5.437597579956055,345,41.6,-3.033333333333333
2008,5.555084838867187,346,41.86666666666667,-2.8666666666666667
2008,4.928799858093262,347,41.983333333333334,-2.5
2008,8.241501235961914,348,43,-3.6833333333333336
2008,4.901932067871094,349,42.86666666666667,-4.55
2008,5.759624557495117,350,42.78333333333333,-5.366666666666666
2008,5.278075561523438,351,41.78333333333333,-6.366666666666666
2008,8.310918197631835,352,41.333333333333336,-4.533333333333333
2008,9.001471252441407,353,41.35,-4.283333333333333
2008,3.8989693450927736,354,40.333333333333336,-5.933333333333334
2008,4.717719192504883,355,40.21666666666667,-5.016666666666667
2008,7.903818969726562,356,39.81666666666667,2.9
2008,7.173729591369629,357,39.85,3.1666666666666665
2008,4.85481559753418,358,40.016666666666666,-1.9666666666666668
2008,5.925337448120117,359,39.833333333333336,-1.3
2008,4.023608474731446,360,39.38333333333333,-4.116666666666666
2008,27.619486083984373,361,43.13333333333333,-2.966666666666667
2008,4.385106048583984,362,38.483333333333334,-2.466666666666667
2008,13.645274810791015,363,42.28333333333333,1.8833333333333333
2008,4.911450271606445,364,42.6,1.0666666666666669
2008,4.103539581298828,365,39.6,-4.683333333333334
2008,3.963080711364746,366,41.9,-8.116666666666667
2008,NA,367,28.133333333333333,-17.283333333333335
2008,NA,368,28.116666666666667,-17.216666666666665
2008,NA,369,28.183333333333337,-16.666666666666668
2008,12.37365493774414,370,42.733333333333334,-8.7
2008,5.055230674743652,371,38.06666666666667,-2.8166666666666664
2008,4.188794937133789,372,37.53333333333333,-7.183333333333334
2008,8.400933456420898,373,38.516666666666666,-0.6166666666666667
2008,5.555084838867187,374,41.86666666666667,-2.8833333333333333
2008,4.901932067871094,375,42.85,-4.55
2008,27.619486083984373,376,43.13333333333333,-2.9833333333333334
2008,4.385106048583984,377,38.46666666666667,-2.45
2008,10.66640380859375,378,39.333333333333336,-0.31666666666666665
2008,4.798021011352539,379,37.45,-6.833333333333333
2008,18.508970031738283,380,49.983333333333334,6.033333333333333
2008,27.124886779785157,381,49.65,6.183333333333334
2008,14.218155822753907,382,56.166666666666664,13.15
2008,2.620244140625,383,63.03333333333333,17.416666666666668
2008,6.367911987304687,384,59.65,17.883333333333333
2008,4.986725730895996,385,60.18333333333333,17.716666666666665
2008,5.797650909423828,386,58.96666666666667,15.85
2008,6.089805297851562,387,58.21666666666667,15.916666666666666
2008,9.003837661743164,388,57.45,13.7
2008,9.974217987060547,389,56.46666666666667,15.116666666666667
2008,6.8180403137207035,390,57.7,15.916666666666666
2008,12.101239929199219,391,56.3,14.85
2008,11.861119995117187,392,56.3,15.7
2008,11.660564727783203,393,56.36666666666667,13.816666666666666
2008,12.131429595947266,394,56.166666666666664,14.233333333333333
2008,12.26562973022461,395,56.25,13.533333333333331
2008,15.174456939697265,396,56.333333333333336,13.016666666666667
2008,13.71647216796875,397,55.983333333333334,13.383333333333333
2008,17.60612777709961,398,57.2,12.45
2008,16.064464263916015,399,57.03333333333333,12.8
2008,9.229877014160156,400,58.36666666666667,12.083333333333334
2008,9.369947967529297,401,57.55,13.5
2008,11.113945083618164,402,57.21666666666667,13.1
2008,11.845513458251952,403,57.516666666666666,12.466666666666669
2008,7.289622802734375,404,58.13333333333333,14.066666666666666
2008,5.985216178894043,405,58.85,13.683333333333334
2008,5.0252377319335935,406,59.95,12.633333333333333
2008,5.6945459747314455,407,59.666666666666664,11.95
2008,5.391673450469971,408,59.583333333333336,12.483333333333333
2008,5.095614624023438,409,59.8,15.483333333333333
2008,4.383210525512696,410,60.016666666666666,15.4
2008,2.846105728149414,411,61.2,15.2
2008,3.6212148666381836,412,60.266666666666666,14.5
2008,2.733991003036499,413,62.18333333333333,16.716666666666665
2008,2.9151653480529784,414,63.166666666666664,17.916666666666668
2008,1.7982318305969238,415,63.333333333333336,14.75
2008,2.864197769165039,416,63.75,19.4
2008,1.6062164115905762,417,64.5,17.4
2008,1.4597728538513184,418,65.45,19.4
2008,9.510282440185547,419,57.1,14.55
2008,8.408400650024413,420,57.13333333333333,14.766666666666667
2008,8.408400650024413,421,57.166666666666664,14.8
2008,10.977762908935548,422,58.05,12.016666666666667
2008,10.977762908935548,423,58.06666666666667,12.016666666666667
2008,5.035541152954101,424,59.75,14.9
2008,4.81137866973877,425,59.9,15.233333333333333
2008,5.383624839782715,426,59.56666666666667,14.833333333333334
2008,2.2182226467132566,427,63.85,18.1
2008,2.2903377914428713,428,64.03333333333333,18.916666666666668
2008,2.2517035675048827,429,64.25,19.8
2008,10.625176620483398,430,56.333333333333336,14.966666666666669
2008,14.766775207519531,431,57.5,12.233333333333333
2008,10.179211654663085,432,58.43333333333333,11.733333333333333
2008,6.304026794433594,433,59.56666666666667,18.05
2008,6.178963470458984,434,59.083333333333336,17.633333333333333
2008,5.2324706649780275,435,60.016666666666666,17.183333333333334
2008,6.705284042358398,436,58.95,16.983333333333334
2008,6.461995391845703,437,58.766666666666666,16.8
2008,6.6317362976074214,438,59.03333333333333,16.25
2008,5.597943878173828,439,59.3,16.116666666666667
2008,6.084928436279297,440,58.15,15.416666666666666
2008,6.381662673950196,441,58.75,15.133333333333333
2008,6.859891815185547,442,57.86666666666667,14.75
2008,6.664264068603516,443,57.833333333333336,14.983333333333333
2008,6.90007453918457,444,57.5,15.333333333333334
2008,10.513413848876953,445,57.13333333333333,13.583333333333334
2008,9.187078704833985,446,56.88333333333333,15.1
2008,9.185285949707032,447,57.05,14.366666666666667
2008,9.137371063232422,448,56.833333333333336,13.733333333333333
2008,12.707235260009766,449,56.733333333333334,13.366666666666667
2008,5.840963592529297,450,58.05,16.1
2008,8.227085647583008,451,56.63333333333333,15.616666666666667
2008,9.034209442138671,452,56.85,16.316666666666666
2008,12.504398498535156,453,56.28333333333333,14.65
2008,10.684125518798828,454,56.4,15.3
2008,12.67930923461914,455,56.21666666666667,15.433333333333334
2008,11.2832421875,456,56.38333333333333,14.533333333333331
2008,13.134370727539062,457,56.016666666666666,13.916666666666666
2008,13.424645385742188,458,56.1,13.516666666666667
2008,13.22839370727539,459,56.13333333333333,13.5
2008,13.38710678100586,460,55.916666666666664,13.583333333333334
2008,13.078526306152344,461,55.61666666666667,13.433333333333334
2008,19.077536163330077,462,57.06666666666667,12.55
2008,18.4094596862793,463,56.93333333333333,12.716666666666669
2008,15.231607666015625,464,56.766666666666666,13.133333333333333
2008,10.8613729095459,465,57,13.366666666666667
2008,15.91319595336914,466,56.68333333333333,13.15
2008,9.369831237792969,467,58.53333333333333,11.716666666666669
2008,11.05171371459961,468,57.4,13.1
2008,7.759877548217774,469,57.766666666666666,13.733333333333333
2008,7.175641326904297,470,58.71666666666667,11.966666666666669
2008,6.8786507415771485,471,58.61666666666667,13.766666666666667
2008,6.124446144104004,472,59.65,13.8
2008,5.343296051025391,473,59.81666666666667,12.9
2008,3.754361476898193,474,60.583333333333336,13.116666666666667
2008,5.383624839782715,475,59.583333333333336,14.866666666666667
2008,5.3363374328613284,476,59.583333333333336,14.7
2008,4.855870742797851,477,59.86666666666667,14.416666666666666
2008,5.51926254272461,478,59.083333333333336,15.5
2008,6.335112609863281,479,59.333333333333336,15.933333333333334
2008,3.136153507232666,480,61.11666666666667,14.35
2008,4.10044075012207,481,60.4,15.266666666666667
2008,3.1419060134887697,482,61.733333333333334,16.516666666666666
2008,3.6880062675476073,483,60.65,16.283333333333335
2008,2.349293422698975,484,62.266666666666666,16.333333333333332
2008,2.125218753814697,485,62,14.416666666666666
2008,2.198222780227661,486,63.06666666666667,16.733333333333334
2008,1.8909299612045287,487,64.48333333333333,18.466666666666665
2008,1.4213979291915892,488,65.4,18.1
2008,2.5560051155090333,489,65.95,23.25
2008,1.64661048412323,490,66.06666666666666,20.616666666666667
2008,3.1419060134887697,491,61.71666666666667,16.516666666666666
2008,18.688551635742186,492,48.11666666666667,16.033333333333335
2008,16.7045556640625,493,47.766666666666666,16.316666666666666
2008,12.842017517089843,494,47.483333333333334,16.55
2008,11.768281707763672,495,46.733333333333334,14.5
2008,9.453174209594726,496,46.766666666666666,13.166666666666666
2008,11.372291412353515,497,46.71666666666667,13.666666666666666
2008,15.26102508544922,498,48.35,15.2
2008,16.165060119628905,499,47.63333333333333,16.133333333333333
2008,13.47728012084961,500,48.916666666666664,15.183333333333334
2008,24.938858642578126,501,48.1,12.866666666666667
2008,22.233973846435546,502,47.86666666666667,13.35
2008,10.190715789794922,503,47.483333333333334,13.416666666666666
2008,16.00123779296875,504,46.61666666666667,15.5
2008,11.612447509765625,505,47.36666666666667,15.166666666666666
2008,9.742689971923829,506,47.63333333333333,15.65
2008,7.028793258666992,507,47.05,14.1
2008,11.46858253479004,508,47.31666666666667,12.4
2008,8.346302108764649,509,47.38333333333333,10.9
2008,18.271465911865235,510,47.36666666666667,11.883333333333333
2008,23.32515151977539,511,47.483333333333334,9.983333333333333
2008,0.8773468625545502,512,69.56666666666666,28.883333333333333
2008,1.1109836053848268,513,67.95,24.05
2008,1.1217268300056458,514,67.98333333333333,24.216666666666665
2008,1.4778648805618286,515,67.33333333333333,26.633333333333333
2008,1.9317683935165406,516,66.31666666666666,26.633333333333333
2008,1.9254924964904785,517,66.35,26.716666666666665
2008,1.6263662242889405,518,66.28333333333333,29.45
2008,1.6366593503952027,519,66.33333333333333,29.35
2008,2.9953051376342774,520,64.96666666666667,26.383333333333333
2008,4.972783813476562,521,61.86666666666667,24.216666666666665
2008,4.972783813476562,522,61.85,24.3
2008,7.1571335601806645,523,60.65,23.8
2008,6.781088943481445,524,60.61666666666667,23.833333333333332
2008,7.195254745483399,525,60.63333333333333,26.083333333333332
2008,7.343790054321289,526,60.65,26.116666666666667
2008,3.740193634033203,527,61.766666666666666,29.333333333333332
2008,3.740193634033203,528,61.8,29.316666666666663
2008,7.620749816894532,529,60.7,27.85
2008,5.6587739944458,530,61.233333333333334,25.05
2008,3.383979082107544,531,63.15,30.7
2008,1.6263662242889405,532,66.3,29.483333333333334
2008,0.6912117421627044,533,69.73333333333333,26.95
2008,3.174063034057617,534,63.55,22.483333333333334
2008,5.058730049133301,535,62.45,21.516666666666666
2008,4.707728881835937,536,62.05,24.366666666666667
2008,4.838407325744629,537,61.916666666666664,23.316666666666663
2008,9.141449584960938,538,60.03333333333333,23.033333333333335
2008,3.0602603340148926,539,64.11666666666666,26.683333333333337
2008,1.9317683935165406,540,66.33333333333333,26.633333333333333
2008,4.705261993408203,541,61.81666666666667,29.3
2008,1.8498836517333985,542,66.43333333333334,26.683333333333337
2008,6.109101142883301,543,60.983333333333334,27.266666666666666
2008,6.109101142883301,544,60.916666666666664,27.233333333333334
2008,21.30297668457031,545,46.583333333333336,6.65
2008,23.72006134033203,546,47.38333333333333,8.216666666666667
2008,24.094488372802733,547,47.03333333333333,8.7
2008,14.310530700683593,548,47.21666666666667,7.4
2008,13.468963165283203,549,46.21666666666667,6.283333333333333
2008,18.26492980957031,550,47.68333333333333,8.533333333333333
2008,27.27199935913086,551,46.016666666666666,8.833333333333334
2008,2.75202974319458,552,46.483333333333334,9.883333333333333
2008,7.982861709594727,553,46.43333333333333,8.8
2008,20.707395935058592,554,46.11666666666667,9
2008,9.662093811035156,555,46.266666666666666,7.433333333333334
2008,3.5060408401489256,556,46.65,10.216666666666669
2008,6.679447631835938,557,46.28333333333333,7.85
2008,22.961932373046874,558,47.266666666666666,7.883333333333333
2008,15.400475997924804,559,46.7,7.75
2008,26.43617645263672,560,47.15,9.066666666666666
2008,4.907920722961426,561,46.8,9.85
2008,24.351360473632813,562,47.46666666666667,8.35
2008,12.302954635620118,563,47.88333333333333,19.95
2008,12.302954635620118,564,47.85,19.966666666666665
2008,12.165272521972657,565,47.55,19.383333333333333
2008,10.861337127685546,566,46.96666666666667,19.55
2008,10.861337127685546,567,46.95,19.533333333333335
2008,10.41368148803711,568,47.333333333333336,21.083333333333332
2008,16.830559997558595,569,47.65,16.483333333333334
2008,15.947180786132812,570,47.65,16.516666666666666
2008,16.830559997558595,571,47.666666666666664,16.5
2008,14.804597473144531,572,46.81666666666667,16.4
2008,12.66340362548828,573,46.583333333333336,16.733333333333334
2008,10.861337127685546,574,46.95,19.55
2008,10.861337127685546,575,46.93333333333333,19.533333333333335
2008,10.665430145263672,576,43.9,26
2008,9.638545837402344,577,44.06666666666667,26.05
2008,9.752246704101562,578,44.3,25.6
2008,12.573340911865234,579,44.5,26.166666666666668
2008,12.242872924804688,580,44.9,26.1
2008,10.843054809570312,581,45.1,25.7
2008,7.343856735229492,582,45.5,25.583333333333332
2008,6.60478141784668,583,45.416666666666664,25.266666666666666
2008,9.091158561706543,584,46.68333333333333,22.616666666666667
2008,10.257586517333984,585,45.016666666666666,24.983333333333334
2008,5.940689315795899,586,47.43333333333333,25.55
2008,7.87566047668457,587,45.333333333333336,25.55
2008,11.087944641113282,588,53.88333333333333,14.5
2008,10.93642822265625,589,54.8,17.933333333333334
2008,13.446874084472656,590,53.78333333333333,15.05
2008,12.174688720703125,591,53.18333333333333,14.483333333333333
2008,14.072160339355468,592,52.9,15.35
2008,15.147780151367188,593,52.766666666666666,14.9
2008,13.500144653320312,594,53.11666666666667,16.033333333333335
2008,12.269808959960937,595,53.766666666666666,15.483333333333333
2008,11.55655792236328,596,54.666666666666664,17.983333333333334
2008,11.39413314819336,597,53.8,16.35
2008,13.627675170898437,598,54.15,17.116666666666667
2008,12.088008880615234,599,54.2,17.216666666666665
2008,13.598170318603515,600,54.083333333333336,19.15
2008,13.598170318603515,601,54.083333333333336,19.2
2008,13.96166473388672,602,54.05,20.4
2008,22.964353332519533,603,54.15,20.166666666666668
2008,15.408741455078125,604,53.766666666666666,19.033333333333335
2008,18.327117919921875,605,53.45,19.416666666666668
2008,10.247529754638672,606,54.28333333333333,23
2008,11.07203857421875,607,54.266666666666666,22.833333333333332
2008,15.009804077148438,608,54.333333333333336,22.35
2008,15.885704956054688,609,53.65,20.15
2008,15.512962951660157,610,53.666666666666664,21.433333333333337
2008,12.873814392089844,611,53.96666666666667,23.116666666666667
2008,12.682704162597656,612,53.9,23.316666666666663
2008,12.472064514160156,613,53.2,23.15
2008,12.984476928710938,614,53.2,23.35
2008,12.282088623046874,615,52.666666666666664,23.716666666666665
2008,11.676252136230469,616,52.85,23.666666666666668
2008,17.29506103515625,617,53.43333333333333,21.816666666666663
2008,12.894869995117187,618,53.28333333333333,22.05
2008,14.761823120117187,619,53.81666666666667,17.85
2008,14.864846801757812,620,53.93333333333333,18.083333333333332
2008,16.53669219970703,621,53.483333333333334,16.383333333333333
2008,14.980500793457031,622,53.3,16.833333333333332
2008,14.131752014160156,623,53.6,16.95
2008,14.929326934814453,624,53.266666666666666,19.55
2008,16.589026794433593,625,52.983333333333334,19.233333333333334
2008,14.009938812255859,626,52.55,15.25
2008,13.876499481201172,627,52.516666666666666,14.95
2008,16.096970520019532,628,52.8,16.416666666666668
2008,21.308612365722656,629,52.95,18.516666666666666
2008,22.60750946044922,630,52.7,18.916666666666668
2008,13.460175628662109,631,51.86666666666667,15.533333333333331
2008,12.922684783935546,632,52.35,15.8
2008,14.803309936523437,633,52.25,16.316666666666666
2008,22.31055694580078,634,52,17.316666666666666
2008,13.638183288574218,635,51.8,16.5
2008,22.502660217285158,636,52.63333333333333,17.65
2008,20.664678649902342,637,51.95,17.2
2008,14.796692810058595,638,51.516666666666666,18.25
2008,21.1182568359375,639,51.6,16.916666666666668
2008,19.619715270996092,640,53.11666666666667,19.783333333333335
2008,15.825866088867187,641,52.71666666666667,20.6
2008,15.65275390625,642,52.36666666666667,19.9
2008,13.115399017333985,643,52.016666666666666,21.1
2008,13.29064208984375,644,51.8,21.45
2008,13.498126525878906,645,53.3,21.616666666666667
2008,15.521877899169922,646,53.18333333333333,21.083333333333332
2008,12.024298858642577,647,52.766666666666666,22.666666666666668
2008,10.933480529785156,648,51.43333333333333,22.766666666666666
2008,11.8599267578125,649,51.96666666666667,22.983333333333334
2008,10.4922021484375,650,51.483333333333334,23.35
2008,10.703187255859374,651,51.233333333333334,23.5
2008,9.605665283203125,652,50.63333333333333,23.75
2008,14.043060302734375,653,51.36666666666667,15.683333333333334
2008,14.940227813720703,654,51.25,15.483333333333333
2008,12.171827087402344,655,51.35,16.5
2008,11.582532196044921,656,50.88333333333333,17.633333333333333
2008,11.395799942016602,657,50.63333333333333,16.933333333333334
2008,12.083967819213868,658,50.38333333333333,17.55
2008,12.740653686523437,659,50.43333333333333,17.95
2008,13.089556884765624,660,50.53333333333333,17.7
2008,12.819311218261719,661,50.8,18.166666666666668
2008,15.49352569580078,662,50.583333333333336,18.45
2008,14.069027404785157,663,50.233333333333334,18.316666666666663
2008,14.611836547851562,664,51.333333333333336,19.266666666666666
2008,13.436959533691406,665,51.1,20.416666666666668
2008,13.602408599853515,666,51.083333333333336,20.15
2008,11.699441375732421,667,50.7,20.766666666666666
2008,11.500959777832032,668,51.65,21.033333333333335
2008,12.058275909423829,669,51.2,21.383333333333333
2008,11.052161865234375,670,51.21666666666667,22.65
2008,12.358316650390625,671,51.166666666666664,21.866666666666667
2008,10.844672088623048,672,50.38333333333333,23.45
2008,10.581517791748047,673,50.43333333333333,23.4
2008,13.022536468505859,674,50.75,18.666666666666668
2008,13.66046646118164,675,51,19.05
2008,16.360472412109374,676,50.2,19.4
2008,14.622888793945313,677,50.35,19.35
2008,15.320586700439453,678,50.333333333333336,19.65
2008,13.542251434326172,679,50.7,19.216666666666665
2008,12.920403594970702,680,50.71666666666667,20.3
2008,12.689018707275391,681,50.55,21.25
2008,13.009845581054687,682,50.46666666666667,22.116666666666667
2008,11.920750274658204,683,50.5,22.933333333333337
2008,11.054073791503907,684,50.416666666666664,22.75
2008,13.26192039489746,685,50.05,20.566666666666663
2008,14.068138275146485,686,50.06666666666667,20.8
2008,11.954189376831055,687,50.266666666666666,22.116666666666667
2008,14.573788452148438,688,50.833333333333336,15.416666666666666
2008,13.524844741821289,689,50.85,15.516666666666667
2008,11.752172164916992,690,50.266666666666666,16.633333333333333
2008,16.02368133544922,691,50.31666666666667,16.416666666666668
2008,13.470112762451173,692,50.25,16.983333333333334
2008,12.302936553955078,693,50.233333333333334,16.783333333333335
2008,16.03222396850586,694,49.666666666666664,18.966666666666665
2008,12.96356430053711,695,49.75,21.816666666666663
2008,12.310395812988281,696,49.61666666666667,22.466666666666665
2008,10.520290679931641,697,49.2,22.716666666666665
2008,9.939535675048829,698,49.06666666666667,22.85
2008,14.472664642333985,699,49.65,19.033333333333335
2008,12.711581802368164,700,49.6,19.083333333333332
2008,14.130214614868164,701,49.516666666666666,18.9
2008,13.716740798950195,702,49.75,19.8
2008,12.747138748168945,703,49.68333333333333,20.166666666666668
2008,11.330960693359375,704,49.416666666666664,20.816666666666663
2008,10.162532196044921,705,49.333333333333336,20.833333333333332
2008,13.488044128417968,706,49.483333333333334,21.616666666666667
2008,12.321133728027343,707,49.4,21.95
2008,10.706397094726562,708,49.45,19.983333333333334
2008,15.147780151367188,709,52.733333333333334,14.866666666666667
2008,12.652474670410156,710,52.86666666666667,15.716666666666669
2008,11.903851165771485,711,54.53333333333333,17.9
2008,12.507252197265625,712,54.55,18.266666666666666
2008,15.887777252197266,713,53.983333333333334,19.433333333333337
2008,14.314837036132813,714,53.85,20.533333333333335
2008,11.98744384765625,715,53.583333333333336,23.266666666666666
2008,11.318709564208984,716,53.68333333333333,16.766666666666666
2008,13.70046630859375,717,51.81666666666667,15.783333333333331
2008,19.077259216308594,718,51.766666666666666,17.566666666666666
2008,21.365655212402345,719,52.483333333333334,19.6
2008,11.450745239257813,720,52.333333333333336,22.65
2008,11.871915740966797,721,52.03333333333333,22.716666666666665
2008,14.940227813720703,722,51.3,15.416666666666666
2008,13.089556884765624,723,50.6,17.683333333333334
2008,11.615349349975586,724,50.61666666666667,17.25
2008,16.839341888427736,725,50.083333333333336,18.65
2008,15.990814056396484,726,50.3,18.483333333333334
2008,12.799506683349609,727,51.03333333333333,19.6
2008,9.761491394042968,728,50.5,23.466666666666665
2008,17.6905078125,729,50.483333333333334,20.116666666666667
2008,12.888875122070312,730,51.05,15.866666666666667
2008,11.800556030273437,731,50.78333333333333,16.2
2008,11.823863830566406,732,49.85,22.6
2008,12.310395812988281,733,49.65,22.483333333333334
2008,10.809150314331054,734,49.45,22.283333333333335
2008,13.961141662597656,735,49.65,20.25
2008,12.46638168334961,736,48.2,18.383333333333333
2008,10.618160858154297,737,48.916666666666664,19.483333333333334
2008,11.639544525146484,738,48.63333333333333,19.533333333333335
2008,13.578318023681641,739,47.88333333333333,17.583333333333332
2008,13.453751983642578,740,48.61666666666667,19.033333333333335
2008,8.455260467529296,741,49.166666666666664,20.233333333333334
2008,11.359099044799805,742,49.18333333333333,22.083333333333332
2008,14.668967208862306,743,49.5,18.566666666666663
2008,14.668967208862306,744,49.483333333333334,18.566666666666663
2008,11.855585174560547,745,48.38333333333333,19
2008,11.187863235473634,746,48.95,19.383333333333333
2008,13.453751983642578,747,48.61666666666667,19.016666666666666
2008,9.895100440979004,748,58.38333333333333,8.233333333333333
2008,3.557814426422119,749,59.03333333333333,7.566666666666666
2008,1.3673570203781127,750,65.88333333333334,13.8
2008,7.884161758422851,751,58.96666666666667,11.516666666666667
2008,2.99034499168396,752,60.6,6.516666666666667
2008,1.9467759323120117,753,64.65,12.266666666666667
2008,3.182785816192627,754,61.266666666666666,11.85
2008,6.353578910827637,755,59.43333333333333,9.866666666666667
2008,2.5946050262451172,756,61,9.216666666666669
2008,2.15869047164917,757,63.28333333333333,11.183333333333334
2008,1.439185652732849,758,62.766666666666666,8.883333333333333
2008,5.652266311645508,759,60.36666666666667,11.066666666666666
2008,11.223010101318359,760,59.333333333333336,5.783333333333333
2008,3.182785816192627,761,61.28333333333333,11.85
2008,1.439185652732849,762,62.78333333333333,8.883333333333333
2008,6.353578910827637,763,59.45,9.866666666666667
2008,9.520358505249023,764,56.35,24.95
2008,10.946907196044922,765,54.833333333333336,24.05
2008,11.799654693603516,766,54.85,23.533333333333335
2008,10.16629165649414,767,56.333333333333336,24.833333333333332
2008,10.952243957519531,768,54.416666666666664,24.95
2008,10.946907196044922,769,54.81666666666667,24.066666666666663
2008,8.897451705932617,770,54.78333333333333,24.066666666666663
2008,11.852320404052735,771,54.18333333333333,24.6
2008,8.435305480957032,772,55.8,25.516666666666666
2008,12.185995635986329,773,55.81666666666667,21.466666666666665
2008,10.946907196044922,774,54.833333333333336,24.033333333333335
2008,14.175875549316407,775,50.03333333333333,12.616666666666667
2008,12.738584442138672,776,50.166666666666664,17.066666666666666
2008,12.983658752441407,777,50.1,17.2
2008,13.897726135253906,778,49.45,15.766666666666667
2008,14.520082092285156,779,50.55,15.95
2008,14.363553161621093,780,49.666666666666664,15.216666666666669
2008,13.449683074951173,781,50.18333333333333,12.883333333333333
2008,13.651620178222656,782,49.25,15.7
2008,12.930935745239259,783,50.733333333333334,15.533333333333331
2008,15.93418182373047,784,49.06666666666667,17.266666666666666
2008,18.190022277832032,785,50.13333333333333,15.866666666666667
2008,14.868154907226563,786,49.9,14.533333333333331
2008,14.335628051757812,787,49.21666666666667,14.3
2008,13.73653289794922,788,49.016666666666666,14.966666666666669
2008,17.18491241455078,789,50.28333333333333,16.383333333333333
2008,13.030917510986328,790,49.733333333333334,12.85
2008,13.752318420410155,791,49,14.8
2008,14.502205047607422,792,50.63333333333333,14.6
2008,14.917822341918946,793,50.833333333333336,15.333333333333334
2008,15.519872436523437,794,49.7,17.133333333333333
2008,15.538325805664062,795,49.45,18.383333333333333
2008,7.109178848266602,796,59.55,26.033333333333335
2008,6.965633163452148,797,59.56666666666667,26.116666666666667
2008,7.951656723022461,798,58.05,26.1
2008,7.009642028808594,799,58.11666666666667,27.05
2008,6.635010604858398,800,58.35,26.966666666666665
2008,7.708070678710937,801,57.7,26.516666666666666
2008,7.035219039916992,802,59.516666666666666,26.4
2008,6.849740829467773,803,58.266666666666666,26.45
2008,11.079646224975585,804,46.36666666666667,13.933333333333334
2008,24.69793197631836,805,45.983333333333334,13.733333333333333
2008,20.756346893310546,806,45.666666666666664,13.85
2008,21.714967346191408,807,46.28333333333333,14.4
2008,11.007808532714844,808,45.53333333333333,14.8
2008,14.978810272216798,809,46.46666666666667,15.383333333333333
2008,14.373313598632812,810,46.36666666666667,15.233333333333333
2008,14.556172943115234,811,46.1,15.066666666666666
2008,11.495372848510742,812,45.63333333333333,14.633333333333333
2008,14.86832489013672,813,45.86666666666667,15.416666666666666
2008,12.258960723876953,814,46.483333333333334,16.516666666666666
2008,14.978810272216798,815,46.45,15.383333333333333
2008,2.5511371231079103,816,64.13333333333334,32.233333333333334
2008,2.2064380550384524,817,64.11666666666666,32.88333333333333
2008,2.586489462852478,818,63.85,30.9
2008,2.713048553466797,819,63.85,31.55
2008,2.620023069381714,820,63.833333333333336,32.85
2008,3.54130464553833,821,63.56666666666667,30.883333333333333
2008,2.809109354019165,822,63.56666666666667,31.533333333333335
2008,2.910744476318359,823,63.266666666666666,32.166666666666664
2008,2.8772576999664308,824,63.25,32.8
2008,3.1952096939086916,825,62.96666666666667,32.78333333333333
2008,3.261822509765625,826,62.93333333333333,34.03333333333333
2008,3.8811927795410157,827,62.916666666666664,34.666666666666664
2008,3.473119225502014,828,62.9,35.3
2008,3.006221227645874,829,62.86666666666667,35.916666666666664
2008,4.0444892883300785,830,62.583333333333336,35.86666666666667
2008,3.7263594245910645,831,62.28333333333333,36.43333333333333
2008,3.5694991302490235,832,62.083333333333336,33.916666666666664
2008,4.311726093292236,833,61.983333333333334,36.36666666666667
2008,4.349177455902099,834,61.96666666666667,36.96666666666667
2008,3.8670554733276368,835,61.93333333333333,37.583333333333336
2008,5.48905086517334,836,61.85,30.833333333333332
2008,4.6293471145629885,837,61.81666666666667,33.266666666666666
2008,4.530556697845459,838,61.8,33.88333333333333
2008,4.299946727752686,839,61.666666666666664,36.916666666666664
2008,5.125643348693847,840,61.55,30.216666666666665
2008,5.61633975982666,841,61.55,32.03333333333333
2008,4.871413993835449,842,61.5,33.833333333333336
2008,4.506064109802246,843,61.483333333333334,34.45
2008,4.393208236694336,844,61.46666666666667,35.05
2008,5.3222034072875974,845,61.266666666666666,29.633333333333333
2008,3.9005441188812258,846,61.266666666666666,30.216666666666665
2008,6.366769714355469,847,61.25,32.61666666666667
2008,5.845608215332032,848,61.233333333333334,33.21666666666667
2008,4.479261207580566,849,61.2,34.4
2008,6.682693901062012,850,60.95,33.18333333333333
2008,5.7351047134399415,851,61.25,29.316666666666663
2008,6.024315681457519,852,61.11666666666667,29.033333333333335
2008,5.63037784576416,853,61.11666666666667,29.333333333333332
2008,5.335021133422852,854,61.11666666666667,29.616666666666667
2008,4.495756816864014,855,61.11666666666667,29.933333333333337
2008,2.0075502490997312,856,64.7,32.95
2008,6.220496368408203,857,60.96666666666667,29.033333333333335
2008,6.197297554016114,858,60.96666666666667,29.333333333333332
2008,5.777335052490234,859,60.96666666666667,29.633333333333333
2008,6.187661209106445,860,60.96666666666667,30.216666666666665
2008,6.620637664794922,861,60.833333333333336,28.45
2008,7.090152435302734,862,60.833333333333336,28.75
2008,6.267620849609375,863,60.833333333333336,29.066666666666663
2008,5.06048542022705,864,60.833333333333336,29.35
2008,6.097854995727539,865,60.81666666666667,29.633333333333333
2008,5.501738548278809,866,60.833333333333336,29.933333333333337
2008,5.103910503387451,867,60.81666666666667,30.233333333333334
2008,5.696631927490234,868,60.68333333333333,29.933333333333337
2008,6.1157043838500975,869,60.68333333333333,28.466666666666665
2008,7.383268051147461,870,60.68333333333333,29.05
2008,7.130831832885742,871,60.7,29.333333333333332
2008,6.27968578338623,872,60.68333333333333,29.65
2008,6.255433921813965,873,60.68333333333333,30.216666666666665
2008,6.1721662902832035,874,60.68333333333333,30.483333333333334
2008,8.038942489624024,875,60.53333333333333,27.916666666666668
2008,6.998592796325684,876,60.55,28.216666666666665
2008,6.376178855895996,877,60.53333333333333,28.483333333333334
2008,8.91272331237793,878,60.53333333333333,28.766666666666666
2008,6.18867259979248,879,60.55,29.366666666666667
2008,5.774757804870606,880,60.55,29.633333333333333
2008,7.267663803100586,881,60.55,29.933333333333337
2008,5.849083671569824,882,60.55,30.516666666666666
2008,9.319684295654296,883,60.4,28.766666666666666
2008,8.56537109375,884,60.4,29.066666666666663
2008,8.470636596679688,885,60.4,29.35
2008,8.61986473083496,886,60.4,29.633333333333333
2008,8.357561111450195,887,60.4,29.933333333333337
2008,7.572210311889648,888,60.416666666666664,30.2
2008,9.611531600952148,889,60.266666666666666,29.066666666666663
2008,8.394067993164063,890,60.266666666666666,29.35
2008,8.21021369934082,891,60.266666666666666,29.633333333333333
2008,9.542090148925782,892,60.266666666666666,29.933333333333337
2008,8.930458145141602,893,60.11666666666667,30.516666666666666
2008,9.028725814819335,894,60.11666666666667,30.8
2008,9.299822692871095,895,59.983333333333334,30.8
2008,6.314296684265137,896,59.983333333333334,31.083333333333332
2008,1.6409758806228638,897,66.43333333333334,32.43333333333333
2008,1.5380266046524047,898,66.41666666666667,33.15
2008,1.5181578588485718,899,66.15,31.683333333333337
2008,1.6508668565750122,900,66.13333333333334,33.11666666666667
2008,1.677611870765686,901,66.11666666666666,33.81666666666667
2008,1.7603899765014648,902,65.86666666666666,30.95
2008,1.7701514482498169,903,65.86666666666666,31.666666666666668
2008,1.5234224534034728,904,65.85,33.083333333333336
2008,1.4578168177604676,905,65.83333333333333,33.78333333333333
2008,1.368792929649353,906,65.81666666666666,34.46666666666667
2008,1.7964621591567993,907,65.58333333333333,30.966666666666665
2008,1.666254801750183,908,65.58333333333333,31.65
2008,1.6587139749526978,909,65.56666666666666,32.35
2008,1.6038867545127868,910,65.56666666666666,33.03333333333333
2008,2.012783784866333,911,65.3,30.25
2008,2.0430076122283936,912,65.3,30.95
2008,2.0391232061386106,913,65.3,31.633333333333333
2008,1.5508686470985413,914,65.26666666666667,33.016666666666666
2008,1.5963434624671935,915,65.25,33.68333333333333
2008,1.5638245272636413,916,65.25,34.38333333333333
2008,2.09660382270813,917,65.01666666666667,30.25
2008,2.0178940725326537,918,65,32.28333333333333
2008,1.8691350030899048,919,64.98333333333333,32.983333333333334
2008,1.8184963989257812,920,64.96666666666667,33.65
2008,1.6353143191337585,921,64.95,34.333333333333336
2008,2.2688667488098146,922,64.73333333333333,30.25
2008,2.113184480667114,923,64.71666666666667,30.916666666666668
2008,2.0898297882080077,924,64.71666666666667,31.6
2008,2.2551856517791746,925,64.41666666666667,32.9
2008,2.140213146209717,926,64.4,33.583333333333336
2008,2.3105616760253906,927,64.38333333333334,34.25
2008,2.421517868041992,928,64.15,31.566666666666663
2008,2.661361951828003,929,64.1,33.53333333333333
2008,2.5972402811050417,930,64.08333333333333,34.2
2008,2.547600812911987,931,63.85,32.2
2008,2.255173535346985,932,63.8,34.15
2008,3.031936845779419,933,63.78333333333333,34.8
2008,2.3900517511367796,934,63.55,32.833333333333336
2008,2.6810186100006104,935,63.53333333333333,33.46666666666667
2008,2.9683534145355224,936,63.21666666666667,34.71666666666667
2008,3.011378135681152,937,63.18333333333333,35.35
2008,3.213392524719238,938,63.166666666666664,35.983333333333334
2008,3.061213960647583,939,62.983333333333334,32.13333333333333
2008,3.4527891731262206,940,62.7,32.11666666666667
2008,3.680971622467041,941,62.68333333333333,32.733333333333334
2008,3.5393014335632325,942,62.666666666666664,33.36666666666667
2008,3.6344198417663574,943,62.63333333333333,34.61666666666667
2008,3.7892388343811034,944,62.416666666666664,31.466666666666665
2008,3.6600231742858886,945,62.4,32.71666666666667
2008,3.572825164794922,946,62.38333333333333,33.333333333333336
2008,3.1364642143249513,947,62.36666666666667,33.96666666666667
2008,3.6525138664245604,948,62.333333333333336,35.18333333333333
2008,5.216413040161132,949,62.13333333333333,30.85
2008,4.402520198822021,950,62.13333333333333,31.45
2008,4.149874382019043,951,62.11666666666667,32.06666666666667
2008,4.074158706665039,952,62.11666666666667,32.68333333333333
2008,4.216379852294922,953,62.1,33.3
2008,3.913230743408203,954,62.05,35.15
2008,5.839918251037598,955,61.833333333333336,31.45
2008,4.5776581192016605,956,61.81666666666667,32.666666666666664
2008,6.914757099151611,957,61.55,31.433333333333337
2008,4.470250625610351,958,61.53333333333333,32.63333333333333
2008,5.0346432876586915,959,61.516666666666666,33.233333333333334
2008,5.973814086914063,960,60.93333333333333,33.78333333333333
2008,8.3582373046875,961,42.766666666666666,23.75
2008,8.657821350097656,962,43.05,27.766666666666666
2008,6.47069221496582,963,42.06666666666667,23.8
2008,8.37926727294922,964,42.9,27.75
2008,5.992198638916015,965,41.68333333333333,24.733333333333334
2008,13.002056274414063,966,56.21666666666667,21.116666666666667
2008,7.559759674072265,967,57.166666666666664,25.7
2008,8.968356781005859,968,56.733333333333334,23.683333333333337
2008,5.199810256958008,969,35,33.05
2008,4.964799118041992,970,34.95,32.81666666666667
2008,4.924461288452148,971,34.916666666666664,32.916666666666664
2008,6.4260101318359375,972,35.016666666666666,32.61666666666667
2008,10.57450698852539,973,45.15,19.8
2008,6.361712799072266,974,43.28333333333333,20.8
2008,10.611329345703124,975,45.45,19.166666666666668
2008,11.715133209228515,976,44.11666666666667,21.966666666666665
2008,7.252503814697266,977,43.75,19.483333333333334
2009,15.043564910888671,1,47.86666666666667,6.2
2009,13.901988677978515,2,46.96666666666667,5.233333333333333
2009,15.577562713623047,3,46.166666666666664,5.233333333333333
2009,15.287789916992187,4,47.06666666666667,5.066666666666666
2009,11.949274444580078,5,48.166666666666664,-1.5333333333333332
2009,12.665316467285157,6,45.93333333333333,4.466666666666667
2009,12.502167053222657,7,47.083333333333336,4.083333333333333
2009,11.693847351074218,8,46.56666666666667,5.866666666666667
2009,10.928313751220703,9,46.516666666666666,6.05
2009,4.761304588317871,10,45.583333333333336,6.783333333333333
2009,13.597654876708985,11,46.21666666666667,6.333333333333333
2009,6.275033950805664,12,44.11666666666667,5.8
2009,14.072181701660156,13,47.8,4.85
2009,14.509573669433594,14,47.18333333333333,6.266666666666667
2009,10.45191177368164,15,44.916666666666664,5.283333333333333
2009,13.258314361572266,16,47.78333333333333,5.066666666666666
2009,16.62654998779297,17,48.63333333333333,6.066666666666666
2009,3.759264373779297,18,44.7,6.55
2009,4.645409259796143,19,44.016666666666666,6.666666666666667
2009,11.949274444580078,20,48.2,-1.55
2009,12.777623596191406,21,47.93333333333333,3.716666666666667
2009,3.967085990905762,22,44.483333333333334,6.45
2009,12.178436584472657,23,46.96666666666667,6.45
2009,9.000165634155273,24,44.93333333333333,5.316666666666666
2009,11.12169906616211,25,45.416666666666664,6.116666666666666
2009,14.91622543334961,26,46.833333333333336,5.783333333333333
2009,18.26198974609375,27,48.333333333333336,4.3
2009,12.903553161621094,28,46.81666666666667,2.5666666666666664
2009,20.79552001953125,29,43.733333333333334,-0.8333333333333334
2009,12.239699249267579,30,47.45,-0.01666666666666666
2009,15.733374176025391,31,49.016666666666666,5.766666666666667
2009,18.50204833984375,32,50.166666666666664,3.75
2009,11.165753326416016,33,43.2,-0.03333333333333333
2009,12.57742431640625,34,46.666666666666664,2.716666666666667
2009,17.51567840576172,35,48.28333333333333,4.45
2009,12.302596435546874,36,47.25,2.1166666666666667
2009,14.074657440185547,37,49.35,1.5
2009,13.189216156005859,38,47.56666666666667,1.25
2009,20.080328369140624,39,49.03333333333333,4.95
2009,18.860853881835936,40,48.86666666666667,6.483333333333333
2009,16.464122009277343,41,49,7.45
2009,11.770158081054687,42,46.96666666666667,3.65
2009,13.993865966796875,43,49.38333333333333,2.3
2009,12.178494415283204,44,48.516666666666666,0.6666666666666666
2009,18.465252685546876,45,47.68333333333333,7.466666666666667
2009,12.315252838134766,46,47.78333333333333,0.36666666666666664
2009,9.769940948486328,47,44.03333333333333,1.7333333333333334
2009,12.288018493652343,48,46.61666666666667,0.48333333333333334
2009,15.647483520507812,49,48.016666666666666,6.033333333333333
2009,15.676106414794923,50,48.983333333333334,7.716666666666667
2009,14.88199462890625,51,48.45,2.716666666666667
2009,10.422459106445313,52,46.15,1.8166666666666669
2009,8.122586212158204,53,43.43333333333333,2.7
2009,11.767171630859375,54,48.56666666666667,-0.06666666666666667
2009,10.714074325561523,55,43.1,-0.1
2009,17.655639038085937,56,49.93333333333333,4.8
2009,7.860447769165039,57,43.63333333333333,2.9166666666666665
2009,10.93200439453125,58,45.75,2.95
2009,10.99669204711914,59,47,4.116666666666666
2009,8.988616333007812,60,43.43333333333333,2.4333333333333336
2009,10.403701934814453,61,45.8,1.8
2009,13.960065612792969,62,48.233333333333334,7.1
2009,15.807293395996094,63,49.2,3.1166666666666667
2009,11.28876838684082,64,42.916666666666664,1.2666666666666666
2009,12.879889678955077,65,49.166666666666664,-0.85
2009,9.158182830810548,66,47.833333333333336,-3.533333333333333
2009,8.031894302368164,67,44.1,3.533333333333333
2009,18.516990814208985,68,48.5,6.7
2009,20.695564575195313,69,49.166666666666664,5
2009,17.927104187011718,70,49.31666666666667,2.8666666666666667
2009,12.475774993896485,71,43.15,-0.65
2009,10.870618667602539,72,43.016666666666666,0.43333333333333335
2009,18.15446823120117,73,49.7,1.3166666666666669
2009,10.748990783691406,74,43.4,2.1666666666666665
2009,15.713143310546876,75,48.1,6.233333333333333
2009,5.930358028411865,76,42.25,8.833333333333334
2009,12.5825830078125,77,47.65,2.0833333333333335
2009,6.998346786499024,78,41.75,9.2
2009,9.833956451416016,79,43.93333333333333,-1.3333333333333333
2009,10.728010864257813,80,44.1,0.1
2009,11.728745422363282,81,44.03333333333333,-0
2009,12.315252838134766,82,47.733333333333334,0.3333333333333333
2009,7.875293197631836,83,44.85,3.05
2009,11.01531509399414,84,47.53333333333333,-1.8
2009,13.975477905273438,85,47.81666666666667,2.4333333333333336
2009,13.151737213134766,86,48.6,-0.5
2009,8.61168685913086,87,45.4,3.6833333333333336
2009,16.670106353759767,88,48.85,7.7
2009,16.464122009277343,89,48.916666666666664,7.433333333333334
2009,18.262886657714844,90,49.45,0.7333333333333333
2009,14.642762298583984,91,48.68333333333333,1.7166666666666668
2009,15.656265563964844,92,48.21666666666667,6.683333333333334
2009,7.535519714355469,93,44.7,3.95
2009,8.984901123046875,94,42.85,1.3333333333333333
2009,8.747087173461914,95,42.86666666666667,2.1
2009,15.97881103515625,96,48.6,7.133333333333334
2009,9.32419418334961,97,45.43333333333333,3.5166666666666666
2009,12.803197021484374,98,47.93333333333333,7.116666666666666
2009,8.193452453613281,99,45.96666666666667,-1.2666666666666666
2009,6.5206997680664065,100,46.86666666666667,-2.1333333333333333
2009,11.1459326171875,101,46.18333333333333,2.9833333333333334
2009,27.98245788574219,102,51.06666666666667,3.033333333333333
2009,18.290257873535158,103,50.78333333333333,4.7
2009,18.300470886230467,104,50.7,4.3
2009,30.869793701171876,105,51.4,5.05
2009,26.97037384033203,106,51.3,4.516666666666667
2009,20.24340789794922,107,50.96666666666667,3.8
2009,19.036956787109375,108,50.983333333333334,4.2
2009,26.346244506835937,109,50.96666666666667,2.95
2009,24.377176513671873,110,51.166666666666664,5.316666666666666
2009,24.722587280273437,111,50.93333333333333,5.6
2009,19.40805603027344,112,50.733333333333334,4.4
2009,17.61016357421875,113,49.95,4.816666666666666
2009,18.93837890625,114,50.21666666666667,5.616666666666667
2009,18.21674072265625,115,49.766666666666666,5.45
2009,18.056428833007814,116,50.233333333333334,5.983333333333333
2009,20.30796875,117,50.583333333333336,6.1
2009,17.441413269042968,118,50.05,5.216666666666667
2009,19.20156311035156,119,49.516666666666666,5.566666666666666
2009,18.334388427734375,120,50.1,4.266666666666667
2009,17.559798278808593,121,50.666666666666664,4.6
2009,25.32807891845703,122,52.96666666666667,6.733333333333333
2009,24.44593963623047,123,52.86666666666667,6.333333333333333
2009,24.44593963623047,124,52.86666666666667,6.35
2009,25.45246551513672,125,52.9,6.716666666666667
2009,27.414903869628905,126,52.53333333333333,6.55
2009,34.78981384277344,127,52.166666666666664,5.75
2009,30.712493286132812,128,51.31666666666667,5.516666666666667
2009,28.105054016113282,129,51.55,4.766666666666667
2009,33.48403137207031,130,52.233333333333334,5.633333333333333
2009,30.265181884765624,131,52.1,5.216666666666667
2009,28.95906311035156,132,52.15,5.883333333333333
2009,24.091317443847657,133,52.833333333333336,6.433333333333334
2009,30.386365966796873,134,52.266666666666666,5.733333333333333
2009,17.25673034667969,135,52.46666666666667,13.216666666666669
2009,15.144531707763672,136,52.416666666666664,13.6
2009,14.885307006835937,137,53.1,12.416666666666666
2009,15.804022216796875,138,53.13333333333333,12.95
2009,14.940111083984375,139,52.96666666666667,13.633333333333333
2009,15.3287646484375,140,52.18333333333333,12.55
2009,16.18896484375,141,51.78333333333333,13.55
2009,16.267105407714844,142,52.13333333333333,14
2009,15.804022216796875,143,53.13333333333333,12.966666666666669
2009,16.18896484375,144,51.78333333333333,13.566666666666666
2009,14.874062957763671,145,52.15,14.016666666666667
2009,15.804022216796875,146,53.15,12.983333333333333
2009,16.03236785888672,147,52.15,14.483333333333333
2009,18.073047790527344,148,48.8,8.383333333333333
2009,20.4275146484375,149,49.45,8.75
2009,14.638074340820312,150,47.983333333333334,8.983333333333333
2009,14.45002410888672,151,48.28333333333333,8.65
2009,18.97330047607422,152,47.78333333333333,7.7
2009,16.901751403808593,153,48.016666666666666,7.966666666666667
2009,21.442475891113283,154,48,9.95
2009,13.006130065917969,155,48.6,8.633333333333333
2009,20.09602294921875,156,48.86666666666667,9.566666666666666
2009,16.533616638183595,157,49.516666666666666,9.166666666666666
2009,19.838381042480467,158,48.75,9.416666666666666
2009,13.006130065917969,159,48.583333333333336,8.633333333333333
2009,20.4275146484375,160,49.46666666666667,8.733333333333333
2009,16.901751403808593,161,48.016666666666666,7.95
2009,21.442475891113283,162,48,9.966666666666669
2009,13.006130065917969,163,48.583333333333336,8.616666666666667
2009,20.23114959716797,164,49.4,11.316666666666666
2009,24.032900085449217,165,48.11666666666667,11.916666666666666
2009,16.813765869140624,166,49.75,12.383333333333333
2009,19.066550903320312,167,48.96666666666667,12.866666666666667
2009,17.72923095703125,168,48.916666666666664,11.75
2009,21.283848876953126,169,48.4,11.65
2009,26.96146728515625,170,48.21666666666667,12.733333333333333
2009,15.122396392822266,171,50.35,9.916666666666666
2009,12.167771797180176,172,47.56666666666667,12.933333333333334
2009,18.88004913330078,173,49.11666666666667,10.583333333333334
2009,17.666748046875,174,49.85,10.516666666666667
2009,16.937960815429687,175,49.96666666666667,11.8
2009,20.036457977294923,176,48.7,12.733333333333333
2009,19.02537841796875,177,49.68333333333333,11.5
2009,18.203312377929688,178,49.96666666666667,9.45
2009,25.11447998046875,179,47.86666666666667,10.783333333333331
2009,18.955642700195313,180,47.56666666666667,10.383333333333333
2009,21.27870422363281,181,48.4,10.533333333333331
2009,19.745047607421874,182,49.266666666666666,12.383333333333333
2009,15.834472045898437,183,50.45,11.35
2009,16.864298706054687,184,49.71666666666667,9.883333333333333
2009,21.630608367919923,185,47.71666666666667,11.666666666666666
2009,21.150744323730468,186,48.28333333333333,11.066666666666666
2009,20.373780822753908,187,52.833333333333336,10.25
2009,22.39977081298828,188,51.85,10.4
2009,20.703367004394533,189,51.85,10.416666666666666
2009,21.279307861328125,190,51.75,9.566666666666666
2009,19.790797119140624,191,51.516666666666666,10.033333333333331
2009,21.874024353027345,192,53.166666666666664,9.9
2009,30.924815673828125,193,52.9,7.85
2009,18.737459106445314,194,50.63333333333333,9.666666666666666
2009,17.335728759765626,195,50.416666666666664,9.666666666666666
2009,18.992215270996095,196,50.7,8.883333333333333
2009,19.151712341308595,197,50.15,9.383333333333333
2009,15.880277099609375,198,50.56666666666667,8.2
2009,17.90206085205078,199,50.916666666666664,9.333333333333334
2009,19.488721008300782,200,54.083333333333336,10.233333333333333
2009,18.391566162109374,201,49.63333333333333,8.833333333333334
2009,17.267527770996093,202,52.56666666666667,11.166666666666666
2009,17.704842224121094,203,52.05,12.3
2009,18.24234375,204,51.36666666666667,9.266666666666667
2009,19.78793212890625,205,51.28333333333333,9.75
2009,17.564735107421875,206,50.68333333333333,8.633333333333333
2009,16.051544799804688,207,51.15,9.016666666666667
2009,20.212414855957032,208,49.7,8.516666666666667
2009,20.212414855957032,209,49.7,8.533333333333333
2009,17.267527770996093,210,52.56666666666667,11.183333333333334
2009,15.667032165527344,211,53.666666666666664,12.05
2009,15.445256958007812,212,53.63333333333333,13.933333333333334
2009,32.281504516601565,213,51.75,6.05
2009,28.682453002929687,214,51.71666666666667,6.166666666666667
2009,30.05698486328125,215,51.68333333333333,7.25
2009,25.925081176757814,216,51.833333333333336,8.95
2009,16.340894470214845,217,51.21666666666667,8.666666666666666
2009,19.26398620605469,218,51.016666666666666,8.183333333333334
2009,20.80662109375,219,50.666666666666664,6.25
2009,25.06340515136719,220,51.7,8.983333333333333
2009,17.103324279785156,221,49.68333333333333,7.016666666666667
2009,18.132144165039062,222,50.416666666666664,7.083333333333333
2009,14.412029876708985,223,49.63333333333333,7.916666666666667
2009,18.092279663085936,224,50.4,7.716666666666667
2009,16.373215637207032,225,49.266666666666666,7.8
2009,16.972220153808593,226,49.016666666666666,8.116666666666667
2009,16.56525146484375,227,49.3,7.866666666666667
2009,17.380186767578124,228,49.31666666666667,7.016666666666667
2009,17.059232177734376,229,50.416666666666664,12.533333333333331
2009,15.634578857421875,230,50.63333333333333,13.3
2009,16.827652587890626,231,50.81666666666667,14.083333333333334
2009,15.73909637451172,232,51.11666666666667,14.55
2009,19.413829040527343,233,51.233333333333334,13.816666666666666
2009,16.753716125488282,234,51.18333333333333,12.816666666666666
2009,16.133900451660157,235,50.6,10.783333333333331
2009,17.138794860839845,236,51.333333333333336,10.85
2009,17.36804656982422,237,50.78333333333333,11.65
2009,16.82083679199219,238,50.93333333333333,11.016666666666667
2009,15.353664855957032,239,50.483333333333334,11.483333333333333
2009,7.089818878173828,240,41.833333333333336,13.583333333333334
2009,7.844129180908203,241,40.6,15.866666666666667
2009,9.820517349243165,242,38.416666666666664,16.166666666666668
2009,6.32278694152832,243,40.416666666666664,15.433333333333334
2009,25.893312072753908,244,44.71666666666667,10.2
2009,13.465241546630859,245,44.1,11.116666666666667
2009,24.249276428222657,246,45.81666666666667,13.166666666666666
2009,9.212869873046875,247,46.483333333333334,13.583333333333334
2009,9.007774505615235,248,42.81666666666667,11.9
2009,6.103750190734863,249,46.233333333333334,9.55
2009,12.591396484375,250,43.28333333333333,13.066666666666666
2009,24.69674072265625,251,45.666666666666664,8.066666666666666
2009,10.285129089355468,252,41.81666666666667,15.983333333333333
2009,7.528240661621094,253,39.333333333333336,8.566666666666666
2009,15.619278259277344,254,43.5,10.433333333333334
2009,8.605842590332031,255,46.35,11.483333333333333
2009,11.073686065673828,256,43.45,12.45
2009,4.219001121520996,257,45.71666666666667,6.916666666666667
2009,27.644571533203123,258,46.05,12.016666666666667
2009,5.82928092956543,259,37.9,13.4
2009,8.939120025634766,260,41.9,14.35
2009,16.27871681213379,261,45.95,10.116666666666667
2009,23.894589233398438,262,45.88333333333333,9.383333333333333
2009,8.50276611328125,263,42.86666666666667,10.766666666666667
2009,10.957949829101562,264,43.733333333333334,11.566666666666666
2009,12.158583831787109,265,46.583333333333336,11.433333333333334
2009,13.993407897949218,266,44.4,9.45
2009,31.69525329589844,267,45.516666666666666,8.7
2009,4.459347515106201,268,46.31666666666667,8.266666666666667
2009,40.024287109375,269,45.2,10.733333333333333
2009,8.316146202087403,270,46.266666666666666,8.233333333333333
2009,9.688332977294921,271,41.233333333333334,13.066666666666666
2009,9.688332977294921,272,41.233333333333334,13.083333333333334
2009,12.630394134521485,273,51.1,-0.85
2009,14.037405090332031,274,51.583333333333336,-1.9166666666666663
2009,15.338903198242187,275,54.3,-3.0166666666666666
2009,15.344834899902343,276,52.43333333333333,0.8666666666666667
2009,13.229017944335938,277,53.4,-1.75
2009,4.1442567825317385,278,56.65,-4.283333333333333
2009,8.666386260986329,279,55.083333333333336,-2.466666666666667
2009,4.727739830017089,280,56.71666666666667,-4.05
2009,6.383954315185547,281,56.233333333333334,-5.266666666666667
2009,9.136907196044922,282,52.11666666666667,-3.7333333333333334
2009,12.827872161865235,283,51.2,1.1166666666666667
2009,10.869944610595702,284,51.11666666666667,-1.2333333333333334
2009,12.630394134521485,285,51.016666666666666,-0.8666666666666667
2009,10.869944610595702,286,51.13333333333333,-1.2333333333333334
2009,7.736538467407226,287,53.1,-6.233333333333333
2009,10.077448348999024,288,52.96666666666667,-6.183333333333334
2009,10.318273468017578,289,52.53333333333333,-7.033333333333333
2009,10.237803344726563,290,52.3,-8.616666666666667
2009,10.279948272705077,291,52.583333333333336,-7.666666666666667
2009,10.713769226074218,292,53.483333333333334,-6.85
2009,6.742975006103515,293,54.18333333333333,-8.616666666666667
2009,9.624823837280273,294,53.96666666666667,-7.65
2009,9.170839233398437,295,54.13333333333333,-7.666666666666667
2009,5.113070755004883,296,53.35,-9.333333333333334
2009,4.3336655807495115,297,53.75,-9.55
2009,16.673808288574218,298,56.28333333333333,8.416666666666666
2009,18.12834197998047,299,55.13333333333333,8.883333333333333
2009,13.339564361572265,300,55.95,12.35
2009,15.491185607910156,301,56.083333333333336,9.35
2009,13.305628662109376,302,55.36666666666667,11.55
2009,14.806460113525391,303,55.7,12.35
2009,13.547954406738281,304,56.38333333333333,9.333333333333334
2009,15.14147705078125,305,55,9.916666666666666
2009,15.491185607910156,306,56.06666666666667,9.333333333333334
2009,7.426148948669433,307,38.833333333333336,21.3
2009,9.994776458740235,308,39.78333333333333,22.783333333333335
2009,9.994776458740235,309,39.78333333333333,22.766666666666666
2009,5.952738265991211,310,38.86666666666667,21.866666666666667
2009,5.952738265991211,311,38.86666666666667,21.85
2009,5.884149322509765,312,40.06666666666667,-8.25
2009,5.219577255249024,313,38.95,-8.066666666666666
2009,4.313949775695801,314,38.083333333333336,-7.033333333333333
2009,6.240807571411133,315,38.31666666666667,-8.533333333333333
2009,3.9047093963623047,316,41.5,-7.633333333333333
2009,3.5963398361206056,317,40.4,-7.533333333333333
2009,9.657857437133789,318,39.78333333333333,-8.95
2009,7.69837028503418,319,38.65,-8.616666666666667
2009,5.199308815002442,320,43.1,-4.633333333333333
2009,8.735929870605469,321,42.25,-2.7
2009,17.95796417236328,322,41.81666666666667,2.6166666666666667
2009,5.828928451538086,323,40.86666666666667,-3.966666666666667
2009,10.471889038085937,324,40.53333333333333,0.01666666666666666
2009,4.895507965087891,325,39.93333333333333,-5.783333333333333
2009,6.395312004089355,326,37.15,-6.716666666666667
2009,4.0237174987792965,327,40.18333333333333,-6.433333333333334
2009,3.370298957824707,328,38.46666666666667,-6.75
2009,7.196339569091797,329,43.15,-5.466666666666667
2009,4.360129547119141,330,40.43333333333333,-4.116666666666666
2009,9.515669555664063,331,42.983333333333334,-1.3333333333333333
2009,4.715665435791015,332,37.81666666666667,-5.683333333333334
2009,6.986348991394043,333,36.36666666666667,-5.566666666666666
2009,18.335722351074217,334,41.766666666666666,2.4
2009,9.304683532714844,335,40.9,0.38333333333333336
2009,10.671255111694336,336,43.016666666666666,-8.95
2009,4.858807830810547,337,40.46666666666667,-1.6666666666666663
2009,6.003794555664062,338,40.31666666666667,-0.7166666666666667
2009,11.95206298828125,339,42.516666666666666,-1.0666666666666669
2009,5.419563026428222,340,42.63333333333333,-0.2833333333333333
2009,7.334085769653321,341,38.516666666666666,-0.6333333333333333
2009,6.626742477416992,342,38.166666666666664,-4.066666666666666
2009,5.265721130371094,343,37.9,-2.8833333333333333
2009,4.817126979827881,344,37,-3
2009,5.790689849853516,345,41.6,-3.033333333333333
2009,5.504189910888672,346,41.86666666666667,-2.8666666666666667
2009,5.168388748168946,347,41.983333333333334,-2.5
2009,8.340611267089844,348,43,-3.6833333333333336
2009,4.56771224975586,349,42.86666666666667,-4.55
2009,5.553832168579102,350,42.78333333333333,-5.366666666666666
2009,3.6217321014404296,351,41.78333333333333,-6.366666666666666
2009,5.771855392456055,352,41.333333333333336,-4.533333333333333
2009,6.903585128784179,353,41.35,-4.283333333333333
2009,4.003918762207031,354,40.333333333333336,-5.933333333333334
2009,4.5570345306396485,355,40.21666666666667,-5.016666666666667
2009,6.426839294433594,356,39.81666666666667,2.9
2009,5.71919692993164,357,39.85,3.1666666666666665
2009,5.24596794128418,358,40.016666666666666,-1.9666666666666668
2009,6.448073120117187,359,39.833333333333336,-1.3
2009,4.464458465576172,360,39.38333333333333,-4.116666666666666
2009,16.122824401855468,361,43.13333333333333,-2.966666666666667
2009,4.6731883239746095,362,38.483333333333334,-2.466666666666667
2009,12.995823516845704,363,42.28333333333333,1.8833333333333333
2009,4.832182312011719,364,42.6,1.0666666666666669
2009,4.1877030181884765,365,39.6,-4.683333333333334
2009,4.067807273864746,366,41.9,-8.116666666666667
2009,NA,367,28.133333333333333,-17.283333333333335
2009,NA,368,28.116666666666667,-17.216666666666665
2009,NA,369,28.183333333333337,-16.666666666666668
2009,10.70929473876953,370,42.733333333333334,-8.7
2009,5.544495086669922,371,38.06666666666667,-2.8166666666666664
2009,3.6398628997802733,372,37.53333333333333,-7.183333333333334
2009,7.334085769653321,373,38.516666666666666,-0.6166666666666667
2009,5.504189910888672,374,41.86666666666667,-2.8833333333333333
2009,4.56771224975586,375,42.85,-4.55
2009,16.122824401855468,376,43.13333333333333,-2.9833333333333334
2009,4.6731883239746095,377,38.46666666666667,-2.45
2009,8.887772216796876,378,39.333333333333336,-0.31666666666666665
2009,4.403480606079102,379,37.45,-6.833333333333333
2009,18.26644256591797,380,49.983333333333334,6.033333333333333
2009,25.810602416992186,381,49.65,6.183333333333334
2009,13.135403594970704,382,56.166666666666664,13.15
2009,2.5783673763275146,383,63.03333333333333,17.416666666666668
2009,6.166864318847656,384,59.65,17.883333333333333
2009,4.721603012084961,385,60.18333333333333,17.716666666666665
2009,5.5214230346679685,386,58.96666666666667,15.85
2009,6.068670272827148,387,58.21666666666667,15.916666666666666
2009,8.616614608764648,388,57.45,13.7
2009,9.167939682006836,389,56.46666666666667,15.116666666666667
2009,6.611457824707031,390,57.7,15.916666666666666
2009,11.541858978271485,391,56.3,14.85
2009,10.74643081665039,392,56.3,15.7
2009,11.200904846191406,393,56.36666666666667,13.816666666666666
2009,11.186030731201171,394,56.166666666666664,14.233333333333333
2009,11.977322845458984,395,56.25,13.533333333333331
2009,13.396399688720702,396,56.333333333333336,13.016666666666667
2009,13.222428436279296,397,55.983333333333334,13.383333333333333
2009,14.900555419921876,398,57.2,12.45
2009,13.59856719970703,399,57.03333333333333,12.8
2009,9.056664199829102,400,58.36666666666667,12.083333333333334
2009,8.558779525756837,401,57.55,13.5
2009,10.068169784545898,402,57.21666666666667,13.1
2009,10.690933074951172,403,57.516666666666666,12.466666666666669
2009,7.65200439453125,404,58.13333333333333,14.066666666666666
2009,6.075849227905273,405,58.85,13.683333333333334
2009,5.268911895751953,406,59.95,12.633333333333333
2009,5.868017082214355,407,59.666666666666664,11.95
2009,5.504658393859863,408,59.583333333333336,12.483333333333333
2009,4.640681419372559,409,59.8,15.483333333333333
2009,4.328632087707519,410,60.016666666666666,15.4
2009,2.9274452781677245,411,61.2,15.2
2009,3.6942998123168946,412,60.266666666666666,14.5
2009,2.8675591278076173,413,62.18333333333333,16.716666666666665
2009,2.784010257720947,414,63.166666666666664,17.916666666666668
2009,2.108667030334473,415,63.333333333333336,14.75
2009,2.702560615539551,416,63.75,19.4
2009,1.6278200244903565,417,64.5,17.4
2009,1.5871206283569337,418,65.45,19.4
2009,8.656578216552735,419,57.1,14.55
2009,7.603015670776367,420,57.13333333333333,14.766666666666667
2009,7.603015670776367,421,57.166666666666664,14.8
2009,10.297584381103515,422,58.05,12.016666666666667
2009,10.297584381103515,423,58.06666666666667,12.016666666666667
2009,4.751255035400391,424,59.75,14.9
2009,4.454525451660157,425,59.9,15.233333333333333
2009,4.958232841491699,426,59.56666666666667,14.833333333333334
2009,2.1111124086380006,427,63.85,18.1
2009,2.081759309768677,428,64.03333333333333,18.916666666666668
2009,2.2813731956481935,429,64.25,19.8
2009,10.207417144775391,430,56.333333333333336,14.966666666666669
2009,13.020194549560546,431,57.5,12.233333333333333
2009,9.507654418945313,432,58.43333333333333,11.733333333333333
2009,6.13259292602539,433,59.56666666666667,18.05
2009,5.987025146484375,434,59.083333333333336,17.633333333333333
2009,4.793965950012207,435,60.016666666666666,17.183333333333334
2009,6.079967575073242,436,58.95,16.983333333333334
2009,6.013151092529297,437,58.766666666666666,16.8
2009,6.063706588745117,438,59.03333333333333,16.25
2009,5.245973510742187,439,59.3,16.116666666666667
2009,6.059734802246094,440,58.15,15.416666666666666
2009,6.364370193481445,441,58.75,15.133333333333333
2009,6.60094985961914,442,57.86666666666667,14.75
2009,6.361245040893555,443,57.833333333333336,14.983333333333333
2009,6.716909408569336,444,57.5,15.333333333333334
2009,9.675338134765624,445,57.13333333333333,13.583333333333334
2009,7.902244186401367,446,56.88333333333333,15.1
2009,8.304283905029298,447,57.05,14.366666666666667
2009,8.593229446411133,448,56.833333333333336,13.733333333333333
2009,11.525929412841798,449,56.733333333333334,13.366666666666667
2009,5.864926452636719,450,58.05,16.1
2009,7.645166931152343,451,56.63333333333333,15.616666666666667
2009,8.408329315185547,452,56.85,16.316666666666666
2009,11.39606964111328,453,56.28333333333333,14.65
2009,10.011345825195313,454,56.4,15.3
2009,11.445584564208984,455,56.21666666666667,15.433333333333334
2009,10.04719223022461,456,56.38333333333333,14.533333333333331
2009,12.951358032226562,457,56.016666666666666,13.916666666666666
2009,12.797526550292968,458,56.1,13.516666666666667
2009,12.706961822509765,459,56.13333333333333,13.5
2009,12.611786499023438,460,55.916666666666664,13.583333333333334
2009,12.34100112915039,461,55.61666666666667,13.433333333333334
2009,15.867425231933593,462,57.06666666666667,12.55
2009,15.042433929443359,463,56.93333333333333,12.716666666666669
2009,13.676968383789063,464,56.766666666666666,13.133333333333333
2009,10.099084396362304,465,57,13.366666666666667
2009,14.304217834472656,466,56.68333333333333,13.15
2009,8.78336326599121,467,58.53333333333333,11.716666666666669
2009,10.000833892822266,468,57.4,13.1
2009,7.316334838867188,469,57.766666666666666,13.733333333333333
2009,7.113409042358398,470,58.71666666666667,11.966666666666669
2009,7.042816314697266,471,58.61666666666667,13.766666666666667
2009,5.5225089645385745,472,59.65,13.8
2009,5.555778732299805,473,59.81666666666667,12.9
2009,3.630258197784424,474,60.583333333333336,13.116666666666667
2009,4.958232841491699,475,59.583333333333336,14.866666666666667
2009,4.87379035949707,476,59.583333333333336,14.7
2009,4.3510236740112305,477,59.86666666666667,14.416666666666666
2009,5.268009414672852,478,59.083333333333336,15.5
2009,6.258990020751953,479,59.333333333333336,15.933333333333334
2009,3.0898053550720217,480,61.11666666666667,14.35
2009,4.209644622802735,481,60.4,15.266666666666667
2009,3.3432768249511717,482,61.733333333333334,16.516666666666666
2009,3.8815292930603027,483,60.65,16.283333333333335
2009,2.4648627853393554,484,62.266666666666666,16.333333333333332
2009,2.0995700931549073,485,62,14.416666666666666
2009,2.3210412788391115,486,63.06666666666667,16.733333333333334
2009,1.7283383226394653,487,64.48333333333333,18.466666666666665
2009,1.4871466445922852,488,65.4,18.1
2009,2.0402321243286132,489,65.95,23.25
2009,1.434009428024292,490,66.06666666666666,20.616666666666667
2009,3.3432768249511717,491,61.71666666666667,16.516666666666666
2009,19.045939025878905,492,48.11666666666667,16.033333333333335
2009,16.29001663208008,493,47.766666666666666,16.316666666666666
2009,12.36949493408203,494,47.483333333333334,16.55
2009,12.532467498779297,495,46.733333333333334,14.5
2009,7.984019927978515,496,46.766666666666666,13.166666666666666
2009,10.25972640991211,497,46.71666666666667,13.666666666666666
2009,15.410169372558594,498,48.35,15.2
2009,15.7555419921875,499,47.63333333333333,16.133333333333333
2009,14.024059448242188,500,48.916666666666664,15.183333333333334
2009,27.495350036621094,501,48.1,12.866666666666667
2009,24.837115020751952,502,47.86666666666667,13.35
2009,11.424444580078125,503,47.483333333333334,13.416666666666666
2009,17.011244201660155,504,46.61666666666667,15.5
2009,12.068409271240235,505,47.36666666666667,15.166666666666666
2009,10.40426773071289,506,47.63333333333333,15.65
2009,7.2625430297851565,507,47.05,14.1
2009,12.07291160583496,508,47.31666666666667,12.4
2009,9.095563049316405,509,47.38333333333333,10.9
2009,19.482634887695312,510,47.36666666666667,11.883333333333333
2009,24.170747680664064,511,47.483333333333334,9.983333333333333
2009,0.872230703830719,512,69.56666666666666,28.883333333333333
2009,1.1111603689193725,513,67.95,24.05
2009,1.1304861211776733,514,67.98333333333333,24.216666666666665
2009,1.3899117994308472,515,67.33333333333333,26.633333333333333
2009,1.8852995872497558,516,66.31666666666666,26.633333333333333
2009,1.8965109825134276,517,66.35,26.716666666666665
2009,1.5322119998931885,518,66.28333333333333,29.45
2009,1.5810389184951783,519,66.33333333333333,29.35
2009,2.5820681381225588,520,64.96666666666667,26.383333333333333
2009,4.200410461425781,521,61.86666666666667,24.216666666666665
2009,4.200410461425781,522,61.85,24.3
2009,5.244832611083984,523,60.65,23.8
2009,4.972287979125976,524,60.61666666666667,23.833333333333332
2009,5.21684310913086,525,60.63333333333333,26.083333333333332
2009,5.314187622070312,526,60.65,26.116666666666667
2009,2.951800308227539,527,61.766666666666666,29.333333333333332
2009,2.951800308227539,528,61.8,29.316666666666663
2009,5.403824234008789,529,60.7,27.85
2009,4.298410949707031,530,61.233333333333334,25.05
2009,2.4289146709442138,531,63.15,30.7
2009,1.5322119998931885,532,66.3,29.483333333333334
2009,0.6993564176559448,533,69.73333333333333,26.95
2009,3.1605632400512693,534,63.55,22.483333333333334
2009,3.992872200012207,535,62.45,21.516666666666666
2009,4.063585319519043,536,62.05,24.366666666666667
2009,4.009036598205566,537,61.916666666666664,23.316666666666663
2009,7.294742279052734,538,60.03333333333333,23.033333333333335
2009,2.590939311981201,539,64.11666666666666,26.683333333333337
2009,1.8852995872497558,540,66.33333333333333,26.633333333333333
2009,3.7540164947509767,541,61.81666666666667,29.3
2009,1.763820662498474,542,66.43333333333334,26.683333333333337
2009,4.473958168029785,543,60.983333333333334,27.266666666666666
2009,4.473958168029785,544,60.916666666666664,27.233333333333334
2009,20.25189666748047,545,46.583333333333336,6.65
2009,23.94316162109375,546,47.38333333333333,8.216666666666667
2009,23.511987457275392,547,47.03333333333333,8.7
2009,14.55988800048828,548,47.21666666666667,7.4
2009,12.734093170166016,549,46.21666666666667,6.283333333333333
2009,18.081511840820312,550,47.68333333333333,8.533333333333333
2009,22.00790313720703,551,46.016666666666666,8.833333333333334
2009,2.3274014472961424,552,46.483333333333334,9.883333333333333
2009,7.073615264892578,553,46.43333333333333,8.8
2009,16.90541244506836,554,46.11666666666667,9
2009,8.908924560546875,555,46.266666666666666,7.433333333333334
2009,3.1384661865234373,556,46.65,10.216666666666669
2009,6.556366729736328,557,46.28333333333333,7.85
2009,22.743174743652343,558,47.266666666666666,7.883333333333333
2009,13.890509948730468,559,46.7,7.75
2009,27.05130554199219,560,47.15,9.066666666666666
2009,4.736856002807617,561,46.8,9.85
2009,25.018494873046876,562,47.46666666666667,8.35
2009,11.315848922729492,563,47.88333333333333,19.95
2009,11.315848922729492,564,47.85,19.966666666666665
2009,12.160048522949218,565,47.55,19.383333333333333
2009,11.334875030517578,566,46.96666666666667,19.55
2009,11.334875030517578,567,46.95,19.533333333333335
2009,10.733551635742188,568,47.333333333333336,21.083333333333332
2009,16.044332885742186,569,47.65,16.483333333333334
2009,15.423291015625,570,47.65,16.516666666666666
2009,16.044332885742186,571,47.666666666666664,16.5
2009,14.136142272949218,572,46.81666666666667,16.4
2009,12.940440216064452,573,46.583333333333336,16.733333333333334
2009,11.334875030517578,574,46.95,19.55
2009,11.334875030517578,575,46.93333333333333,19.533333333333335
2009,11.275050964355469,576,43.9,26
2009,9.637166900634766,577,44.06666666666667,26.05
2009,10.19163787841797,578,44.3,25.6
2009,12.40608917236328,579,44.5,26.166666666666668
2009,12.561872100830078,580,44.9,26.1
2009,12.254938354492188,581,45.1,25.7
2009,7.603405075073242,582,45.5,25.583333333333332
2009,7.145773086547852,583,45.416666666666664,25.266666666666666
2009,9.058138427734375,584,46.68333333333333,22.616666666666667
2009,11.448551635742188,585,45.016666666666666,24.983333333333334
2009,6.328395080566406,586,47.43333333333333,25.55
2009,8.417146377563476,587,45.333333333333336,25.55
2009,9.861864013671875,588,53.88333333333333,14.5
2009,9.553795623779298,589,54.8,17.933333333333334
2009,11.977097473144532,590,53.78333333333333,15.05
2009,11.837056579589843,591,53.18333333333333,14.483333333333333
2009,14.07736114501953,592,52.9,15.35
2009,14.824050903320313,593,52.766666666666666,14.9
2009,12.702125244140625,594,53.11666666666667,16.033333333333335
2009,11.36455551147461,595,53.766666666666666,15.483333333333333
2009,10.146429595947266,596,54.666666666666664,17.983333333333334
2009,10.68264404296875,597,53.8,16.35
2009,12.344661865234375,598,54.15,17.116666666666667
2009,11.001985321044922,599,54.2,17.216666666666665
2009,11.966011505126954,600,54.083333333333336,19.15
2009,11.966011505126954,601,54.083333333333336,19.2
2009,12.108550262451171,602,54.05,20.4
2009,19.979588012695313,603,54.15,20.166666666666668
2009,13.167093963623048,604,53.766666666666666,19.033333333333335
2009,15.833778381347656,605,53.45,19.416666666666668
2009,8.49489471435547,606,54.28333333333333,23
2009,8.981420593261719,607,54.266666666666666,22.833333333333332
2009,12.679931945800782,608,54.333333333333336,22.35
2009,13.946244201660157,609,53.65,20.15
2009,14.09813720703125,610,53.666666666666664,21.433333333333337
2009,11.177156982421875,611,53.96666666666667,23.116666666666667
2009,10.996405487060548,612,53.9,23.316666666666663
2009,10.831012725830078,613,53.2,23.15
2009,11.494371795654297,614,53.2,23.35
2009,11.461890716552734,615,52.666666666666664,23.716666666666665
2009,10.90787109375,616,52.85,23.666666666666668
2009,15.536430969238282,617,53.43333333333333,21.816666666666663
2009,12.102578735351562,618,53.28333333333333,22.05
2009,12.62263214111328,619,53.81666666666667,17.85
2009,13.025434875488282,620,53.93333333333333,18.083333333333332
2009,15.335493469238282,621,53.483333333333334,16.383333333333333
2009,14.605085754394532,622,53.3,16.833333333333332
2009,13.407047729492188,623,53.6,16.95
2009,13.196789703369141,624,53.266666666666666,19.55
2009,13.924113159179688,625,52.983333333333334,19.233333333333334
2009,13.944664154052735,626,52.55,15.25
2009,13.742885437011719,627,52.516666666666666,14.95
2009,16.8909912109375,628,52.8,16.416666666666668
2009,19.492473754882813,629,52.95,18.516666666666666
2009,21.469923400878905,630,52.7,18.916666666666668
2009,13.244681396484374,631,51.86666666666667,15.533333333333331
2009,13.175464324951172,632,52.35,15.8
2009,14.571195373535156,633,52.25,16.316666666666666
2009,22.891399536132813,634,52,17.316666666666666
2009,13.88170181274414,635,51.8,16.5
2009,22.416410217285158,636,52.63333333333333,17.65
2009,20.994630432128908,637,51.95,17.2
2009,15.458040771484375,638,51.516666666666666,18.25
2009,22.14614227294922,639,51.6,16.916666666666668
2009,17.604608764648436,640,53.11666666666667,19.783333333333335
2009,14.602825622558594,641,52.71666666666667,20.6
2009,15.46978988647461,642,52.36666666666667,19.9
2009,13.230213775634766,643,52.016666666666666,21.1
2009,12.888961181640624,644,51.8,21.45
2009,12.886356506347656,645,53.3,21.616666666666667
2009,13.93267364501953,646,53.18333333333333,21.083333333333332
2009,11.482108459472656,647,52.766666666666666,22.666666666666668
2009,10.959889831542968,648,51.43333333333333,22.766666666666666
2009,11.963363037109374,649,51.96666666666667,22.983333333333334
2009,10.566755981445313,650,51.483333333333334,23.35
2009,10.632909088134765,651,51.233333333333334,23.5
2009,10.009175720214843,652,50.63333333333333,23.75
2009,13.639893951416015,653,51.36666666666667,15.683333333333334
2009,14.3698779296875,654,51.25,15.483333333333333
2009,13.109956512451172,655,51.35,16.5
2009,12.90110092163086,656,50.88333333333333,17.633333333333333
2009,12.134465255737304,657,50.63333333333333,16.933333333333334
2009,12.25756477355957,658,50.38333333333333,17.55
2009,13.463792724609375,659,50.43333333333333,17.95
2009,13.874470520019532,660,50.53333333333333,17.7
2009,13.713820495605468,661,50.8,18.166666666666668
2009,15.604649505615235,662,50.583333333333336,18.45
2009,14.763754425048829,663,50.233333333333334,18.316666666666663
2009,14.55276107788086,664,51.333333333333336,19.266666666666666
2009,12.480811004638673,665,51.1,20.416666666666668
2009,13.226305084228516,666,51.083333333333336,20.15
2009,11.427817840576171,667,50.7,20.766666666666666
2009,12.168688507080079,668,51.65,21.033333333333335
2009,12.11378158569336,669,51.2,21.383333333333333
2009,11.475710144042969,670,51.21666666666667,22.65
2009,11.521561737060546,671,51.166666666666664,21.866666666666667
2009,10.65642852783203,672,50.38333333333333,23.45
2009,10.39050521850586,673,50.43333333333333,23.4
2009,13.31087417602539,674,50.75,18.666666666666668
2009,13.346875762939453,675,51,19.05
2009,15.253642425537109,676,50.2,19.4
2009,14.057125244140625,677,50.35,19.35
2009,14.654095764160155,678,50.333333333333336,19.65
2009,12.650394134521484,679,50.7,19.216666666666665
2009,12.181275024414063,680,50.71666666666667,20.3
2009,13.062338256835938,681,50.55,21.25
2009,12.717854614257812,682,50.46666666666667,22.116666666666667
2009,11.886476287841797,683,50.5,22.933333333333337
2009,11.238492889404297,684,50.416666666666664,22.75
2009,13.27691032409668,685,50.05,20.566666666666663
2009,14.141865692138673,686,50.06666666666667,20.8
2009,11.53112205505371,687,50.266666666666666,22.116666666666667
2009,14.045352630615234,688,50.833333333333336,15.416666666666666
2009,13.273524322509765,689,50.85,15.516666666666667
2009,10.461052474975586,690,50.266666666666666,16.633333333333333
2009,14.154082183837891,691,50.31666666666667,16.416666666666668
2009,11.92363754272461,692,50.25,16.983333333333334
2009,11.042673110961914,693,50.233333333333334,16.783333333333335
2009,14.652879180908203,694,49.666666666666664,18.966666666666665
2009,12.073538665771485,695,49.75,21.816666666666663
2009,11.379611511230468,696,49.61666666666667,22.466666666666665
2009,10.684909057617187,697,49.2,22.716666666666665
2009,10.304379501342773,698,49.06666666666667,22.85
2009,13.127866668701172,699,49.65,19.033333333333335
2009,11.554012603759766,700,49.6,19.083333333333332
2009,12.818254623413086,701,49.516666666666666,18.9
2009,12.704097290039062,702,49.75,19.8
2009,12.13576515197754,703,49.68333333333333,20.166666666666668
2009,12.042785034179687,704,49.416666666666664,20.816666666666663
2009,10.695977020263673,705,49.333333333333336,20.833333333333332
2009,12.482679748535157,706,49.483333333333334,21.616666666666667
2009,11.68601448059082,707,49.4,21.95
2009,10.415694885253906,708,49.45,19.983333333333334
2009,14.824050903320313,709,52.733333333333334,14.866666666666667
2009,12.876122741699218,710,52.86666666666667,15.716666666666669
2009,10.483100433349609,711,54.53333333333333,17.9
2009,10.9481005859375,712,54.55,18.266666666666666
2009,13.711283874511718,713,53.983333333333334,19.433333333333337
2009,12.991135864257812,714,53.85,20.533333333333335
2009,10.447956695556641,715,53.583333333333336,23.266666666666666
2009,10.529351806640625,716,53.68333333333333,16.766666666666666
2009,13.186625213623048,717,51.81666666666667,15.783333333333331
2009,19.724324340820313,718,51.766666666666666,17.566666666666666
2009,20.531380004882813,719,52.483333333333334,19.6
2009,11.244586486816406,720,52.333333333333336,22.65
2009,12.100583801269531,721,52.03333333333333,22.716666666666665
2009,14.3698779296875,722,51.3,15.416666666666666
2009,13.874470520019532,723,50.6,17.683333333333334
2009,12.527561569213868,724,50.61666666666667,17.25
2009,16.247477264404296,725,50.083333333333336,18.65
2009,16.370183715820314,726,50.3,18.483333333333334
2009,12.138928375244141,727,51.03333333333333,19.6
2009,9.824530181884766,728,50.5,23.466666666666665
2009,17.24121124267578,729,50.483333333333334,20.116666666666667
2009,13.544322509765625,730,51.05,15.866666666666667
2009,11.631467895507813,731,50.78333333333333,16.2
2009,11.408659057617188,732,49.85,22.6
2009,11.379611511230468,733,49.65,22.483333333333334
2009,10.490993804931641,734,49.45,22.283333333333335
2009,13.300475463867187,735,49.65,20.25
2009,11.78133331298828,736,48.2,18.383333333333333
2009,8.853387145996093,737,48.916666666666664,19.483333333333334
2009,9.751265716552734,738,48.63333333333333,19.533333333333335
2009,12.851411437988281,739,47.88333333333333,17.583333333333332
2009,10.440737533569337,740,48.61666666666667,19.033333333333335
2009,8.49003547668457,741,49.166666666666664,20.233333333333334
2009,11.205311279296875,742,49.18333333333333,22.083333333333332
2009,13.702005996704102,743,49.5,18.566666666666663
2009,13.702005996704102,744,49.483333333333334,18.566666666666663
2009,10.788179321289062,745,48.38333333333333,19
2009,9.176389541625976,746,48.95,19.383333333333333
2009,10.440737533569337,747,48.61666666666667,19.016666666666666
2009,12.674912967681884,748,58.38333333333333,8.233333333333333
2009,4.439015808105469,749,59.03333333333333,7.566666666666666
2009,1.2759121322631837,750,65.88333333333334,13.8
2009,7.043853797912598,751,58.96666666666667,11.516666666666667
2009,3.314388132095337,752,60.6,6.516666666666667
2009,2.054651851654053,753,64.65,12.266666666666667
2009,3.1556330490112305,754,61.266666666666666,11.85
2009,7.520994033813476,755,59.43333333333333,9.866666666666667
2009,2.9095348358154296,756,61,9.216666666666669
2009,2.3449643325805662,757,63.28333333333333,11.183333333333334
2009,1.5041120481491088,758,62.766666666666666,8.883333333333333
2009,5.580126304626464,759,60.36666666666667,11.066666666666666
2009,12.843892135620116,760,59.333333333333336,5.783333333333333
2009,3.1556330490112305,761,61.28333333333333,11.85
2009,1.5041120481491088,762,62.78333333333333,8.883333333333333
2009,7.520994033813476,763,59.45,9.866666666666667
2009,7.171617660522461,764,56.35,24.95
2009,9.046548767089844,765,54.833333333333336,24.05
2009,9.769506225585937,766,54.85,23.533333333333335
2009,7.613614807128906,767,56.333333333333336,24.833333333333332
2009,9.99927230834961,768,54.416666666666664,24.95
2009,9.046548767089844,769,54.81666666666667,24.066666666666663
2009,7.405791473388672,770,54.78333333333333,24.066666666666663
2009,10.44703399658203,771,54.18333333333333,24.6
2009,7.261784896850586,772,55.8,25.516666666666666
2009,9.430464248657227,773,55.81666666666667,21.466666666666665
2009,9.046548767089844,774,54.833333333333336,24.033333333333335
2009,13.932341918945312,775,50.03333333333333,12.616666666666667
2009,10.859402465820313,776,50.166666666666664,17.066666666666666
2009,10.717589721679687,777,50.1,17.2
2009,13.249499053955079,778,49.45,15.766666666666667
2009,13.168429412841796,779,50.55,15.95
2009,14.199419860839845,780,49.666666666666664,15.216666666666669
2009,13.142516784667968,781,50.18333333333333,12.883333333333333
2009,12.9210498046875,782,49.25,15.7
2009,12.010928421020507,783,50.733333333333334,15.533333333333331
2009,13.738975524902344,784,49.06666666666667,17.266666666666666
2009,17.972782592773438,785,50.13333333333333,15.866666666666667
2009,15.362073364257812,786,49.9,14.533333333333331
2009,14.940046081542969,787,49.21666666666667,14.3
2009,14.073112335205078,788,49.016666666666666,14.966666666666669
2009,14.867394256591798,789,50.28333333333333,16.383333333333333
2009,12.619648742675782,790,49.733333333333334,12.85
2009,14.716441040039063,791,49,14.8
2009,13.908502349853515,792,50.63333333333333,14.6
2009,14.167949142456054,793,50.833333333333336,15.333333333333334
2009,14.133659973144532,794,49.7,17.133333333333333
2009,14.075535888671874,795,49.45,18.383333333333333
2009,5.501361808776855,796,59.55,26.033333333333335
2009,5.370321388244629,797,59.56666666666667,26.116666666666667
2009,6.319510345458984,798,58.05,26.1
2009,6.118926849365234,799,58.11666666666667,27.05
2009,5.495650024414062,800,58.35,26.966666666666665
2009,6.50592643737793,801,57.7,26.516666666666666
2009,5.277360496520996,802,59.516666666666666,26.4
2009,5.615381546020508,803,58.266666666666666,26.45
2009,9.871757278442383,804,46.36666666666667,13.933333333333334
2009,17.90522705078125,805,45.983333333333334,13.733333333333333
2009,16.92655960083008,806,45.666666666666664,13.85
2009,19.949620361328126,807,46.28333333333333,14.4
2009,11.286159133911132,808,45.53333333333333,14.8
2009,16.22731430053711,809,46.46666666666667,15.383333333333333
2009,15.173105926513673,810,46.36666666666667,15.233333333333333
2009,15.18571746826172,811,46.1,15.066666666666666
2009,12.134536437988281,812,45.63333333333333,14.633333333333333
2009,15.369478454589844,813,45.86666666666667,15.416666666666666
2009,12.292427673339844,814,46.483333333333334,16.516666666666666
2009,16.22731430053711,815,46.45,15.383333333333333
2009,2.015646438598633,816,64.13333333333334,32.233333333333334
2009,1.558535599708557,817,64.11666666666666,32.88333333333333
2009,1.7731409454345703,818,63.85,30.9
2009,2.061955518722534,819,63.85,31.55
2009,2.084751386642456,820,63.833333333333336,32.85
2009,2.543366470336914,821,63.56666666666667,30.883333333333333
2009,2.075981311798096,822,63.56666666666667,31.533333333333335
2009,2.1489006996154787,823,63.266666666666666,32.166666666666664
2009,2.2790901947021482,824,63.25,32.8
2009,2.361668071746826,825,62.96666666666667,32.78333333333333
2009,2.265486650466919,826,62.93333333333333,34.03333333333333
2009,2.7259664726257324,827,62.916666666666664,34.666666666666664
2009,2.268355441093445,828,62.9,35.3
2009,2.084433298110962,829,62.86666666666667,35.916666666666664
2009,2.9898008155822753,830,62.583333333333336,35.86666666666667
2009,2.8864878463745116,831,62.28333333333333,36.43333333333333
2009,2.8028509330749514,832,62.083333333333336,33.916666666666664
2009,3.1225750160217287,833,61.983333333333334,36.36666666666667
2009,2.99556245803833,834,61.96666666666667,36.96666666666667
2009,2.831997871398926,835,61.93333333333333,37.583333333333336
2009,4.210334701538086,836,61.85,30.833333333333332
2009,2.9973559761047364,837,61.81666666666667,33.266666666666666
2009,3.1458078956604005,838,61.8,33.88333333333333
2009,3.32794246673584,839,61.666666666666664,36.916666666666664
2009,3.944121322631836,840,61.55,30.216666666666665
2009,3.8984961700439453,841,61.55,32.03333333333333
2009,3.4435456085205076,842,61.5,33.833333333333336
2009,3.369719295501709,843,61.483333333333334,34.45
2009,3.6449314880371095,844,61.46666666666667,35.05
2009,4.2567111587524415,845,61.266666666666666,29.633333333333333
2009,2.9286896800994873,846,61.266666666666666,30.216666666666665
2009,4.462313041687012,847,61.25,32.61666666666667
2009,4.248943977355957,848,61.233333333333334,33.21666666666667
2009,3.426447620391846,849,61.2,34.4
2009,4.95155330657959,850,60.95,33.18333333333333
2009,4.444598999023437,851,61.25,29.316666666666663
2009,4.467349166870117,852,61.11666666666667,29.033333333333335
2009,4.334092636108398,853,61.11666666666667,29.333333333333332
2009,4.228077621459961,854,61.11666666666667,29.616666666666667
2009,3.5178663825988767,855,61.11666666666667,29.933333333333337
2009,1.4918416213989258,856,64.7,32.95
2009,4.6231184005737305,857,60.96666666666667,29.033333333333335
2009,4.7482775115966795,858,60.96666666666667,29.333333333333332
2009,4.5687211227416995,859,60.96666666666667,29.633333333333333
2009,4.776334381103515,860,60.96666666666667,30.216666666666665
2009,4.893883819580078,861,60.833333333333336,28.45
2009,4.996506462097168,862,60.833333333333336,28.75
2009,4.458438606262207,863,60.833333333333336,29.066666666666663
2009,3.6200123977661134,864,60.833333333333336,29.35
2009,4.786850662231445,865,60.81666666666667,29.633333333333333
2009,4.301156044006348,866,60.833333333333336,29.933333333333337
2009,3.7703359603881834,867,60.81666666666667,30.233333333333334
2009,4.314719886779785,868,60.68333333333333,29.933333333333337
2009,3.9998445320129394,869,60.68333333333333,28.466666666666665
2009,5.384786834716797,870,60.68333333333333,29.05
2009,5.351049118041992,871,60.7,29.333333333333332
2009,4.779002151489258,872,60.68333333333333,29.65
2009,4.563359603881836,873,60.68333333333333,30.216666666666665
2009,4.544325294494629,874,60.68333333333333,30.483333333333334
2009,5.629003829956055,875,60.53333333333333,27.916666666666668
2009,4.596996002197265,876,60.55,28.216666666666665
2009,4.188742427825928,877,60.53333333333333,28.483333333333334
2009,6.6276994323730465,878,60.53333333333333,28.766666666666666
2009,4.561832885742188,879,60.55,29.366666666666667
2009,4.340696411132813,880,60.55,29.633333333333333
2009,5.593345336914062,881,60.55,29.933333333333337
2009,4.445217094421387,882,60.55,30.516666666666666
2009,7.1233815002441405,883,60.4,28.766666666666666
2009,6.435395202636719,884,60.4,29.066666666666663
2009,6.827014923095703,885,60.4,29.35
2009,7.0116230010986325,886,60.4,29.633333333333333
2009,6.425256652832031,887,60.4,29.933333333333337
2009,5.646328735351562,888,60.416666666666664,30.2
2009,7.678549423217773,889,60.266666666666666,29.066666666666663
2009,6.919377059936523,890,60.266666666666666,29.35
2009,6.897246170043945,891,60.266666666666666,29.633333333333333
2009,7.593481979370117,892,60.266666666666666,29.933333333333337
2009,6.686532592773437,893,60.11666666666667,30.516666666666666
2009,6.943083419799804,894,60.11666666666667,30.8
2009,8.155843658447266,895,59.983333333333334,30.8
2009,5.540960464477539,896,59.983333333333334,31.083333333333332
2009,1.4623927450180054,897,66.43333333333334,32.43333333333333
2009,1.3233993983268737,898,66.41666666666667,33.15
2009,1.3457413291931153,899,66.15,31.683333333333337
2009,1.3659592056274414,900,66.13333333333334,33.11666666666667
2009,1.4556917810440064,901,66.11666666666666,33.81666666666667
2009,1.5490317058563232,902,65.86666666666666,30.95
2009,1.4464080429077149,903,65.86666666666666,31.666666666666668
2009,1.190882649421692,904,65.85,33.083333333333336
2009,1.118650324344635,905,65.83333333333333,33.78333333333333
2009,1.1429551768302917,906,65.81666666666666,34.46666666666667
2009,1.5353739166259766,907,65.58333333333333,30.966666666666665
2009,1.4143819046020507,908,65.58333333333333,31.65
2009,1.2758557271957398,909,65.56666666666666,32.35
2009,1.2908888864517212,910,65.56666666666666,33.03333333333333
2009,1.6771546173095704,911,65.3,30.25
2009,1.6405939626693726,912,65.3,30.95
2009,1.6669645833969116,913,65.3,31.633333333333333
2009,1.150308599472046,914,65.26666666666667,33.016666666666666
2009,1.2118169784545898,915,65.25,33.68333333333333
2009,1.2142920017242431,916,65.25,34.38333333333333
2009,1.7484376049041748,917,65.01666666666667,30.25
2009,1.5178189516067504,918,65,32.28333333333333
2009,1.3142557096481324,919,64.98333333333333,32.983333333333334
2009,1.3563545417785645,920,64.96666666666667,33.65
2009,1.3165078973770141,921,64.95,34.333333333333336
2009,1.8069869899749755,922,64.73333333333333,30.25
2009,1.6509114933013915,923,64.71666666666667,30.916666666666668
2009,1.650170497894287,924,64.71666666666667,31.6
2009,1.6967293071746825,925,64.41666666666667,32.9
2009,1.6170233488082886,926,64.4,33.583333333333336
2009,1.815225887298584,927,64.38333333333334,34.25
2009,1.8633590030670166,928,64.15,31.566666666666663
2009,1.8341264533996582,929,64.1,33.53333333333333
2009,1.879573073387146,930,64.08333333333333,34.2
2009,2.0636133766174316,931,63.85,32.2
2009,1.620135450363159,932,63.8,34.15
2009,2.1736995124816896,933,63.78333333333333,34.8
2009,1.8408623123168946,934,63.55,32.833333333333336
2009,2.06915228843689,935,63.53333333333333,33.46666666666667
2009,2.0628507709503174,936,63.21666666666667,34.71666666666667
2009,2.075456590652466,937,63.18333333333333,35.35
2009,2.1223710060119627,938,63.166666666666664,35.983333333333334
2009,2.25750958442688,939,62.983333333333334,32.13333333333333
2009,2.46454008102417,940,62.7,32.11666666666667
2009,2.6246565437316893,941,62.68333333333333,32.733333333333334
2009,2.7068701553344727,942,62.666666666666664,33.36666666666667
2009,2.6774338340759276,943,62.63333333333333,34.61666666666667
2009,2.741254367828369,944,62.416666666666664,31.466666666666665
2009,2.702891540527344,945,62.4,32.71666666666667
2009,2.611446762084961,946,62.38333333333333,33.333333333333336
2009,2.4012199783325197,947,62.36666666666667,33.96666666666667
2009,2.73275279045105,948,62.333333333333336,35.18333333333333
2009,3.894539794921875,949,62.13333333333333,30.85
2009,3.1506064987182616,950,62.13333333333333,31.45
2009,3.083145332336426,951,62.11666666666667,32.06666666666667
2009,3.0951466751098633,952,62.11666666666667,32.68333333333333
2009,2.849462547302246,953,62.1,33.3
2009,2.853162479400635,954,62.05,35.15
2009,4.1347769927978515,955,61.833333333333336,31.45
2009,3.3425395774841307,956,61.81666666666667,32.666666666666664
2009,4.209938163757324,957,61.55,31.433333333333337
2009,3.119070587158203,958,61.53333333333333,32.63333333333333
2009,3.352128715515137,959,61.516666666666666,33.233333333333334
2009,4.542538452148437,960,60.93333333333333,33.78333333333333
2009,8.384438858032226,961,42.766666666666666,23.75
2009,9.864481506347657,962,43.05,27.766666666666666
2009,5.83227767944336,963,42.06666666666667,23.8
2009,9.960235824584961,964,42.9,27.75
2009,6.10864486694336,965,41.68333333333333,24.733333333333334
2009,10.584862518310548,966,56.21666666666667,21.116666666666667
2009,5.851134338378906,967,57.166666666666664,25.7
2009,8.121221389770508,968,56.733333333333334,23.683333333333337
2009,5.549954681396485,969,35,33.05
2009,5.290860061645508,970,34.95,32.81666666666667
2009,5.202577514648437,971,34.916666666666664,32.916666666666664
2009,6.814422149658203,972,35.016666666666666,32.61666666666667
2009,12.387264709472657,973,45.15,19.8
2009,7.176871643066407,974,43.28333333333333,20.8
2009,11.675841674804687,975,45.45,19.166666666666668
2009,12.902061614990235,976,44.11666666666667,21.966666666666665
2009,7.801601715087891,977,43.75,19.483333333333334
2010,15.258099060058594,1,47.86666666666667,6.2
2010,12.982108001708985,2,46.96666666666667,5.233333333333333
2010,15.326920166015626,3,46.166666666666664,5.233333333333333
2010,14.963824462890624,4,47.06666666666667,5.066666666666666
2010,11.714856414794921,5,48.166666666666664,-1.5333333333333332
2010,12.88044677734375,6,45.93333333333333,4.466666666666667
2010,12.757009582519531,7,47.083333333333336,4.083333333333333
2010,12.325259704589843,8,46.56666666666667,5.866666666666667
2010,10.575975799560547,9,46.516666666666666,6.05
2010,5.093969383239746,10,45.583333333333336,6.783333333333333
2010,14.221694030761718,11,46.21666666666667,6.333333333333333
2010,6.681253242492676,12,44.11666666666667,5.8
2010,13.735402221679687,13,47.8,4.85
2010,14.395429229736328,14,47.18333333333333,6.266666666666667
2010,11.112422332763671,15,44.916666666666664,5.283333333333333
2010,13.580191650390624,16,47.78333333333333,5.066666666666666
2010,17.506400451660156,17,48.63333333333333,6.066666666666666
2010,3.8808866119384766,18,44.7,6.55
2010,4.442431888580322,19,44.016666666666666,6.666666666666667
2010,11.714856414794921,20,48.2,-1.55
2010,14.035798187255859,21,47.93333333333333,3.716666666666667
2010,4.0487199401855465,22,44.483333333333334,6.45
2010,11.802908782958985,23,46.96666666666667,6.45
2010,9.753334350585938,24,44.93333333333333,5.316666666666666
2010,11.400165100097656,25,45.416666666666664,6.116666666666666
2010,15.222853240966797,26,46.833333333333336,5.783333333333333
2010,19.106436614990233,27,48.333333333333336,4.3
2010,13.577442626953125,28,46.81666666666667,2.5666666666666664
2010,19.58256378173828,29,43.733333333333334,-0.8333333333333334
2010,12.443821716308594,30,47.45,-0.01666666666666666
2010,15.616051635742188,31,49.016666666666666,5.766666666666667
2010,18.316265563964844,32,50.166666666666664,3.75
2010,10.885765991210938,33,43.2,-0.03333333333333333
2010,13.746611022949219,34,46.666666666666664,2.716666666666667
2010,19.127862243652345,35,48.28333333333333,4.45
2010,13.400920104980468,36,47.25,2.1166666666666667
2010,15.639445495605468,37,49.35,1.5
2010,14.59001495361328,38,47.56666666666667,1.25
2010,19.91724822998047,39,49.03333333333333,4.95
2010,19.377266845703126,40,48.86666666666667,6.483333333333333
2010,17.758869934082032,41,49,7.45
2010,12.814430389404297,42,46.96666666666667,3.65
2010,15.331611022949218,43,49.38333333333333,2.3
2010,13.157694702148438,44,48.516666666666666,0.6666666666666666
2010,19.86744903564453,45,47.68333333333333,7.466666666666667
2010,13.244546813964844,46,47.78333333333333,0.36666666666666664
2010,10.054433288574218,47,44.03333333333333,1.7333333333333334
2010,12.7290966796875,48,46.61666666666667,0.48333333333333334
2010,15.930042724609375,49,48.016666666666666,6.033333333333333
2010,16.500693359375,50,48.983333333333334,7.716666666666667
2010,16.92514862060547,51,48.45,2.716666666666667
2010,11.393810424804688,52,46.15,1.8166666666666669
2010,8.589544677734375,53,43.43333333333333,2.7
2010,12.00447769165039,54,48.56666666666667,-0.06666666666666667
2010,9.282530136108399,55,43.1,-0.1
2010,17.918633728027345,56,49.93333333333333,4.8
2010,8.984778213500977,57,43.63333333333333,2.9166666666666665
2010,10.21946517944336,58,45.75,2.95
2010,11.403994140625,59,47,4.116666666666666
2010,9.370565338134766,60,43.43333333333333,2.4333333333333336
2010,10.150558319091797,61,45.8,1.8
2010,14.810444946289062,62,48.233333333333334,7.1
2010,17.03446258544922,63,49.2,3.1166666666666667
2010,11.248882293701172,64,42.916666666666664,1.2666666666666666
2010,12.562233428955079,65,49.166666666666664,-0.85
2010,9.101231994628906,66,47.833333333333336,-3.533333333333333
2010,8.574207382202149,67,44.1,3.533333333333333
2010,19.61113265991211,68,48.5,6.7
2010,20.402226867675783,69,49.166666666666664,5
2010,19.661819763183594,70,49.31666666666667,2.8666666666666667
2010,11.486259918212891,71,43.15,-0.65
2010,10.041445999145507,72,43.016666666666666,0.43333333333333335
2010,18.475650177001953,73,49.7,1.3166666666666669
2010,10.899439392089844,74,43.4,2.1666666666666665
2010,15.95930206298828,75,48.1,6.233333333333333
2010,6.344189891815185,76,42.25,8.833333333333334
2010,14.378269348144531,77,47.65,2.0833333333333335
2010,7.238722763061523,78,41.75,9.2
2010,9.65385986328125,79,43.93333333333333,-1.3333333333333333
2010,10.670944519042969,80,44.1,0.1
2010,11.418093414306641,81,44.03333333333333,-0
2010,13.244546813964844,82,47.733333333333334,0.3333333333333333
2010,8.003955307006835,83,44.85,3.05
2010,10.920014495849609,84,47.53333333333333,-1.8
2010,16.010889892578124,85,47.81666666666667,2.4333333333333336
2010,12.555872344970703,86,48.6,-0.5
2010,8.512261199951173,87,45.4,3.6833333333333336
2010,17.151033782958983,88,48.85,7.7
2010,17.758869934082032,89,48.916666666666664,7.433333333333334
2010,19.11263702392578,90,49.45,0.7333333333333333
2010,16.324447631835938,91,48.68333333333333,1.7166666666666668
2010,17.330536193847657,92,48.21666666666667,6.683333333333334
2010,7.442589263916016,93,44.7,3.95
2010,8.753535919189453,94,42.85,1.3333333333333333
2010,8.667736206054688,95,42.86666666666667,2.1
2010,16.88373748779297,96,48.6,7.133333333333334
2010,9.514106903076172,97,45.43333333333333,3.5166666666666666
2010,14.193192138671876,98,47.93333333333333,7.116666666666666
2010,9.057780609130859,99,45.96666666666667,-1.2666666666666666
2010,6.986548156738281,100,46.86666666666667,-2.1333333333333333
2010,11.661527404785156,101,46.18333333333333,2.9833333333333334
2010,28.71962188720703,102,51.06666666666667,3.033333333333333
2010,19.19558074951172,103,50.78333333333333,4.7
2010,19.6580322265625,104,50.7,4.3
2010,33.04768371582031,105,51.4,5.05
2010,27.848045654296875,106,51.3,4.516666666666667
2010,21.71708251953125,107,50.96666666666667,3.8
2010,20.129401245117187,108,50.983333333333334,4.2
2010,26.798359985351563,109,50.96666666666667,2.95
2010,24.0517578125,110,51.166666666666664,5.316666666666666
2010,25.335143432617187,111,50.93333333333333,5.6
2010,20.726072998046874,112,50.733333333333334,4.4
2010,18.0368017578125,113,49.95,4.816666666666666
2010,19.617062072753907,114,50.21666666666667,5.616666666666667
2010,18.281307373046875,115,49.766666666666666,5.45
2010,18.566240234375,116,50.233333333333334,5.983333333333333
2010,20.32799560546875,117,50.583333333333336,6.1
2010,18.48032257080078,118,50.05,5.216666666666667
2010,18.52232696533203,119,49.516666666666666,5.566666666666666
2010,18.199115600585937,120,50.1,4.266666666666667
2010,18.303382568359375,121,50.666666666666664,4.6
2010,23.471532897949217,122,52.96666666666667,6.733333333333333
2010,23.9131982421875,123,52.86666666666667,6.333333333333333
2010,23.9131982421875,124,52.86666666666667,6.35
2010,23.40857116699219,125,52.9,6.716666666666667
2010,27.359034118652342,126,52.53333333333333,6.55
2010,39.151832275390625,127,52.166666666666664,5.75
2010,30.800029907226563,128,51.31666666666667,5.516666666666667
2010,28.447010498046875,129,51.55,4.766666666666667
2010,31.748628540039064,130,52.233333333333334,5.633333333333333
2010,30.145800170898436,131,52.1,5.216666666666667
2010,30.002916870117186,132,52.15,5.883333333333333
2010,24.24986755371094,133,52.833333333333336,6.433333333333334
2010,32.576126708984376,134,52.266666666666666,5.733333333333333
2010,18.230925903320312,135,52.46666666666667,13.216666666666669
2010,16.04209182739258,136,52.416666666666664,13.6
2010,15.347530822753907,137,53.1,12.416666666666666
2010,15.801369018554688,138,53.13333333333333,12.95
2010,15.615116271972656,139,52.96666666666667,13.633333333333333
2010,15.898294067382812,140,52.18333333333333,12.55
2010,16.788819274902345,141,51.78333333333333,13.55
2010,16.456983947753905,142,52.13333333333333,14
2010,15.801369018554688,143,53.13333333333333,12.966666666666669
2010,16.788819274902345,144,51.78333333333333,13.566666666666666
2010,14.786720733642579,145,52.15,14.016666666666667
2010,15.801369018554688,146,53.15,12.983333333333333
2010,16.039520874023438,147,52.15,14.483333333333333
2010,18.478560485839843,148,48.8,8.383333333333333
2010,21.689815368652344,149,49.45,8.75
2010,14.794510803222657,150,47.983333333333334,8.983333333333333
2010,15.421851501464843,151,48.28333333333333,8.65
2010,19.470735168457033,152,47.78333333333333,7.7
2010,17.115799407958985,153,48.016666666666666,7.966666666666667
2010,22.879269104003907,154,48,9.95
2010,13.593953247070312,155,48.6,8.633333333333333
2010,20.789523315429687,156,48.86666666666667,9.566666666666666
2010,17.802272338867187,157,49.516666666666666,9.166666666666666
2010,21.22390625,158,48.75,9.416666666666666
2010,13.593953247070312,159,48.583333333333336,8.633333333333333
2010,21.689815368652344,160,49.46666666666667,8.733333333333333
2010,17.115799407958985,161,48.016666666666666,7.95
2010,22.879269104003907,162,48,9.966666666666669
2010,13.593953247070312,163,48.583333333333336,8.616666666666667
2010,19.44457000732422,164,49.4,11.316666666666666
2010,24.2419482421875,165,48.11666666666667,11.916666666666666
2010,17.829834594726563,166,49.75,12.383333333333333
2010,18.390368041992186,167,48.96666666666667,12.866666666666667
2010,17.673348693847657,168,48.916666666666664,11.75
2010,20.45590301513672,169,48.4,11.65
2010,26.334390563964845,170,48.21666666666667,12.733333333333333
2010,14.670262451171874,171,50.35,9.916666666666666
2010,11.397893333435059,172,47.56666666666667,12.933333333333334
2010,20.170552673339845,173,49.11666666666667,10.583333333333334
2010,18.325845336914064,174,49.85,10.516666666666667
2010,17.98748321533203,175,49.96666666666667,11.8
2010,19.426425170898437,176,48.7,12.733333333333333
2010,19.01685791015625,177,49.68333333333333,11.5
2010,18.8425439453125,178,49.96666666666667,9.45
2010,26.33751678466797,179,47.86666666666667,10.783333333333331
2010,18.764799499511717,180,47.56666666666667,10.383333333333333
2010,21.894208068847657,181,48.4,10.533333333333331
2010,20.008913269042967,182,49.266666666666666,12.383333333333333
2010,15.605379333496094,183,50.45,11.35
2010,17.317608642578126,184,49.71666666666667,9.883333333333333
2010,21.5905778503418,185,47.71666666666667,11.666666666666666
2010,21.544149169921877,186,48.28333333333333,11.066666666666666
2010,20.032147521972657,187,52.833333333333336,10.25
2010,21.109297790527343,188,51.85,10.4
2010,19.782893676757812,189,51.85,10.416666666666666
2010,19.595799255371094,190,51.75,9.566666666666666
2010,18.009692077636718,191,51.516666666666666,10.033333333333331
2010,20.83927032470703,192,53.166666666666664,9.9
2010,32.282905426025394,193,52.9,7.85
2010,18.005202026367186,194,50.63333333333333,9.666666666666666
2010,16.31960205078125,195,50.416666666666664,9.666666666666666
2010,17.158395080566407,196,50.7,8.883333333333333
2010,19.074544067382813,197,50.15,9.383333333333333
2010,15.482856140136718,198,50.56666666666667,8.2
2010,16.831419677734374,199,50.916666666666664,9.333333333333334
2010,20.355638427734377,200,54.083333333333336,10.233333333333333
2010,19.78235137939453,201,49.63333333333333,8.833333333333334
2010,16.682936401367186,202,52.56666666666667,11.166666666666666
2010,17.766558532714843,203,52.05,12.3
2010,17.42497589111328,204,51.36666666666667,9.266666666666667
2010,18.21071533203125,205,51.28333333333333,9.75
2010,16.373114624023437,206,50.68333333333333,8.633333333333333
2010,16.10120544433594,207,51.15,9.016666666666667
2010,20.714816284179687,208,49.7,8.516666666666667
2010,20.714816284179687,209,49.7,8.533333333333333
2010,16.682936401367186,210,52.56666666666667,11.183333333333334
2010,14.892048034667969,211,53.666666666666664,12.05
2010,14.844752197265626,212,53.63333333333333,13.933333333333334
2010,31.611182861328125,213,51.75,6.05
2010,28.445837097167967,214,51.71666666666667,6.166666666666667
2010,29.19706787109375,215,51.68333333333333,7.25
2010,24.129693908691408,216,51.833333333333336,8.95
2010,16.446004943847655,217,51.21666666666667,8.666666666666666
2010,18.01890411376953,218,51.016666666666666,8.183333333333334
2010,20.49308380126953,219,50.666666666666664,6.25
2010,24.15006042480469,220,51.7,8.983333333333333
2010,16.854490966796874,221,49.68333333333333,7.016666666666667
2010,17.923656616210938,222,50.416666666666664,7.083333333333333
2010,15.840623474121093,223,49.63333333333333,7.916666666666667
2010,18.44020965576172,224,50.4,7.716666666666667
2010,16.94314453125,225,49.266666666666666,7.8
2010,19.20751708984375,226,49.016666666666666,8.116666666666667
2010,17.471593017578126,227,49.3,7.866666666666667
2010,17.38143280029297,228,49.31666666666667,7.016666666666667
2010,16.654195556640627,229,50.416666666666664,12.533333333333331
2010,14.829651184082032,230,50.63333333333333,13.3
2010,15.395582733154297,231,50.81666666666667,14.083333333333334
2010,13.587395935058593,232,51.11666666666667,14.55
2010,17.11671600341797,233,51.233333333333334,13.816666666666666
2010,15.550958404541015,234,51.18333333333333,12.816666666666666
2010,15.9794287109375,235,50.6,10.783333333333331
2010,16.716410827636718,236,51.333333333333336,10.85
2010,17.586078491210937,237,50.78333333333333,11.65
2010,16.545308685302736,238,50.93333333333333,11.016666666666667
2010,15.451534423828125,239,50.483333333333334,11.483333333333333
2010,8.184648742675781,240,41.833333333333336,13.583333333333334
2010,6.809860382080078,241,40.6,15.866666666666667
2010,8.865767059326172,242,38.416666666666664,16.166666666666668
2010,6.292798690795898,243,40.416666666666664,15.433333333333334
2010,25.701710357666016,244,44.71666666666667,10.2
2010,13.333070220947265,245,44.1,11.116666666666667
2010,25.43986358642578,246,45.81666666666667,13.166666666666666
2010,8.759385528564453,247,46.483333333333334,13.583333333333334
2010,9.846173400878905,248,42.81666666666667,11.9
2010,7.527442893981934,249,46.233333333333334,9.55
2010,11.697755584716797,250,43.28333333333333,13.066666666666666
2010,25.282196502685547,251,45.666666666666664,8.066666666666666
2010,9.749678649902343,252,41.81666666666667,15.983333333333333
2010,7.840096817016602,253,39.333333333333336,8.566666666666666
2010,17.774231719970704,254,43.5,10.433333333333334
2010,9.64987274169922,255,46.35,11.483333333333333
2010,11.365259552001953,256,43.45,12.45
2010,4.169943580627441,257,45.71666666666667,6.916666666666667
2010,30.923648681640625,258,46.05,12.016666666666667
2010,5.368987579345703,259,37.9,13.4
2010,8.654255981445312,260,41.9,14.35
2010,16.34659484863281,261,45.95,10.116666666666667
2010,25.63603759765625,262,45.88333333333333,9.383333333333333
2010,10.039506607055664,263,42.86666666666667,10.766666666666667
2010,10.988365707397461,264,43.733333333333334,11.566666666666666
2010,12.597045440673828,265,46.583333333333336,11.433333333333334
2010,14.95435905456543,266,44.4,9.45
2010,31.90122314453125,267,45.516666666666666,8.7
2010,4.932492504119873,268,46.31666666666667,8.266666666666667
2010,42.81916534423828,269,45.2,10.733333333333333
2010,8.368086204528808,270,46.266666666666666,8.233333333333333
2010,11.31102264404297,271,41.233333333333334,13.066666666666666
2010,11.31102264404297,272,41.233333333333334,13.083333333333334
2010,11.970565643310547,273,51.1,-0.85
2010,12.353679656982422,274,51.583333333333336,-1.9166666666666663
2010,12.229977264404297,275,54.3,-3.0166666666666666
2010,14.251716918945313,276,52.43333333333333,0.8666666666666667
2010,12.492334289550781,277,53.4,-1.75
2010,3.656509418487549,278,56.65,-4.283333333333333
2010,8.236710662841796,279,55.083333333333336,-2.466666666666667
2010,4.265759506225586,280,56.71666666666667,-4.05
2010,4.794315795898438,281,56.233333333333334,-5.266666666666667
2010,7.807062683105468,282,52.11666666666667,-3.7333333333333334
2010,12.857756958007812,283,51.2,1.1166666666666667
2010,9.957276916503906,284,51.11666666666667,-1.2333333333333334
2010,11.970565643310547,285,51.016666666666666,-0.8666666666666667
2010,9.957276916503906,286,51.13333333333333,-1.2333333333333334
2010,7.501595077514648,287,53.1,-6.233333333333333
2010,9.21733428955078,288,52.96666666666667,-6.183333333333334
2010,9.519143829345703,289,52.53333333333333,-7.033333333333333
2010,9.598622970581054,290,52.3,-8.616666666666667
2010,9.691381912231446,291,52.583333333333336,-7.666666666666667
2010,10.061765975952149,292,53.483333333333334,-6.85
2010,5.528952102661133,293,54.18333333333333,-8.616666666666667
2010,8.329422302246094,294,53.96666666666667,-7.65
2010,7.204925155639648,295,54.13333333333333,-7.666666666666667
2010,4.225022964477539,296,53.35,-9.333333333333334
2010,3.6256586837768556,297,53.75,-9.55
2010,12.524178924560546,298,56.28333333333333,8.416666666666666
2010,13.220488891601562,299,55.13333333333333,8.883333333333333
2010,12.086697845458984,300,55.95,12.35
2010,14.34535919189453,301,56.083333333333336,9.35
2010,11.758196563720704,302,55.36666666666667,11.55
2010,13.484456787109375,303,55.7,12.35
2010,13.062454071044922,304,56.38333333333333,9.333333333333334
2010,13.954242858886719,305,55,9.916666666666666
2010,14.34535919189453,306,56.06666666666667,9.333333333333334
2010,6.812550277709961,307,38.833333333333336,21.3
2010,8.768973236083985,308,39.78333333333333,22.783333333333335
2010,8.768973236083985,309,39.78333333333333,22.766666666666666
2010,5.175908813476562,310,38.86666666666667,21.866666666666667
2010,5.175908813476562,311,38.86666666666667,21.85
2010,6.192832183837891,312,40.06666666666667,-8.25
2010,5.686864242553711,313,38.95,-8.066666666666666
2010,4.714252319335937,314,38.083333333333336,-7.033333333333333
2010,6.570921249389649,315,38.31666666666667,-8.533333333333333
2010,4.790453033447266,316,41.5,-7.633333333333333
2010,4.096309967041016,317,40.4,-7.533333333333333
2010,10.961729888916016,318,39.78333333333333,-8.95
2010,8.307814636230468,319,38.65,-8.616666666666667
2010,4.060349617004395,320,43.1,-4.633333333333333
2010,7.495886306762696,321,42.25,-2.7
2010,19.935165100097656,322,41.81666666666667,2.6166666666666667
2010,5.512518692016601,323,40.86666666666667,-3.966666666666667
2010,9.609318237304688,324,40.53333333333333,0.01666666666666666
2010,6.687764739990234,325,39.93333333333333,-5.783333333333333
2010,7.466290435791016,326,37.15,-6.716666666666667
2010,5.122275238037109,327,40.18333333333333,-6.433333333333334
2010,3.875069236755371,328,38.46666666666667,-6.75
2010,6.98752269744873,329,43.15,-5.466666666666667
2010,5.367340469360352,330,40.43333333333333,-4.116666666666666
2010,9.262481002807617,331,42.983333333333334,-1.3333333333333333
2010,5.986113128662109,332,37.81666666666667,-5.683333333333334
2010,8.30947036743164,333,36.36666666666667,-5.566666666666666
2010,19.209703216552736,334,41.766666666666666,2.4
2010,8.989650039672851,335,40.9,0.38333333333333336
2010,12.641556854248046,336,43.016666666666666,-8.95
2010,4.7466849517822265,337,40.46666666666667,-1.6666666666666663
2010,5.294068222045898,338,40.31666666666667,-0.7166666666666667
2010,9.498478775024415,339,42.516666666666666,-1.0666666666666669
2010,4.848192710876464,340,42.63333333333333,-0.2833333333333333
2010,7.1717610168457036,341,38.516666666666666,-0.6333333333333333
2010,6.812284469604492,342,38.166666666666664,-4.066666666666666
2010,5.132353515625,343,37.9,-2.8833333333333333
2010,5.09454912185669,344,37,-3
2010,5.5149607086181645,345,41.6,-3.033333333333333
2010,5.147473068237304,346,41.86666666666667,-2.8666666666666667
2010,4.6558929061889645,347,41.983333333333334,-2.5
2010,7.514091186523437,348,43,-3.6833333333333336
2010,4.187160568237305,349,42.86666666666667,-4.55
2010,5.575487289428711,350,42.78333333333333,-5.366666666666666
2010,4.158429718017578,351,41.78333333333333,-6.366666666666666
2010,6.758021240234375,352,41.333333333333336,-4.533333333333333
2010,7.6634219360351565,353,41.35,-4.283333333333333
2010,4.611389083862305,354,40.333333333333336,-5.933333333333334
2010,5.583047866821289,355,40.21666666666667,-5.016666666666667
2010,7.052555541992188,356,39.81666666666667,2.9
2010,6.340669555664062,357,39.85,3.1666666666666665
2010,5.7545357513427735,358,40.016666666666666,-1.9666666666666668
2010,6.4342121887207036,359,39.833333333333336,-1.3
2010,5.4116388702392575,360,39.38333333333333,-4.116666666666666
2010,16.49365234375,361,43.13333333333333,-2.966666666666667
2010,4.881274642944336,362,38.483333333333334,-2.466666666666667
2010,13.336048583984375,363,42.28333333333333,1.8833333333333333
2010,4.370431289672852,364,42.6,1.0666666666666669
2010,5.424921340942383,365,39.6,-4.683333333333334
2010,4.425789451599121,366,41.9,-8.116666666666667
2010,NA,367,28.133333333333333,-17.283333333333335
2010,NA,368,28.116666666666667,-17.216666666666665
2010,NA,369,28.183333333333337,-16.666666666666668
2010,11.465867919921875,370,42.733333333333334,-8.7
2010,5.975627746582031,371,38.06666666666667,-2.8166666666666664
2010,4.654312210083008,372,37.53333333333333,-7.183333333333334
2010,7.1717610168457036,373,38.516666666666666,-0.6166666666666667
2010,5.147473068237304,374,41.86666666666667,-2.8833333333333333
2010,4.187160568237305,375,42.85,-4.55
2010,16.49365234375,376,43.13333333333333,-2.9833333333333334
2010,4.881274642944336,377,38.46666666666667,-2.45
2010,8.32050811767578,378,39.333333333333336,-0.31666666666666665
2010,5.43366340637207,379,37.45,-6.833333333333333
2010,18.768933410644532,380,49.983333333333334,6.033333333333333
2010,24.69227020263672,381,49.65,6.183333333333334
2010,12.006504364013672,382,56.166666666666664,13.15
2010,2.7412765789031983,383,63.03333333333333,17.416666666666668
2010,6.0681322479248045,384,59.65,17.883333333333333
2010,4.789176788330078,385,60.18333333333333,17.716666666666665
2010,6.138972625732422,386,58.96666666666667,15.85
2010,6.867643508911133,387,58.21666666666667,15.916666666666666
2010,8.196756210327148,388,57.45,13.7
2010,8.699979553222656,389,56.46666666666667,15.116666666666667
2010,7.560361328125,390,57.7,15.916666666666666
2010,10.752851104736328,391,56.3,14.85
2010,10.116663208007813,392,56.3,15.7
2010,10.635395812988282,393,56.36666666666667,13.816666666666666
2010,10.902023010253906,394,56.166666666666664,14.233333333333333
2010,11.542909393310547,395,56.25,13.533333333333331
2010,12.274032135009765,396,56.333333333333336,13.016666666666667
2010,11.990245666503906,397,55.983333333333334,13.383333333333333
2010,12.853626556396485,398,57.2,12.45
2010,12.137817993164063,399,57.03333333333333,12.8
2010,8.877034225463866,400,58.36666666666667,12.083333333333334
2010,8.40286766052246,401,57.55,13.5
2010,9.498831024169922,402,57.21666666666667,13.1
2010,9.999061431884765,403,57.516666666666666,12.466666666666669
2010,7.535283355712891,404,58.13333333333333,14.066666666666666
2010,5.226691360473633,405,58.85,13.683333333333334
2010,4.970057525634766,406,59.95,12.633333333333333
2010,5.168251724243164,407,59.666666666666664,11.95
2010,4.913873443603515,408,59.583333333333336,12.483333333333333
2010,4.668443870544434,409,59.8,15.483333333333333
2010,4.653061485290527,410,60.016666666666666,15.4
2010,3.364296569824219,411,61.2,15.2
2010,4.041613674163818,412,60.266666666666666,14.5
2010,3.0897512817382813,413,62.18333333333333,16.716666666666665
2010,2.973336296081543,414,63.166666666666664,17.916666666666668
2010,2.168155117034912,415,63.333333333333336,14.75
2010,2.900539073944092,416,63.75,19.4
2010,1.7254997062683106,417,64.5,17.4
2010,1.5160874843597412,418,65.45,19.4
2010,8.857861785888671,419,57.1,14.55
2010,7.63144401550293,420,57.13333333333333,14.766666666666667
2010,7.63144401550293,421,57.166666666666664,14.8
2010,9.797908172607421,422,58.05,12.016666666666667
2010,9.797908172607421,423,58.06666666666667,12.016666666666667
2010,4.90261833190918,424,59.75,14.9
2010,4.490618476867676,425,59.9,15.233333333333333
2010,5.2473516845703125,426,59.56666666666667,14.833333333333334
2010,2.1376561069488527,427,63.85,18.1
2010,2.4547880840301515,428,64.03333333333333,18.916666666666668
2010,2.6353124237060546,429,64.25,19.8
2010,9.38284812927246,430,56.333333333333336,14.966666666666669
2010,11.296644592285157,431,57.5,12.233333333333333
2010,9.67122085571289,432,58.43333333333333,11.733333333333333
2010,5.983397827148438,433,59.56666666666667,18.05
2010,5.600919494628906,434,59.083333333333336,17.633333333333333
2010,4.714405860900879,435,60.016666666666666,17.183333333333334
2010,6.739530715942383,436,58.95,16.983333333333334
2010,6.967155380249023,437,58.766666666666666,16.8
2010,6.977069778442383,438,59.03333333333333,16.25
2010,5.739744110107422,439,59.3,16.116666666666667
2010,6.729160766601563,440,58.15,15.416666666666666
2010,6.406417770385742,441,58.75,15.133333333333333
2010,7.3945947265625,442,57.86666666666667,14.75
2010,6.906996002197266,443,57.833333333333336,14.983333333333333
2010,6.838424453735351,444,57.5,15.333333333333334
2010,9.035552215576171,445,57.13333333333333,13.583333333333334
2010,8.091437377929687,446,56.88333333333333,15.1
2010,8.546474533081055,447,57.05,14.366666666666667
2010,7.947027282714844,448,56.833333333333336,13.733333333333333
2010,10.043469390869141,449,56.733333333333334,13.366666666666667
2010,6.859209823608398,450,58.05,16.1
2010,7.844105758666992,451,56.63333333333333,15.616666666666667
2010,9.398089447021484,452,56.85,16.316666666666666
2010,11.398963470458984,453,56.28333333333333,14.65
2010,9.183018798828124,454,56.4,15.3
2010,10.61634048461914,455,56.21666666666667,15.433333333333334
2010,10.131851654052735,456,56.38333333333333,14.533333333333331
2010,12.577806854248047,457,56.016666666666666,13.916666666666666
2010,12.284613800048827,458,56.1,13.516666666666667
2010,12.143723297119141,459,56.13333333333333,13.5
2010,12.117181701660156,460,55.916666666666664,13.583333333333334
2010,11.65963607788086,461,55.61666666666667,13.433333333333334
2010,13.633306121826172,462,57.06666666666667,12.55
2010,13.16078125,463,56.93333333333333,12.716666666666669
2010,11.90598876953125,464,56.766666666666666,13.133333333333333
2010,8.758446044921875,465,57,13.366666666666667
2010,12.361612854003907,466,56.68333333333333,13.15
2010,8.869979095458984,467,58.53333333333333,11.716666666666669
2010,9.353134460449219,468,57.4,13.1
2010,7.237553634643555,469,57.766666666666666,13.733333333333333
2010,6.9454438018798825,470,58.71666666666667,11.966666666666669
2010,6.655821533203125,471,58.61666666666667,13.766666666666667
2010,5.829154663085937,472,59.65,13.8
2010,5.815524864196777,473,59.81666666666667,12.9
2010,4.075776557922364,474,60.583333333333336,13.116666666666667
2010,5.2473516845703125,475,59.583333333333336,14.866666666666667
2010,5.279287223815918,476,59.583333333333336,14.7
2010,4.5467533493042,477,59.86666666666667,14.416666666666666
2010,5.376353950500488,478,59.083333333333336,15.5
2010,5.970588684082031,479,59.333333333333336,15.933333333333334
2010,3.628487968444824,480,61.11666666666667,14.35
2010,4.2614744186401365,481,60.4,15.266666666666667
2010,3.5194118499755858,482,61.733333333333334,16.516666666666666
2010,4.031249370574951,483,60.65,16.283333333333335
2010,2.628160209655762,484,62.266666666666666,16.333333333333332
2010,2.140601329803467,485,62,14.416666666666666
2010,2.2506793975830077,486,63.06666666666667,16.733333333333334
2010,1.9166773796081542,487,64.48333333333333,18.466666666666665
2010,1.3845723271369934,488,65.4,18.1
2010,2.675844192504883,489,65.95,23.25
2010,1.5508974742889405,490,66.06666666666666,20.616666666666667
2010,3.5194118499755858,491,61.71666666666667,16.516666666666666
2010,18.99753936767578,492,48.11666666666667,16.033333333333335
2010,15.723097991943359,493,47.766666666666666,16.316666666666666
2010,12.586876831054688,494,47.483333333333334,16.55
2010,11.686908111572265,495,46.733333333333334,14.5
2010,8.074354553222657,496,46.766666666666666,13.166666666666666
2010,10.226842041015624,497,46.71666666666667,13.666666666666666
2010,15.306387634277344,498,48.35,15.2
2010,15.49273681640625,499,47.63333333333333,16.133333333333333
2010,13.553714294433593,500,48.916666666666664,15.183333333333334
2010,27.66005340576172,501,48.1,12.866666666666667
2010,25.81489547729492,502,47.86666666666667,13.35
2010,11.3212117767334,503,47.483333333333334,13.416666666666666
2010,15.886828002929688,504,46.61666666666667,15.5
2010,11.694412994384766,505,47.36666666666667,15.166666666666666
2010,9.849022674560548,506,47.63333333333333,15.65
2010,6.960696105957031,507,47.05,14.1
2010,11.618290939331054,508,47.31666666666667,12.4
2010,8.683678817749023,509,47.38333333333333,10.9
2010,18.749572143554687,510,47.36666666666667,11.883333333333333
2010,22.61297317504883,511,47.483333333333334,9.983333333333333
2010,0.8029395198822021,512,69.56666666666666,28.883333333333333
2010,1.1068069338798523,513,67.95,24.05
2010,1.13468896150589,514,67.98333333333333,24.216666666666665
2010,1.6428678226470947,515,67.33333333333333,26.633333333333333
2010,2.413011932373047,516,66.31666666666666,26.633333333333333
2010,2.426254539489746,517,66.35,26.716666666666665
2010,2.148491830825806,518,66.28333333333333,29.45
2010,2.1446563243865966,519,66.33333333333333,29.35
2010,3.5540279388427733,520,64.96666666666667,26.383333333333333
2010,4.880147552490234,521,61.86666666666667,24.216666666666665
2010,4.880147552490234,522,61.85,24.3
2010,6.456653900146485,523,60.65,23.8
2010,6.092787551879883,524,60.61666666666667,23.833333333333332
2010,6.175293960571289,525,60.63333333333333,26.083333333333332
2010,6.2120233917236325,526,60.65,26.116666666666667
2010,3.5025437545776366,527,61.766666666666666,29.333333333333332
2010,3.5025437545776366,528,61.8,29.316666666666663
2010,6.518418045043945,529,60.7,27.85
2010,5.245892944335938,530,61.233333333333334,25.05
2010,3.615095157623291,531,63.15,30.7
2010,2.148491830825806,532,66.3,29.483333333333334
2010,0.64507692694664,533,69.73333333333333,26.95
2010,4.004534301757812,534,63.55,22.483333333333334
2010,5.049033012390137,535,62.45,21.516666666666666
2010,4.768715515136718,536,62.05,24.366666666666667
2010,4.609664459228515,537,61.916666666666664,23.316666666666663
2010,8.364662551879883,538,60.03333333333333,23.033333333333335
2010,3.44370397567749,539,64.11666666666666,26.683333333333337
2010,2.413011932373047,540,66.33333333333333,26.633333333333333
2010,4.323903121948242,541,61.81666666666667,29.3
2010,2.283090476989746,542,66.43333333333334,26.683333333333337
2010,5.428615264892578,543,60.983333333333334,27.266666666666666
2010,5.428615264892578,544,60.916666666666664,27.233333333333334
2010,21.06849060058594,545,46.583333333333336,6.65
2010,24.266112670898437,546,47.38333333333333,8.216666666666667
2010,23.3560807800293,547,47.03333333333333,8.7
2010,15.129337768554688,548,47.21666666666667,7.4
2010,13.932698822021484,549,46.21666666666667,6.283333333333333
2010,19.15382781982422,550,47.68333333333333,8.533333333333333
2010,24.273487548828125,551,46.016666666666666,8.833333333333334
2010,2.5288907623291017,552,46.483333333333334,9.883333333333333
2010,7.613505249023437,553,46.43333333333333,8.8
2010,18.496106872558595,554,46.11666666666667,9
2010,9.117462615966797,555,46.266666666666666,7.433333333333334
2010,3.005851249694824,556,46.65,10.216666666666669
2010,6.342075424194336,557,46.28333333333333,7.85
2010,23.588122253417968,558,47.266666666666666,7.883333333333333
2010,15.068315124511718,559,46.7,7.75
2010,27.590912475585938,560,47.15,9.066666666666666
2010,4.631655082702637,561,46.8,9.85
2010,24.94614196777344,562,47.46666666666667,8.35
2010,12.46558204650879,563,47.88333333333333,19.95
2010,12.46558204650879,564,47.85,19.966666666666665
2010,13.05964385986328,565,47.55,19.383333333333333
2010,11.716905517578125,566,46.96666666666667,19.55
2010,11.716905517578125,567,46.95,19.533333333333335
2010,11.261610260009766,568,47.333333333333336,21.083333333333332
2010,15.492920227050782,569,47.65,16.483333333333334
2010,15.193004608154297,570,47.65,16.516666666666666
2010,15.492920227050782,571,47.666666666666664,16.5
2010,15.3106787109375,572,46.81666666666667,16.4
2010,13.267903137207032,573,46.583333333333336,16.733333333333334
2010,11.716905517578125,574,46.95,19.55
2010,11.716905517578125,575,46.93333333333333,19.533333333333335
2010,11.16935028076172,576,43.9,26
2010,10.757404327392578,577,44.06666666666667,26.05
2010,11.028404235839844,578,44.3,25.6
2010,12.742727355957031,579,44.5,26.166666666666668
2010,14.06202423095703,580,44.9,26.1
2010,12.643235626220703,581,45.1,25.7
2010,6.378187103271484,582,45.5,25.583333333333332
2010,5.6293290328979495,583,45.416666666666664,25.266666666666666
2010,7.341699600219727,584,46.68333333333333,22.616666666666667
2010,10.752689208984375,585,45.016666666666666,24.983333333333334
2010,5.843836975097656,586,47.43333333333333,25.55
2010,7.033279342651367,587,45.333333333333336,25.55
2010,10.340006866455077,588,53.88333333333333,14.5
2010,9.790084381103515,589,54.8,17.933333333333334
2010,12.73171173095703,590,53.78333333333333,15.05
2010,12.547220001220703,591,53.18333333333333,14.483333333333333
2010,14.870306091308594,592,52.9,15.35
2010,15.683660583496094,593,52.766666666666666,14.9
2010,13.863788757324219,594,53.11666666666667,16.033333333333335
2010,12.169508514404297,595,53.766666666666666,15.483333333333333
2010,10.424851379394532,596,54.666666666666664,17.983333333333334
2010,11.286148681640626,597,53.8,16.35
2010,13.1599853515625,598,54.15,17.116666666666667
2010,11.606781768798829,599,54.2,17.216666666666665
2010,12.881287841796874,600,54.083333333333336,19.15
2010,12.881287841796874,601,54.083333333333336,19.2
2010,13.487536468505859,602,54.05,20.4
2010,21.72844268798828,603,54.15,20.166666666666668
2010,14.075998077392578,604,53.766666666666666,19.033333333333335
2010,16.953184814453124,605,53.45,19.416666666666668
2010,9.55431999206543,606,54.28333333333333,23
2010,9.867994689941407,607,54.266666666666666,22.833333333333332
2010,13.283216247558594,608,54.333333333333336,22.35
2010,14.331589660644532,609,53.65,20.15
2010,14.449488525390626,610,53.666666666666664,21.433333333333337
2010,12.448183898925782,611,53.96666666666667,23.116666666666667
2010,12.239002075195312,612,53.9,23.316666666666663
2010,11.234301147460938,613,53.2,23.15
2010,12.310172576904296,614,53.2,23.35
2010,12.03848129272461,615,52.666666666666664,23.716666666666665
2010,11.389353179931641,616,52.85,23.666666666666668
2010,15.89209945678711,617,53.43333333333333,21.816666666666663
2010,12.288681945800782,618,53.28333333333333,22.05
2010,13.252643432617187,619,53.81666666666667,17.85
2010,14.020104064941407,620,53.93333333333333,18.083333333333332
2010,15.854953002929687,621,53.483333333333334,16.383333333333333
2010,15.019895629882813,622,53.3,16.833333333333332
2010,13.963921813964843,623,53.6,16.95
2010,14.280100402832032,624,53.266666666666666,19.55
2010,15.506911468505859,625,52.983333333333334,19.233333333333334
2010,14.725194091796874,626,52.55,15.25
2010,14.346580963134766,627,52.516666666666666,14.95
2010,16.39523651123047,628,52.8,16.416666666666668
2010,20.189405822753905,629,52.95,18.516666666666666
2010,21.62451446533203,630,52.7,18.916666666666668
2010,12.880647277832031,631,51.86666666666667,15.533333333333331
2010,13.525254974365234,632,52.35,15.8
2010,14.573613891601562,633,52.25,16.316666666666666
2010,23.06944305419922,634,52,17.316666666666666
2010,13.043211975097655,635,51.8,16.5
2010,22.214241333007813,636,52.63333333333333,17.65
2010,20.37339630126953,637,51.95,17.2
2010,15.731245727539063,638,51.516666666666666,18.25
2010,20.563020629882814,639,51.6,16.916666666666668
2010,18.119015197753907,640,53.11666666666667,19.783333333333335
2010,15.120533752441407,641,52.71666666666667,20.6
2010,14.872938842773438,642,52.36666666666667,19.9
2010,13.825666046142578,643,52.016666666666666,21.1
2010,12.537728576660156,644,51.8,21.45
2010,13.032936096191406,645,53.3,21.616666666666667
2010,14.297220458984375,646,53.18333333333333,21.083333333333332
2010,11.178683319091796,647,52.766666666666666,22.666666666666668
2010,10.588332366943359,648,51.43333333333333,22.766666666666666
2010,11.904109497070312,649,51.96666666666667,22.983333333333334
2010,10.605231781005859,650,51.483333333333334,23.35
2010,10.87182144165039,651,51.233333333333334,23.5
2010,10.125086288452149,652,50.63333333333333,23.75
2010,13.125397033691407,653,51.36666666666667,15.683333333333334
2010,13.584049072265625,654,51.25,15.483333333333333
2010,12.060656127929688,655,51.35,16.5
2010,12.27031280517578,656,50.88333333333333,17.633333333333333
2010,11.073337936401368,657,50.63333333333333,16.933333333333334
2010,11.455828552246095,658,50.38333333333333,17.55
2010,12.68213394165039,659,50.43333333333333,17.95
2010,13.21103759765625,660,50.53333333333333,17.7
2010,13.005857543945313,661,50.8,18.166666666666668
2010,14.448345489501953,662,50.583333333333336,18.45
2010,13.475066375732421,663,50.233333333333334,18.316666666666663
2010,14.926668548583985,664,51.333333333333336,19.266666666666666
2010,11.975966644287109,665,51.1,20.416666666666668
2010,12.52036636352539,666,51.083333333333336,20.15
2010,10.494387130737305,667,50.7,20.766666666666666
2010,11.531454620361329,668,51.65,21.033333333333335
2010,11.248935089111328,669,51.2,21.383333333333333
2010,10.881312637329101,670,51.21666666666667,22.65
2010,11.088544235229492,671,51.166666666666664,21.866666666666667
2010,10.643924255371093,672,50.38333333333333,23.45
2010,10.343524169921874,673,50.43333333333333,23.4
2010,12.383858184814454,674,50.75,18.666666666666668
2010,13.310655059814453,675,51,19.05
2010,15.183186492919923,676,50.2,19.4
2010,13.59776580810547,677,50.35,19.35
2010,14.071308288574219,678,50.333333333333336,19.65
2010,12.932427673339843,679,50.7,19.216666666666665
2010,11.493370361328125,680,50.71666666666667,20.3
2010,12.438430480957031,681,50.55,21.25
2010,11.98050765991211,682,50.46666666666667,22.116666666666667
2010,11.487967071533204,683,50.5,22.933333333333337
2010,10.739890899658203,684,50.416666666666664,22.75
2010,12.922933197021484,685,50.05,20.566666666666663
2010,13.914918975830078,686,50.06666666666667,20.8
2010,10.671750717163086,687,50.266666666666666,22.116666666666667
2010,12.831158905029296,688,50.833333333333336,15.416666666666666
2010,12.115416717529296,689,50.85,15.516666666666667
2010,10.803125915527344,690,50.266666666666666,16.633333333333333
2010,14.138007659912109,691,50.31666666666667,16.416666666666668
2010,11.451383666992188,692,50.25,16.983333333333334
2010,11.214217834472656,693,50.233333333333334,16.783333333333335
2010,13.698366470336914,694,49.666666666666664,18.966666666666665
2010,11.228230133056641,695,49.75,21.816666666666663
2010,10.810921173095704,696,49.61666666666667,22.466666666666665
2010,9.024490432739258,697,49.2,22.716666666666665
2010,8.524695281982423,698,49.06666666666667,22.85
2010,12.30599479675293,699,49.65,19.033333333333335
2010,10.611501998901367,700,49.6,19.083333333333332
2010,11.872660446166993,701,49.516666666666666,18.9
2010,12.096318130493165,702,49.75,19.8
2010,11.029621505737305,703,49.68333333333333,20.166666666666668
2010,10.693930206298829,704,49.416666666666664,20.816666666666663
2010,9.409018020629883,705,49.333333333333336,20.833333333333332
2010,11.77751937866211,706,49.483333333333334,21.616666666666667
2010,10.754153137207032,707,49.4,21.95
2010,9.983198776245118,708,49.45,19.983333333333334
2010,15.683660583496094,709,52.733333333333334,14.866666666666667
2010,13.068680419921876,710,52.86666666666667,15.716666666666669
2010,10.691842956542969,711,54.53333333333333,17.9
2010,11.533623657226563,712,54.55,18.266666666666666
2010,14.292524871826172,713,53.983333333333334,19.433333333333337
2010,13.76177963256836,714,53.85,20.533333333333335
2010,11.155205688476563,715,53.583333333333336,23.266666666666666
2010,11.276603546142578,716,53.68333333333333,16.766666666666666
2010,12.990137786865235,717,51.81666666666667,15.783333333333331
2010,19.327180480957033,718,51.766666666666666,17.566666666666666
2010,19.820740661621095,719,52.483333333333334,19.6
2010,10.946082916259765,720,52.333333333333336,22.65
2010,11.874533081054688,721,52.03333333333333,22.716666666666665
2010,13.584049072265625,722,51.3,15.416666666666666
2010,13.21103759765625,723,50.6,17.683333333333334
2010,11.581160812377929,724,50.61666666666667,17.25
2010,15.26688507080078,725,50.083333333333336,18.65
2010,15.005560302734375,726,50.3,18.483333333333334
2010,12.018065185546876,727,51.03333333333333,19.6
2010,9.630496292114257,728,50.5,23.466666666666665
2010,16.24366241455078,729,50.483333333333334,20.116666666666667
2010,12.240277404785155,730,51.05,15.866666666666667
2010,10.672534027099609,731,50.78333333333333,16.2
2010,10.91812973022461,732,49.85,22.6
2010,10.810921173095704,733,49.65,22.483333333333334
2010,9.705031433105468,734,49.45,22.283333333333335
2010,11.992982025146484,735,49.65,20.25
2010,12.408436737060548,736,48.2,18.383333333333333
2010,8.09916748046875,737,48.916666666666664,19.483333333333334
2010,9.784803466796875,738,48.63333333333333,19.533333333333335
2010,13.33348876953125,739,47.88333333333333,17.583333333333332
2010,10.611573257446288,740,48.61666666666667,19.033333333333335
2010,6.965013885498047,741,49.166666666666664,20.233333333333334
2010,10.298774032592773,742,49.18333333333333,22.083333333333332
2010,11.839542846679688,743,49.5,18.566666666666663
2010,11.839542846679688,744,49.483333333333334,18.566666666666663
2010,11.023329162597657,745,48.38333333333333,19
2010,8.456813354492187,746,48.95,19.383333333333333
2010,10.611573257446288,747,48.61666666666667,19.016666666666666
2010,9.129210720062256,748,58.38333333333333,8.233333333333333
2010,4.057122583389282,749,59.03333333333333,7.566666666666666
2010,1.070649914741516,750,65.88333333333334,13.8
2010,6.802116470336914,751,58.96666666666667,11.516666666666667
2010,3.2852012729644775,752,60.6,6.516666666666667
2010,1.6394975471496582,753,64.65,12.266666666666667
2010,3.44441858291626,754,61.266666666666666,11.85
2010,5.754598274230957,755,59.43333333333333,9.866666666666667
2010,2.4211662101745604,756,61,9.216666666666669
2010,2.1521986389160155,757,63.28333333333333,11.183333333333334
2010,1.4077104949951171,758,62.766666666666666,8.883333333333333
2010,4.850914459228516,759,60.36666666666667,11.066666666666666
2010,12.294861526489258,760,59.333333333333336,5.783333333333333
2010,3.44441858291626,761,61.28333333333333,11.85
2010,1.4077104949951171,762,62.78333333333333,8.883333333333333
2010,5.754598274230957,763,59.45,9.866666666666667
2010,8.391442718505859,764,56.35,24.95
2010,10.587625122070312,765,54.833333333333336,24.05
2010,10.64794403076172,766,54.85,23.533333333333335
2010,8.79614028930664,767,56.333333333333336,24.833333333333332
2010,11.111409759521484,768,54.416666666666664,24.95
2010,10.587625122070312,769,54.81666666666667,24.066666666666663
2010,9.095493545532227,770,54.78333333333333,24.066666666666663
2010,11.789588317871093,771,54.18333333333333,24.6
2010,8.299895248413087,772,55.8,25.516666666666666
2010,10.565187530517578,773,55.81666666666667,21.466666666666665
2010,10.587625122070312,774,54.833333333333336,24.033333333333335
2010,14.437248687744141,775,50.03333333333333,12.616666666666667
2010,10.436112976074218,776,50.166666666666664,17.066666666666666
2010,10.33156364440918,777,50.1,17.2
2010,13.285001525878906,778,49.45,15.766666666666667
2010,12.871993103027343,779,50.55,15.95
2010,13.620131683349609,780,49.666666666666664,15.216666666666669
2010,13.966823425292969,781,50.18333333333333,12.883333333333333
2010,13.250792541503905,782,49.25,15.7
2010,11.508450241088868,783,50.733333333333334,15.533333333333331
2010,14.155871124267579,784,49.06666666666667,17.266666666666666
2010,17.010723876953126,785,50.13333333333333,15.866666666666667
2010,15.15922607421875,786,49.9,14.533333333333331
2010,14.097015686035157,787,49.21666666666667,14.3
2010,13.141605834960938,788,49.016666666666666,14.966666666666669
2010,15.188819427490234,789,50.28333333333333,16.383333333333333
2010,13.276131591796876,790,49.733333333333334,12.85
2010,13.621963653564453,791,49,14.8
2010,13.771695098876954,792,50.63333333333333,14.6
2010,12.99692642211914,793,50.833333333333336,15.333333333333334
2010,14.07169464111328,794,49.7,17.133333333333333
2010,12.860115203857422,795,49.45,18.383333333333333
2010,6.523135452270508,796,59.55,26.033333333333335
2010,6.302424011230468,797,59.56666666666667,26.116666666666667
2010,7.202768707275391,798,58.05,26.1
2010,6.8303271484375,799,58.11666666666667,27.05
2010,6.267426681518555,800,58.35,26.966666666666665
2010,7.414908218383789,801,57.7,26.516666666666666
2010,6.280351181030273,802,59.516666666666666,26.4
2010,6.3733523559570315,803,58.266666666666666,26.45
2010,9.060480880737305,804,46.36666666666667,13.933333333333334
2010,17.288802490234374,805,45.983333333333334,13.733333333333333
2010,16.124559478759764,806,45.666666666666664,13.85
2010,18.713905029296875,807,46.28333333333333,14.4
2010,10.348334884643554,808,45.53333333333333,14.8
2010,13.742701721191406,809,46.46666666666667,15.383333333333333
2010,13.871228637695312,810,46.36666666666667,15.233333333333333
2010,14.341238861083985,811,46.1,15.066666666666666
2010,10.691800689697265,812,45.63333333333333,14.633333333333333
2010,15.194639587402344,813,45.86666666666667,15.416666666666666
2010,13.210185241699218,814,46.483333333333334,16.516666666666666
2010,13.742701721191406,815,46.45,15.383333333333333
2010,2.8035733604431154,816,64.13333333333334,32.233333333333334
2010,2.5741858196258547,817,64.11666666666666,32.88333333333333
2010,2.5308133029937743,818,63.85,30.9
2010,2.6914948844909667,819,63.85,31.55
2010,2.711297645568848,820,63.833333333333336,32.85
2010,3.8671602630615234,821,63.56666666666667,30.883333333333333
2010,3.273264780044556,822,63.56666666666667,31.533333333333335
2010,3.177077465057373,823,63.266666666666666,32.166666666666664
2010,3.087227439880371,824,63.25,32.8
2010,3.2258003044128416,825,62.96666666666667,32.78333333333333
2010,3.206051731109619,826,62.93333333333333,34.03333333333333
2010,3.3895388793945314,827,62.916666666666664,34.666666666666664
2010,3.070360689163208,828,62.9,35.3
2010,2.982001600265503,829,62.86666666666667,35.916666666666664
2010,3.479416751861572,830,62.583333333333336,35.86666666666667
2010,3.6328916358947754,831,62.28333333333333,36.43333333333333
2010,3.627384624481201,832,62.083333333333336,33.916666666666664
2010,3.484027290344238,833,61.983333333333334,36.36666666666667
2010,3.599357662200928,834,61.96666666666667,36.96666666666667
2010,3.737296772003174,835,61.93333333333333,37.583333333333336
2010,4.8021422958374025,836,61.85,30.833333333333332
2010,3.5481503295898436,837,61.81666666666667,33.266666666666666
2010,3.8193955993652344,838,61.8,33.88333333333333
2010,3.64245491027832,839,61.666666666666664,36.916666666666664
2010,4.482382354736328,840,61.55,30.216666666666665
2010,5.033151626586914,841,61.55,32.03333333333333
2010,3.9628599166870115,842,61.5,33.833333333333336
2010,3.8286075592041016,843,61.483333333333334,34.45
2010,3.8039424514770506,844,61.46666666666667,35.05
2010,4.982868766784668,845,61.266666666666666,29.633333333333333
2010,3.2880452919006347,846,61.266666666666666,30.216666666666665
2010,5.093577919006347,847,61.25,32.61666666666667
2010,4.619300498962402,848,61.233333333333334,33.21666666666667
2010,3.6532651138305665,849,61.2,34.4
2010,5.36939811706543,850,60.95,33.18333333333333
2010,5.177169265747071,851,61.25,29.316666666666663
2010,5.187168960571289,852,61.11666666666667,29.033333333333335
2010,5.132976188659668,853,61.11666666666667,29.333333333333332
2010,4.974599494934082,854,61.11666666666667,29.616666666666667
2010,3.9423473358154295,855,61.11666666666667,29.933333333333337
2010,2.4061961364746094,856,64.7,32.95
2010,5.460315971374512,857,60.96666666666667,29.033333333333335
2010,5.553036651611328,858,60.96666666666667,29.333333333333332
2010,5.370717277526856,859,60.96666666666667,29.633333333333333
2010,5.695261383056641,860,60.96666666666667,30.216666666666665
2010,5.867230987548828,861,60.833333333333336,28.45
2010,6.0204917907714846,862,60.833333333333336,28.75
2010,5.418012428283691,863,60.833333333333336,29.066666666666663
2010,4.484587497711182,864,60.833333333333336,29.35
2010,5.758856430053711,865,60.81666666666667,29.633333333333333
2010,5.288238563537598,866,60.833333333333336,29.933333333333337
2010,4.7451133537292485,867,60.81666666666667,30.233333333333334
2010,4.987441864013672,868,60.68333333333333,29.933333333333337
2010,5.452345752716065,869,60.68333333333333,28.466666666666665
2010,6.366271133422852,870,60.68333333333333,29.05
2010,6.222839202880859,871,60.7,29.333333333333332
2010,5.688835792541504,872,60.68333333333333,29.65
2010,5.478393936157227,873,60.68333333333333,30.216666666666665
2010,5.461168975830078,874,60.68333333333333,30.483333333333334
2010,6.809958419799805,875,60.53333333333333,27.916666666666668
2010,5.947794342041016,876,60.55,28.216666666666665
2010,5.5277811050415036,877,60.53333333333333,28.483333333333334
2010,7.763104248046875,878,60.53333333333333,28.766666666666666
2010,5.2772735977172855,879,60.55,29.366666666666667
2010,5.064117050170898,880,60.55,29.633333333333333
2010,6.46355972290039,881,60.55,29.933333333333337
2010,5.179861717224121,882,60.55,30.516666666666666
2010,8.315148162841798,883,60.4,28.766666666666666
2010,7.465376892089844,884,60.4,29.066666666666663
2010,7.853815155029297,885,60.4,29.35
2010,7.83882698059082,886,60.4,29.633333333333333
2010,7.336438369750977,887,60.4,29.933333333333337
2010,6.796885833740235,888,60.416666666666664,30.2
2010,8.843853149414063,889,60.266666666666666,29.066666666666663
2010,7.788078079223633,890,60.266666666666666,29.35
2010,7.455829544067383,891,60.266666666666666,29.633333333333333
2010,8.39991340637207,892,60.266666666666666,29.933333333333337
2010,7.110376663208008,893,60.11666666666667,30.516666666666666
2010,7.200005416870117,894,60.11666666666667,30.8
2010,8.037285461425782,895,59.983333333333334,30.8
2010,5.5629300689697265,896,59.983333333333334,31.083333333333332
2010,1.937593379020691,897,66.43333333333334,32.43333333333333
2010,1.715430212020874,898,66.41666666666667,33.15
2010,1.8334135055541991,899,66.15,31.683333333333337
2010,2.138725337982178,900,66.13333333333334,33.11666666666667
2010,1.9968935298919677,901,66.11666666666666,33.81666666666667
2010,2.1190391826629638,902,65.86666666666666,30.95
2010,1.9964241123199462,903,65.86666666666666,31.666666666666668
2010,1.8605840682983399,904,65.85,33.083333333333336
2010,1.6650823307037355,905,65.83333333333333,33.78333333333333
2010,1.729717848300934,906,65.81666666666666,34.46666666666667
2010,2.129747724533081,907,65.58333333333333,30.966666666666665
2010,1.9555350160598755,908,65.58333333333333,31.65
2010,1.8216900634765625,909,65.56666666666666,32.35
2010,1.9064494276046753,910,65.56666666666666,33.03333333333333
2010,2.2523817348480226,911,65.3,30.25
2010,2.386865577697754,912,65.3,30.95
2010,2.3345661401748656,913,65.3,31.633333333333333
2010,1.656561827659607,914,65.26666666666667,33.016666666666666
2010,1.7847243309020997,915,65.25,33.68333333333333
2010,1.743127040863037,916,65.25,34.38333333333333
2010,2.281108331680298,917,65.01666666666667,30.25
2010,2.4154204654693605,918,65,32.28333333333333
2010,2.1740810823440553,919,64.98333333333333,32.983333333333334
2010,2.0761892986297608,920,64.96666666666667,33.65
2010,1.7805354833602904,921,64.95,34.333333333333336
2010,2.556287212371826,922,64.73333333333333,30.25
2010,2.270662546157837,923,64.71666666666667,30.916666666666668
2010,2.3730089378356936,924,64.71666666666667,31.6
2010,2.7651039505004884,925,64.41666666666667,32.9
2010,2.393285093307495,926,64.4,33.583333333333336
2010,2.4215834808349608,927,64.38333333333334,34.25
2010,2.6840112686157225,928,64.15,31.566666666666663
2010,2.713239908218384,929,64.1,33.53333333333333
2010,2.5104072380065916,930,64.08333333333333,34.2
2010,2.7640628147125246,931,63.85,32.2
2010,2.128640923500061,932,63.8,34.15
2010,2.6957439613342284,933,63.78333333333333,34.8
2010,2.52978307723999,934,63.55,32.833333333333336
2010,2.859055233001709,935,63.53333333333333,33.46666666666667
2010,2.8904852294921874,936,63.21666666666667,34.71666666666667
2010,3.0754669380187987,937,63.18333333333333,35.35
2010,2.866685695648193,938,63.166666666666664,35.983333333333334
2010,3.311990261077881,939,62.983333333333334,32.13333333333333
2010,3.332212200164795,940,62.7,32.11666666666667
2010,3.681619472503662,941,62.68333333333333,32.733333333333334
2010,3.6856989669799805,942,62.666666666666664,33.36666666666667
2010,3.4338878631591796,943,62.63333333333333,34.61666666666667
2010,3.6198711585998535,944,62.416666666666664,31.466666666666665
2010,3.789405498504639,945,62.4,32.71666666666667
2010,3.568229942321777,946,62.38333333333333,33.333333333333336
2010,3.2421826934814453,947,62.36666666666667,33.96666666666667
2010,3.250738277435303,948,62.333333333333336,35.18333333333333
2010,5.129797630310058,949,62.13333333333333,30.85
2010,4.097719688415527,950,62.13333333333333,31.45
2010,3.9743357849121095,951,62.11666666666667,32.06666666666667
2010,4.203137321472168,952,62.11666666666667,32.68333333333333
2010,3.9014054107666016,953,62.1,33.3
2010,3.29017520904541,954,62.05,35.15
2010,5.091286735534668,955,61.833333333333336,31.45
2010,4.186011924743652,956,61.81666666666667,32.666666666666664
2010,5.2574904251098635,957,61.55,31.433333333333337
2010,3.7488959503173827,958,61.53333333333333,32.63333333333333
2010,4.009645462036133,959,61.516666666666666,33.233333333333334
2010,4.720925636291504,960,60.93333333333333,33.78333333333333
2010,7.723440170288086,961,42.766666666666666,23.75
2010,9.483087615966797,962,43.05,27.766666666666666
2010,4.9540988540649415,963,42.06666666666667,23.8
2010,8.805607376098633,964,42.9,27.75
2010,5.507201156616211,965,41.68333333333333,24.733333333333334
2010,12.062637786865235,966,56.21666666666667,21.116666666666667
2010,6.6712408447265625,967,57.166666666666664,25.7
2010,8.455852508544922,968,56.733333333333334,23.683333333333337
2010,4.928425827026367,969,35,33.05
2010,4.605326843261719,970,34.95,32.81666666666667
2010,4.634017333984375,971,34.916666666666664,32.916666666666664
2010,5.854442367553711,972,35.016666666666666,32.61666666666667
2010,12.392264709472656,973,45.15,19.8
2010,5.848628921508789,974,43.28333333333333,20.8
2010,12.71283462524414,975,45.45,19.166666666666668
2010,12.538394317626953,976,44.11666666666667,21.966666666666665
2010,6.9824560546875,977,43.75,19.483333333333334
2011,13.1744384765625,1,47.86666666666667,6.2
2011,11.28791748046875,2,46.96666666666667,5.233333333333333
2011,14.15376953125,3,46.166666666666664,5.233333333333333
2011,12.932946166992188,4,47.06666666666667,5.066666666666666
2011,12.00626724243164,5,48.166666666666664,-1.5333333333333332
2011,10.483409423828125,6,45.93333333333333,4.466666666666667
2011,11.065421447753906,7,47.083333333333336,4.083333333333333
2011,10.39419937133789,8,46.56666666666667,5.866666666666667
2011,9.190209655761718,9,46.516666666666666,6.05
2011,4.327240715026855,10,45.583333333333336,6.783333333333333
2011,12.046356201171875,11,46.21666666666667,6.333333333333333
2011,6.073539924621582,12,44.11666666666667,5.8
2011,13.036976776123048,13,47.8,4.85
2011,12.771790313720704,14,47.18333333333333,6.266666666666667
2011,9.547827911376952,15,44.916666666666664,5.283333333333333
2011,13.01514892578125,16,47.78333333333333,5.066666666666666
2011,16.4264990234375,17,48.63333333333333,6.066666666666666
2011,3.6348548889160157,18,44.7,6.55
2011,4.222550582885742,19,44.016666666666666,6.666666666666667
2011,12.00626724243164,20,48.2,-1.55
2011,11.643339385986328,21,47.93333333333333,3.716666666666667
2011,4.1097852325439455,22,44.483333333333334,6.45
2011,10.24994125366211,23,46.96666666666667,6.45
2011,8.197286758422852,24,44.93333333333333,5.316666666666666
2011,9.127767791748047,25,45.416666666666664,6.116666666666666
2011,12.6857568359375,26,46.833333333333336,5.783333333333333
2011,16.468910064697265,27,48.333333333333336,4.3
2011,10.803317260742187,28,46.81666666666667,2.5666666666666664
2011,20.021568603515625,29,43.733333333333334,-0.8333333333333334
2011,11.067530975341796,30,47.45,-0.01666666666666666
2011,15.341716003417968,31,49.016666666666666,5.766666666666667
2011,17.410198974609376,32,50.166666666666664,3.75
2011,10.054148406982423,33,43.2,-0.03333333333333333
2011,11.116923522949218,34,46.666666666666664,2.716666666666667
2011,16.11847366333008,35,48.28333333333333,4.45
2011,11.305077362060548,36,47.25,2.1166666666666667
2011,14.90468994140625,37,49.35,1.5
2011,12.592889251708984,38,47.56666666666667,1.25
2011,18.803089904785157,39,49.03333333333333,4.95
2011,17.859707641601563,40,48.86666666666667,6.483333333333333
2011,15.784578552246094,41,49,7.45
2011,10.815160064697265,42,46.96666666666667,3.65
2011,14.395636749267577,43,49.38333333333333,2.3
2011,12.498925170898438,44,48.516666666666666,0.6666666666666666
2011,15.132137145996094,45,47.68333333333333,7.466666666666667
2011,11.851493072509765,46,47.78333333333333,0.36666666666666664
2011,7.755668029785157,47,44.03333333333333,1.7333333333333334
2011,11.632717590332032,48,46.61666666666667,0.48333333333333334
2011,14.652117004394531,49,48.016666666666666,6.033333333333333
2011,14.38143310546875,50,48.983333333333334,7.716666666666667
2011,14.112489471435547,51,48.45,2.716666666666667
2011,9.046109161376954,52,46.15,1.8166666666666669
2011,7.068596954345703,53,43.43333333333333,2.7
2011,12.493859710693359,54,48.56666666666667,-0.06666666666666667
2011,8.94455322265625,55,43.1,-0.1
2011,16.74193603515625,56,49.93333333333333,4.8
2011,7.262204360961914,57,43.63333333333333,2.9166666666666665
2011,8.267018280029298,58,45.75,2.95
2011,9.499037170410157,59,47,4.116666666666666
2011,7.6315481567382815,60,43.43333333333333,2.4333333333333336
2011,8.259840698242188,61,45.8,1.8
2011,12.854791564941406,62,48.233333333333334,7.1
2011,14.598656921386718,63,49.2,3.1166666666666667
2011,8.726293563842773,64,42.916666666666664,1.2666666666666666
2011,11.616707916259765,65,49.166666666666664,-0.85
2011,9.5614776611328125,66,47.833333333333336,-3.533333333333333
2011,7.03704719543457,67,44.1,3.533333333333333
2011,17.13278106689453,68,48.5,6.7
2011,19.56836853027344,69,49.166666666666664,5
2011,16.66701416015625,70,49.31666666666667,2.8666666666666667
2011,11.853346557617188,71,43.15,-0.65
2011,8.64299057006836,72,43.016666666666666,0.43333333333333335
2011,18.670439147949217,73,49.7,1.3166666666666669
2011,8.923111877441407,74,43.4,2.1666666666666665
2011,13.90118408203125,75,48.1,6.233333333333333
2011,4.097974796295166,76,42.25,8.833333333333334
2011,11.19627685546875,77,47.65,2.0833333333333335
2011,4.763406028747559,78,41.75,9.2
2011,9.327009735107422,79,43.93333333333333,-1.3333333333333333
2011,9.144875946044921,80,44.1,0.1
2011,9.961306762695312,81,44.03333333333333,-0
2011,11.851493072509765,82,47.733333333333334,0.3333333333333333
2011,6.7381640625,83,44.85,3.05
2011,10.768675079345703,84,47.53333333333333,-1.8
2011,13.263197174072266,85,47.81666666666667,2.4333333333333336
2011,13.216409759521484,86,48.6,-0.5
2011,6.988961944580078,87,45.4,3.6833333333333336
2011,14.811025085449218,88,48.85,7.7
2011,15.784578552246094,89,48.916666666666664,7.433333333333334
2011,19.02199920654297,90,49.45,0.7333333333333333
2011,14.164737243652343,91,48.68333333333333,1.7166666666666668
2011,14.59814682006836,92,48.21666666666667,6.683333333333334
2011,6.999588165283203,93,44.7,3.95
2011,6.990692367553711,94,42.85,1.3333333333333333
2011,6.909700393676758,95,42.86666666666667,2.1
2011,14.932883911132812,96,48.6,7.133333333333334
2011,7.828031921386719,97,45.43333333333333,3.5166666666666666
2011,10.775684509277344,98,47.93333333333333,7.116666666666666
2011,6.748076705932617,99,45.96666666666667,-1.2666666666666666
2011,6.58018051147461,100,46.86666666666667,-2.1333333333333333
2011,9.51313446044922,101,46.18333333333333,2.9833333333333334
2011,27.721465454101562,102,51.06666666666667,3.033333333333333
2011,17.69817169189453,103,50.78333333333333,4.7
2011,17.86985656738281,104,50.7,4.3
2011,30.602589416503907,105,51.4,5.05
2011,27.351447448730468,106,51.3,4.516666666666667
2011,19.881347045898437,107,50.96666666666667,3.8
2011,18.959934692382813,108,50.983333333333334,4.2
2011,26.167394104003908,109,50.96666666666667,2.95
2011,22.912644348144532,110,51.166666666666664,5.316666666666666
2011,23.44951446533203,111,50.93333333333333,5.6
2011,18.349126281738283,112,50.733333333333334,4.4
2011,16.602523498535156,113,49.95,4.816666666666666
2011,17.459291076660158,114,50.21666666666667,5.616666666666667
2011,16.722000122070313,115,49.766666666666666,5.45
2011,16.685316162109373,116,50.233333333333334,5.983333333333333
2011,17.141724548339845,117,50.583333333333336,6.1
2011,16.69085723876953,118,50.05,5.216666666666667
2011,17.66878875732422,119,49.516666666666666,5.566666666666666
2011,17.164270935058592,120,50.1,4.266666666666667
2011,16.616937255859376,121,50.666666666666664,4.6
2011,24.322271728515624,122,52.96666666666667,6.733333333333333
2011,25.02072235107422,123,52.86666666666667,6.333333333333333
2011,25.02072235107422,124,52.86666666666667,6.35
2011,23.83018981933594,125,52.9,6.716666666666667
2011,27.609169006347656,126,52.53333333333333,6.55
2011,39.29380859375,127,52.166666666666664,5.75
2011,29.219744873046874,128,51.31666666666667,5.516666666666667
2011,29.020526123046874,129,51.55,4.766666666666667
2011,32.36244323730469,130,52.233333333333334,5.633333333333333
2011,30.984505004882813,131,52.1,5.216666666666667
2011,31.194503784179688,132,52.15,5.883333333333333
2011,24.600035400390624,133,52.833333333333336,6.433333333333334
2011,33.65385009765625,134,52.266666666666666,5.733333333333333
2011,15.91579315185547,135,52.46666666666667,13.216666666666669
2011,14.038469696044922,136,52.416666666666664,13.6
2011,16.405679626464845,137,53.1,12.416666666666666
2011,16.347042846679688,138,53.13333333333333,12.95
2011,15.187336730957032,139,52.96666666666667,13.633333333333333
2011,14.535087890625,140,52.18333333333333,12.55
2011,15.228794250488281,141,51.78333333333333,13.55
2011,14.626275634765625,142,52.13333333333333,14
2011,16.347042846679688,143,53.13333333333333,12.966666666666669
2011,15.228794250488281,144,51.78333333333333,13.566666666666666
2011,12.940159454345704,145,52.15,14.016666666666667
2011,16.347042846679688,146,53.15,12.983333333333333
2011,14.137754516601563,147,52.15,14.483333333333333
2011,15.940105895996094,148,48.8,8.383333333333333
2011,18.825026245117186,149,49.45,8.75
2011,14.440404663085937,150,47.983333333333334,8.983333333333333
2011,14.390079956054688,151,48.28333333333333,8.65
2011,15.221460266113281,152,47.78333333333333,7.7
2011,14.762485961914063,153,48.016666666666666,7.966666666666667
2011,22.556820373535157,154,48,9.95
2011,12.314595336914062,155,48.6,8.633333333333333
2011,18.301238708496093,156,48.86666666666667,9.566666666666666
2011,15.766784973144532,157,49.516666666666666,9.166666666666666
2011,18.340003356933593,158,48.75,9.416666666666666
2011,12.314595336914062,159,48.583333333333336,8.633333333333333
2011,18.825026245117186,160,49.46666666666667,8.733333333333333
2011,14.762485961914063,161,48.016666666666666,7.95
2011,22.556820373535157,162,48,9.966666666666669
2011,12.314595336914062,163,48.583333333333336,8.616666666666667
2011,17.33674774169922,164,49.4,11.316666666666666
2011,21.594657592773437,165,48.11666666666667,11.916666666666666
2011,16.08549255371094,166,49.75,12.383333333333333
2011,17.66874298095703,167,48.96666666666667,12.866666666666667
2011,16.177431335449217,168,48.916666666666664,11.75
2011,19.270982055664064,169,48.4,11.65
2011,23.620192260742186,170,48.21666666666667,12.733333333333333
2011,13.708561553955079,171,50.35,9.916666666666666
2011,10.293940963745117,172,47.56666666666667,12.933333333333334
2011,17.5498779296875,173,49.11666666666667,10.583333333333334
2011,16.608006896972658,174,49.85,10.516666666666667
2011,16.045632629394532,175,49.96666666666667,11.8
2011,17.901807098388673,176,48.7,12.733333333333333
2011,17.559212646484376,177,49.68333333333333,11.5
2011,16.86710723876953,178,49.96666666666667,9.45
2011,23.49162353515625,179,47.86666666666667,10.783333333333331
2011,16.48954574584961,180,47.56666666666667,10.383333333333333
2011,19.535949096679687,181,48.4,10.533333333333331
2011,18.685233764648437,182,49.266666666666666,12.383333333333333
2011,13.99025390625,183,50.45,11.35
2011,15.80404754638672,184,49.71666666666667,9.883333333333333
2011,20.090155029296874,185,47.71666666666667,11.666666666666666
2011,19.513955078125,186,48.28333333333333,11.066666666666666
2011,19.917323303222656,187,52.833333333333336,10.25
2011,21.03065704345703,188,51.85,10.4
2011,19.203636169433594,189,51.85,10.416666666666666
2011,18.461431579589842,190,51.75,9.566666666666666
2011,16.4371435546875,191,51.516666666666666,10.033333333333331
2011,22.362904052734375,192,53.166666666666664,9.9
2011,33.43374145507813,193,52.9,7.85
2011,16.81788787841797,194,50.63333333333333,9.666666666666666
2011,15.167190246582031,195,50.416666666666664,9.666666666666666
2011,15.58424041748047,196,50.7,8.883333333333333
2011,17.456624145507813,197,50.15,9.383333333333333
2011,14.090992736816407,198,50.56666666666667,8.2
2011,14.983574829101563,199,50.916666666666664,9.333333333333334
2011,21.43814208984375,200,54.083333333333336,10.233333333333333
2011,16.973531494140627,201,49.63333333333333,8.833333333333334
2011,15.688872680664062,202,52.56666666666667,11.166666666666666
2011,16.01779296875,203,52.05,12.3
2011,15.299873962402344,204,51.36666666666667,9.266666666666667
2011,16.890841369628905,205,51.28333333333333,9.75
2011,14.74935821533203,206,50.68333333333333,8.633333333333333
2011,13.5153271484375,207,51.15,9.016666666666667
2011,17.67001892089844,208,49.7,8.516666666666667
2011,17.67001892089844,209,49.7,8.533333333333333
2011,15.688872680664062,210,52.56666666666667,11.183333333333334
2011,15.714432678222657,211,53.666666666666664,12.05
2011,14.75841796875,212,53.63333333333333,13.933333333333334
2011,30.97193603515625,213,51.75,6.05
2011,27.597759704589844,214,51.71666666666667,6.166666666666667
2011,28.080097045898437,215,51.68333333333333,7.25
2011,23.224247131347656,216,51.833333333333336,8.95
2011,15.255836486816406,217,51.21666666666667,8.666666666666666
2011,16.503362731933592,218,51.016666666666666,8.183333333333334
2011,17.032054443359375,219,50.666666666666664,6.25
2011,23.118761291503905,220,51.7,8.983333333333333
2011,14.530560913085937,221,49.68333333333333,7.016666666666667
2011,15.092459106445313,222,50.416666666666664,7.083333333333333
2011,12.837228698730469,223,49.63333333333333,7.916666666666667
2011,16.21851806640625,224,50.4,7.716666666666667
2011,15.171380920410156,225,49.266666666666666,7.8
2011,16.082661743164063,226,49.016666666666666,8.116666666666667
2011,15.45236114501953,227,49.3,7.866666666666667
2011,15.3495166015625,228,49.31666666666667,7.016666666666667
2011,14.950639038085937,229,50.416666666666664,12.533333333333331
2011,13.248309478759765,230,50.63333333333333,13.3
2011,13.397110595703126,231,50.81666666666667,14.083333333333334
2011,11.076183471679688,232,51.11666666666667,14.55
2011,15.561459655761718,233,51.233333333333334,13.816666666666666
2011,13.16501678466797,234,51.18333333333333,12.816666666666666
2011,14.398739929199218,235,50.6,10.783333333333331
2011,14.981936340332032,236,51.333333333333336,10.85
2011,14.90891845703125,237,50.78333333333333,11.65
2011,14.137749328613282,238,50.93333333333333,11.016666666666667
2011,13.745501098632813,239,50.483333333333334,11.483333333333333
2011,6.5822807312011715,240,41.833333333333336,13.583333333333334
2011,7.87985824584961,241,40.6,15.866666666666667
2011,8.670155868530273,242,38.416666666666664,16.166666666666668
2011,6.223683929443359,243,40.416666666666664,15.433333333333334
2011,19.451874389648438,244,44.71666666666667,10.2
2011,11.352245483398438,245,44.1,11.116666666666667
2011,22.848870849609376,246,45.81666666666667,13.166666666666666
2011,9.672039108276367,247,46.483333333333334,13.583333333333334
2011,7.416572875976563,248,42.81666666666667,11.9
2011,6.930608520507812,249,46.233333333333334,9.55
2011,10.370204772949219,250,43.28333333333333,13.066666666666666
2011,25.71023208618164,251,45.666666666666664,8.066666666666666
2011,9.793328857421875,252,41.81666666666667,15.983333333333333
2011,6.514606246948242,253,39.333333333333336,8.566666666666666
2011,13.664114074707031,254,43.5,10.433333333333334
2011,9.120353546142578,255,46.35,11.483333333333333
2011,9.231183624267578,256,43.45,12.45
2011,3.6434542083740236,257,45.71666666666667,6.916666666666667
2011,28.560760955810547,258,46.05,12.016666666666667
2011,4.951145172119141,259,37.9,13.4
2011,8.31884307861328,260,41.9,14.35
2011,19.138738250732423,261,45.95,10.116666666666667
2011,27.28572296142578,262,45.88333333333333,9.383333333333333
2011,7.51323974609375,263,42.86666666666667,10.766666666666667
2011,8.937050018310547,264,43.733333333333334,11.566666666666666
2011,11.88260711669922,265,46.583333333333336,11.433333333333334
2011,12.173448028564453,266,44.4,9.45
2011,27.950345153808595,267,45.516666666666666,8.7
2011,4.238930549621582,268,46.31666666666667,8.266666666666667
2011,37.19453979492187,269,45.2,10.733333333333333
2011,7.921835556030273,270,46.266666666666666,8.233333333333333
2011,8.528997039794922,271,41.233333333333334,13.066666666666666
2011,8.528997039794922,272,41.233333333333334,13.083333333333334
2011,12.590583801269531,273,51.1,-0.85
2011,11.831478576660157,274,51.583333333333336,-1.9166666666666663
2011,14.929861297607422,275,54.3,-3.0166666666666666
2011,13.183857727050782,276,52.43333333333333,0.8666666666666667
2011,12.655366821289062,277,53.4,-1.75
2011,4.349736557006836,278,56.65,-4.283333333333333
2011,10.215097808837891,279,55.083333333333336,-2.466666666666667
2011,5.101279640197754,280,56.71666666666667,-4.05
2011,6.654662857055664,281,56.233333333333334,-5.266666666666667
2011,8.785392761230469,282,52.11666666666667,-3.7333333333333334
2011,11.83430892944336,283,51.2,1.1166666666666667
2011,10.771389923095704,284,51.11666666666667,-1.2333333333333334
2011,12.590583801269531,285,51.016666666666666,-0.8666666666666667
2011,10.771389923095704,286,51.13333333333333,-1.2333333333333334
2011,7.25582878112793,287,53.1,-6.233333333333333
2011,9.06273910522461,288,52.96666666666667,-6.183333333333334
2011,9.395193328857422,289,52.53333333333333,-7.033333333333333
2011,9.28904037475586,290,52.3,-8.616666666666667
2011,9.28023406982422,291,52.583333333333336,-7.666666666666667
2011,9.505769424438476,292,53.483333333333334,-6.85
2011,5.823030548095703,293,54.18333333333333,-8.616666666666667
2011,8.433309669494628,294,53.96666666666667,-7.65
2011,7.611407852172851,295,54.13333333333333,-7.666666666666667
2011,4.6586261749267575,296,53.35,-9.333333333333334
2011,3.775839729309082,297,53.75,-9.55
2011,15.53593719482422,298,56.28333333333333,8.416666666666666
2011,15.82367172241211,299,55.13333333333333,8.883333333333333
2011,13.547950439453125,300,55.95,12.35
2011,16.11926025390625,301,56.083333333333336,9.35
2011,13.895632781982421,302,55.36666666666667,11.55
2011,14.626130828857422,303,55.7,12.35
2011,13.666495208740235,304,56.38333333333333,9.333333333333334
2011,15.133076477050782,305,55,9.916666666666666
2011,16.11926025390625,306,56.06666666666667,9.333333333333334
2011,5.6728926849365235,307,38.833333333333336,21.3
2011,9.898918762207032,308,39.78333333333333,22.783333333333335
2011,9.898918762207032,309,39.78333333333333,22.766666666666666
2011,5.107543182373047,310,38.86666666666667,21.866666666666667
2011,5.107543182373047,311,38.86666666666667,21.85
2011,5.739051971435547,312,40.06666666666667,-8.25
2011,5.319303665161133,313,38.95,-8.066666666666666
2011,5.025190048217773,314,38.083333333333336,-7.033333333333333
2011,6.682390899658203,315,38.31666666666667,-8.533333333333333
2011,4.339402389526367,316,41.5,-7.633333333333333
2011,3.598370170593262,317,40.4,-7.533333333333333
2011,11.594048004150391,318,39.78333333333333,-8.95
2011,8.635435638427735,319,38.65,-8.616666666666667
2011,5.20316312789917,320,43.1,-4.633333333333333
2011,7.53048095703125,321,42.25,-2.7
2011,18.125101318359373,322,41.81666666666667,2.6166666666666667
2011,4.756462097167969,323,40.86666666666667,-3.966666666666667
2011,10.509097290039062,324,40.53333333333333,0.01666666666666666
2011,6.355068588256836,325,39.93333333333333,-5.783333333333333
2011,7.473438720703125,326,37.15,-6.716666666666667
2011,5.089730606079102,327,40.18333333333333,-6.433333333333334
2011,3.8863043212890624,328,38.46666666666667,-6.75
2011,7.977069892883301,329,43.15,-5.466666666666667
2011,5.74382453918457,330,40.43333333333333,-4.116666666666666
2011,8.128306732177734,331,42.983333333333334,-1.3333333333333333
2011,5.158160400390625,332,37.81666666666667,-5.683333333333334
2011,7.84562313079834,333,36.36666666666667,-5.566666666666666
2011,18.105433044433592,334,41.766666666666666,2.4
2011,8.787217025756837,335,40.9,0.38333333333333336
2011,12.5577734375,336,43.016666666666666,-8.95
2011,4.316003189086914,337,40.46666666666667,-1.6666666666666663
2011,5.446693801879883,338,40.31666666666667,-0.7166666666666667
2011,8.64384292602539,339,42.516666666666666,-1.0666666666666669
2011,4.156603164672852,340,42.63333333333333,-0.2833333333333333
2011,6.860926742553711,341,38.516666666666666,-0.6333333333333333
2011,5.773207092285157,342,38.166666666666664,-4.066666666666666
2011,4.669040374755859,343,37.9,-2.8833333333333333
2011,4.609968471527099,344,37,-3
2011,4.818605575561524,345,41.6,-3.033333333333333
2011,4.914771652221679,346,41.86666666666667,-2.8666666666666667
2011,4.263831291198731,347,41.983333333333334,-2.5
2011,7.7726713562011716,348,43,-3.6833333333333336
2011,5.133269462585449,349,42.86666666666667,-4.55
2011,6.954614562988281,350,42.78333333333333,-5.366666666666666
2011,4.5382693481445315,351,41.78333333333333,-6.366666666666666
2011,6.267555236816406,352,41.333333333333336,-4.533333333333333
2011,6.768207168579101,353,41.35,-4.283333333333333
2011,4.166134567260742,354,40.333333333333336,-5.933333333333334
2011,5.014634704589843,355,40.21666666666667,-5.016666666666667
2011,6.58657398223877,356,39.81666666666667,2.9
2011,6.082351303100586,357,39.85,3.1666666666666665
2011,4.8273844909667964,358,40.016666666666666,-1.9666666666666668
2011,6.224535827636719,359,39.833333333333336,-1.3
2011,4.759472045898438,360,39.38333333333333,-4.116666666666666
2011,16.061451721191407,361,43.13333333333333,-2.966666666666667
2011,4.293691520690918,362,38.483333333333334,-2.466666666666667
2011,13.497418975830078,363,42.28333333333333,1.8833333333333333
2011,4.616972541809082,364,42.6,1.0666666666666669
2011,4.791727981567383,365,39.6,-4.683333333333334
2011,4.152693099975586,366,41.9,-8.116666666666667
2011,NA,367,28.133333333333333,-17.283333333333335
2011,NA,368,28.116666666666667,-17.216666666666665
2011,NA,369,28.183333333333337,-16.666666666666668
2011,12.440321197509766,370,42.733333333333334,-8.7
2011,5.098445663452148,371,38.06666666666667,-2.8166666666666664
2011,4.895341567993164,372,37.53333333333333,-7.183333333333334
2011,6.860926742553711,373,38.516666666666666,-0.6166666666666667
2011,4.914771652221679,374,41.86666666666667,-2.8833333333333333
2011,5.133269462585449,375,42.85,-4.55
2011,16.061451721191407,376,43.13333333333333,-2.9833333333333334
2011,4.293691520690918,377,38.46666666666667,-2.45
2011,10.224020233154297,378,39.333333333333336,-0.31666666666666665
2011,5.817489318847656,379,37.45,-6.833333333333333
2011,17.17739471435547,380,49.983333333333334,6.033333333333333
2011,24.49654327392578,381,49.65,6.183333333333334
2011,13.709664001464844,382,56.166666666666664,13.15
2011,2.6647958660125735,383,63.03333333333333,17.416666666666668
2011,6.173662490844727,384,59.65,17.883333333333333
2011,4.952545318603516,385,60.18333333333333,17.716666666666665
2011,5.839263687133789,386,58.96666666666667,15.85
2011,6.180111083984375,387,58.21666666666667,15.916666666666666
2011,9.009339599609374,388,57.45,13.7
2011,9.120111846923828,389,56.46666666666667,15.116666666666667
2011,6.741670684814453,390,57.7,15.916666666666666
2011,11.196085968017577,391,56.3,14.85
2011,10.808599090576172,392,56.3,15.7
2011,11.343265075683593,393,56.36666666666667,13.816666666666666
2011,10.95278060913086,394,56.166666666666664,14.233333333333333
2011,11.953049621582032,395,56.25,13.533333333333331
2011,14.664679718017577,396,56.333333333333336,13.016666666666667
2011,12.801411895751952,397,55.983333333333334,13.383333333333333
2011,15.798648223876953,398,57.2,12.45
2011,14.732830810546876,399,57.03333333333333,12.8
2011,10.138388290405274,400,58.36666666666667,12.083333333333334
2011,9.138135681152344,401,57.55,13.5
2011,10.563243865966797,402,57.21666666666667,13.1
2011,11.924830169677735,403,57.516666666666666,12.466666666666669
2011,7.471039733886719,404,58.13333333333333,14.066666666666666
2011,6.0676181030273435,405,58.85,13.683333333333334
2011,5.693235588073731,406,59.95,12.633333333333333
2011,6.640935287475586,407,59.666666666666664,11.95
2011,5.974213027954102,408,59.583333333333336,12.483333333333333
2011,5.1265354919433594,409,59.8,15.483333333333333
2011,4.785174789428711,410,60.016666666666666,15.4
2011,3.3459840965270997,411,61.2,15.2
2011,4.316797981262207,412,60.266666666666666,14.5
2011,2.8342619132995606,413,62.18333333333333,16.716666666666665
2011,2.9796413803100585,414,63.166666666666664,17.916666666666668
2011,2.010640811920166,415,63.333333333333336,14.75
2011,3.0560900497436525,416,63.75,19.4
2011,1.7646687984466554,417,64.5,17.4
2011,1.6362826013565064,418,65.45,19.4
2011,9.230283203125,419,57.1,14.55
2011,8.03716163635254,420,57.13333333333333,14.766666666666667
2011,8.03716163635254,421,57.166666666666664,14.8
2011,12.085642471313477,422,58.05,12.016666666666667
2011,12.085642471313477,423,58.06666666666667,12.016666666666667
2011,5.135598526000977,424,59.75,14.9
2011,5.039857978820801,425,59.9,15.233333333333333
2011,5.552845726013183,426,59.56666666666667,14.833333333333334
2011,1.9413841152191162,427,63.85,18.1
2011,2.1522284030914305,428,64.03333333333333,18.916666666666668
2011,2.2456446075439453,429,64.25,19.8
2011,10.099973449707031,430,56.333333333333336,14.966666666666669
2011,14.142029266357422,431,57.5,12.233333333333333
2011,11.073223571777344,432,58.43333333333333,11.733333333333333
2011,5.956632766723633,433,59.56666666666667,18.05
2011,5.828606491088867,434,59.083333333333336,17.633333333333333
2011,5.656082229614258,435,60.016666666666666,17.183333333333334
2011,6.811903305053711,436,58.95,16.983333333333334
2011,6.854490280151367,437,58.766666666666666,16.8
2011,6.1855308532714846,438,59.03333333333333,16.25
2011,5.772754974365235,439,59.3,16.116666666666667
2011,6.133746719360351,440,58.15,15.416666666666666
2011,6.704544601440429,441,58.75,15.133333333333333
2011,6.8012229919433596,442,57.86666666666667,14.75
2011,6.38738525390625,443,57.833333333333336,14.983333333333333
2011,6.596229782104492,444,57.5,15.333333333333334
2011,10.411048736572265,445,57.13333333333333,13.583333333333334
2011,8.596842346191407,446,56.88333333333333,15.1
2011,9.13369384765625,447,57.05,14.366666666666667
2011,8.807731094360351,448,56.833333333333336,13.733333333333333
2011,12.323865203857421,449,56.733333333333334,13.366666666666667
2011,6.0988251495361325,450,58.05,16.1
2011,8.297861709594727,451,56.63333333333333,15.616666666666667
2011,8.788868255615235,452,56.85,16.316666666666666
2011,11.247157287597656,453,56.28333333333333,14.65
2011,9.990479278564454,454,56.4,15.3
2011,11.59130355834961,455,56.21666666666667,15.433333333333334
2011,10.295077819824218,456,56.38333333333333,14.533333333333331
2011,12.585110168457032,457,56.016666666666666,13.916666666666666
2011,12.845221862792968,458,56.1,13.516666666666667
2011,12.816350708007812,459,56.13333333333333,13.5
2011,12.520162658691406,460,55.916666666666664,13.583333333333334
2011,11.737931671142578,461,55.61666666666667,13.433333333333334
2011,17.167332305908204,462,57.06666666666667,12.55
2011,16.5784326171875,463,56.93333333333333,12.716666666666669
2011,14.717425842285156,464,56.766666666666666,13.133333333333333
2011,10.637805938720703,465,57,13.366666666666667
2011,15.502490234375,466,56.68333333333333,13.15
2011,10.289152450561524,467,58.53333333333333,11.716666666666669
2011,10.268657531738281,468,57.4,13.1
2011,7.575540084838867,469,57.766666666666666,13.733333333333333
2011,7.7091685485839845,470,58.71666666666667,11.966666666666669
2011,7.405430908203125,471,58.61666666666667,13.766666666666667
2011,6.52883918762207,472,59.65,13.8
2011,6.222788619995117,473,59.81666666666667,12.9
2011,4.5695439720153805,474,60.583333333333336,13.116666666666667
2011,5.552845726013183,475,59.583333333333336,14.866666666666667
2011,5.57297119140625,476,59.583333333333336,14.7
2011,5.149773292541504,477,59.86666666666667,14.416666666666666
2011,5.4634161376953125,478,59.083333333333336,15.5
2011,6.188833312988281,479,59.333333333333336,15.933333333333334
2011,3.507024803161621,480,61.11666666666667,14.35
2011,4.340746459960937,481,60.4,15.266666666666667
2011,3.3036709213256836,482,61.733333333333334,16.516666666666666
2011,4.0658292388916015,483,60.65,16.283333333333335
2011,2.5455723571777344,484,62.266666666666666,16.333333333333332
2011,2.2267448139190673,485,62,14.416666666666666
2011,2.3104758930206297,486,63.06666666666667,16.733333333333334
2011,1.9297981929779053,487,64.48333333333333,18.466666666666665
2011,1.6454751873016358,488,65.4,18.1
2011,2.9732496166229248,489,65.95,23.25
2011,1.8044879484176635,490,66.06666666666666,20.616666666666667
2011,3.3036709213256836,491,61.71666666666667,16.516666666666666
2011,16.42293914794922,492,48.11666666666667,16.033333333333335
2011,14.6185205078125,493,47.766666666666666,16.316666666666666
2011,11.56954345703125,494,47.483333333333334,16.55
2011,10.685976104736328,495,46.733333333333334,14.5
2011,7.665555648803711,496,46.766666666666666,13.166666666666666
2011,10.128800048828126,497,46.71666666666667,13.666666666666666
2011,13.982806396484374,498,48.35,15.2
2011,14.58208038330078,499,47.63333333333333,16.133333333333333
2011,11.852403259277343,500,48.916666666666664,15.183333333333334
2011,24.5353125,501,48.1,12.866666666666667
2011,21.0101953125,502,47.86666666666667,13.35
2011,9.587443161010743,503,47.483333333333334,13.416666666666666
2011,13.335126342773437,504,46.61666666666667,15.5
2011,10.850978546142578,505,47.36666666666667,15.166666666666666
2011,8.924888305664062,506,47.63333333333333,15.65
2011,6.435158081054688,507,47.05,14.1
2011,9.731796340942383,508,47.31666666666667,12.4
2011,7.175688095092774,509,47.38333333333333,10.9
2011,16.310484313964842,510,47.36666666666667,11.883333333333333
2011,20.68752395629883,511,47.483333333333334,9.983333333333333
2011,1.1066940760612487,512,69.56666666666666,28.883333333333333
2011,1.6648713064193725,513,67.95,24.05
2011,1.6834550952911378,514,67.98333333333333,24.216666666666665
2011,1.9441126203536987,515,67.33333333333333,26.633333333333333
2011,2.352290544509888,516,66.31666666666666,26.633333333333333
2011,2.3513074016571043,517,66.35,26.716666666666665
2011,1.7711891651153564,518,66.28333333333333,29.45
2011,1.849244384765625,519,66.33333333333333,29.35
2011,2.894645290374756,520,64.96666666666667,26.383333333333333
2011,4.822197761535644,521,61.86666666666667,24.216666666666665
2011,4.822197761535644,522,61.85,24.3
2011,6.007628173828125,523,60.65,23.8
2011,5.5841802215576175,524,60.61666666666667,23.833333333333332
2011,6.0550260162353515,525,60.63333333333333,26.083333333333332
2011,6.149064331054688,526,60.65,26.116666666666667
2011,3.250943489074707,527,61.766666666666666,29.333333333333332
2011,3.250943489074707,528,61.8,29.316666666666663
2011,6.540254821777344,529,60.7,27.85
2011,4.7264306640625,530,61.233333333333334,25.05
2011,2.922930431365967,531,63.15,30.7
2011,1.7711891651153564,532,66.3,29.483333333333334
2011,0.9053446531295777,533,69.73333333333333,26.95
2011,3.3754436111450197,534,63.55,22.483333333333334
2011,5.0162545013427735,535,62.45,21.516666666666666
2011,4.526692886352539,536,62.05,24.366666666666667
2011,4.71277229309082,537,61.916666666666664,23.316666666666663
2011,8.371759033203125,538,60.03333333333333,23.033333333333335
2011,2.757202911376953,539,64.11666666666666,26.683333333333337
2011,2.352290544509888,540,66.33333333333333,26.633333333333333
2011,4.070616912841797,541,61.81666666666667,29.3
2011,2.2715010166168215,542,66.43333333333334,26.683333333333337
2011,5.399440269470215,543,60.983333333333334,27.266666666666666
2011,5.399440269470215,544,60.916666666666664,27.233333333333334
2011,17.946599426269533,545,46.583333333333336,6.65
2011,21.50821746826172,546,47.38333333333333,8.216666666666667
2011,20.52403305053711,547,47.03333333333333,8.7
2011,12.478645782470704,548,47.21666666666667,7.4
2011,11.36214096069336,549,46.21666666666667,6.283333333333333
2011,16.989462280273436,550,47.68333333333333,8.533333333333333
2011,24.95922088623047,551,46.016666666666666,8.833333333333334
2011,2.757712135314941,552,46.483333333333334,9.883333333333333
2011,7.074488677978516,553,46.43333333333333,8.8
2011,18.58108123779297,554,46.11666666666667,9
2011,8.060792846679687,555,46.266666666666666,7.433333333333334
2011,2.8276227951049804,556,46.65,10.216666666666669
2011,5.7176946258544925,557,46.28333333333333,7.85
2011,19.69112548828125,558,47.266666666666666,7.883333333333333
2011,12.352821044921875,559,46.7,7.75
2011,22.480225677490235,560,47.15,9.066666666666666
2011,4.136762504577637,561,46.8,9.85
2011,22.073226928710938,562,47.46666666666667,8.35
2011,11.040712966918946,563,47.88333333333333,19.95
2011,11.040712966918946,564,47.85,19.966666666666665
2011,10.750609741210937,565,47.55,19.383333333333333
2011,9.924473266601563,566,46.96666666666667,19.55
2011,9.924473266601563,567,46.95,19.533333333333335
2011,9.565562744140625,568,47.333333333333336,21.083333333333332
2011,14.536600952148438,569,47.65,16.483333333333334
2011,13.817535095214843,570,47.65,16.516666666666666
2011,14.536600952148438,571,47.666666666666664,16.5
2011,13.0573486328125,572,46.81666666666667,16.4
2011,11.73446044921875,573,46.583333333333336,16.733333333333334
2011,9.924473266601563,574,46.95,19.55
2011,9.924473266601563,575,46.93333333333333,19.533333333333335
2011,10.004918060302735,576,43.9,26
2011,8.723572540283204,577,44.06666666666667,26.05
2011,9.056155700683593,578,44.3,25.6
2011,10.588091583251954,579,44.5,26.166666666666668
2011,10.250083618164062,580,44.9,26.1
2011,9.457162170410156,581,45.1,25.7
2011,6.270829315185547,582,45.5,25.583333333333332
2011,5.429853744506836,583,45.416666666666664,25.266666666666666
2011,8.079520797729492,584,46.68333333333333,22.616666666666667
2011,8.733279724121093,585,45.016666666666666,24.983333333333334
2011,5.404191513061523,586,47.43333333333333,25.55
2011,6.587849960327149,587,45.333333333333336,25.55
2011,10.169625701904296,588,53.88333333333333,14.5
2011,10.093237457275391,589,54.8,17.933333333333334
2011,12.265924682617188,590,53.78333333333333,15.05
2011,11.611860046386719,591,53.18333333333333,14.483333333333333
2011,13.514661560058594,592,52.9,15.35
2011,14.192035217285156,593,52.766666666666666,14.9
2011,13.325850830078124,594,53.11666666666667,16.033333333333335
2011,11.80557159423828,595,53.766666666666666,15.483333333333333
2011,10.884318542480468,596,54.666666666666664,17.983333333333334
2011,10.741668395996093,597,53.8,16.35
2011,12.878923645019531,598,54.15,17.116666666666667
2011,11.527617950439453,599,54.2,17.216666666666665
2011,11.758249053955078,600,54.083333333333336,19.15
2011,11.758249053955078,601,54.083333333333336,19.2
2011,12.642761535644532,602,54.05,20.4
2011,20.947470092773436,603,54.15,20.166666666666668
2011,12.868511962890626,604,53.766666666666666,19.033333333333335
2011,16.111305541992188,605,53.45,19.416666666666668
2011,9.426616668701172,606,54.28333333333333,23
2011,9.84285659790039,607,54.266666666666666,22.833333333333332
2011,13.922454528808593,608,54.333333333333336,22.35
2011,14.20684326171875,609,53.65,20.15
2011,14.468997192382812,610,53.666666666666664,21.433333333333337
2011,12.707283630371094,611,53.96666666666667,23.116666666666667
2011,12.23460693359375,612,53.9,23.316666666666663
2011,11.439902954101562,613,53.2,23.15
2011,11.992024536132812,614,53.2,23.35
2011,11.717182006835937,615,52.666666666666664,23.716666666666665
2011,11.288677825927735,616,52.85,23.666666666666668
2011,15.731939392089844,617,53.43333333333333,21.816666666666663
2011,12.272723236083984,618,53.28333333333333,22.05
2011,12.822384948730468,619,53.81666666666667,17.85
2011,13.450480651855468,620,53.93333333333333,18.083333333333332
2011,16.226969299316405,621,53.483333333333334,16.383333333333333
2011,14.248634033203125,622,53.3,16.833333333333332
2011,13.700550537109375,623,53.6,16.95
2011,13.15271743774414,624,53.266666666666666,19.55
2011,13.957321014404297,625,52.983333333333334,19.233333333333334
2011,12.879805450439454,626,52.55,15.25
2011,12.507743835449219,627,52.516666666666666,14.95
2011,15.290310668945313,628,52.8,16.416666666666668
2011,18.871614379882814,629,52.95,18.516666666666666
2011,20.431775512695314,630,52.7,18.916666666666668
2011,11.701651611328124,631,51.86666666666667,15.533333333333331
2011,11.951901092529297,632,52.35,15.8
2011,12.262318115234375,633,52.25,16.316666666666666
2011,19.302715454101563,634,52,17.316666666666666
2011,12.046637878417968,635,51.8,16.5
2011,20.054149169921875,636,52.63333333333333,17.65
2011,17.612617797851563,637,51.95,17.2
2011,13.413181457519531,638,51.516666666666666,18.25
2011,18.97473175048828,639,51.6,16.916666666666668
2011,17.58509490966797,640,53.11666666666667,19.783333333333335
2011,13.832903747558595,641,52.71666666666667,20.6
2011,13.097005310058593,642,52.36666666666667,19.9
2011,11.940020294189454,643,52.016666666666666,21.1
2011,11.78632110595703,644,51.8,21.45
2011,12.53265869140625,645,53.3,21.616666666666667
2011,13.004020080566406,646,53.18333333333333,21.083333333333332
2011,11.161780395507812,647,52.766666666666666,22.666666666666668
2011,10.23885238647461,648,51.43333333333333,22.766666666666666
2011,11.660398254394531,649,51.96666666666667,22.983333333333334
2011,9.659285430908204,650,51.483333333333334,23.35
2011,9.739315643310547,651,51.233333333333334,23.5
2011,8.811077423095703,652,50.63333333333333,23.75
2011,12.12662109375,653,51.36666666666667,15.683333333333334
2011,12.573439178466797,654,51.25,15.483333333333333
2011,10.716603698730468,655,51.35,16.5
2011,11.325223083496093,656,50.88333333333333,17.633333333333333
2011,9.950049438476562,657,50.63333333333333,16.933333333333334
2011,9.633742980957031,658,50.38333333333333,17.55
2011,11.425911560058594,659,50.43333333333333,17.95
2011,12.19703857421875,660,50.53333333333333,17.7
2011,12.5146630859375,661,50.8,18.166666666666668
2011,14.649795227050781,662,50.583333333333336,18.45
2011,12.88708023071289,663,50.233333333333334,18.316666666666663
2011,13.431200714111329,664,51.333333333333336,19.266666666666666
2011,11.65718032836914,665,51.1,20.416666666666668
2011,11.844593353271485,666,51.083333333333336,20.15
2011,9.76290985107422,667,50.7,20.766666666666666
2011,10.442324829101562,668,51.65,21.033333333333335
2011,10.220452270507813,669,51.2,21.383333333333333
2011,10.508401336669921,670,51.21666666666667,22.65
2011,11.013341979980469,671,51.166666666666664,21.866666666666667
2011,9.716800842285156,672,50.38333333333333,23.45
2011,9.775531158447265,673,50.43333333333333,23.4
2011,12.329803466796875,674,50.75,18.666666666666668
2011,12.01798309326172,675,51,19.05
2011,15.532796630859375,676,50.2,19.4
2011,13.538096008300782,677,50.35,19.35
2011,13.822672882080077,678,50.333333333333336,19.65
2011,12.020149230957031,679,50.7,19.216666666666665
2011,11.118511199951172,680,50.71666666666667,20.3
2011,11.882433166503906,681,50.55,21.25
2011,12.11626220703125,682,50.46666666666667,22.116666666666667
2011,11.201106414794921,683,50.5,22.933333333333337
2011,10.305282897949219,684,50.416666666666664,22.75
2011,12.42389389038086,685,50.05,20.566666666666663
2011,13.5241748046875,686,50.06666666666667,20.8
2011,10.726655807495117,687,50.266666666666666,22.116666666666667
2011,12.008205108642578,688,50.833333333333336,15.416666666666666
2011,11.025860748291016,689,50.85,15.516666666666667
2011,9.990039443969726,690,50.266666666666666,16.633333333333333
2011,13.476548614501953,691,50.31666666666667,16.416666666666668
2011,11.462601165771485,692,50.25,16.983333333333334
2011,10.523175964355469,693,50.233333333333334,16.783333333333335
2011,14.445431823730468,694,49.666666666666664,18.966666666666665
2011,12.102117309570312,695,49.75,21.816666666666663
2011,11.700281829833985,696,49.61666666666667,22.466666666666665
2011,9.860185241699218,697,49.2,22.716666666666665
2011,9.320777893066406,698,49.06666666666667,22.85
2011,12.863576507568359,699,49.65,19.033333333333335
2011,11.381296463012696,700,49.6,19.083333333333332
2011,12.555083236694337,701,49.516666666666666,18.9
2011,12.462223892211915,702,49.75,19.8
2011,11.922935180664062,703,49.68333333333333,20.166666666666668
2011,11.60674575805664,704,49.416666666666664,20.816666666666663
2011,9.952348175048828,705,49.333333333333336,20.833333333333332
2011,12.46323745727539,706,49.483333333333334,21.616666666666667
2011,11.788454895019532,707,49.4,21.95
2011,10.309759826660157,708,49.45,19.983333333333334
2011,14.192035217285156,709,52.733333333333334,14.866666666666667
2011,12.015513916015625,710,52.86666666666667,15.716666666666669
2011,11.442791137695313,711,54.53333333333333,17.9
2011,11.564510803222657,712,54.55,18.266666666666666
2011,13.578195953369141,713,53.983333333333334,19.433333333333337
2011,13.265937042236327,714,53.85,20.533333333333335
2011,10.495075225830078,715,53.583333333333336,23.266666666666666
2011,10.675555114746095,716,53.68333333333333,16.766666666666666
2011,11.737298889160156,717,51.81666666666667,15.783333333333331
2011,16.71026885986328,718,51.766666666666666,17.566666666666666
2011,18.703930969238282,719,52.483333333333334,19.6
2011,10.367352752685546,720,52.333333333333336,22.65
2011,11.065771789550782,721,52.03333333333333,22.716666666666665
2011,12.573439178466797,722,51.3,15.416666666666666
2011,12.19703857421875,723,50.6,17.683333333333334
2011,10.744432983398438,724,50.61666666666667,17.25
2011,15.272939300537109,725,50.083333333333336,18.65
2011,14.645221862792969,726,50.3,18.483333333333334
2011,11.448467407226563,727,51.03333333333333,19.6
2011,8.758296585083007,728,50.5,23.466666666666665
2011,15.25141571044922,729,50.483333333333334,20.116666666666667
2011,10.331618499755859,730,51.05,15.866666666666667
2011,9.393004379272462,731,50.78333333333333,16.2
2011,11.20618408203125,732,49.85,22.6
2011,11.700281829833985,733,49.65,22.483333333333334
2011,10.62210174560547,734,49.45,22.283333333333335
2011,13.217778778076172,735,49.65,20.25
2011,11.392875671386719,736,48.2,18.383333333333333
2011,8.92321273803711,737,48.916666666666664,19.483333333333334
2011,9.930466995239257,738,48.63333333333333,19.533333333333335
2011,11.551061096191406,739,47.88333333333333,17.583333333333332
2011,10.707391510009765,740,48.61666666666667,19.033333333333335
2011,7.4071627044677735,741,49.166666666666664,20.233333333333334
2011,10.719264526367187,742,49.18333333333333,22.083333333333332
2011,12.575272827148437,743,49.5,18.566666666666663
2011,12.575272827148437,744,49.483333333333334,18.566666666666663
2011,10.699710540771484,745,48.38333333333333,19
2011,9.295902709960938,746,48.95,19.383333333333333
2011,10.707391510009765,747,48.61666666666667,19.016666666666666
2011,10.873350067138672,748,58.38333333333333,8.233333333333333
2011,4.251014232635498,749,59.03333333333333,7.566666666666666
2011,1.5267317867279053,750,65.88333333333334,13.8
2011,8.523066177368165,751,58.96666666666667,11.516666666666667
2011,4.217265272140503,752,60.6,6.516666666666667
2011,2.453644962310791,753,64.65,12.266666666666667
2011,3.461246814727783,754,61.266666666666666,11.85
2011,6.490068435668945,755,59.43333333333333,9.866666666666667
2011,2.73521577835083,756,61,9.216666666666669
2011,2.4021477699279785,757,63.28333333333333,11.183333333333334
2011,1.6511791801452638,758,62.766666666666666,8.883333333333333
2011,5.303655052185059,759,60.36666666666667,11.066666666666666
2011,16.409492950439454,760,59.333333333333336,5.783333333333333
2011,3.461246814727783,761,61.28333333333333,11.85
2011,1.6511791801452638,762,62.78333333333333,8.883333333333333
2011,6.490068435668945,763,59.45,9.866666666666667
2011,8.027600479125976,764,56.35,24.95
2011,10.407656707763671,765,54.833333333333336,24.05
2011,11.453274383544922,766,54.85,23.533333333333335
2011,8.437924499511718,767,56.333333333333336,24.833333333333332
2011,10.203501434326173,768,54.416666666666664,24.95
2011,10.407656707763671,769,54.81666666666667,24.066666666666663
2011,8.766792755126954,770,54.78333333333333,24.066666666666663
2011,10.879579620361328,771,54.18333333333333,24.6
2011,7.794809722900391,772,55.8,25.516666666666666
2011,11.384166259765625,773,55.81666666666667,21.466666666666665
2011,10.407656707763671,774,54.833333333333336,24.033333333333335
2011,12.800722961425782,775,50.03333333333333,12.616666666666667
2011,10.955441436767579,776,50.166666666666664,17.066666666666666
2011,11.063583679199219,777,50.1,17.2
2011,11.456412963867187,778,49.45,15.766666666666667
2011,11.789011840820313,779,50.55,15.95
2011,11.777944030761718,780,49.666666666666664,15.216666666666669
2011,12.17572982788086,781,50.18333333333333,12.883333333333333
2011,11.639078826904298,782,49.25,15.7
2011,10.389602127075195,783,50.733333333333334,15.533333333333331
2011,12.50041748046875,784,49.06666666666667,17.266666666666666
2011,16.544739379882813,785,50.13333333333333,15.866666666666667
2011,12.909117431640626,786,49.9,14.533333333333331
2011,12.465281066894532,787,49.21666666666667,14.3
2011,11.563186798095703,788,49.016666666666666,14.966666666666669
2011,14.926904602050781,789,50.28333333333333,16.383333333333333
2011,11.307646636962891,790,49.733333333333334,12.85
2011,11.637890167236328,791,49,14.8
2011,11.809629364013672,792,50.63333333333333,14.6
2011,12.176878662109376,793,50.833333333333336,15.333333333333334
2011,13.303302154541015,794,49.7,17.133333333333333
2011,13.823939208984376,795,49.45,18.383333333333333
2011,5.755149230957032,796,59.55,26.033333333333335
2011,5.633311538696289,797,59.56666666666667,26.116666666666667
2011,6.563003921508789,798,58.05,26.1
2011,5.967338943481446,799,58.11666666666667,27.05
2011,5.388468170166016,800,58.35,26.966666666666665
2011,6.587807693481445,801,57.7,26.516666666666666
2011,5.3850704956054685,802,59.516666666666666,26.4
2011,5.636082534790039,803,58.266666666666666,26.45
2011,9.369900817871093,804,46.36666666666667,13.933333333333334
2011,16.910488891601563,805,45.983333333333334,13.733333333333333
2011,15.551803588867188,806,45.666666666666664,13.85
2011,17.63075469970703,807,46.28333333333333,14.4
2011,8.98372055053711,808,45.53333333333333,14.8
2011,12.563651123046874,809,46.46666666666667,15.383333333333333
2011,12.396041259765624,810,46.36666666666667,15.233333333333333
2011,12.635572814941407,811,46.1,15.066666666666666
2011,9.55403823852539,812,45.63333333333333,14.633333333333333
2011,12.644637145996093,813,45.86666666666667,15.416666666666666
2011,11.34222869873047,814,46.483333333333334,16.516666666666666
2011,12.563651123046874,815,46.45,15.383333333333333
2011,2.2637882328033445,816,64.13333333333334,32.233333333333334
2011,1.8514629888534546,817,64.11666666666666,32.88333333333333
2011,2.2459766483306884,818,63.85,30.9
2011,2.2995739364624024,819,63.85,31.55
2011,2.212316608428955,820,63.833333333333336,32.85
2011,2.986327304840088,821,63.56666666666667,30.883333333333333
2011,2.445988826751709,822,63.56666666666667,31.533333333333335
2011,2.408910484313965,823,63.266666666666666,32.166666666666664
2011,2.4618181705474855,824,63.25,32.8
2011,2.7129416465759277,825,62.96666666666667,32.78333333333333
2011,2.599616947174072,826,62.93333333333333,34.03333333333333
2011,3.037528476715088,827,62.916666666666664,34.666666666666664
2011,2.7073351669311525,828,62.9,35.3
2011,2.402126741409302,829,62.86666666666667,35.916666666666664
2011,3.423291664123535,830,62.583333333333336,35.86666666666667
2011,3.1988384246826174,831,62.28333333333333,36.43333333333333
2011,3.023130054473877,832,62.083333333333336,33.916666666666664
2011,3.4672892189025877,833,61.983333333333334,36.36666666666667
2011,3.115333480834961,834,61.96666666666667,36.96666666666667
2011,2.960331230163574,835,61.93333333333333,37.583333333333336
2011,4.423730163574219,836,61.85,30.833333333333332
2011,3.348956127166748,837,61.81666666666667,33.266666666666666
2011,3.3689606094360354,838,61.8,33.88333333333333
2011,3.28861328125,839,61.666666666666664,36.916666666666664
2011,3.955454158782959,840,61.55,30.216666666666665
2011,4.574867553710938,841,61.55,32.03333333333333
2011,3.7669810485839843,842,61.5,33.833333333333336
2011,3.3431253242492676,843,61.483333333333334,34.45
2011,3.4257706069946288,844,61.46666666666667,35.05
2011,4.271750717163086,845,61.266666666666666,29.633333333333333
2011,3.045712614059448,846,61.266666666666666,30.216666666666665
2011,5.1136683654785156,847,61.25,32.61666666666667
2011,4.63584903717041,848,61.233333333333334,33.21666666666667
2011,3.6098537063598632,849,61.2,34.4
2011,5.19981014251709,850,60.95,33.18333333333333
2011,4.68422046661377,851,61.25,29.316666666666663
2011,4.985885581970215,852,61.11666666666667,29.033333333333335
2011,4.670316772460938,853,61.11666666666667,29.333333333333332
2011,4.357148361206055,854,61.11666666666667,29.616666666666667
2011,3.6464953422546387,855,61.11666666666667,29.933333333333337
2011,1.8304938983917236,856,64.7,32.95
2011,5.243252830505371,857,60.96666666666667,29.033333333333335
2011,5.2715099334716795,858,60.96666666666667,29.333333333333332
2011,4.899689445495605,859,60.96666666666667,29.633333333333333
2011,5.072461318969727,860,60.96666666666667,30.216666666666665
2011,5.795670166015625,861,60.833333333333336,28.45
2011,5.866823654174805,862,60.833333333333336,28.75
2011,5.239521026611328,863,60.833333333333336,29.066666666666663
2011,4.227155170440674,864,60.833333333333336,29.35
2011,5.131507186889649,865,60.81666666666667,29.633333333333333
2011,4.552816276550293,866,60.833333333333336,29.933333333333337
2011,4.1405583763122555,867,60.81666666666667,30.233333333333334
2011,4.643257446289063,868,60.68333333333333,29.933333333333337
2011,4.972893390655518,869,60.68333333333333,28.466666666666665
2011,6.104883422851563,870,60.68333333333333,29.05
2011,5.838082733154297,871,60.7,29.333333333333332
2011,5.122500114440918,872,60.68333333333333,29.65
2011,4.961221618652344,873,60.68333333333333,30.216666666666665
2011,4.733115539550782,874,60.68333333333333,30.483333333333334
2011,6.70523078918457,875,60.53333333333333,27.916666666666668
2011,5.6923323822021485,876,60.55,28.216666666666665
2011,5.0974180793762205,877,60.53333333333333,28.483333333333334
2011,7.524236602783203,878,60.53333333333333,28.766666666666666
2011,4.92203125,879,60.55,29.366666666666667
2011,4.764373092651367,880,60.55,29.633333333333333
2011,6.007637710571289,881,60.55,29.933333333333337
2011,4.595679588317871,882,60.55,30.516666666666666
2011,7.84987777709961,883,60.4,28.766666666666666
2011,7.236615295410156,884,60.4,29.066666666666663
2011,7.415785522460937,885,60.4,29.35
2011,7.257514495849609,886,60.4,29.633333333333333
2011,6.938831329345703,887,60.4,29.933333333333337
2011,6.207341232299805,888,60.416666666666664,30.2
2011,8.368418502807618,889,60.266666666666666,29.066666666666663
2011,7.302126388549805,890,60.266666666666666,29.35
2011,6.986099777221679,891,60.266666666666666,29.633333333333333
2011,8.014403991699218,892,60.266666666666666,29.933333333333337
2011,6.684130859375,893,60.11666666666667,30.516666666666666
2011,6.805069580078125,894,60.11666666666667,30.8
2011,7.4874544525146485,895,59.983333333333334,30.8
2011,5.209484748840332,896,59.983333333333334,31.083333333333332
2011,1.682414059638977,897,66.43333333333334,32.43333333333333
2011,1.5256102228164672,898,66.41666666666667,33.15
2011,1.5889350032806397,899,66.15,31.683333333333337
2011,1.6044813442230224,900,66.13333333333334,33.11666666666667
2011,1.7213231754302978,901,66.11666666666666,33.81666666666667
2011,1.8165316104888916,902,65.86666666666666,30.95
2011,1.759521632194519,903,65.86666666666666,31.666666666666668
2011,1.4161656856536866,904,65.85,33.083333333333336
2011,1.3379196333885193,905,65.83333333333333,33.78333333333333
2011,1.3425622034072875,906,65.81666666666666,34.46666666666667
2011,1.805657205581665,907,65.58333333333333,30.966666666666665
2011,1.6960314655303954,908,65.58333333333333,31.65
2011,1.5583860301971435,909,65.56666666666666,32.35
2011,1.5125216722488404,910,65.56666666666666,33.03333333333333
2011,2.0301146507263184,911,65.3,30.25
2011,2.022927179336548,912,65.3,30.95
2011,1.9106709957122803,913,65.3,31.633333333333333
2011,1.381644287109375,914,65.26666666666667,33.016666666666666
2011,1.438876371383667,915,65.25,33.68333333333333
2011,1.4587181425094604,916,65.25,34.38333333333333
2011,2.0228932666778565,917,65.01666666666667,30.25
2011,1.8429008913040161,918,65,32.28333333333333
2011,1.6584628868103026,919,64.98333333333333,32.983333333333334
2011,1.6349542140960693,920,64.96666666666667,33.65
2011,1.464363374710083,921,64.95,34.333333333333336
2011,2.1326343536376955,922,64.73333333333333,30.25
2011,1.9315409755706787,923,64.71666666666667,30.916666666666668
2011,1.8463383865356446,924,64.71666666666667,31.6
2011,2.0388017654418946,925,64.41666666666667,32.9
2011,1.976343698501587,926,64.4,33.583333333333336
2011,2.1074624061584473,927,64.38333333333334,34.25
2011,2.2174742221832275,928,64.15,31.566666666666663
2011,2.168583507537842,929,64.1,33.53333333333333
2011,2.046383581161499,930,64.08333333333333,34.2
2011,2.2558669662475586,931,63.85,32.2
2011,1.6882287406921386,932,63.8,34.15
2011,2.4783815860748293,933,63.78333333333333,34.8
2011,2.047871570587158,934,63.55,32.833333333333336
2011,2.322547740936279,935,63.53333333333333,33.46666666666667
2011,2.4585681343078614,936,63.21666666666667,34.71666666666667
2011,2.5340316772460936,937,63.18333333333333,35.35
2011,2.537236213684082,938,63.166666666666664,35.983333333333334
2011,2.540603837966919,939,62.983333333333334,32.13333333333333
2011,2.8657541465759278,940,62.7,32.11666666666667
2011,3.0280459213256834,941,62.68333333333333,32.733333333333334
2011,2.9851275634765626,942,62.666666666666664,33.36666666666667
2011,3.0174334144592283,943,62.63333333333333,34.61666666666667
2011,3.039824104309082,944,62.416666666666664,31.466666666666665
2011,3.072814998626709,945,62.4,32.71666666666667
2011,2.8710633087158204,946,62.38333333333333,33.333333333333336
2011,2.6621627140045168,947,62.36666666666667,33.96666666666667
2011,2.9863253021240235,948,62.333333333333336,35.18333333333333
2011,4.202081871032715,949,62.13333333333333,30.85
2011,3.673832321166992,950,62.13333333333333,31.45
2011,3.5115552711486817,951,62.11666666666667,32.06666666666667
2011,3.4362872314453123,952,62.11666666666667,32.68333333333333
2011,3.1492962074279784,953,62.1,33.3
2011,2.9612104988098142,954,62.05,35.15
2011,4.542879753112793,955,61.833333333333336,31.45
2011,3.7548876762390138,956,61.81666666666667,32.666666666666664
2011,4.8234896469116215,957,61.55,31.433333333333337
2011,3.6218349170684814,958,61.53333333333333,32.63333333333333
2011,3.7857792472839353,959,61.516666666666666,33.233333333333334
2011,4.684513778686523,960,60.93333333333333,33.78333333333333
2011,7.686901473999024,961,42.766666666666666,23.75
2011,9.636213989257813,962,43.05,27.766666666666666
2011,5.457629547119141,963,42.06666666666667,23.8
2011,9.155068817138671,964,42.9,27.75
2011,5.358539505004883,965,41.68333333333333,24.733333333333334
2011,12.618909301757812,966,56.21666666666667,21.116666666666667
2011,5.978140640258789,967,57.166666666666664,25.7
2011,7.670055618286133,968,56.733333333333334,23.683333333333337
2011,5.832161560058593,969,35,33.05
2011,5.420698776245117,970,34.95,32.81666666666667
2011,5.485895843505859,971,34.916666666666664,32.916666666666664
2011,6.656812362670898,972,35.016666666666666,32.61666666666667
2011,9.859869537353516,973,45.15,19.8
2011,6.212619247436524,974,43.28333333333333,20.8
2011,9.934996185302735,975,45.45,19.166666666666668
2011,10.924302673339843,976,44.11666666666667,21.966666666666665
2011,7.124316558837891,977,43.75,19.483333333333334
2012,13.625870208740235,1,47.86666666666667,6.2
2012,12.735936737060547,2,46.96666666666667,5.233333333333333
2012,15.205338745117187,3,46.166666666666664,5.233333333333333
2012,14.37727081298828,4,47.06666666666667,5.066666666666666
2012,12.432151489257812,5,48.166666666666664,-1.5333333333333332
2012,12.1472802734375,6,45.93333333333333,4.466666666666667
2012,11.902473907470704,7,47.083333333333336,4.083333333333333
2012,11.119891204833984,8,46.56666666666667,5.866666666666667
2012,10.15384780883789,9,46.516666666666666,6.05
2012,4.272561912536621,10,45.583333333333336,6.783333333333333
2012,13.258947448730469,11,46.21666666666667,6.333333333333333
2012,5.623486213684082,12,44.11666666666667,5.8
2012,12.385562896728516,13,47.8,4.85
2012,13.304742431640625,14,47.18333333333333,6.266666666666667
2012,9.834948120117188,15,44.916666666666664,5.283333333333333
2012,12.342398834228515,16,47.78333333333333,5.066666666666666
2012,15.475604858398437,17,48.63333333333333,6.066666666666666
2012,3.644008674621582,18,44.7,6.55
2012,3.747671241760254,19,44.016666666666666,6.666666666666667
2012,12.432151489257812,20,48.2,-1.55
2012,11.74574981689453,21,47.93333333333333,3.716666666666667
2012,3.918564758300781,22,44.483333333333334,6.45
2012,10.859323120117187,23,46.96666666666667,6.45
2012,8.452225875854491,24,44.93333333333333,5.316666666666666
2012,9.889198303222656,25,45.416666666666664,6.116666666666666
2012,13.875370635986329,26,46.833333333333336,5.783333333333333
2012,17.416053924560547,27,48.333333333333336,4.3
2012,11.285295715332031,28,46.81666666666667,2.5666666666666664
2012,19.716519317626954,29,43.733333333333334,-0.8333333333333334
2012,10.81938735961914,30,47.45,-0.01666666666666666
2012,14.993638763427734,31,49.016666666666666,5.766666666666667
2012,19.888431701660156,32,50.166666666666664,3.75
2012,9.799038238525391,33,43.2,-0.03333333333333333
2012,11.475461273193359,34,46.666666666666664,2.716666666666667
2012,16.699084014892577,35,48.28333333333333,4.45
2012,12.288211212158203,36,47.25,2.1166666666666667
2012,15.673429565429688,37,49.35,1.5
2012,12.372510223388671,38,47.56666666666667,1.25
2012,19.495421142578124,39,49.03333333333333,4.95
2012,18.229948577880858,40,48.86666666666667,6.483333333333333
2012,14.310101013183594,41,49,7.45
2012,11.39273910522461,42,46.96666666666667,3.65
2012,14.869290161132813,43,49.38333333333333,2.3
2012,12.401950531005859,44,48.516666666666666,0.6666666666666666
2012,16.635552673339845,45,47.68333333333333,7.466666666666667
2012,11.829974822998047,46,47.78333333333333,0.36666666666666664
2012,9.047165069580078,47,44.03333333333333,1.7333333333333334
2012,11.536554565429688,48,46.61666666666667,0.48333333333333334
2012,14.529176025390624,49,48.016666666666666,6.033333333333333
2012,13.475636901855468,50,48.983333333333334,7.716666666666667
2012,15.077686462402344,51,48.45,2.716666666666667
2012,9.030366821289062,52,46.15,1.8166666666666669
2012,8.367407455444337,53,43.43333333333333,2.7
2012,11.415378265380859,54,48.56666666666667,-0.06666666666666667
2012,9.23034652709961,55,43.1,-0.1
2012,17.67691589355469,56,49.93333333333333,4.8
2012,8.295682067871093,57,43.63333333333333,2.9166666666666665
2012,9.937645263671875,58,45.75,2.95
2012,10.284067535400391,59,47,4.116666666666666
2012,9.12395751953125,60,43.43333333333333,2.4333333333333336
2012,8.9564697265625,61,45.8,1.8
2012,12.190674743652345,62,48.233333333333334,7.1
2012,15.847574157714844,63,49.2,3.1166666666666667
2012,9.42161964416504,64,42.916666666666664,1.2666666666666666
2012,12.121723022460937,65,49.166666666666664,-0.85
2012,8.719706115722657,66,47.833333333333336,-3.533333333333333
2012,8.141219177246093,67,44.1,3.533333333333333
2012,16.45847885131836,68,48.5,6.7
2012,20.183399963378907,69,49.166666666666664,5
2012,18.984472351074217,70,49.31666666666667,2.8666666666666667
2012,11.120510864257813,71,43.15,-0.65
2012,9.459126205444337,72,43.016666666666666,0.43333333333333335
2012,20.044696502685547,73,49.7,1.3166666666666669
2012,10.583896179199218,74,43.4,2.1666666666666665
2012,14.306550140380859,75,48.1,6.233333333333333
2012,4.67394079208374,76,42.25,8.833333333333334
2012,11.813264923095703,77,47.65,2.0833333333333335
2012,5.2605686950683594,78,41.75,9.2
2012,8.394002838134766,79,43.93333333333333,-1.3333333333333333
2012,10.220816192626954,80,44.1,0.1
2012,10.855515441894532,81,44.03333333333333,-0
2012,11.829974822998047,82,47.733333333333334,0.3333333333333333
2012,8.102017822265625,83,44.85,3.05
2012,10.56827392578125,84,47.53333333333333,-1.8
2012,13.587649078369141,85,47.81666666666667,2.4333333333333336
2012,13.0317236328125,86,48.6,-0.5
2012,8.40604736328125,87,45.4,3.6833333333333336
2012,14.019474334716797,88,48.85,7.7
2012,14.310101013183594,89,48.916666666666664,7.433333333333334
2012,18.62504150390625,90,49.45,0.7333333333333333
2012,14.372238006591797,91,48.68333333333333,1.7166666666666668
2012,13.901425476074218,92,48.21666666666667,6.683333333333334
2012,7.085667266845703,93,44.7,3.95
2012,8.230127182006836,94,42.85,1.3333333333333333
2012,7.783938293457031,95,42.86666666666667,2.1
2012,13.971126098632812,96,48.6,7.133333333333334
2012,9.13871078491211,97,45.43333333333333,3.5166666666666666
2012,10.91275619506836,98,47.93333333333333,7.116666666666666
2012,6.860968170166015,99,45.96666666666667,-1.2666666666666666
2012,5.720398330688477,100,46.86666666666667,-2.1333333333333333
2012,10.603234405517577,101,46.18333333333333,2.9833333333333334
2012,31.473236694335938,102,51.06666666666667,3.033333333333333
2012,18.22760192871094,103,50.78333333333333,4.7
2012,18.738289794921876,104,50.7,4.3
2012,31.831022033691408,105,51.4,5.05
2012,27.11049011230469,106,51.3,4.516666666666667
2012,22.01210876464844,107,50.96666666666667,3.8
2012,20.051978454589843,108,50.983333333333334,4.2
2012,28.970695190429687,109,50.96666666666667,2.95
2012,24.022479858398437,110,51.166666666666664,5.316666666666666
2012,24.80722412109375,111,50.93333333333333,5.6
2012,19.27557830810547,112,50.733333333333334,4.4
2012,17.614729919433593,113,49.95,4.816666666666666
2012,18.983116149902344,114,50.21666666666667,5.616666666666667
2012,17.680175170898437,115,49.766666666666666,5.45
2012,18.206260375976562,116,50.233333333333334,5.983333333333333
2012,18.51217742919922,117,50.583333333333336,6.1
2012,17.468200073242187,118,50.05,5.216666666666667
2012,19.04024871826172,119,49.516666666666666,5.566666666666666
2012,18.328475036621093,120,50.1,4.266666666666667
2012,17.524385681152342,121,50.666666666666664,4.6
2012,25.5837255859375,122,52.96666666666667,6.733333333333333
2012,25.535022888183594,123,52.86666666666667,6.333333333333333
2012,25.535022888183594,124,52.86666666666667,6.35
2012,24.923300170898436,125,52.9,6.716666666666667
2012,27.980891723632812,126,52.53333333333333,6.55
2012,38.95087585449219,127,52.166666666666664,5.75
2012,28.80961486816406,128,51.31666666666667,5.516666666666667
2012,29.411159057617187,129,51.55,4.766666666666667
2012,32.83575927734375,130,52.233333333333334,5.633333333333333
2012,31.80272705078125,131,52.1,5.216666666666667
2012,30.310122680664062,132,52.15,5.883333333333333
2012,25.61642791748047,133,52.833333333333336,6.433333333333334
2012,33.48361267089844,134,52.266666666666666,5.733333333333333
2012,16.563340148925782,135,52.46666666666667,13.216666666666669
2012,14.705552978515625,136,52.416666666666664,13.6
2012,15.56393798828125,137,53.1,12.416666666666666
2012,15.924502258300782,138,53.13333333333333,12.95
2012,14.820047912597657,139,52.96666666666667,13.633333333333333
2012,15.275872192382813,140,52.18333333333333,12.55
2012,15.902105712890625,141,51.78333333333333,13.55
2012,15.48870361328125,142,52.13333333333333,14
2012,15.924502258300782,143,53.13333333333333,12.966666666666669
2012,15.902105712890625,144,51.78333333333333,13.566666666666666
2012,14.107462158203125,145,52.15,14.016666666666667
2012,15.924502258300782,146,53.15,12.983333333333333
2012,14.888203735351562,147,52.15,14.483333333333333
2012,16.195093688964842,148,48.8,8.383333333333333
2012,19.681925659179687,149,49.45,8.75
2012,14.44811508178711,150,47.983333333333334,8.983333333333333
2012,14.160448608398438,151,48.28333333333333,8.65
2012,16.376399841308594,152,47.78333333333333,7.7
2012,15.152508087158203,153,48.016666666666666,7.966666666666667
2012,22.61466796875,154,48,9.95
2012,11.75113800048828,155,48.6,8.633333333333333
2012,18.488113403320313,156,48.86666666666667,9.566666666666666
2012,16.148633728027345,157,49.516666666666666,9.166666666666666
2012,18.632857971191406,158,48.75,9.416666666666666
2012,11.75113800048828,159,48.583333333333336,8.633333333333333
2012,19.681925659179687,160,49.46666666666667,8.733333333333333
2012,15.152508087158203,161,48.016666666666666,7.95
2012,22.61466796875,162,48,9.966666666666669
2012,11.75113800048828,163,48.583333333333336,8.616666666666667
2012,18.051449584960938,164,49.4,11.316666666666666
2012,23.334239196777343,165,48.11666666666667,11.916666666666666
2012,16.715107727050782,166,49.75,12.383333333333333
2012,18.947781372070313,167,48.96666666666667,12.866666666666667
2012,16.95706817626953,168,48.916666666666664,11.75
2012,20.395648803710937,169,48.4,11.65
2012,26.464465942382812,170,48.21666666666667,12.733333333333333
2012,14.417681884765624,171,50.35,9.916666666666666
2012,10.953440361022949,172,47.56666666666667,12.933333333333334
2012,18.064444580078124,173,49.11666666666667,10.583333333333334
2012,16.735249633789063,174,49.85,10.516666666666667
2012,16.873780822753908,175,49.96666666666667,11.8
2012,19.682789154052735,176,48.7,12.733333333333333
2012,17.911784057617187,177,49.68333333333333,11.5
2012,17.628085327148437,178,49.96666666666667,9.45
2012,24.91146301269531,179,47.86666666666667,10.783333333333331
2012,18.013260650634766,180,47.56666666666667,10.383333333333333
2012,20.302860107421875,181,48.4,10.533333333333331
2012,19.581731262207033,182,49.266666666666666,12.383333333333333
2012,14.365736999511718,183,50.45,11.35
2012,15.75834991455078,184,49.71666666666667,9.883333333333333
2012,22.17689010620117,185,47.71666666666667,11.666666666666666
2012,20.22056457519531,186,48.28333333333333,11.066666666666666
2012,20.565145568847655,187,52.833333333333336,10.25
2012,20.62911163330078,188,51.85,10.4
2012,19.090813598632813,189,51.85,10.416666666666666
2012,19.008816528320313,190,51.75,9.566666666666666
2012,17.671951293945313,191,51.516666666666666,10.033333333333331
2012,21.842104187011717,192,53.166666666666664,9.9
2012,34.7456379699707,193,52.9,7.85
2012,17.242998962402343,194,50.63333333333333,9.666666666666666
2012,15.90142822265625,195,50.416666666666664,9.666666666666666
2012,17.2549267578125,196,50.7,8.883333333333333
2012,18.201590270996093,197,50.15,9.383333333333333
2012,15.493172607421876,198,50.56666666666667,8.2
2012,16.236087646484375,199,50.916666666666664,9.333333333333334
2012,22.182434692382813,200,54.083333333333336,10.233333333333333
2012,18.680989379882813,201,49.63333333333333,8.833333333333334
2012,16.49561767578125,202,52.56666666666667,11.166666666666666
2012,16.62636932373047,203,52.05,12.3
2012,16.648930053710938,204,51.36666666666667,9.266666666666667
2012,17.2078515625,205,51.28333333333333,9.75
2012,15.979187316894532,206,50.68333333333333,8.633333333333333
2012,15.016597290039062,207,51.15,9.016666666666667
2012,18.84619598388672,208,49.7,8.516666666666667
2012,18.84619598388672,209,49.7,8.533333333333333
2012,16.49561767578125,210,52.56666666666667,11.183333333333334
2012,15.326455841064453,211,53.666666666666664,12.05
2012,13.782454223632813,212,53.63333333333333,13.933333333333334
2012,31.4448291015625,213,51.75,6.05
2012,28.28529571533203,214,51.71666666666667,6.166666666666667
2012,27.450247802734374,215,51.68333333333333,7.25
2012,23.88945037841797,216,51.833333333333336,8.95
2012,15.335881958007812,217,51.21666666666667,8.666666666666666
2012,17.375312194824218,218,51.016666666666666,8.183333333333334
2012,18.277445068359373,219,50.666666666666664,6.25
2012,24.348566589355467,220,51.7,8.983333333333333
2012,15.992410278320312,221,49.68333333333333,7.016666666666667
2012,16.111903076171874,222,50.416666666666664,7.083333333333333
2012,12.896094360351562,223,49.63333333333333,7.916666666666667
2012,17.148885192871095,224,50.4,7.716666666666667
2012,14.282099609375,225,49.266666666666666,7.8
2012,14.788944702148438,226,49.016666666666666,8.116666666666667
2012,14.10195831298828,227,49.3,7.866666666666667
2012,16.154695129394533,228,49.31666666666667,7.016666666666667
2012,16.442965393066405,229,50.416666666666664,12.533333333333331
2012,14.272345123291016,230,50.63333333333333,13.3
2012,14.410103607177735,231,50.81666666666667,14.083333333333334
2012,12.40387466430664,232,51.11666666666667,14.55
2012,16.76544677734375,233,51.233333333333334,13.816666666666666
2012,14.304080352783203,234,51.18333333333333,12.816666666666666
2012,15.190423583984375,235,50.6,10.783333333333331
2012,15.0530908203125,236,51.333333333333336,10.85
2012,15.528230590820312,237,50.78333333333333,11.65
2012,14.399769134521485,238,50.93333333333333,11.016666666666667
2012,14.239922790527343,239,50.483333333333334,11.483333333333333
2012,6.312977447509765,240,41.833333333333336,13.583333333333334
2012,6.6569082641601565,241,40.6,15.866666666666667
2012,7.953220062255859,242,38.416666666666664,16.166666666666668
2012,5.250468521118164,243,40.416666666666664,15.433333333333334
2012,21.226429595947266,244,44.71666666666667,10.2
2012,11.155514678955079,245,44.1,11.116666666666667
2012,24.884136657714844,246,45.81666666666667,13.166666666666666
2012,10.053593673706054,247,46.483333333333334,13.583333333333334
2012,7.528399810791016,248,42.81666666666667,11.9
2012,7.305107955932617,249,46.233333333333334,9.55
2012,10.415429992675781,250,43.28333333333333,13.066666666666666
2012,27.435442810058593,251,45.666666666666664,8.066666666666666
2012,10.107846984863281,252,41.81666666666667,15.983333333333333
2012,6.591013336181641,253,39.333333333333336,8.566666666666666
2012,13.658551177978516,254,43.5,10.433333333333334
2012,10.660742950439452,255,46.35,11.483333333333333
2012,9.80435317993164,256,43.45,12.45
2012,3.84383731842041,257,45.71666666666667,6.916666666666667
2012,29.732032775878906,258,46.05,12.016666666666667
2012,4.669847106933593,259,37.9,13.4
2012,7.675655517578125,260,41.9,14.35
2012,19.651807403564455,261,45.95,10.116666666666667
2012,24.513016662597657,262,45.88333333333333,9.383333333333333
2012,7.68251480102539,263,42.86666666666667,10.766666666666667
2012,8.935901489257812,264,43.733333333333334,11.566666666666666
2012,12.49549301147461,265,46.583333333333336,11.433333333333334
2012,13.466839675903321,266,44.4,9.45
2012,28.78129150390625,267,45.516666666666666,8.7
2012,5.058520317077637,268,46.31666666666667,8.266666666666667
2012,38.07312744140625,269,45.2,10.733333333333333
2012,9.349558715820313,270,46.266666666666666,8.233333333333333
2012,9.046273651123046,271,41.233333333333334,13.066666666666666
2012,9.046273651123046,272,41.233333333333334,13.083333333333334
2012,12.66692657470703,273,51.1,-0.85
2012,13.466723022460938,274,51.583333333333336,-1.9166666666666663
2012,13.828515167236327,275,54.3,-3.0166666666666666
2012,15.872971496582032,276,52.43333333333333,0.8666666666666667
2012,14.774530639648438,277,53.4,-1.75
2012,3.5575759315490725,278,56.65,-4.283333333333333
2012,9.118262939453125,279,55.083333333333336,-2.466666666666667
2012,4.043450202941894,280,56.71666666666667,-4.05
2012,4.967056770324707,281,56.233333333333334,-5.266666666666667
2012,9.88832733154297,282,52.11666666666667,-3.7333333333333334
2012,13.238034210205079,283,51.2,1.1166666666666667
2012,10.275133209228516,284,51.11666666666667,-1.2333333333333334
2012,12.66692657470703,285,51.016666666666666,-0.8666666666666667
2012,10.275133209228516,286,51.13333333333333,-1.2333333333333334
2012,8.472171020507812,287,53.1,-6.233333333333333
2012,10.27008285522461,288,52.96666666666667,-6.183333333333334
2012,10.852810363769532,289,52.53333333333333,-7.033333333333333
2012,11.027911758422851,290,52.3,-8.616666666666667
2012,10.944108810424805,291,52.583333333333336,-7.666666666666667
2012,11.208853454589844,292,53.483333333333334,-6.85
2012,6.281409568786621,293,54.18333333333333,-8.616666666666667
2012,9.857812728881836,294,53.96666666666667,-7.65
2012,8.836875228881835,295,54.13333333333333,-7.666666666666667
2012,5.085212860107422,296,53.35,-9.333333333333334
2012,4.314370307922363,297,53.75,-9.55
2012,15.013468017578125,298,56.28333333333333,8.416666666666666
2012,17.93099365234375,299,55.13333333333333,8.883333333333333
2012,13.696881561279296,300,55.95,12.35
2012,14.494082946777343,301,56.083333333333336,9.35
2012,13.404834594726562,302,55.36666666666667,11.55
2012,14.270670928955077,303,55.7,12.35
2012,12.752170257568359,304,56.38333333333333,9.333333333333334
2012,15.294564971923828,305,55,9.916666666666666
2012,14.494082946777343,306,56.06666666666667,9.333333333333334
2012,5.85279541015625,307,38.833333333333336,21.3
2012,9.517361297607422,308,39.78333333333333,22.783333333333335
2012,9.517361297607422,309,39.78333333333333,22.766666666666666
2012,4.995178298950195,310,38.86666666666667,21.866666666666667
2012,4.995178298950195,311,38.86666666666667,21.85
2012,4.999432373046875,312,40.06666666666667,-8.25
2012,4.324065704345703,313,38.95,-8.066666666666666
2012,3.6735535049438477,314,38.083333333333336,-7.033333333333333
2012,5.159506492614746,315,38.31666666666667,-8.533333333333333
2012,3.6354410552978518,316,41.5,-7.633333333333333
2012,2.9995640754699706,317,40.4,-7.533333333333333
2012,8.830048294067383,318,39.78333333333333,-8.95
2012,6.921657562255859,319,38.65,-8.616666666666667
2012,4.5811307334899904,320,43.1,-4.633333333333333
2012,7.011372604370117,321,42.25,-2.7
2012,13.815318603515625,322,41.81666666666667,2.6166666666666667
2012,4.324905776977539,323,40.86666666666667,-3.966666666666667
2012,7.917104034423828,324,40.53333333333333,0.01666666666666666
2012,7.0236500549316405,325,39.93333333333333,-5.783333333333333
2012,5.561884651184082,326,37.15,-6.716666666666667
2012,5.441154937744141,327,40.18333333333333,-6.433333333333334
2012,2.8237178421020506,328,38.46666666666667,-6.75
2012,7.464937400817871,329,43.15,-5.466666666666667
2012,3.647341003417969,330,40.43333333333333,-4.116666666666666
2012,8.398365478515625,331,42.983333333333334,-1.3333333333333333
2012,3.8673387145996094,332,37.81666666666667,-5.683333333333334
2012,6.403417320251465,333,36.36666666666667,-5.566666666666666
2012,13.833656616210938,334,41.766666666666666,2.4
2012,7.615514450073242,335,40.9,0.38333333333333336
2012,7.227558288574219,336,43.016666666666666,-8.95
2012,3.7001287078857423,337,40.46666666666667,-1.6666666666666663
2012,4.564823379516602,338,40.31666666666667,-0.7166666666666667
2012,7.758103485107422,339,42.516666666666666,-1.0666666666666669
2012,4.3704835891723635,340,42.63333333333333,-0.2833333333333333
2012,5.528857345581055,341,38.516666666666666,-0.6333333333333333
2012,4.561638717651367,342,38.166666666666664,-4.066666666666666
2012,3.5955576705932617,343,37.9,-2.8833333333333333
2012,4.029424133300782,344,37,-3
2012,5.602969741821289,345,41.6,-3.033333333333333
2012,4.497004776000977,346,41.86666666666667,-2.8666666666666667
2012,3.8810833358764647,347,41.983333333333334,-2.5
2012,7.190585632324218,348,43,-3.6833333333333336
2012,4.439968185424805,349,42.86666666666667,-4.55
2012,5.150437850952148,350,42.78333333333333,-5.366666666666666
2012,3.5239453887939454,351,41.78333333333333,-6.366666666666666
2012,6.231804885864258,352,41.333333333333336,-4.533333333333333
2012,6.797943649291992,353,41.35,-4.283333333333333
2012,3.6830662536621093,354,40.333333333333336,-5.933333333333334
2012,3.128771743774414,355,40.21666666666667,-5.016666666666667
2012,6.0914746856689455,356,39.81666666666667,2.9
2012,6.245733108520508,357,39.85,3.1666666666666665
2012,4.264702835083008,358,40.016666666666666,-1.9666666666666668
2012,4.682957916259766,359,39.833333333333336,-1.3
2012,3.385628967285156,360,39.38333333333333,-4.116666666666666
2012,16.164074096679688,361,43.13333333333333,-2.966666666666667
2012,3.5791528701782225,362,38.483333333333334,-2.466666666666667
2012,10.399519805908204,363,42.28333333333333,1.8833333333333333
2012,5.271806640625,364,42.6,1.0666666666666669
2012,3.5518695068359376,365,39.6,-4.683333333333334
2012,3.5943760681152344,366,41.9,-8.116666666666667
2012,NA,367,28.133333333333333,-17.283333333333335
2012,NA,368,28.116666666666667,-17.216666666666665
2012,NA,369,28.183333333333337,-16.666666666666668
2012,8.798817901611327,370,42.733333333333334,-8.7
2012,4.157282295227051,371,38.06666666666667,-2.8166666666666664
2012,3.272059745788574,372,37.53333333333333,-7.183333333333334
2012,5.528857345581055,373,38.516666666666666,-0.6166666666666667
2012,4.497004776000977,374,41.86666666666667,-2.8833333333333333
2012,4.439968185424805,375,42.85,-4.55
2012,16.164074096679688,376,43.13333333333333,-2.9833333333333334
2012,3.5791528701782225,377,38.46666666666667,-2.45
2012,8.787098236083985,378,39.333333333333336,-0.31666666666666665
2012,3.8675933837890626,379,37.45,-6.833333333333333
2012,18.71686798095703,380,49.983333333333334,6.033333333333333
2012,24.99623352050781,381,49.65,6.183333333333334
2012,14.358545684814453,382,56.166666666666664,13.15
2012,2.33423357963562,383,63.03333333333333,17.416666666666668
2012,6.522387619018555,384,59.65,17.883333333333333
2012,4.818268356323242,385,60.18333333333333,17.716666666666665
2012,5.872528686523437,386,58.96666666666667,15.85
2012,6.397117538452148,387,58.21666666666667,15.916666666666666
2012,8.839395217895508,388,57.45,13.7
2012,9.30085952758789,389,56.46666666666667,15.116666666666667
2012,6.911762390136719,390,57.7,15.916666666666666
2012,11.769640350341797,391,56.3,14.85
2012,11.048552703857421,392,56.3,15.7
2012,11.78293670654297,393,56.36666666666667,13.816666666666666
2012,11.46880142211914,394,56.166666666666664,14.233333333333333
2012,12.19582305908203,395,56.25,13.533333333333331
2012,15.050615692138672,396,56.333333333333336,13.016666666666667
2012,13.638609771728516,397,55.983333333333334,13.383333333333333
2012,16.706015167236327,398,57.2,12.45
2012,15.12438949584961,399,57.03333333333333,12.8
2012,8.885183792114258,400,58.36666666666667,12.083333333333334
2012,8.652807235717773,401,57.55,13.5
2012,10.659323043823242,402,57.21666666666667,13.1
2012,11.362202835083007,403,57.516666666666666,12.466666666666669
2012,7.54021484375,404,58.13333333333333,14.066666666666666
2012,5.476266593933105,405,58.85,13.683333333333334
2012,4.907978286743164,406,59.95,12.633333333333333
2012,5.096671752929687,407,59.666666666666664,11.95
2012,4.989568424224854,408,59.583333333333336,12.483333333333333
2012,4.728323860168457,409,59.8,15.483333333333333
2012,4.1229521179199216,410,60.016666666666666,15.4
2012,2.9792276763916017,411,61.2,15.2
2012,3.5192971992492676,412,60.266666666666666,14.5
2012,2.566942729949951,413,62.18333333333333,16.716666666666665
2012,2.547213306427002,414,63.166666666666664,17.916666666666668
2012,1.735517177581787,415,63.333333333333336,14.75
2012,2.8972169494628908,416,63.75,19.4
2012,1.4373677062988282,417,64.5,17.4
2012,1.4376018285751342,418,65.45,19.4
2012,9.262586975097657,419,57.1,14.55
2012,7.978427963256836,420,57.13333333333333,14.766666666666667
2012,7.978427963256836,421,57.166666666666664,14.8
2012,10.601899490356445,422,58.05,12.016666666666667
2012,10.601899490356445,423,58.06666666666667,12.016666666666667
2012,4.599502410888672,424,59.75,14.9
2012,4.4477356338500975,425,59.9,15.233333333333333
2012,5.025214958190918,426,59.56666666666667,14.833333333333334
2012,1.8720678615570068,427,63.85,18.1
2012,2.098094258308411,428,64.03333333333333,18.916666666666668
2012,2.278604602813721,429,64.25,19.8
2012,10.13289665222168,430,56.333333333333336,14.966666666666669
2012,13.955479736328124,431,57.5,12.233333333333333
2012,10.332864456176758,432,58.43333333333333,11.733333333333333
2012,6.176788482666016,433,59.56666666666667,18.05
2012,5.790974426269531,434,59.083333333333336,17.633333333333333
2012,4.757087211608887,435,60.016666666666666,17.183333333333334
2012,6.661003799438476,436,58.95,16.983333333333334
2012,6.873960494995117,437,58.766666666666666,16.8
2012,6.362207717895508,438,59.03333333333333,16.25
2012,5.6765576934814455,439,59.3,16.116666666666667
2012,6.440117950439453,440,58.15,15.416666666666666
2012,6.226182098388672,441,58.75,15.133333333333333
2012,7.090483093261719,442,57.86666666666667,14.75
2012,6.832303619384765,443,57.833333333333336,14.983333333333333
2012,6.708203201293945,444,57.5,15.333333333333334
2012,10.341807250976563,445,57.13333333333333,13.583333333333334
2012,8.619419403076172,446,56.88333333333333,15.1
2012,9.033341903686523,447,57.05,14.366666666666667
2012,8.73727035522461,448,56.833333333333336,13.733333333333333
2012,11.953360900878906,449,56.733333333333334,13.366666666666667
2012,6.313984298706055,450,58.05,16.1
2012,7.893874588012696,451,56.63333333333333,15.616666666666667
2012,8.761229095458985,452,56.85,16.316666666666666
2012,11.825282745361328,453,56.28333333333333,14.65
2012,10.287367095947266,454,56.4,15.3
2012,11.7360595703125,455,56.21666666666667,15.433333333333334
2012,10.77272216796875,456,56.38333333333333,14.533333333333331
2012,12.722538604736329,457,56.016666666666666,13.916666666666666
2012,12.991331787109376,458,56.1,13.516666666666667
2012,13.211995239257812,459,56.13333333333333,13.5
2012,12.788451843261718,460,55.916666666666664,13.583333333333334
2012,12.405125732421874,461,55.61666666666667,13.433333333333334
2012,17.78913299560547,462,57.06666666666667,12.55
2012,17.156262969970705,463,56.93333333333333,12.716666666666669
2012,14.237310791015625,464,56.766666666666666,13.133333333333333
2012,10.669130630493164,465,57,13.366666666666667
2012,14.877496337890625,466,56.68333333333333,13.15
2012,9.544806900024414,467,58.53333333333333,11.716666666666669
2012,10.264858703613282,468,57.4,13.1
2012,7.306972579956055,469,57.766666666666666,13.733333333333333
2012,7.130181083679199,470,58.71666666666667,11.966666666666669
2012,6.519946823120117,471,58.61666666666667,13.766666666666667
2012,6.0577725982666015,472,59.65,13.8
2012,5.322226181030273,473,59.81666666666667,12.9
2012,3.7132211112976075,474,60.583333333333336,13.116666666666667
2012,5.025214958190918,475,59.583333333333336,14.866666666666667
2012,5.034394607543946,476,59.583333333333336,14.7
2012,4.414476776123047,477,59.86666666666667,14.416666666666666
2012,5.396878051757812,478,59.083333333333336,15.5
2012,6.238155136108398,479,59.333333333333336,15.933333333333334
2012,3.137855920791626,480,61.11666666666667,14.35
2012,3.723854675292969,481,60.4,15.266666666666667
2012,2.8492328262329103,482,61.733333333333334,16.516666666666666
2012,3.5072930526733397,483,60.65,16.283333333333335
2012,2.13472128868103,484,62.266666666666666,16.333333333333332
2012,1.98079243183136,485,62,14.416666666666666
2012,1.8519752883911134,486,63.06666666666667,16.733333333333334
2012,1.6362346887588501,487,64.48333333333333,18.466666666666665
2012,1.363362786769867,488,65.4,18.1
2012,2.928790740966797,489,65.95,23.25
2012,1.5571314191818237,490,66.06666666666666,20.616666666666667
2012,2.8492328262329103,491,61.71666666666667,16.516666666666666
2012,17.15140106201172,492,48.11666666666667,16.033333333333335
2012,14.802986145019531,493,47.766666666666666,16.316666666666666
2012,10.98905776977539,494,47.483333333333334,16.55
2012,11.573931579589845,495,46.733333333333334,14.5
2012,8.801014785766602,496,46.766666666666666,13.166666666666666
2012,10.353721923828125,497,46.71666666666667,13.666666666666666
2012,13.692889099121095,498,48.35,15.2
2012,15.186003112792969,499,47.63333333333333,16.133333333333333
2012,12.224087829589843,500,48.916666666666664,15.183333333333334
2012,27.256901245117188,501,48.1,12.866666666666667
2012,24.202435302734376,502,47.86666666666667,13.35
2012,11.012593078613282,503,47.483333333333334,13.416666666666666
2012,13.549021606445313,504,46.61666666666667,15.5
2012,11.87534164428711,505,47.36666666666667,15.166666666666666
2012,10.70270248413086,506,47.63333333333333,15.65
2012,8.255950393676757,507,47.05,14.1
2012,11.651255340576173,508,47.31666666666667,12.4
2012,8.747161407470703,509,47.38333333333333,10.9
2012,18.872772064208984,510,47.36666666666667,11.883333333333333
2012,23.04036376953125,511,47.483333333333334,9.983333333333333
2012,0.8336249995231628,512,69.56666666666666,28.883333333333333
2012,1.1501046872138978,513,67.95,24.05
2012,1.1577864265441895,514,67.98333333333333,24.216666666666665
2012,1.4188526630401612,515,67.33333333333333,26.633333333333333
2012,1.89154052734375,516,66.31666666666666,26.633333333333333
2012,1.8943695735931396,517,66.35,26.716666666666665
2012,1.5844456005096434,518,66.28333333333333,29.45
2012,1.6049082469940186,519,66.33333333333333,29.35
2012,2.9924838066101076,520,64.96666666666667,26.383333333333333
2012,4.571980056762695,521,61.86666666666667,24.216666666666665
2012,4.571980056762695,522,61.85,24.3
2012,6.168258819580078,523,60.65,23.8
2012,5.803684463500977,524,60.61666666666667,23.833333333333332
2012,6.2029472351074215,525,60.63333333333333,26.083333333333332
2012,6.321309661865234,526,60.65,26.116666666666667
2012,3.5586172676086427,527,61.766666666666666,29.333333333333332
2012,3.5586172676086427,528,61.8,29.316666666666663
2012,6.695169982910156,529,60.7,27.85
2012,5.061137466430664,530,61.233333333333334,25.05
2012,3.046723337173462,531,63.15,30.7
2012,1.5844456005096434,532,66.3,29.483333333333334
2012,0.6772309386730194,533,69.73333333333333,26.95
2012,3.2129580307006838,534,63.55,22.483333333333334
2012,4.382938041687011,535,62.45,21.516666666666666
2012,4.708141326904297,536,62.05,24.366666666666667
2012,4.543224029541015,537,61.916666666666664,23.316666666666663
2012,8.949567947387695,538,60.03333333333333,23.033333333333335
2012,2.890441017150879,539,64.11666666666666,26.683333333333337
2012,1.89154052734375,540,66.33333333333333,26.633333333333333
2012,4.41190544128418,541,61.81666666666667,29.3
2012,1.784222469329834,542,66.43333333333334,26.683333333333337
2012,5.562515716552735,543,60.983333333333334,27.266666666666666
2012,5.562515716552735,544,60.916666666666664,27.233333333333334
2012,18.679200134277345,545,46.583333333333336,6.65
2012,23.23075622558594,546,47.38333333333333,8.216666666666667
2012,22.78322685241699,547,47.03333333333333,8.7
2012,14.154727783203125,548,47.21666666666667,7.4
2012,12.898063354492187,549,46.21666666666667,6.283333333333333
2012,17.434810485839844,550,47.68333333333333,8.533333333333333
2012,27.374449462890624,551,46.016666666666666,8.833333333333334
2012,3.0201659774780274,552,46.483333333333334,9.883333333333333
2012,8.839680252075196,553,46.43333333333333,8.8
2012,19.323456115722657,554,46.11666666666667,9
2012,8.817029190063476,555,46.266666666666666,7.433333333333334
2012,3.5150443267822267,556,46.65,10.216666666666669
2012,6.6676288604736325,557,46.28333333333333,7.85
2012,21.892408142089845,558,47.266666666666666,7.883333333333333
2012,13.830816040039062,559,46.7,7.75
2012,26.503189849853516,560,47.15,9.066666666666666
2012,4.828114624023438,561,46.8,9.85
2012,24.108030700683592,562,47.46666666666667,8.35
2012,9.408596878051759,563,47.88333333333333,19.95
2012,9.408596878051759,564,47.85,19.966666666666665
2012,10.428249053955078,565,47.55,19.383333333333333
2012,9.123650817871093,566,46.96666666666667,19.55
2012,9.123650817871093,567,46.95,19.533333333333335
2012,9.058102874755859,568,47.333333333333336,21.083333333333332
2012,14.901820983886719,569,47.65,16.483333333333334
2012,13.798645324707032,570,47.65,16.516666666666666
2012,14.901820983886719,571,47.666666666666664,16.5
2012,12.896893920898437,572,46.81666666666667,16.4
2012,11.702435455322266,573,46.583333333333336,16.733333333333334
2012,9.123650817871093,574,46.95,19.55
2012,9.123650817871093,575,46.93333333333333,19.533333333333335
2012,9.112546691894531,576,43.9,26
2012,8.562424926757812,577,44.06666666666667,26.05
2012,8.22785171508789,578,44.3,25.6
2012,10.342817077636719,579,44.5,26.166666666666668
2012,10.243014068603516,580,44.9,26.1
2012,9.148295135498048,581,45.1,25.7
2012,6.119196853637695,582,45.5,25.583333333333332
2012,5.519477615356445,583,45.416666666666664,25.266666666666666
2012,7.926773986816406,584,46.68333333333333,22.616666666666667
2012,8.531527099609375,585,45.016666666666666,24.983333333333334
2012,5.73861946105957,586,47.43333333333333,25.55
2012,6.461248092651367,587,45.333333333333336,25.55
2012,10.120890350341798,588,53.88333333333333,14.5
2012,10.15908821105957,589,54.8,17.933333333333334
2012,12.303764038085937,590,53.78333333333333,15.05
2012,11.830785827636719,591,53.18333333333333,14.483333333333333
2012,13.596341247558593,592,52.9,15.35
2012,13.871358642578125,593,52.766666666666666,14.9
2012,13.430819396972657,594,53.11666666666667,16.033333333333335
2012,11.601217041015625,595,53.766666666666666,15.483333333333333
2012,10.685868835449218,596,54.666666666666664,17.983333333333334
2012,10.50365005493164,597,53.8,16.35
2012,12.664890747070313,598,54.15,17.116666666666667
2012,11.36413330078125,599,54.2,17.216666666666665
2012,12.17493133544922,600,54.083333333333336,19.15
2012,12.17493133544922,601,54.083333333333336,19.2
2012,12.223978881835938,602,54.05,20.4
2012,20.714299774169923,603,54.15,20.166666666666668
2012,13.714880065917969,604,53.766666666666666,19.033333333333335
2012,16.861532592773436,605,53.45,19.416666666666668
2012,9.705436935424805,606,54.28333333333333,23
2012,10.104494171142578,607,54.266666666666666,22.833333333333332
2012,13.875077209472657,608,54.333333333333336,22.35
2012,14.515264587402344,609,53.65,20.15
2012,14.342176055908203,610,53.666666666666664,21.433333333333337
2012,12.2577294921875,611,53.96666666666667,23.116666666666667
2012,11.999761352539062,612,53.9,23.316666666666663
2012,11.136637115478516,613,53.2,23.15
2012,12.119656066894532,614,53.2,23.35
2012,11.100456848144532,615,52.666666666666664,23.716666666666665
2012,10.63326416015625,616,52.85,23.666666666666668
2012,15.487875518798829,617,53.43333333333333,21.816666666666663
2012,11.605619049072265,618,53.28333333333333,22.05
2012,12.600379333496093,619,53.81666666666667,17.85
2012,13.099981994628907,620,53.93333333333333,18.083333333333332
2012,15.3702587890625,621,53.483333333333334,16.383333333333333
2012,14.836059265136718,622,53.3,16.833333333333332
2012,13.817347717285156,623,53.6,16.95
2012,13.81723403930664,624,53.266666666666666,19.55
2012,15.049037170410156,625,52.983333333333334,19.233333333333334
2012,13.072247619628905,626,52.55,15.25
2012,12.813429412841797,627,52.516666666666666,14.95
2012,15.695502319335937,628,52.8,16.416666666666668
2012,20.18642547607422,629,52.95,18.516666666666666
2012,21.24516082763672,630,52.7,18.916666666666668
2012,12.0292919921875,631,51.86666666666667,15.533333333333331
2012,12.112320861816407,632,52.35,15.8
2012,13.939666137695312,633,52.25,16.316666666666666
2012,20.80387725830078,634,52,17.316666666666666
2012,13.036009979248046,635,51.8,16.5
2012,21.209154357910155,636,52.63333333333333,17.65
2012,18.860048522949217,637,51.95,17.2
2012,13.863572082519532,638,51.516666666666666,18.25
2012,19.59690155029297,639,51.6,16.916666666666668
2012,18.49623229980469,640,53.11666666666667,19.783333333333335
2012,15.013471374511719,641,52.71666666666667,20.6
2012,13.859954376220703,642,52.36666666666667,19.9
2012,12.092298736572266,643,52.016666666666666,21.1
2012,11.96732437133789,644,51.8,21.45
2012,12.577064361572265,645,53.3,21.616666666666667
2012,13.511485900878906,646,53.18333333333333,21.083333333333332
2012,10.715200958251954,647,52.766666666666666,22.666666666666668
2012,10.728747100830079,648,51.43333333333333,22.766666666666666
2012,11.306258850097656,649,51.96666666666667,22.983333333333334
2012,9.897874908447266,650,51.483333333333334,23.35
2012,9.635457000732423,651,51.233333333333334,23.5
2012,8.674994354248048,652,50.63333333333333,23.75
2012,13.074161376953125,653,51.36666666666667,15.683333333333334
2012,13.40649932861328,654,51.25,15.483333333333333
2012,10.328251037597656,655,51.35,16.5
2012,10.951222305297852,656,50.88333333333333,17.633333333333333
2012,10.239056396484376,657,50.63333333333333,16.933333333333334
2012,9.905264129638672,658,50.38333333333333,17.55
2012,11.062185821533204,659,50.43333333333333,17.95
2012,11.404700012207032,660,50.53333333333333,17.7
2012,11.8469189453125,661,50.8,18.166666666666668
2012,13.706554107666015,662,50.583333333333336,18.45
2012,12.68648178100586,663,50.233333333333334,18.316666666666663
2012,13.21531478881836,664,51.333333333333336,19.266666666666666
2012,11.56433609008789,665,51.1,20.416666666666668
2012,12.086504974365234,666,51.083333333333336,20.15
2012,9.810026550292969,667,50.7,20.766666666666666
2012,10.770333251953126,668,51.65,21.033333333333335
2012,9.971493530273438,669,51.2,21.383333333333333
2012,10.70177345275879,670,51.21666666666667,22.65
2012,10.253720626831054,671,51.166666666666664,21.866666666666667
2012,9.5424462890625,672,50.38333333333333,23.45
2012,9.437518005371095,673,50.43333333333333,23.4
2012,11.633244171142579,674,50.75,18.666666666666668
2012,11.874515075683593,675,51,19.05
2012,14.478575592041016,676,50.2,19.4
2012,13.107910461425782,677,50.35,19.35
2012,13.27381561279297,678,50.333333333333336,19.65
2012,12.035564727783203,679,50.7,19.216666666666665
2012,10.658494873046875,680,50.71666666666667,20.3
2012,11.464465942382812,681,50.55,21.25
2012,11.245660095214843,682,50.46666666666667,22.116666666666667
2012,10.603683624267578,683,50.5,22.933333333333337
2012,9.6526336669921875,684,50.416666666666664,22.75
2012,11.916022567749023,685,50.05,20.566666666666663
2012,13.253381042480468,686,50.06666666666667,20.8
2012,10.314021835327148,687,50.266666666666666,22.116666666666667
2012,13.605361938476563,688,50.833333333333336,15.416666666666666
2012,12.7538134765625,689,50.85,15.516666666666667
2012,9.941982955932618,690,50.266666666666666,16.633333333333333
2012,13.32955322265625,691,50.31666666666667,16.416666666666668
2012,11.477502288818359,692,50.25,16.983333333333334
2012,10.514946670532227,693,50.233333333333334,16.783333333333335
2012,13.822717208862304,694,49.666666666666664,18.966666666666665
2012,11.654332733154297,695,49.75,21.816666666666663
2012,11.38956573486328,696,49.61666666666667,22.466666666666665
2012,10.057749786376952,697,49.2,22.716666666666665
2012,9.50108055114746,698,49.06666666666667,22.85
2012,12.461483459472657,699,49.65,19.033333333333335
2012,11.20401237487793,700,49.6,19.083333333333332
2012,12.26848907470703,701,49.516666666666666,18.9
2012,11.753761825561524,702,49.75,19.8
2012,10.855455932617188,703,49.68333333333333,20.166666666666668
2012,10.31142578125,704,49.416666666666664,20.816666666666663
2012,9.055101089477539,705,49.333333333333336,20.833333333333332
2012,12.456062774658204,706,49.483333333333334,21.616666666666667
2012,11.479512481689452,707,49.4,21.95
2012,9.412723693847656,708,49.45,19.983333333333334
2012,13.871358642578125,709,52.733333333333334,14.866666666666667
2012,13.260952453613282,710,52.86666666666667,15.716666666666669
2012,10.957532806396484,711,54.53333333333333,17.9
2012,11.119216613769531,712,54.55,18.266666666666666
2012,13.696230010986328,713,53.983333333333334,19.433333333333337
2012,12.59268798828125,714,53.85,20.533333333333335
2012,10.707050857543946,715,53.583333333333336,23.266666666666666
2012,10.910919036865234,716,53.68333333333333,16.766666666666666
2012,11.969422607421874,717,51.81666666666667,15.783333333333331
2012,17.297342376708983,718,51.766666666666666,17.566666666666666
2012,18.757260131835938,719,52.483333333333334,19.6
2012,10.86611557006836,720,52.333333333333336,22.65
2012,11.555740661621094,721,52.03333333333333,22.716666666666665
2012,13.40649932861328,722,51.3,15.416666666666666
2012,11.404700012207032,723,50.6,17.683333333333334
2012,10.042453002929687,724,50.61666666666667,17.25
2012,14.24193603515625,725,50.083333333333336,18.65
2012,14.308267211914062,726,50.3,18.483333333333334
2012,11.236622467041016,727,51.03333333333333,19.6
2012,8.558207092285157,728,50.5,23.466666666666665
2012,15.347707214355468,729,50.483333333333334,20.116666666666667
2012,11.657137451171875,730,51.05,15.866666666666667
2012,10.18877799987793,731,50.78333333333333,16.2
2012,10.990328674316407,732,49.85,22.6
2012,11.38956573486328,733,49.65,22.483333333333334
2012,10.497180404663085,734,49.45,22.283333333333335
2012,11.962919158935547,735,49.65,20.25
2012,11.585858154296876,736,48.2,18.383333333333333
2012,8.623087539672852,737,48.916666666666664,19.483333333333334
2012,9.202330398559571,738,48.63333333333333,19.533333333333335
2012,11.407033386230468,739,47.88333333333333,17.583333333333332
2012,10.118561172485352,740,48.61666666666667,19.033333333333335
2012,7.026459732055664,741,49.166666666666664,20.233333333333334
2012,10.197412567138672,742,49.18333333333333,22.083333333333332
2012,12.510985946655273,743,49.5,18.566666666666663
2012,12.510985946655273,744,49.483333333333334,18.566666666666663
2012,10.593345489501953,745,48.38333333333333,19
2012,9.020812454223632,746,48.95,19.383333333333333
2012,10.118561172485352,747,48.61666666666667,19.016666666666666
2012,9.144702777862548,748,58.38333333333333,8.233333333333333
2012,3.2630680656433104,749,59.03333333333333,7.566666666666666
2012,1.1278845596313476,750,65.88333333333334,13.8
2012,7.704670715332031,751,58.96666666666667,11.516666666666667
2012,2.95903244972229,752,60.6,6.516666666666667
2012,1.865454158782959,753,64.65,12.266666666666667
2012,2.915714521408081,754,61.266666666666666,11.85
2012,6.01151948928833,755,59.43333333333333,9.866666666666667
2012,2.3176033782958982,756,61,9.216666666666669
2012,2.3902872085571287,757,63.28333333333333,11.183333333333334
2012,1.5147579622268676,758,62.766666666666666,8.883333333333333
2012,4.9281431007385255,759,60.36666666666667,11.066666666666666
2012,11.114519958496095,760,59.333333333333336,5.783333333333333
2012,2.915714521408081,761,61.28333333333333,11.85
2012,1.5147579622268676,762,62.78333333333333,8.883333333333333
2012,6.01151948928833,763,59.45,9.866666666666667
2012,8.966472854614258,764,56.35,24.95
2012,10.325470428466797,765,54.833333333333336,24.05
2012,10.768299255371094,766,54.85,23.533333333333335
2012,9.350744323730469,767,56.333333333333336,24.833333333333332
2012,11.204196624755859,768,54.416666666666664,24.95
2012,10.325470428466797,769,54.81666666666667,24.066666666666663
2012,8.65227912902832,770,54.78333333333333,24.066666666666663
2012,11.5094677734375,771,54.18333333333333,24.6
2012,7.771662750244141,772,55.8,25.516666666666666
2012,9.921550674438476,773,55.81666666666667,21.466666666666665
2012,10.325470428466797,774,54.833333333333336,24.033333333333335
2012,13.608935394287109,775,50.03333333333333,12.616666666666667
2012,10.673657379150391,776,50.166666666666664,17.066666666666666
2012,10.35348129272461,777,50.1,17.2
2012,11.875509185791016,778,49.45,15.766666666666667
2012,11.985814056396485,779,50.55,15.95
2012,13.103402252197265,780,49.666666666666664,15.216666666666669
2012,12.780412902832031,781,50.18333333333333,12.883333333333333
2012,12.039618225097657,782,49.25,15.7
2012,11.898236389160155,783,50.733333333333334,15.533333333333331
2012,12.719875030517578,784,49.06666666666667,17.266666666666666
2012,16.127021179199218,785,50.13333333333333,15.866666666666667
2012,13.195890502929688,786,49.9,14.533333333333331
2012,12.967766723632813,787,49.21666666666667,14.3
2012,11.975576629638672,788,49.016666666666666,14.966666666666669
2012,14.310665893554688,789,50.28333333333333,16.383333333333333
2012,11.927496948242187,790,49.733333333333334,12.85
2012,12.1876953125,791,49,14.8
2012,13.292528686523438,792,50.63333333333333,14.6
2012,14.1448543548584,793,50.833333333333336,15.333333333333334
2012,12.652898864746094,794,49.7,17.133333333333333
2012,13.399139556884766,795,49.45,18.383333333333333
2012,6.0574180603027346,796,59.55,26.033333333333335
2012,5.996432189941406,797,59.56666666666667,26.116666666666667
2012,6.622458114624023,798,58.05,26.1
2012,6.500849838256836,799,58.11666666666667,27.05
2012,5.716482543945313,800,58.35,26.966666666666665
2012,6.828840179443359,801,57.7,26.516666666666666
2012,5.8728726196289065,802,59.516666666666666,26.4
2012,5.888919448852539,803,58.266666666666666,26.45
2012,10.266797637939453,804,46.36666666666667,13.933333333333334
2012,17.828192291259764,805,45.983333333333334,13.733333333333333
2012,16.45801498413086,806,45.666666666666664,13.85
2012,16.863236083984376,807,46.28333333333333,14.4
2012,10.008026809692383,808,45.53333333333333,14.8
2012,12.61577880859375,809,46.46666666666667,15.383333333333333
2012,11.842180786132813,810,46.36666666666667,15.233333333333333
2012,13.400565338134765,811,46.1,15.066666666666666
2012,10.518565826416015,812,45.63333333333333,14.633333333333333
2012,13.777147521972656,813,45.86666666666667,15.416666666666666
2012,10.873612670898437,814,46.483333333333334,16.516666666666666
2012,12.61577880859375,815,46.45,15.383333333333333
2012,2.3670803546905517,816,64.13333333333334,32.233333333333334
2012,1.808994116783142,817,64.11666666666666,32.88333333333333
2012,2.275724229812622,818,63.85,30.9
2012,2.2741371250152587,819,63.85,31.55
2012,2.166776351928711,820,63.833333333333336,32.85
2012,3.0470616149902345,821,63.56666666666667,30.883333333333333
2012,2.3153240489959717,822,63.56666666666667,31.533333333333335
2012,2.3923530197143554,823,63.266666666666666,32.166666666666664
2012,2.3516292667388914,824,63.25,32.8
2012,2.466318073272705,825,62.96666666666667,32.78333333333333
2012,2.372493209838867,826,62.93333333333333,34.03333333333333
2012,2.848080940246582,827,62.916666666666664,34.666666666666664
2012,2.5865632772445677,828,62.9,35.3
2012,2.244622573852539,829,62.86666666666667,35.916666666666664
2012,3.1914329528808594,830,62.583333333333336,35.86666666666667
2012,3.0416141319274903,831,62.28333333333333,36.43333333333333
2012,2.9913539695739746,832,62.083333333333336,33.916666666666664
2012,3.3092673683166502,833,61.983333333333334,36.36666666666667
2012,3.1868505096435547,834,61.96666666666667,36.96666666666667
2012,3.0353492164611815,835,61.93333333333333,37.583333333333336
2012,5.051392211914062,836,61.85,30.833333333333332
2012,3.3442795372009275,837,61.81666666666667,33.266666666666666
2012,3.3172582626342773,838,61.8,33.88333333333333
2012,3.5100158500671386,839,61.666666666666664,36.916666666666664
2012,4.439113941192627,840,61.55,30.216666666666665
2012,4.151842365264892,841,61.55,32.03333333333333
2012,3.525847358703613,842,61.5,33.833333333333336
2012,3.2157683753967286,843,61.483333333333334,34.45
2012,3.417691650390625,844,61.46666666666667,35.05
2012,4.840350036621094,845,61.266666666666666,29.633333333333333
2012,3.5847385787963866,846,61.266666666666666,30.216666666666665
2012,4.798385677337646,847,61.25,32.61666666666667
2012,4.36536247253418,848,61.233333333333334,33.21666666666667
2012,3.558162822723389,849,61.2,34.4
2012,5.284841117858886,850,60.95,33.18333333333333
2012,5.064038391113281,851,61.25,29.316666666666663
2012,5.192729911804199,852,61.11666666666667,29.033333333333335
2012,4.938857231140137,853,61.11666666666667,29.333333333333332
2012,4.908071517944336,854,61.11666666666667,29.616666666666667
2012,4.111462001800537,855,61.11666666666667,29.933333333333337
2012,1.7535943937301637,856,64.7,32.95
2012,5.44377571105957,857,60.96666666666667,29.033333333333335
2012,5.61527271270752,858,60.96666666666667,29.333333333333332
2012,5.34401725769043,859,60.96666666666667,29.633333333333333
2012,5.3177518463134765,860,60.96666666666667,30.216666666666665
2012,5.654830703735351,861,60.833333333333336,28.45
2012,5.955492858886719,862,60.833333333333336,28.75
2012,5.362591056823731,863,60.833333333333336,29.066666666666663
2012,4.526370067596435,864,60.833333333333336,29.35
2012,5.654737319946289,865,60.81666666666667,29.633333333333333
2012,4.866693687438965,866,60.833333333333336,29.933333333333337
2012,4.265307464599609,867,60.81666666666667,30.233333333333334
2012,4.769416465759277,868,60.68333333333333,29.933333333333337
2012,4.99705249786377,869,60.68333333333333,28.466666666666665
2012,6.137234115600586,870,60.68333333333333,29.05
2012,6.246571197509765,871,60.7,29.333333333333332
2012,5.4539199066162105,872,60.68333333333333,29.65
2012,5.04908130645752,873,60.68333333333333,30.216666666666665
2012,5.201929244995117,874,60.68333333333333,30.483333333333334
2012,7.236743011474609,875,60.53333333333333,27.916666666666668
2012,5.935666542053223,876,60.55,28.216666666666665
2012,5.332957324981689,877,60.53333333333333,28.483333333333334
2012,7.583588790893555,878,60.53333333333333,28.766666666666666
2012,5.429413833618164,879,60.55,29.366666666666667
2012,4.989207229614258,880,60.55,29.633333333333333
2012,6.151402740478516,881,60.55,29.933333333333337
2012,5.141813621520996,882,60.55,30.516666666666666
2012,8.66150375366211,883,60.4,28.766666666666666
2012,7.49520248413086,884,60.4,29.066666666666663
2012,7.482699584960938,885,60.4,29.35
2012,7.6765427398681645,886,60.4,29.633333333333333
2012,7.12050163269043,887,60.4,29.933333333333337
2012,6.199717102050781,888,60.416666666666664,30.2
2012,8.670540466308594,889,60.266666666666666,29.066666666666663
2012,7.477253875732422,890,60.266666666666666,29.35
2012,7.30359733581543,891,60.266666666666666,29.633333333333333
2012,8.435319366455078,892,60.266666666666666,29.933333333333337
2012,6.991446685791016,893,60.11666666666667,30.516666666666666
2012,7.323525848388672,894,60.11666666666667,30.8
2012,8.549357681274413,895,59.983333333333334,30.8
2012,5.902872390747071,896,59.983333333333334,31.083333333333332
2012,1.6788586473464966,897,66.43333333333334,32.43333333333333
2012,1.6504054975509643,898,66.41666666666667,33.15
2012,1.5214588642120361,899,66.15,31.683333333333337
2012,1.7603023147583008,900,66.13333333333334,33.11666666666667
2012,1.785633134841919,901,66.11666666666666,33.81666666666667
2012,1.7664310789108277,902,65.86666666666666,30.95
2012,1.8719201850891114,903,65.86666666666666,31.666666666666668
2012,1.5526939487457276,904,65.85,33.083333333333336
2012,1.4097216296195985,905,65.83333333333333,33.78333333333333
2012,1.4255332136154175,906,65.81666666666666,34.46666666666667
2012,1.6986290836334228,907,65.58333333333333,30.966666666666665
2012,1.5935804319381714,908,65.58333333333333,31.65
2012,1.7288673639297485,909,65.56666666666666,32.35
2012,1.599018793106079,910,65.56666666666666,33.03333333333333
2012,1.9431249618530273,911,65.3,30.25
2012,1.9462104797363282,912,65.3,30.95
2012,1.9082824993133545,913,65.3,31.633333333333333
2012,1.5801374983787537,914,65.26666666666667,33.016666666666666
2012,1.5809490585327148,915,65.25,33.68333333333333
2012,1.487158555984497,916,65.25,34.38333333333333
2012,2.003582754135132,917,65.01666666666667,30.25
2012,1.9306762838363647,918,65,32.28333333333333
2012,1.7668446683883667,919,64.98333333333333,32.983333333333334
2012,1.7672963237762451,920,64.96666666666667,33.65
2012,1.5019692254066468,921,64.95,34.333333333333336
2012,2.1754718685150145,922,64.73333333333333,30.25
2012,2.033399453163147,923,64.71666666666667,30.916666666666668
2012,2.025811882019043,924,64.71666666666667,31.6
2012,1.9711351203918457,925,64.41666666666667,32.9
2012,1.9175443840026856,926,64.4,33.583333333333336
2012,2.090828151702881,927,64.38333333333334,34.25
2012,2.223451881408691,928,64.15,31.566666666666663
2012,2.2098348045349123,929,64.1,33.53333333333333
2012,2.0451352739334108,930,64.08333333333333,34.2
2012,2.1436573886871337,931,63.85,32.2
2012,1.6524112844467163,932,63.8,34.15
2012,2.720153560638428,933,63.78333333333333,34.8
2012,1.8596146535873412,934,63.55,32.833333333333336
2012,2.138427743911743,935,63.53333333333333,33.46666666666667
2012,2.228171730041504,936,63.21666666666667,34.71666666666667
2012,2.30100378036499,937,63.18333333333333,35.35
2012,2.379270477294922,938,63.166666666666664,35.983333333333334
2012,2.3604529094696045,939,62.983333333333334,32.13333333333333
2012,2.7460828971862794,940,62.7,32.11666666666667
2012,2.7892995834350587,941,62.68333333333333,32.733333333333334
2012,2.653469944000244,942,62.666666666666664,33.36666666666667
2012,2.9126134300231934,943,62.63333333333333,34.61666666666667
2012,3.010901679992676,944,62.416666666666664,31.466666666666665
2012,2.935105628967285,945,62.4,32.71666666666667
2012,2.668794746398926,946,62.38333333333333,33.333333333333336
2012,2.5416479396820066,947,62.36666666666667,33.96666666666667
2012,2.8715174484252928,948,62.333333333333336,35.18333333333333
2012,4.6056512832641605,949,62.13333333333333,30.85
2012,3.6980230903625486,950,62.13333333333333,31.45
2012,3.3784318161010742,951,62.11666666666667,32.06666666666667
2012,3.3344382095336913,952,62.11666666666667,32.68333333333333
2012,3.088343982696533,953,62.1,33.3
2012,3.017575588226318,954,62.05,35.15
2012,4.851962852478027,955,61.833333333333336,31.45
2012,3.4960406684875487,956,61.81666666666667,32.666666666666664
2012,5.113198375701904,957,61.55,31.433333333333337
2012,3.3024113368988037,958,61.53333333333333,32.63333333333333
2012,3.4370247650146486,959,61.516666666666666,33.233333333333334
2012,4.705710067749023,960,60.93333333333333,33.78333333333333
2012,7.02349365234375,961,42.766666666666666,23.75
2012,8.25813949584961,962,43.05,27.766666666666666
2012,5.066545257568359,963,42.06666666666667,23.8
2012,8.370910720825195,964,42.9,27.75
2012,5.4454739379882815,965,41.68333333333333,24.733333333333334
2012,11.736557006835938,966,56.21666666666667,21.116666666666667
2012,6.225807418823242,967,57.166666666666664,25.7
2012,8.318405685424805,968,56.733333333333334,23.683333333333337
2012,5.9219349670410155,969,35,33.05
2012,5.563793334960938,970,34.95,32.81666666666667
2012,5.624781494140625,971,34.916666666666664,32.916666666666664
2012,7.068954010009765,972,35.016666666666666,32.61666666666667
2012,10.055229644775391,973,45.15,19.8
2012,5.772778549194336,974,43.28333333333333,20.8
2012,9.82802490234375,975,45.45,19.166666666666668
2012,10.685621185302734,976,44.11666666666667,21.966666666666665
2012,7.022688751220703,977,43.75,19.483333333333334
2013,13.739612731933594,1,47.86666666666667,6.2
2013,12.0110693359375,2,46.96666666666667,5.233333333333333
2013,14.322456512451172,3,46.166666666666664,5.233333333333333
2013,13.820051879882813,4,47.06666666666667,5.066666666666666
2013,13.481350402832032,5,48.166666666666664,-1.5333333333333332
2013,11.101406555175782,6,45.93333333333333,4.466666666666667
2013,11.54592025756836,7,47.083333333333336,4.083333333333333
2013,10.914709167480469,8,46.56666666666667,5.866666666666667
2013,9.880472869873048,9,46.516666666666666,6.05
2013,4.297223167419434,10,45.583333333333336,6.783333333333333
2013,12.729110565185547,11,46.21666666666667,6.333333333333333
2013,5.456895484924316,12,44.11666666666667,5.8
2013,13.17752685546875,13,47.8,4.85
2013,13.544002990722657,14,47.18333333333333,6.266666666666667
2013,9.674257202148437,15,44.916666666666664,5.283333333333333
2013,12.893796997070313,16,47.78333333333333,5.066666666666666
2013,17.022732849121095,17,48.63333333333333,6.066666666666666
2013,3.491520576477051,18,44.7,6.55
2013,3.7530109214782716,19,44.016666666666666,6.666666666666667
2013,13.481350402832032,20,48.2,-1.55
2013,13.63490966796875,21,47.93333333333333,3.716666666666667
2013,3.431560173034668,22,44.483333333333334,6.45
2013,11.419043579101562,23,46.96666666666667,6.45
2013,8.316036148071289,24,44.93333333333333,5.316666666666666
2013,9.606170043945312,25,45.416666666666664,6.116666666666666
2013,13.029427947998046,26,46.833333333333336,5.783333333333333
2013,18.299307861328124,27,48.333333333333336,4.3
2013,12.917079772949219,28,46.81666666666667,2.5666666666666664
2013,20.79978500366211,29,43.733333333333334,-0.8333333333333334
2013,13.096530151367187,30,47.45,-0.01666666666666666
2013,15.250565338134766,31,49.016666666666666,5.766666666666667
2013,18.89599151611328,32,50.166666666666664,3.75
2013,11.147008514404297,33,43.2,-0.03333333333333333
2013,12.7888623046875,34,46.666666666666664,2.716666666666667
2013,17.75916549682617,35,48.28333333333333,4.45
2013,13.437903442382812,36,47.25,2.1166666666666667
2013,17.020403747558593,37,49.35,1.5
2013,15.164490966796874,38,47.56666666666667,1.25
2013,19.3916064453125,39,49.03333333333333,4.95
2013,18.581154174804688,40,48.86666666666667,6.483333333333333
2013,16.307584228515626,41,49,7.45
2013,12.314091339111329,42,46.96666666666667,3.65
2013,16.149862670898436,43,49.38333333333333,2.3
2013,14.75783432006836,44,48.516666666666666,0.6666666666666666
2013,17.883252563476564,45,47.68333333333333,7.466666666666667
2013,13.898588104248047,46,47.78333333333333,0.36666666666666664
2013,9.098202819824218,47,44.03333333333333,1.7333333333333334
2013,12.837775268554687,48,46.61666666666667,0.48333333333333334
2013,14.614697265625,49,48.016666666666666,6.033333333333333
2013,15.228749694824218,50,48.983333333333334,7.716666666666667
2013,17.171172485351562,51,48.45,2.716666666666667
2013,10.276173095703125,52,46.15,1.8166666666666669
2013,7.647432632446289,53,43.43333333333333,2.7
2013,13.56585235595703,54,48.56666666666667,-0.06666666666666667
2013,9.375409240722655,55,43.1,-0.1
2013,17.641064453125,56,49.93333333333333,4.8
2013,7.620797958374023,57,43.63333333333333,2.9166666666666665
2013,9.153121337890624,58,45.75,2.95
2013,10.18754852294922,59,47,4.116666666666666
2013,8.65278564453125,60,43.43333333333333,2.4333333333333336
2013,9.476895294189454,61,45.8,1.8
2013,13.130556030273437,62,48.233333333333334,7.1
2013,17.193067626953123,63,49.2,3.1166666666666667
2013,10.69035011291504,64,42.916666666666664,1.2666666666666666
2013,13.6973095703125,65,49.166666666666664,-0.85
2013,10.273248748779297,66,47.833333333333336,-3.533333333333333
2013,7.663665542602539,67,44.1,3.533333333333333
2013,17.35861083984375,68,48.5,6.7
2013,19.527777099609374,69,49.166666666666664,5
2013,20.24009033203125,70,49.31666666666667,2.8666666666666667
2013,12.242664184570312,71,43.15,-0.65
2013,9.945644302368164,72,43.016666666666666,0.43333333333333335
2013,21.1045280456543,73,49.7,1.3166666666666669
2013,10.88997314453125,74,43.4,2.1666666666666665
2013,14.226047973632813,75,48.1,6.233333333333333
2013,5.655995616912842,76,42.25,8.833333333333334
2013,14.119033203125,77,47.65,2.0833333333333335
2013,6.76372200012207,78,41.75,9.2
2013,9.011441040039063,79,43.93333333333333,-1.3333333333333333
2013,10.253914184570313,80,44.1,0.1
2013,11.010969848632813,81,44.03333333333333,-0
2013,13.898588104248047,82,47.733333333333334,0.3333333333333333
2013,7.235741653442383,83,44.85,3.05
2013,12.50561004638672,84,47.53333333333333,-1.8
2013,15.519531555175782,85,47.81666666666667,2.4333333333333336
2013,13.829102325439454,86,48.6,-0.5
2013,7.207920074462891,87,45.4,3.6833333333333336
2013,15.670410766601563,88,48.85,7.7
2013,16.307584228515626,89,48.916666666666664,7.433333333333334
2013,21.53634979248047,90,49.45,0.7333333333333333
2013,16.79315460205078,91,48.68333333333333,1.7166666666666668
2013,14.587110595703125,92,48.21666666666667,6.683333333333334
2013,6.552482452392578,93,44.7,3.95
2013,7.820150375366211,94,42.85,1.3333333333333333
2013,7.880195388793945,95,42.86666666666667,2.1
2013,14.526682281494141,96,48.6,7.133333333333334
2013,8.037233123779297,97,45.43333333333333,3.5166666666666666
2013,11.915648651123046,98,47.93333333333333,7.116666666666666
2013,8.124418029785156,99,45.96666666666667,-1.2666666666666666
2013,7.515794525146484,100,46.86666666666667,-2.1333333333333333
2013,10.301549377441406,101,46.18333333333333,2.9833333333333334
2013,28.147595825195314,102,51.06666666666667,3.033333333333333
2013,17.34838623046875,103,50.78333333333333,4.7
2013,18.213230590820313,104,50.7,4.3
2013,29.1059521484375,105,51.4,5.05
2013,25.101947021484374,106,51.3,4.516666666666667
2013,19.91398406982422,107,50.96666666666667,3.8
2013,18.433185424804687,108,50.983333333333334,4.2
2013,26.24566619873047,109,50.96666666666667,2.95
2013,21.62747741699219,110,51.166666666666664,5.316666666666666
2013,22.34259307861328,111,50.93333333333333,5.6
2013,18.57696044921875,112,50.733333333333334,4.4
2013,17.485311279296877,113,49.95,4.816666666666666
2013,18.304360961914064,114,50.21666666666667,5.616666666666667
2013,17.026869201660155,115,49.766666666666666,5.45
2013,16.94110382080078,116,50.233333333333334,5.983333333333333
2013,18.066968383789064,117,50.583333333333336,6.1
2013,17.478077392578125,118,50.05,5.216666666666667
2013,17.773219604492187,119,49.516666666666666,5.566666666666666
2013,18.91925048828125,120,50.1,4.266666666666667
2013,16.889661254882814,121,50.666666666666664,4.6
2013,22.772192077636717,122,52.96666666666667,6.733333333333333
2013,22.657665405273438,123,52.86666666666667,6.333333333333333
2013,22.657665405273438,124,52.86666666666667,6.35
2013,22.15666778564453,125,52.9,6.716666666666667
2013,25.92144775390625,126,52.53333333333333,6.55
2013,35.13567138671875,127,52.166666666666664,5.75
2013,26.520862731933594,128,51.31666666666667,5.516666666666667
2013,25.54469696044922,129,51.55,4.766666666666667
2013,29.38231658935547,130,52.233333333333334,5.633333333333333
2013,27.25411590576172,131,52.1,5.216666666666667
2013,27.846028747558595,132,52.15,5.883333333333333
2013,22.69391815185547,133,52.833333333333336,6.433333333333334
2013,30.06889373779297,134,52.266666666666666,5.733333333333333
2013,16.562194213867187,135,52.46666666666667,13.216666666666669
2013,14.84482177734375,136,52.416666666666664,13.6
2013,14.547225341796874,137,53.1,12.416666666666666
2013,14.679464111328125,138,53.13333333333333,12.95
2013,14.103704223632812,139,52.96666666666667,13.633333333333333
2013,14.088326110839844,140,52.18333333333333,12.55
2013,15.581272583007813,141,51.78333333333333,13.55
2013,15.435467224121094,142,52.13333333333333,14
2013,14.679464111328125,143,53.13333333333333,12.966666666666669
2013,15.581272583007813,144,51.78333333333333,13.566666666666666
2013,13.964591064453124,145,52.15,14.016666666666667
2013,14.679464111328125,146,53.15,12.983333333333333
2013,15.080970764160156,147,52.15,14.483333333333333
2013,16.517560119628907,148,48.8,8.383333333333333
2013,19.3886767578125,149,49.45,8.75
2013,15.41926773071289,150,47.983333333333334,8.983333333333333
2013,15.659499816894531,151,48.28333333333333,8.65
2013,17.941026916503905,152,47.78333333333333,7.7
2013,15.646551055908203,153,48.016666666666666,7.966666666666667
2013,23.758262329101562,154,48,9.95
2013,13.521086120605469,155,48.6,8.633333333333333
2013,19.23014892578125,156,48.86666666666667,9.566666666666666
2013,16.60977081298828,157,49.516666666666666,9.166666666666666
2013,19.559140625,158,48.75,9.416666666666666
2013,13.521086120605469,159,48.583333333333336,8.633333333333333
2013,19.3886767578125,160,49.46666666666667,8.733333333333333
2013,15.646551055908203,161,48.016666666666666,7.95
2013,23.758262329101562,162,48,9.966666666666669
2013,13.521086120605469,163,48.583333333333336,8.616666666666667
2013,18.833090209960936,164,49.4,11.316666666666666
2013,24.0546630859375,165,48.11666666666667,11.916666666666666
2013,16.533475646972658,166,49.75,12.383333333333333
2013,18.112738037109374,167,48.96666666666667,12.866666666666667
2013,17.260668334960936,168,48.916666666666664,11.75
2013,20.78726318359375,169,48.4,11.65
2013,26.41258544921875,170,48.21666666666667,12.733333333333333
2013,14.144464416503906,171,50.35,9.916666666666666
2013,10.733263473510743,172,47.56666666666667,12.933333333333334
2013,19.134516296386717,173,49.11666666666667,10.583333333333334
2013,17.529041137695312,174,49.85,10.516666666666667
2013,16.752384033203125,175,49.96666666666667,11.8
2013,20.342503509521485,176,48.7,12.733333333333333
2013,18.243271484375,177,49.68333333333333,11.5
2013,17.297317504882813,178,49.96666666666667,9.45
2013,25.274289855957033,179,47.86666666666667,10.783333333333331
2013,18.61214538574219,180,47.56666666666667,10.383333333333333
2013,21.0923046875,181,48.4,10.533333333333331
2013,19.32011962890625,182,49.266666666666666,12.383333333333333
2013,14.716016235351562,183,50.45,11.35
2013,16.30113006591797,184,49.71666666666667,9.883333333333333
2013,22.38209487915039,185,47.71666666666667,11.666666666666666
2013,20.490511779785155,186,48.28333333333333,11.066666666666666
2013,19.56570068359375,187,52.833333333333336,10.25
2013,19.446155395507812,188,51.85,10.4
2013,18.183192443847656,189,51.85,10.416666666666666
2013,19.136232604980467,190,51.75,9.566666666666666
2013,17.919805908203124,191,51.516666666666666,10.033333333333331
2013,21.04030517578125,192,53.166666666666664,9.9
2013,32.611512451171876,193,52.9,7.85
2013,17.526617736816405,194,50.63333333333333,9.666666666666666
2013,16.55138702392578,195,50.416666666666664,9.666666666666666
2013,16.92068115234375,196,50.7,8.883333333333333
2013,17.976454772949218,197,50.15,9.383333333333333
2013,15.124478454589843,198,50.56666666666667,8.2
2013,16.62286834716797,199,50.916666666666664,9.333333333333334
2013,20.304437866210936,200,54.083333333333336,10.233333333333333
2013,17.90665344238281,201,49.63333333333333,8.833333333333334
2013,15.887176666259766,202,52.56666666666667,11.166666666666666
2013,15.871378479003907,203,52.05,12.3
2013,17.124498596191405,204,51.36666666666667,9.266666666666667
2013,18.285398254394533,205,51.28333333333333,9.75
2013,15.768421020507812,206,50.68333333333333,8.633333333333333
2013,15.854991455078125,207,51.15,9.016666666666667
2013,19.045499267578126,208,49.7,8.516666666666667
2013,19.045499267578126,209,49.7,8.533333333333333
2013,15.887176666259766,210,52.56666666666667,11.183333333333334
2013,13.685560150146484,211,53.666666666666664,12.05
2013,13.333024597167968,212,53.63333333333333,13.933333333333334
2013,28.834947204589845,213,51.75,6.05
2013,25.87960205078125,214,51.71666666666667,6.166666666666667
2013,26.474094848632813,215,51.68333333333333,7.25
2013,23.263005676269533,216,51.833333333333336,8.95
2013,15.509134826660157,217,51.21666666666667,8.666666666666666
2013,17.11632843017578,218,51.016666666666666,8.183333333333334
2013,18.9709033203125,219,50.666666666666664,6.25
2013,23.271475830078124,220,51.7,8.983333333333333
2013,15.45720916748047,221,49.68333333333333,7.016666666666667
2013,16.49621765136719,222,50.416666666666664,7.083333333333333
2013,14.16181640625,223,49.63333333333333,7.916666666666667
2013,16.790447692871094,224,50.4,7.716666666666667
2013,15.729554443359374,225,49.266666666666666,7.8
2013,17.063358459472656,226,49.016666666666666,8.116666666666667
2013,15.8251953125,227,49.3,7.866666666666667
2013,16.18525634765625,228,49.31666666666667,7.016666666666667
2013,15.283580169677734,229,50.416666666666664,12.533333333333331
2013,13.537826232910156,230,50.63333333333333,13.3
2013,14.12063217163086,231,50.81666666666667,14.083333333333334
2013,12.10826446533203,232,51.11666666666667,14.55
2013,16.344254150390626,233,51.233333333333334,13.816666666666666
2013,14.152593688964844,234,51.18333333333333,12.816666666666666
2013,15.203298645019531,235,50.6,10.783333333333331
2013,15.344184875488281,236,51.333333333333336,10.85
2013,16.117332763671875,237,50.78333333333333,11.65
2013,15.471778564453125,238,50.93333333333333,11.016666666666667
2013,14.435161743164063,239,50.483333333333334,11.483333333333333
2013,6.623315124511719,240,41.833333333333336,13.583333333333334
2013,6.844048538208008,241,40.6,15.866666666666667
2013,8.534677429199219,242,38.416666666666664,16.166666666666668
2013,5.838068618774414,243,40.416666666666664,15.433333333333334
2013,22.631638946533204,244,44.71666666666667,10.2
2013,12.097486114501953,245,44.1,11.116666666666667
2013,23.695909423828127,246,45.81666666666667,13.166666666666666
2013,8.220811462402343,247,46.483333333333334,13.583333333333334
2013,7.6556393432617185,248,42.81666666666667,11.9
2013,7.093370704650879,249,46.233333333333334,9.55
2013,10.121880950927734,250,43.28333333333333,13.066666666666666
2013,24.792369995117188,251,45.666666666666664,8.066666666666666
2013,8.888943023681641,252,41.81666666666667,15.983333333333333
2013,7.669233703613282,253,39.333333333333336,8.566666666666666
2013,14.770556488037109,254,43.5,10.433333333333334
2013,9.094433517456055,255,46.35,11.483333333333333
2013,9.876783294677734,256,43.45,12.45
2013,3.587171211242676,257,45.71666666666667,6.916666666666667
2013,28.520722808837892,258,46.05,12.016666666666667
2013,5.291753921508789,259,37.9,13.4
2013,7.184078674316407,260,41.9,14.35
2013,17.305712051391602,261,45.95,10.116666666666667
2013,25.32480712890625,262,45.88333333333333,9.383333333333333
2013,8.534786529541016,263,42.86666666666667,10.766666666666667
2013,9.468763580322266,264,43.733333333333334,11.566666666666666
2013,11.905223083496093,265,46.583333333333336,11.433333333333334
2013,13.709514541625976,266,44.4,9.45
2013,31.07356964111328,267,45.516666666666666,8.7
2013,4.461181812286377,268,46.31666666666667,8.266666666666667
2013,41.65433166503906,269,45.2,10.733333333333333
2013,7.632469520568848,270,46.266666666666666,8.233333333333333
2013,9.326400451660156,271,41.233333333333334,13.066666666666666
2013,9.326400451660156,272,41.233333333333334,13.083333333333334
2013,12.536568756103515,273,51.1,-0.85
2013,12.963521728515625,274,51.583333333333336,-1.9166666666666663
2013,13.714656524658203,275,54.3,-3.0166666666666666
2013,14.339553527832031,276,52.43333333333333,0.8666666666666667
2013,13.442093200683594,277,53.4,-1.75
2013,3.2200789260864258,278,56.65,-4.283333333333333
2013,9.206382904052735,279,55.083333333333336,-2.466666666666667
2013,3.706141052246094,280,56.71666666666667,-4.05
2013,5.0185160827636714,281,56.233333333333334,-5.266666666666667
2013,8.278831939697266,282,52.11666666666667,-3.7333333333333334
2013,13.939465942382812,283,51.2,1.1166666666666667
2013,10.54603141784668,284,51.11666666666667,-1.2333333333333334
2013,12.536568756103515,285,51.016666666666666,-0.8666666666666667
2013,10.54603141784668,286,51.13333333333333,-1.2333333333333334
2013,8.117682571411132,287,53.1,-6.233333333333333
2013,10.314189147949218,288,52.96666666666667,-6.183333333333334
2013,9.645200271606445,289,52.53333333333333,-7.033333333333333
2013,9.842677154541015,290,52.3,-8.616666666666667
2013,9.667066879272461,291,52.583333333333336,-7.666666666666667
2013,10.385513381958008,292,53.483333333333334,-6.85
2013,6.539618759155274,293,54.18333333333333,-8.616666666666667
2013,9.467884216308594,294,53.96666666666667,-7.65
2013,8.803749923706055,295,54.13333333333333,-7.666666666666667
2013,5.19988151550293,296,53.35,-9.333333333333334
2013,4.784933547973633,297,53.75,-9.55
2013,12.95592758178711,298,56.28333333333333,8.416666666666666
2013,15.409599914550782,299,55.13333333333333,8.883333333333333
2013,11.547425689697265,300,55.95,12.35
2013,12.381624755859375,301,56.083333333333336,9.35
2013,12.167829132080078,302,55.36666666666667,11.55
2013,12.715531921386718,303,55.7,12.35
2013,10.476077575683593,304,56.38333333333333,9.333333333333334
2013,13.539054870605469,305,55,9.916666666666666
2013,12.381624755859375,306,56.06666666666667,9.333333333333334
2013,6.050508575439453,307,38.833333333333336,21.3
2013,7.786807250976563,308,39.78333333333333,22.783333333333335
2013,7.786807250976563,309,39.78333333333333,22.766666666666666
2013,4.957049865722656,310,38.86666666666667,21.866666666666667
2013,4.957049865722656,311,38.86666666666667,21.85
2013,5.006743392944336,312,40.06666666666667,-8.25
2013,4.3036767578125,313,38.95,-8.066666666666666
2013,3.91736083984375,314,38.083333333333336,-7.033333333333333
2013,5.34373363494873,315,38.31666666666667,-8.533333333333333
2013,3.419462966918945,316,41.5,-7.633333333333333
2013,2.9504117584228515,317,40.4,-7.533333333333333
2013,8.99280303955078,318,39.78333333333333,-8.95
2013,7.11571174621582,319,38.65,-8.616666666666667
2013,4.2934956741333,320,43.1,-4.633333333333333
2013,7.912244873046875,321,42.25,-2.7
2013,15.801809692382813,322,41.81666666666667,2.6166666666666667
2013,5.505055999755859,323,40.86666666666667,-3.966666666666667
2013,7.563843688964844,324,40.53333333333333,0.01666666666666666
2013,7.206924285888672,325,39.93333333333333,-5.783333333333333
2013,5.468791694641113,326,37.15,-6.716666666666667
2013,5.5022721862792965,327,40.18333333333333,-6.433333333333334
2013,2.7308807373046875,328,38.46666666666667,-6.75
2013,6.56401403427124,329,43.15,-5.466666666666667
2013,4.071017379760742,330,40.43333333333333,-4.116666666666666
2013,8.22261589050293,331,42.983333333333334,-1.3333333333333333
2013,4.378228530883789,332,37.81666666666667,-5.683333333333334
2013,6.786718940734863,333,36.36666666666667,-5.566666666666666
2013,16.032811584472658,334,41.766666666666666,2.4
2013,7.511598052978516,335,40.9,0.38333333333333336
2013,6.383926467895508,336,43.016666666666666,-8.95
2013,4.915827713012695,337,40.46666666666667,-1.6666666666666663
2013,5.566221618652344,338,40.31666666666667,-0.7166666666666667
2013,8.564581756591798,339,42.516666666666666,-1.0666666666666669
2013,4.545095291137695,340,42.63333333333333,-0.2833333333333333
2013,6.110402755737304,341,38.516666666666666,-0.6333333333333333
2013,5.973117904663086,342,38.166666666666664,-4.066666666666666
2013,5.437334899902344,343,37.9,-2.8833333333333333
2013,5.146954536437988,344,37,-3
2013,6.355543746948242,345,41.6,-3.033333333333333
2013,5.379444732666015,346,41.86666666666667,-2.8666666666666667
2013,4.355053329467774,347,41.983333333333334,-2.5
2013,7.288903350830078,348,43,-3.6833333333333336
2013,4.559194183349609,349,42.86666666666667,-4.55
2013,5.1749755859375,350,42.78333333333333,-5.366666666666666
2013,3.607097930908203,351,41.78333333333333,-6.366666666666666
2013,6.915298767089844,352,41.333333333333336,-4.533333333333333
2013,7.853580780029297,353,41.35,-4.283333333333333
2013,3.86382926940918,354,40.333333333333336,-5.933333333333334
2013,3.8847728729248048,355,40.21666666666667,-5.016666666666667
2013,6.414183883666992,356,39.81666666666667,2.9
2013,5.824566650390625,357,39.85,3.1666666666666665
2013,5.763124771118164,358,40.016666666666666,-1.9666666666666668
2013,6.193340377807617,359,39.833333333333336,-1.3
2013,3.8793594360351564,360,39.38333333333333,-4.116666666666666
2013,15.444510498046874,361,43.13333333333333,-2.966666666666667
2013,5.075067977905274,362,38.483333333333334,-2.466666666666667
2013,9.905254974365235,363,42.28333333333333,1.8833333333333333
2013,3.9675562667846678,364,42.6,1.0666666666666669
2013,3.804322738647461,365,39.6,-4.683333333333334
2013,3.7002985763549803,366,41.9,-8.116666666666667
2013,NA,367,28.133333333333333,-17.283333333333335
2013,NA,368,28.116666666666667,-17.216666666666665
2013,NA,369,28.183333333333337,-16.666666666666668
2013,8.428524627685547,370,42.733333333333334,-8.7
2013,5.936683807373047,371,38.06666666666667,-2.8166666666666664
2013,3.3792293548583983,372,37.53333333333333,-7.183333333333334
2013,6.110402755737304,373,38.516666666666666,-0.6166666666666667
2013,5.379444732666015,374,41.86666666666667,-2.8833333333333333
2013,4.559194183349609,375,42.85,-4.55
2013,15.444510498046874,376,43.13333333333333,-2.9833333333333334
2013,5.075067977905274,377,38.46666666666667,-2.45
2013,8.83679183959961,378,39.333333333333336,-0.31666666666666665
2013,4.066676330566406,379,37.45,-6.833333333333333
2013,17.05026885986328,380,49.983333333333334,6.033333333333333
2013,23.622884826660155,381,49.65,6.183333333333334
2013,11.44125274658203,382,56.166666666666664,13.15
2013,1.8709078979492189,383,63.03333333333333,17.416666666666668
2013,5.422776260375977,384,59.65,17.883333333333333
2013,3.829768295288086,385,60.18333333333333,17.716666666666665
2013,4.732157135009766,386,58.96666666666667,15.85
2013,5.31417366027832,387,58.21666666666667,15.916666666666666
2013,7.245721359252929,388,57.45,13.7
2013,7.909592514038086,389,56.46666666666667,15.116666666666667
2013,6.145251007080078,390,57.7,15.916666666666666
2013,9.455545196533203,391,56.3,14.85
2013,9.532526397705078,392,56.3,15.7
2013,9.892881317138672,393,56.36666666666667,13.816666666666666
2013,10.425337371826172,394,56.166666666666664,14.233333333333333
2013,10.320163879394531,395,56.25,13.533333333333331
2013,12.249806518554687,396,56.333333333333336,13.016666666666667
2013,11.495970306396485,397,55.983333333333334,13.383333333333333
2013,13.182800598144532,398,57.2,12.45
2013,12.239613800048827,399,57.03333333333333,12.8
2013,7.572680740356446,400,58.36666666666667,12.083333333333334
2013,7.328071594238281,401,57.55,13.5
2013,8.456734008789063,402,57.21666666666667,13.1
2013,9.697227478027344,403,57.516666666666666,12.466666666666669
2013,5.468358001708984,404,58.13333333333333,14.066666666666666
2013,4.376113548278808,405,58.85,13.683333333333334
2013,3.82112979888916,406,59.95,12.633333333333333
2013,4.445334396362305,407,59.666666666666664,11.95
2013,3.8970853233337404,408,59.583333333333336,12.483333333333333
2013,3.809784965515137,409,59.8,15.483333333333333
2013,3.2314484024047854,410,60.016666666666666,15.4
2013,2.147146797180176,411,61.2,15.2
2013,2.657938575744629,412,60.266666666666666,14.5
2013,1.968892707824707,413,62.18333333333333,16.716666666666665
2013,2.141713886260986,414,63.166666666666664,17.916666666666668
2013,1.4675343322753907,415,63.333333333333336,14.75
2013,2.304631061553955,416,63.75,19.4
2013,1.166107039451599,417,64.5,17.4
2013,1.1899193811416626,418,65.45,19.4
2013,7.844779663085937,419,57.1,14.55
2013,6.987429656982422,420,57.13333333333333,14.766666666666667
2013,6.987429656982422,421,57.166666666666664,14.8
2013,8.9946435546875,422,58.05,12.016666666666667
2013,8.9946435546875,423,58.06666666666667,12.016666666666667
2013,3.6941631698608397,424,59.75,14.9
2013,3.6609560775756838,425,59.9,15.233333333333333
2013,4.010009117126465,426,59.56666666666667,14.833333333333334
2013,1.5646381616592406,427,63.85,18.1
2013,1.692307300567627,428,64.03333333333333,18.916666666666668
2013,1.803161334991455,429,64.25,19.8
2013,8.389123840332031,430,56.333333333333336,14.966666666666669
2013,11.777263031005859,431,57.5,12.233333333333333
2013,8.458145217895508,432,58.43333333333333,11.733333333333333
2013,5.482983551025391,433,59.56666666666667,18.05
2013,4.872157440185547,434,59.083333333333336,17.633333333333333
2013,3.9128997039794924,435,60.016666666666666,17.183333333333334
2013,5.608691787719726,436,58.95,16.983333333333334
2013,5.785627975463867,437,58.766666666666666,16.8
2013,5.416392517089844,438,59.03333333333333,16.25
2013,4.623695068359375,439,59.3,16.116666666666667
2013,5.197873992919922,440,58.15,15.416666666666666
2013,5.30498046875,441,58.75,15.133333333333333
2013,5.540627822875977,442,57.86666666666667,14.75
2013,5.308212051391601,443,57.833333333333336,14.983333333333333
2013,5.784609069824219,444,57.5,15.333333333333334
2013,8.45862045288086,445,57.13333333333333,13.583333333333334
2013,7.514933013916016,446,56.88333333333333,15.1
2013,7.621626281738282,447,57.05,14.366666666666667
2013,7.84298942565918,448,56.833333333333336,13.733333333333333
2013,10.305982666015625,449,56.733333333333334,13.366666666666667
2013,5.1033984375,450,58.05,16.1
2013,6.862604370117188,451,56.63333333333333,15.616666666666667
2013,8.362452087402344,452,56.85,16.316666666666666
2013,9.864193420410157,453,56.28333333333333,14.65
2013,8.24134033203125,454,56.4,15.3
2013,9.679821166992188,455,56.21666666666667,15.433333333333334
2013,9.22905029296875,456,56.38333333333333,14.533333333333331
2013,11.84330322265625,457,56.016666666666666,13.916666666666666
2013,11.14426528930664,458,56.1,13.516666666666667
2013,11.224330291748046,459,56.13333333333333,13.5
2013,11.093074188232421,460,55.916666666666664,13.583333333333334
2013,10.849483489990234,461,55.61666666666667,13.433333333333334
2013,14.351446075439453,462,57.06666666666667,12.55
2013,13.674400329589844,463,56.93333333333333,12.716666666666669
2013,12.357898559570312,464,56.766666666666666,13.133333333333333
2013,8.791444244384765,465,57,13.366666666666667
2013,12.59651870727539,466,56.68333333333333,13.15
2013,7.6879183959960935,467,58.53333333333333,11.716666666666669
2013,8.26814910888672,468,57.4,13.1
2013,5.964523239135742,469,57.766666666666666,13.733333333333333
2013,5.690366401672363,470,58.71666666666667,11.966666666666669
2013,5.20168098449707,471,58.61666666666667,13.766666666666667
2013,4.684176216125488,472,59.65,13.8
2013,4.074233283996582,473,59.81666666666667,12.9
2013,2.914824752807617,474,60.583333333333336,13.116666666666667
2013,4.010009117126465,475,59.583333333333336,14.866666666666667
2013,3.9730482482910157,476,59.583333333333336,14.7
2013,3.4612072944641112,477,59.86666666666667,14.416666666666666
2013,4.3707195663452145,478,59.083333333333336,15.5
2013,5.116029891967774,479,59.333333333333336,15.933333333333334
2013,2.2706103324890137,480,61.11666666666667,14.35
2013,3.0141958808898925,481,60.4,15.266666666666667
2013,2.236246452331543,482,61.733333333333334,16.516666666666666
2013,2.7151690483093263,483,60.65,16.283333333333335
2013,1.7171420669555664,484,62.266666666666666,16.333333333333332
2013,1.4563656044006348,485,62,14.416666666666666
2013,1.5581746673583985,486,63.06666666666667,16.733333333333334
2013,1.4021174240112304,487,64.48333333333333,18.466666666666665
2013,1.1468658328056336,488,65.4,18.1
2013,1.9587560844421388,489,65.95,23.25
2013,1.3329178380966187,490,66.06666666666666,20.616666666666667
2013,2.236246452331543,491,61.71666666666667,16.516666666666666
2013,16.30548095703125,492,48.11666666666667,16.033333333333335
2013,14.708496856689454,493,47.766666666666666,16.316666666666666
2013,12.207398681640624,494,47.483333333333334,16.55
2013,11.052580718994141,495,46.733333333333334,14.5
2013,8.129512786865234,496,46.766666666666666,13.166666666666666
2013,9.575713806152343,497,46.71666666666667,13.666666666666666
2013,14.4525732421875,498,48.35,15.2
2013,15.03655029296875,499,47.63333333333333,16.133333333333333
2013,12.718817596435548,500,48.916666666666664,15.183333333333334
2013,26.95641174316406,501,48.1,12.866666666666667
2013,22.99529586791992,502,47.86666666666667,13.35
2013,10.422191772460938,503,47.483333333333334,13.416666666666666
2013,14.090176391601563,504,46.61666666666667,15.5
2013,10.522105255126952,505,47.36666666666667,15.166666666666666
2013,8.699441833496094,506,47.63333333333333,15.65
2013,6.693396224975586,507,47.05,14.1
2013,11.453954010009765,508,47.31666666666667,12.4
2013,8.899794998168945,509,47.38333333333333,10.9
2013,18.010318298339843,510,47.36666666666667,11.883333333333333
2013,23.098327178955078,511,47.483333333333334,9.983333333333333
2013,0.8135559701919556,512,69.56666666666666,28.883333333333333
2013,1.055104284286499,513,67.95,24.05
2013,1.0766493678092957,514,67.98333333333333,24.216666666666665
2013,1.1942285108566284,515,67.33333333333333,26.633333333333333
2013,1.5714978933334351,516,66.31666666666666,26.633333333333333
2013,1.5926138877868652,517,66.35,26.716666666666665
2013,1.2678019428253173,518,66.28333333333333,29.45
2013,1.306006760597229,519,66.33333333333333,29.35
2013,2.3137790298461915,520,64.96666666666667,26.383333333333333
2013,4.060184059143066,521,61.86666666666667,24.216666666666665
2013,4.060184059143066,522,61.85,24.3
2013,6.009778671264648,523,60.65,23.8
2013,5.6187733459472655,524,60.61666666666667,23.833333333333332
2013,6.034079437255859,525,60.63333333333333,26.083333333333332
2013,6.012179794311524,526,60.65,26.116666666666667
2013,3.636801338195801,527,61.766666666666666,29.333333333333332
2013,3.636801338195801,528,61.8,29.316666666666663
2013,6.124508209228516,529,60.7,27.85
2013,4.790114517211914,530,61.233333333333334,25.05
2013,2.6600822830200195,531,63.15,30.7
2013,1.2678019428253173,532,66.3,29.483333333333334
2013,0.6905350601673126,533,69.73333333333333,26.95
2013,2.712428722381592,534,63.55,22.483333333333334
2013,3.8905236434936525,535,62.45,21.516666666666666
2013,3.887996482849121,536,62.05,24.366666666666667
2013,3.953059959411621,537,61.916666666666664,23.316666666666663
2013,7.939068908691406,538,60.03333333333333,23.033333333333335
2013,2.256614398956299,539,64.11666666666666,26.683333333333337
2013,1.5714978933334351,540,66.33333333333333,26.633333333333333
2013,4.164780044555664,541,61.81666666666667,29.3
2013,1.4895097541809081,542,66.43333333333334,26.683333333333337
2013,5.283991928100586,543,60.983333333333334,27.266666666666666
2013,5.283991928100586,544,60.916666666666664,27.233333333333334
2013,19.40290283203125,545,46.583333333333336,6.65
2013,22.36112091064453,546,47.38333333333333,8.216666666666667
2013,24.308355407714842,547,47.03333333333333,8.7
2013,14.388023529052735,548,47.21666666666667,7.4
2013,12.631130981445313,549,46.21666666666667,6.283333333333333
2013,18.13566345214844,550,47.68333333333333,8.533333333333333
2013,23.55400863647461,551,46.016666666666666,8.833333333333334
2013,2.7395466423034667,552,46.483333333333334,9.883333333333333
2013,7.517449874877929,553,46.43333333333333,8.8
2013,17.72477005004883,554,46.11666666666667,9
2013,8.855970306396484,555,46.266666666666666,7.433333333333334
2013,3.0761299896240235,556,46.65,10.216666666666669
2013,6.051741409301758,557,46.28333333333333,7.85
2013,21.739516143798827,558,47.266666666666666,7.883333333333333
2013,15.346262969970702,559,46.7,7.75
2013,28.54903503417969,560,47.15,9.066666666666666
2013,4.469174728393555,561,46.8,9.85
2013,22.88567169189453,562,47.46666666666667,8.35
2013,11.185542831420898,563,47.88333333333333,19.95
2013,11.185542831420898,564,47.85,19.966666666666665
2013,11.91894012451172,565,47.55,19.383333333333333
2013,10.186401977539063,566,46.96666666666667,19.55
2013,10.186401977539063,567,46.95,19.533333333333335
2013,10.317212829589844,568,47.333333333333336,21.083333333333332
2013,14.566817321777343,569,47.65,16.483333333333334
2013,14.0210107421875,570,47.65,16.516666666666666
2013,14.566817321777343,571,47.666666666666664,16.5
2013,13.316530456542969,572,46.81666666666667,16.4
2013,11.494868621826171,573,46.583333333333336,16.733333333333334
2013,10.186401977539063,574,46.95,19.55
2013,10.186401977539063,575,46.93333333333333,19.533333333333335
2013,9.545418090820313,576,43.9,26
2013,8.734631805419921,577,44.06666666666667,26.05
2013,9.337927703857423,578,44.3,25.6
2013,11.401526489257812,579,44.5,26.166666666666668
2013,12.1687890625,580,44.9,26.1
2013,10.070180511474609,581,45.1,25.7
2013,5.655219688415527,582,45.5,25.583333333333332
2013,5.281876144409179,583,45.416666666666664,25.266666666666666
2013,7.173762283325195,584,46.68333333333333,22.616666666666667
2013,9.232312164306641,585,45.016666666666666,24.983333333333334
2013,5.026073417663574,586,47.43333333333333,25.55
2013,6.696784973144531,587,45.333333333333336,25.55
2013,9.187263870239258,588,53.88333333333333,14.5
2013,9.51984016418457,589,54.8,17.933333333333334
2013,11.437690277099609,590,53.78333333333333,15.05
2013,11.231821746826173,591,53.18333333333333,14.483333333333333
2013,13.05251983642578,592,52.9,15.35
2013,14.223644409179688,593,52.766666666666666,14.9
2013,12.780450134277343,594,53.11666666666667,16.033333333333335
2013,10.802552337646484,595,53.766666666666666,15.483333333333333
2013,10.242934417724609,596,54.666666666666664,17.983333333333334
2013,10.216995086669922,597,53.8,16.35
2013,12.008448028564453,598,54.15,17.116666666666667
2013,10.65078125,599,54.2,17.216666666666665
2013,11.858915710449219,600,54.083333333333336,19.15
2013,11.858915710449219,601,54.083333333333336,19.2
2013,11.713778533935546,602,54.05,20.4
2013,19.03916244506836,603,54.15,20.166666666666668
2013,12.81083251953125,604,53.766666666666666,19.033333333333335
2013,15.458540496826172,605,53.45,19.416666666666668
2013,8.148601303100586,606,54.28333333333333,23
2013,8.546722640991211,607,54.266666666666666,22.833333333333332
2013,11.578738098144532,608,54.333333333333336,22.35
2013,12.593656921386719,609,53.65,20.15
2013,12.975406494140625,610,53.666666666666664,21.433333333333337
2013,10.411103820800781,611,53.96666666666667,23.116666666666667
2013,10.366583099365235,612,53.9,23.316666666666663
2013,9.797303314208984,613,53.2,23.15
2013,10.758536834716796,614,53.2,23.35
2013,10.739779357910157,615,52.666666666666664,23.716666666666665
2013,10.357320709228516,616,52.85,23.666666666666668
2013,14.234570465087891,617,53.43333333333333,21.816666666666663
2013,10.97902099609375,618,53.28333333333333,22.05
2013,12.665398254394532,619,53.81666666666667,17.85
2013,13.106490173339843,620,53.93333333333333,18.083333333333332
2013,14.426690826416015,621,53.483333333333334,16.383333333333333
2013,14.480928955078125,622,53.3,16.833333333333332
2013,13.253651733398437,623,53.6,16.95
2013,12.118376617431641,624,53.266666666666666,19.55
2013,12.95723388671875,625,52.983333333333334,19.233333333333334
2013,12.641888885498046,626,52.55,15.25
2013,12.66418441772461,627,52.516666666666666,14.95
2013,15.633795166015625,628,52.8,16.416666666666668
2013,17.87834197998047,629,52.95,18.516666666666666
2013,19.768488464355467,630,52.7,18.916666666666668
2013,12.231032257080079,631,51.86666666666667,15.533333333333331
2013,11.770377197265624,632,52.35,15.8
2013,13.192393646240234,633,52.25,16.316666666666666
2013,21.005735778808592,634,52,17.316666666666666
2013,12.884248504638672,635,51.8,16.5
2013,19.55310028076172,636,52.63333333333333,17.65
2013,18.768480834960936,637,51.95,17.2
2013,14.33170379638672,638,51.516666666666666,18.25
2013,21.12838348388672,639,51.6,16.916666666666668
2013,15.980964965820313,640,53.11666666666667,19.783333333333335
2013,13.231519317626953,641,52.71666666666667,20.6
2013,13.463365325927734,642,52.36666666666667,19.9
2013,11.773965759277344,643,52.016666666666666,21.1
2013,11.196663055419922,644,51.8,21.45
2013,11.621851043701172,645,53.3,21.616666666666667
2013,12.30829360961914,646,53.18333333333333,21.083333333333332
2013,10.405470123291016,647,52.766666666666666,22.666666666666668
2013,9.417450714111329,648,51.43333333333333,22.766666666666666
2013,10.914841613769532,649,51.96666666666667,22.983333333333334
2013,8.89105453491211,650,51.483333333333334,23.35
2013,9.04848388671875,651,51.233333333333334,23.5
2013,8.637749252319336,652,50.63333333333333,23.75
2013,12.603718872070312,653,51.36666666666667,15.683333333333334
2013,13.174830474853515,654,51.25,15.483333333333333
2013,11.331134948730469,655,51.35,16.5
2013,12.272205810546875,656,50.88333333333333,17.633333333333333
2013,11.137561492919922,657,50.63333333333333,16.933333333333334
2013,11.610328826904297,658,50.38333333333333,17.55
2013,12.190375366210937,659,50.43333333333333,17.95
2013,12.735735626220704,660,50.53333333333333,17.7
2013,12.649466400146485,661,50.8,18.166666666666668
2013,13.846392822265624,662,50.583333333333336,18.45
2013,12.771705169677734,663,50.233333333333334,18.316666666666663
2013,13.084763793945312,664,51.333333333333336,19.266666666666666
2013,10.684554138183593,665,51.1,20.416666666666668
2013,10.937687530517579,666,51.083333333333336,20.15
2013,10.265112838745118,667,50.7,20.766666666666666
2013,10.311504974365235,668,51.65,21.033333333333335
2013,9.843396148681641,669,51.2,21.383333333333333
2013,9.489804077148438,670,51.21666666666667,22.65
2013,9.772499923706055,671,51.166666666666664,21.866666666666667
2013,9.45770278930664,672,50.38333333333333,23.45
2013,9.169430084228516,673,50.43333333333333,23.4
2013,11.804394989013671,674,50.75,18.666666666666668
2013,12.309686279296875,675,51,19.05
2013,13.817108001708984,676,50.2,19.4
2013,12.6797802734375,677,50.35,19.35
2013,13.397914733886719,678,50.333333333333336,19.65
2013,11.927040557861329,679,50.7,19.216666666666665
2013,10.7339306640625,680,50.71666666666667,20.3
2013,11.598068542480469,681,50.55,21.25
2013,11.527418365478516,682,50.46666666666667,22.116666666666667
2013,10.406023254394531,683,50.5,22.933333333333337
2013,9.728988189697265,684,50.416666666666664,22.75
2013,11.45756965637207,685,50.05,20.566666666666663
2013,12.456060180664062,686,50.06666666666667,20.8
2013,10.14155616760254,687,50.266666666666666,22.116666666666667
2013,12.102937927246094,688,50.833333333333336,15.416666666666666
2013,11.494067153930665,689,50.85,15.516666666666667
2013,10.587103652954102,690,50.266666666666666,16.633333333333333
2013,13.240113830566406,691,50.31666666666667,16.416666666666668
2013,11.579486083984374,692,50.25,16.983333333333334
2013,10.981910781860352,693,50.233333333333334,16.783333333333335
2013,13.072575607299804,694,49.666666666666664,18.966666666666665
2013,10.799897994995117,695,49.75,21.816666666666663
2013,10.197669982910156,696,49.61666666666667,22.466666666666665
2013,8.362037506103515,697,49.2,22.716666666666665
2013,7.981021575927734,698,49.06666666666667,22.85
2013,11.636749496459961,699,49.65,19.033333333333335
2013,9.971653594970704,700,49.6,19.083333333333332
2013,11.309086380004883,701,49.516666666666666,18.9
2013,10.680653762817382,702,49.75,19.8
2013,9.691225280761719,703,49.68333333333333,20.166666666666668
2013,9.44872215270996,704,49.416666666666664,20.816666666666663
2013,8.245432510375977,705,49.333333333333336,20.833333333333332
2013,10.945959625244141,706,49.483333333333334,21.616666666666667
2013,9.75831039428711,707,49.4,21.95
2013,8.611913757324219,708,49.45,19.983333333333334
2013,14.223644409179688,709,52.733333333333334,14.866666666666667
2013,11.951184997558594,710,52.86666666666667,15.716666666666669
2013,10.458085327148437,711,54.53333333333333,17.9
2013,10.593234558105468,712,54.55,18.266666666666666
2013,12.702279968261719,713,53.983333333333334,19.433333333333337
2013,12.435896453857422,714,53.85,20.533333333333335
2013,9.573018951416016,715,53.583333333333336,23.266666666666666
2013,10.421694488525391,716,53.68333333333333,16.766666666666666
2013,12.258398742675782,717,51.81666666666667,15.783333333333331
2013,17.90943145751953,718,51.766666666666666,17.566666666666666
2013,18.34879669189453,719,52.483333333333334,19.6
2013,9.99143295288086,720,52.333333333333336,22.65
2013,11.015770111083985,721,52.03333333333333,22.716666666666665
2013,13.174830474853515,722,51.3,15.416666666666666
2013,12.735735626220704,723,50.6,17.683333333333334
2013,11.32712257385254,724,50.61666666666667,17.25
2013,14.323705749511719,725,50.083333333333336,18.65
2013,14.402198944091797,726,50.3,18.483333333333334
2013,10.915309600830078,727,51.03333333333333,19.6
2013,8.508621139526367,728,50.5,23.466666666666665
2013,15.12203094482422,729,50.483333333333334,20.116666666666667
2013,11.815607299804688,730,51.05,15.866666666666667
2013,10.13278579711914,731,50.78333333333333,16.2
2013,10.38573974609375,732,49.85,22.6
2013,10.197669982910156,733,49.65,22.483333333333334
2013,8.966407928466797,734,49.45,22.283333333333335
2013,10.69908935546875,735,49.65,20.25
2013,12.034383850097656,736,48.2,18.383333333333333
2013,7.693867721557617,737,48.916666666666664,19.483333333333334
2013,8.717502365112304,738,48.63333333333333,19.533333333333335
2013,11.915406799316406,739,47.88333333333333,17.583333333333332
2013,10.221722717285155,740,48.61666666666667,19.033333333333335
2013,6.235113601684571,741,49.166666666666664,20.233333333333334
2013,8.788108596801758,742,49.18333333333333,22.083333333333332
2013,11.522569274902343,743,49.5,18.566666666666663
2013,11.522569274902343,744,49.483333333333334,18.566666666666663
2013,10.502960510253907,745,48.38333333333333,19
2013,8.182219314575196,746,48.95,19.383333333333333
2013,10.221722717285155,747,48.61666666666667,19.016666666666666
2013,7.967698345184326,748,58.38333333333333,8.233333333333333
2013,3.0023859405517577,749,59.03333333333333,7.566666666666666
2013,1.0431613802909852,750,65.88333333333334,13.8
2013,6.404842758178711,751,58.96666666666667,11.516666666666667
2013,2.7788990497589112,752,60.6,6.516666666666667
2013,1.922328338623047,753,64.65,12.266666666666667
2013,2.482628765106201,754,61.266666666666666,11.85
2013,5.01313024520874,755,59.43333333333333,9.866666666666667
2013,1.8848610305786133,756,61,9.216666666666669
2013,1.8733293151855468,757,63.28333333333333,11.183333333333334
2013,1.2288093662261963,758,62.766666666666666,8.883333333333333
2013,4.09942289352417,759,60.36666666666667,11.066666666666666
2013,11.553395309448241,760,59.333333333333336,5.783333333333333
2013,2.482628765106201,761,61.28333333333333,11.85
2013,1.2288093662261963,762,62.78333333333333,8.883333333333333
2013,5.01313024520874,763,59.45,9.866666666666667
2013,7.109308929443359,764,56.35,24.95
2013,9.120338897705079,765,54.833333333333336,24.05
2013,9.437541809082031,766,54.85,23.533333333333335
2013,7.449987182617187,767,56.333333333333336,24.833333333333332
2013,9.448163452148437,768,54.416666666666664,24.95
2013,9.120338897705079,769,54.81666666666667,24.066666666666663
2013,7.592282028198242,770,54.78333333333333,24.066666666666663
2013,9.586250305175781,771,54.18333333333333,24.6
2013,6.530961685180664,772,55.8,25.516666666666666
2013,9.627896347045898,773,55.81666666666667,21.466666666666665
2013,9.120338897705079,774,54.833333333333336,24.033333333333335
2013,13.064251556396485,775,50.03333333333333,12.616666666666667
2013,10.711759872436524,776,50.166666666666664,17.066666666666666
2013,10.689781799316407,777,50.1,17.2
2013,12.605271148681641,778,49.45,15.766666666666667
2013,11.711023254394531,779,50.55,15.95
2013,12.425270080566406,780,49.666666666666664,15.216666666666669
2013,12.272583312988282,781,50.18333333333333,12.883333333333333
2013,13.076468048095704,782,49.25,15.7
2013,10.527699356079102,783,50.733333333333334,15.533333333333331
2013,14.240842895507813,784,49.06666666666667,17.266666666666666
2013,15.983396606445313,785,50.13333333333333,15.866666666666667
2013,13.87637237548828,786,49.9,14.533333333333331
2013,13.29190948486328,787,49.21666666666667,14.3
2013,12.480414581298827,788,49.016666666666666,14.966666666666669
2013,13.764710693359374,789,50.28333333333333,16.383333333333333
2013,12.198897857666015,790,49.733333333333334,12.85
2013,12.434791717529297,791,49,14.8
2013,12.184922485351562,792,50.63333333333333,14.6
2013,12.336721801757813,793,50.833333333333336,15.333333333333334
2013,13.99797622680664,794,49.7,17.133333333333333
2013,12.753791046142577,795,49.45,18.383333333333333
2013,5.580146369934082,796,59.55,26.033333333333335
2013,5.512469863891601,797,59.56666666666667,26.116666666666667
2013,6.048904876708985,798,58.05,26.1
2013,5.660229034423828,799,58.11666666666667,27.05
2013,5.225677490234375,800,58.35,26.966666666666665
2013,6.298033142089844,801,57.7,26.516666666666666
2013,5.562297668457031,802,59.516666666666666,26.4
2013,5.411074142456055,803,58.266666666666666,26.45
2013,8.438034286499024,804,46.36666666666667,13.933333333333334
2013,15.988011169433594,805,45.983333333333334,13.733333333333333
2013,14.585798034667969,806,45.666666666666664,13.85
2013,18.052718505859374,807,46.28333333333333,14.4
2013,8.432429428100585,808,45.53333333333333,14.8
2013,11.680428314208985,809,46.46666666666667,15.383333333333333
2013,12.18558349609375,810,46.36666666666667,15.233333333333333
2013,12.083375854492187,811,46.1,15.066666666666666
2013,9.047281951904298,812,45.63333333333333,14.633333333333333
2013,12.540718383789063,813,45.86666666666667,15.416666666666666
2013,11.132865295410156,814,46.483333333333334,16.516666666666666
2013,11.680428314208985,815,46.45,15.383333333333333
2013,2.1559167766571044,816,64.13333333333334,32.233333333333334
2013,1.7040478277206421,817,64.11666666666666,32.88333333333333
2013,2.016063776016235,818,63.85,30.9
2013,2.194067792892456,819,63.85,31.55
2013,1.975264959335327,820,63.833333333333336,32.85
2013,2.7162031364440917,821,63.56666666666667,30.883333333333333
2013,2.2485493087768553,822,63.56666666666667,31.533333333333335
2013,2.3164045238494873,823,63.266666666666666,32.166666666666664
2013,2.199059581756592,824,63.25,32.8
2013,2.4735031127929688,825,62.96666666666667,32.78333333333333
2013,2.421545372009277,826,62.93333333333333,34.03333333333333
2013,2.987474727630615,827,62.916666666666664,34.666666666666664
2013,2.8038192272186278,828,62.9,35.3
2013,2.4015450191497805,829,62.86666666666667,35.916666666666664
2013,3.4545330715179445,830,62.583333333333336,35.86666666666667
2013,2.9702651405334475,831,62.28333333333333,36.43333333333333
2013,2.8154568481445312,832,62.083333333333336,33.916666666666664
2013,3.163314266204834,833,61.983333333333334,36.36666666666667
2013,3.0777017402648927,834,61.96666666666667,36.96666666666667
2013,2.763889179229736,835,61.93333333333333,37.583333333333336
2013,4.634368362426758,836,61.85,30.833333333333332
2013,3.2058974266052247,837,61.81666666666667,33.266666666666666
2013,3.1986919403076173,838,61.8,33.88333333333333
2013,3.2061640548706056,839,61.666666666666664,36.916666666666664
2013,4.214392013549805,840,61.55,30.216666666666665
2013,4.652940063476563,841,61.55,32.03333333333333
2013,3.544472961425781,842,61.5,33.833333333333336
2013,3.3353714179992675,843,61.483333333333334,34.45
2013,3.291565399169922,844,61.46666666666667,35.05
2013,4.565903205871582,845,61.266666666666666,29.633333333333333
2013,3.1386437606811524,846,61.266666666666666,30.216666666666665
2013,5.065451393127441,847,61.25,32.61666666666667
2013,4.505947303771973,848,61.233333333333334,33.21666666666667
2013,3.3607349395751953,849,61.2,34.4
2013,5.335285758972168,850,60.95,33.18333333333333
2013,4.935365028381348,851,61.25,29.316666666666663
2013,4.808230094909668,852,61.11666666666667,29.033333333333335
2013,4.668258628845215,853,61.11666666666667,29.333333333333332
2013,4.562927627563477,854,61.11666666666667,29.616666666666667
2013,3.7313945388793943,855,61.11666666666667,29.933333333333337
2013,1.5961029767990111,856,64.7,32.95
2013,5.0561779022216795,857,60.96666666666667,29.033333333333335
2013,5.217555084228516,858,60.96666666666667,29.333333333333332
2013,5.0492384719848635,859,60.96666666666667,29.633333333333333
2013,5.078790283203125,860,60.96666666666667,30.216666666666665
2013,5.362877883911133,861,60.833333333333336,28.45
2013,5.613240547180176,862,60.833333333333336,28.75
2013,5.176382789611816,863,60.833333333333336,29.066666666666663
2013,4.308725662231446,864,60.833333333333336,29.35
2013,5.276570816040039,865,60.81666666666667,29.633333333333333
2013,4.8013544845581055,866,60.833333333333336,29.933333333333337
2013,4.2110280418396,867,60.81666666666667,30.233333333333334
2013,4.936348838806152,868,60.68333333333333,29.933333333333337
2013,4.903400783538818,869,60.68333333333333,28.466666666666665
2013,6.11834945678711,870,60.68333333333333,29.05
2013,6.067861709594727,871,60.7,29.333333333333332
2013,5.36931037902832,872,60.68333333333333,29.65
2013,5.167825317382812,873,60.68333333333333,30.216666666666665
2013,5.032744445800781,874,60.68333333333333,30.483333333333334
2013,6.425846099853516,875,60.53333333333333,27.916666666666668
2013,5.576753044128418,876,60.55,28.216666666666665
2013,5.134781494140625,877,60.53333333333333,28.483333333333334
2013,7.567499084472656,878,60.53333333333333,28.766666666666666
2013,5.185402679443359,879,60.55,29.366666666666667
2013,4.834873237609863,880,60.55,29.633333333333333
2013,6.006417388916016,881,60.55,29.933333333333337
2013,4.937072105407715,882,60.55,30.516666666666666
2013,7.85615234375,883,60.4,28.766666666666666
2013,7.226957244873047,884,60.4,29.066666666666663
2013,7.226930389404297,885,60.4,29.35
2013,7.2313651275634765,886,60.4,29.633333333333333
2013,6.813246154785157,887,60.4,29.933333333333337
2013,5.936995239257812,888,60.416666666666664,30.2
2013,8.411469039916993,889,60.266666666666666,29.066666666666663
2013,7.317228012084961,890,60.266666666666666,29.35
2013,7.078004989624024,891,60.266666666666666,29.633333333333333
2013,7.799634552001953,892,60.266666666666666,29.933333333333337
2013,7.146247634887695,893,60.11666666666667,30.516666666666666
2013,7.334113998413086,894,60.11666666666667,30.8
2013,8.68089469909668,895,59.983333333333334,30.8
2013,5.879683036804199,896,59.983333333333334,31.083333333333332
2013,1.2480578327178955,897,66.43333333333334,32.43333333333333
2013,1.1647408103942871,898,66.41666666666667,33.15
2013,1.1467630577087402,899,66.15,31.683333333333337
2013,1.2347877407073975,900,66.13333333333334,33.11666666666667
2013,1.2913767671585084,901,66.11666666666666,33.81666666666667
2013,1.402527585029602,902,65.86666666666666,30.95
2013,1.3787605905532836,903,65.86666666666666,31.666666666666668
2013,1.145755078792572,904,65.85,33.083333333333336
2013,1.0450121235847474,905,65.83333333333333,33.78333333333333
2013,1.055524880886078,906,65.81666666666666,34.46666666666667
2013,1.3951031684875488,907,65.58333333333333,30.966666666666665
2013,1.3297236728668214,908,65.58333333333333,31.65
2013,1.2946244955062867,909,65.56666666666666,32.35
2013,1.2794886112213135,910,65.56666666666666,33.03333333333333
2013,1.6588219928741454,911,65.3,30.25
2013,1.5821332788467408,912,65.3,30.95
2013,1.595800395011902,913,65.3,31.633333333333333
2013,1.1544441628456115,914,65.26666666666667,33.016666666666666
2013,1.2081211137771606,915,65.25,33.68333333333333
2013,1.184237880706787,916,65.25,34.38333333333333
2013,1.7143776607513428,917,65.01666666666667,30.25
2013,1.6124641656875611,918,65,32.28333333333333
2013,1.4184728145599366,919,64.98333333333333,32.983333333333334
2013,1.393911256790161,920,64.96666666666667,33.65
2013,1.2798965454101563,921,64.95,34.333333333333336
2013,1.8436391639709473,922,64.73333333333333,30.25
2013,1.6793405103683472,923,64.71666666666667,30.916666666666668
2013,1.6566458797454835,924,64.71666666666667,31.6
2013,1.7793133544921875,925,64.41666666666667,32.9
2013,1.715754427909851,926,64.4,33.583333333333336
2013,1.881124620437622,927,64.38333333333334,34.25
2013,2.005859651565552,928,64.15,31.566666666666663
2013,2.0586282444000243,929,64.1,33.53333333333333
2013,1.9846453189849853,930,64.08333333333333,34.2
2013,2.0434027099609375,931,63.85,32.2
2013,1.6859946203231813,932,63.8,34.15
2013,2.2836065101623535,933,63.78333333333333,34.8
2013,1.9168468523025513,934,63.55,32.833333333333336
2013,2.099323434829712,935,63.53333333333333,33.46666666666667
2013,2.351403293609619,936,63.21666666666667,34.71666666666667
2013,2.475143117904663,937,63.18333333333333,35.35
2013,2.5249806213378907,938,63.166666666666664,35.983333333333334
2013,2.3800253200531007,939,62.983333333333334,32.13333333333333
2013,2.6792759132385253,940,62.7,32.11666666666667
2013,2.7885042953491213,941,62.68333333333333,32.733333333333334
2013,2.7230256462097167,942,62.666666666666664,33.36666666666667
2013,2.9535779190063476,943,62.63333333333333,34.61666666666667
2013,3.04681432723999,944,62.416666666666664,31.466666666666665
2013,2.9961426353454588,945,62.4,32.71666666666667
2013,2.707338752746582,946,62.38333333333333,33.333333333333336
2013,2.526323766708374,947,62.36666666666667,33.96666666666667
2013,2.9194923877716064,948,62.333333333333336,35.18333333333333
2013,4.397377090454102,949,62.13333333333333,30.85
2013,3.649437198638916,950,62.13333333333333,31.45
2013,3.4749084091186524,951,62.11666666666667,32.06666666666667
2013,3.5025298309326174,952,62.11666666666667,32.68333333333333
2013,3.0170711135864257,953,62.1,33.3
2013,2.9295715713500976,954,62.05,35.15
2013,4.767680549621582,955,61.833333333333336,31.45
2013,3.69297248840332,956,61.81666666666667,32.666666666666664
2013,5.348745937347412,957,61.55,31.433333333333337
2013,3.611784496307373,958,61.53333333333333,32.63333333333333
2013,3.6079430389404297,959,61.516666666666666,33.233333333333334
2013,4.490623512268066,960,60.93333333333333,33.78333333333333
2013,6.6527028656005855,961,42.766666666666666,23.75
2013,8.43486343383789,962,43.05,27.766666666666666
2013,4.610306167602539,963,42.06666666666667,23.8
2013,7.688797454833985,964,42.9,27.75
2013,4.467259292602539,965,41.68333333333333,24.733333333333334
2013,10.551338500976563,966,56.21666666666667,21.116666666666667
2013,5.768836135864258,967,57.166666666666664,25.7
2013,7.338339385986328,968,56.733333333333334,23.683333333333337
2013,5.1039095306396485,969,35,33.05
2013,4.743399887084961,970,34.95,32.81666666666667
2013,4.78485107421875,971,34.916666666666664,32.916666666666664
2013,6.128850860595703,972,35.016666666666666,32.61666666666667
2013,9.946992950439453,973,45.15,19.8
2013,5.8452145385742185,974,43.28333333333333,20.8
2013,10.494381256103516,975,45.45,19.166666666666668
2013,10.498949127197266,976,44.11666666666667,21.966666666666665
2013,6.7770460510253905,977,43.75,19.483333333333334
2014,12.929987182617188,1,47.86666666666667,6.2
2014,12.01810577392578,2,46.96666666666667,5.233333333333333
2014,14.442797393798829,3,46.166666666666664,5.233333333333333
2014,13.160810852050782,4,47.06666666666667,5.066666666666666
2014,11.744615478515625,5,48.166666666666664,-1.5333333333333332
2014,10.972437133789063,6,45.93333333333333,4.466666666666667
2014,10.427201232910157,7,47.083333333333336,4.083333333333333
2014,10.407762298583984,8,46.56666666666667,5.866666666666667
2014,8.984589080810547,9,46.516666666666666,6.05
2014,4.220706253051758,10,45.583333333333336,6.783333333333333
2014,11.858343505859375,11,46.21666666666667,6.333333333333333
2014,5.774986381530762,12,44.11666666666667,5.8
2014,12.035876922607422,13,47.8,4.85
2014,12.632052154541016,14,47.18333333333333,6.266666666666667
2014,9.64572525024414,15,44.916666666666664,5.283333333333333
2014,11.912265014648437,16,47.78333333333333,5.066666666666666
2014,15.887654418945312,17,48.63333333333333,6.066666666666666
2014,3.61335750579834,18,44.7,6.55
2014,4.093308067321777,19,44.016666666666666,6.666666666666667
2014,11.744615478515625,20,48.2,-1.55
2014,11.653486938476563,21,47.93333333333333,3.716666666666667
2014,4.140712127685547,22,44.483333333333334,6.45
2014,11.003970642089843,23,46.96666666666667,6.45
2014,8.407388229370117,24,44.93333333333333,5.316666666666666
2014,9.402511672973633,25,45.416666666666664,6.116666666666666
2014,13.034217987060547,26,46.833333333333336,5.783333333333333
2014,16.62894058227539,27,48.333333333333336,4.3
2014,11.285818634033204,28,46.81666666666667,2.5666666666666664
2014,20.809857482910157,29,43.733333333333334,-0.8333333333333334
2014,11.275424652099609,30,47.45,-0.01666666666666666
2014,15.092603149414062,31,49.016666666666666,5.766666666666667
2014,17.566402587890625,32,50.166666666666664,3.75
2014,10.147290649414062,33,43.2,-0.03333333333333333
2014,11.147552795410157,34,46.666666666666664,2.716666666666667
2014,16.332697448730467,35,48.28333333333333,4.45
2014,11.700029907226563,36,47.25,2.1166666666666667
2014,16.209131164550783,37,49.35,1.5
2014,13.231199493408203,38,47.56666666666667,1.25
2014,18.981595764160158,39,49.03333333333333,4.95
2014,17.918310241699217,40,48.86666666666667,6.483333333333333
2014,14.955178833007812,41,49,7.45
2014,11.013325958251952,42,46.96666666666667,3.65
2014,15.114015502929687,43,49.38333333333333,2.3
2014,12.67351776123047,44,48.516666666666666,0.6666666666666666
2014,16.75517303466797,45,47.68333333333333,7.466666666666667
2014,12.353237762451172,46,47.78333333333333,0.36666666666666664
2014,8.527475738525391,47,44.03333333333333,1.7333333333333334
2014,12.261984100341797,48,46.61666666666667,0.48333333333333334
2014,13.45002914428711,49,48.016666666666666,6.033333333333333
2014,14.499489135742188,50,48.983333333333334,7.716666666666667
2014,15.381410217285156,51,48.45,2.716666666666667
2014,9.061986083984374,52,46.15,1.8166666666666669
2014,6.740526962280273,53,43.43333333333333,2.7
2014,12.14598876953125,54,48.56666666666667,-0.06666666666666667
2014,8.867583084106446,55,43.1,-0.1
2014,16.472830505371093,56,49.93333333333333,4.8
2014,7.372753448486328,57,43.63333333333333,2.9166666666666665
2014,8.492698211669921,58,45.75,2.95
2014,9.330681610107423,59,47,4.116666666666666
2014,7.517511138916015,60,43.43333333333333,2.4333333333333336
2014,8.528202209472656,61,45.8,1.8
2014,12.486299896240235,62,48.233333333333334,7.1
2014,15.315627136230468,63,49.2,3.1166666666666667
2014,8.739820327758789,64,42.916666666666664,1.2666666666666666
2014,12.55634048461914,65,49.166666666666664,-0.85
2014,8.807359161376953,66,47.833333333333336,-3.533333333333333
2014,7.310565948486328,67,44.1,3.533333333333333
2014,16.526790313720703,68,48.5,6.7
2014,19.465520629882814,69,49.166666666666664,5
2014,18.07649475097656,70,49.31666666666667,2.8666666666666667
2014,11.381900482177734,71,43.15,-0.65
2014,9.367990493774414,72,43.016666666666666,0.43333333333333335
2014,20.627967834472656,73,49.7,1.3166666666666669
2014,9.631052703857423,74,43.4,2.1666666666666665
2014,13.269168853759766,75,48.1,6.233333333333333
2014,4.919877414703369,76,42.25,8.833333333333334
2014,12.037430877685546,77,47.65,2.0833333333333335
2014,5.480919685363769,78,41.75,9.2
2014,8.727204895019531,79,43.93333333333333,-1.3333333333333333
2014,9.6636181640625,80,44.1,0.1
2014,10.512117614746094,81,44.03333333333333,-0
2014,12.353237762451172,82,47.733333333333334,0.3333333333333333
2014,6.7806652069091795,83,44.85,3.05
2014,10.774947204589843,84,47.53333333333333,-1.8
2014,13.842225036621095,85,47.81666666666667,2.4333333333333336
2014,12.982410583496094,86,48.6,-0.5
2014,6.859586639404297,87,45.4,3.6833333333333336
2014,15.101956176757813,88,48.85,7.7
2014,14.955178833007812,89,48.916666666666664,7.433333333333334
2014,19.073905639648437,90,49.45,0.7333333333333333
2014,14.328038940429687,91,48.68333333333333,1.7166666666666668
2014,13.700054473876953,92,48.21666666666667,6.683333333333334
2014,6.080612487792969,93,44.7,3.95
2014,6.609171600341797,94,42.85,1.3333333333333333
2014,6.567325592041016,95,42.86666666666667,2.1
2014,13.948445587158202,96,48.6,7.133333333333334
2014,7.488799896240234,97,45.43333333333333,3.5166666666666666
2014,11.035139770507813,98,47.93333333333333,7.116666666666666
2014,6.589252014160156,99,45.96666666666667,-1.2666666666666666
2014,5.721573333740235,100,46.86666666666667,-2.1333333333333333
2014,9.717377014160157,101,46.18333333333333,2.9833333333333334
2014,28.80364227294922,102,51.06666666666667,3.033333333333333
2014,17.330051879882813,103,50.78333333333333,4.7
2014,17.255025329589845,104,50.7,4.3
2014,30.58184539794922,105,51.4,5.05
2014,26.011004333496093,106,51.3,4.516666666666667
2014,21.034482421875,107,50.96666666666667,3.8
2014,18.686958923339844,108,50.983333333333334,4.2
2014,26.614092712402343,109,50.96666666666667,2.95
2014,22.97384002685547,110,51.166666666666664,5.316666666666666
2014,23.48914306640625,111,50.93333333333333,5.6
2014,17.642549743652342,112,50.733333333333334,4.4
2014,16.249832153320313,113,49.95,4.816666666666666
2014,17.113898620605468,114,50.21666666666667,5.616666666666667
2014,16.79362823486328,115,49.766666666666666,5.45
2014,16.370950012207032,116,50.233333333333334,5.983333333333333
2014,17.47261291503906,117,50.583333333333336,6.1
2014,16.12794921875,118,50.05,5.216666666666667
2014,17.84308868408203,119,49.516666666666666,5.566666666666666
2014,17.143460693359376,120,50.1,4.266666666666667
2014,16.399578857421876,121,50.666666666666664,4.6
2014,26.34256530761719,122,52.96666666666667,6.733333333333333
2014,26.95187774658203,123,52.86666666666667,6.333333333333333
2014,26.95187774658203,124,52.86666666666667,6.35
2014,25.927230834960938,125,52.9,6.716666666666667
2014,28.369640502929688,126,52.53333333333333,6.55
2014,37.63797302246094,127,52.166666666666664,5.75
2014,29.04855255126953,128,51.31666666666667,5.516666666666667
2014,27.849351196289064,129,51.55,4.766666666666667
2014,31.639661254882814,130,52.233333333333334,5.633333333333333
2014,29.748516235351563,131,52.1,5.216666666666667
2014,29.710303955078125,132,52.15,5.883333333333333
2014,26.658265686035158,133,52.833333333333336,6.433333333333334
2014,32.235354309082034,134,52.266666666666666,5.733333333333333
2014,16.68660949707031,135,52.46666666666667,13.216666666666669
2014,14.767536315917969,136,52.416666666666664,13.6
2014,15.3344580078125,137,53.1,12.416666666666666
2014,16.150294799804687,138,53.13333333333333,12.95
2014,14.651170349121093,139,52.96666666666667,13.633333333333333
2014,14.455515441894532,140,52.18333333333333,12.55
2014,15.199275512695312,141,51.78333333333333,13.55
2014,14.938353881835937,142,52.13333333333333,14
2014,16.150294799804687,143,53.13333333333333,12.966666666666669
2014,15.199275512695312,144,51.78333333333333,13.566666666666666
2014,13.484370727539062,145,52.15,14.016666666666667
2014,16.150294799804687,146,53.15,12.983333333333333
2014,14.97826690673828,147,52.15,14.483333333333333
2014,15.725303497314453,148,48.8,8.383333333333333
2014,19.734003601074217,149,49.45,8.75
2014,15.384540405273437,150,47.983333333333334,8.983333333333333
2014,14.794192504882812,151,48.28333333333333,8.65
2014,17.405885314941408,152,47.78333333333333,7.7
2014,15.542294921875,153,48.016666666666666,7.966666666666667
2014,24.421051177978516,154,48,9.95
2014,12.347573852539062,155,48.6,8.633333333333333
2014,19.169989013671874,156,48.86666666666667,9.566666666666666
2014,17.072684326171874,157,49.516666666666666,9.166666666666666
2014,18.939791870117187,158,48.75,9.416666666666666
2014,12.347573852539062,159,48.583333333333336,8.633333333333333
2014,19.734003601074217,160,49.46666666666667,8.733333333333333
2014,15.542294921875,161,48.016666666666666,7.95
2014,24.421051177978516,162,48,9.966666666666669
2014,12.347573852539062,163,48.583333333333336,8.616666666666667
2014,18.33551055908203,164,49.4,11.316666666666666
2014,23.564732360839844,165,48.11666666666667,11.916666666666666
2014,16.135731201171875,166,49.75,12.383333333333333
2014,17.381742706298827,167,48.96666666666667,12.866666666666667
2014,16.967156982421876,168,48.916666666666664,11.75
2014,20.19948669433594,169,48.4,11.65
2014,26.672088317871093,170,48.21666666666667,12.733333333333333
2014,14.017655029296876,171,50.35,9.916666666666666
2014,10.90177864074707,172,47.56666666666667,12.933333333333334
2014,19.283872375488283,173,49.11666666666667,10.583333333333334
2014,16.65451171875,174,49.85,10.516666666666667
2014,16.164102783203123,175,49.96666666666667,11.8
2014,18.548153381347657,176,48.7,12.733333333333333
2014,17.81532257080078,177,49.68333333333333,11.5
2014,17.33234588623047,178,49.96666666666667,9.45
2014,27.684309997558593,179,47.86666666666667,10.783333333333331
2014,19.586044311523438,180,47.56666666666667,10.383333333333333
2014,21.075857849121093,181,48.4,10.533333333333331
2014,18.754346923828123,182,49.266666666666666,12.383333333333333
2014,13.919668884277344,183,50.45,11.35
2014,16.416417541503908,184,49.71666666666667,9.883333333333333
2014,23.001656951904298,185,47.71666666666667,11.666666666666666
2014,20.68236114501953,186,48.28333333333333,11.066666666666666
2014,20.062554321289063,187,52.833333333333336,10.25
2014,20.587884826660158,188,51.85,10.4
2014,19.18082305908203,189,51.85,10.416666666666666
2014,20.02814208984375,190,51.75,9.566666666666666
2014,17.795430603027345,191,51.516666666666666,10.033333333333331
2014,21.339730224609376,192,53.166666666666664,9.9
2014,35.55693664550781,193,52.9,7.85
2014,17.289341735839844,194,50.63333333333333,9.666666666666666
2014,16.45061767578125,195,50.416666666666664,9.666666666666666
2014,16.420047302246093,196,50.7,8.883333333333333
2014,18.226944580078126,197,50.15,9.383333333333333
2014,15.068318786621093,198,50.56666666666667,8.2
2014,16.594630432128906,199,50.916666666666664,9.333333333333334
2014,21.404625244140625,200,54.083333333333336,10.233333333333333
2014,18.339529724121093,201,49.63333333333333,8.833333333333334
2014,16.315631713867187,202,52.56666666666667,11.166666666666666
2014,15.820280456542969,203,52.05,12.3
2014,16.834227294921874,204,51.36666666666667,9.266666666666667
2014,17.58946746826172,205,51.28333333333333,9.75
2014,15.6178955078125,206,50.68333333333333,8.633333333333333
2014,15.305091247558593,207,51.15,9.016666666666667
2014,19.122777404785158,208,49.7,8.516666666666667
2014,19.122777404785158,209,49.7,8.533333333333333
2014,16.315631713867187,210,52.56666666666667,11.183333333333334
2014,15.112706909179687,211,53.666666666666664,12.05
2014,14.019419555664063,212,53.63333333333333,13.933333333333334
2014,30.990299682617188,213,51.75,6.05
2014,27.314964599609375,214,51.71666666666667,6.166666666666667
2014,29.085521240234375,215,51.68333333333333,7.25
2014,24.19550537109375,216,51.833333333333336,8.95
2014,16.293016662597655,217,51.21666666666667,8.666666666666666
2014,17.070127868652342,218,51.016666666666666,8.183333333333334
2014,19.098893127441407,219,50.666666666666664,6.25
2014,24.163165283203124,220,51.7,8.983333333333333
2014,15.52984375,221,49.68333333333333,7.016666666666667
2014,16.80577880859375,222,50.416666666666664,7.083333333333333
2014,14.276114349365235,223,49.63333333333333,7.916666666666667
2014,17.27095733642578,224,50.4,7.716666666666667
2014,14.777767944335938,225,49.266666666666666,7.8
2014,15.717336730957031,226,49.016666666666666,8.116666666666667
2014,15.094495544433594,227,49.3,7.866666666666667
2014,16.031978454589844,228,49.31666666666667,7.016666666666667
2014,14.94181640625,229,50.416666666666664,12.533333333333331
2014,13.363325653076172,230,50.63333333333333,13.3
2014,13.90071533203125,231,50.81666666666667,14.083333333333334
2014,11.893111114501954,232,51.11666666666667,14.55
2014,16.06878387451172,233,51.233333333333334,13.816666666666666
2014,13.804359283447265,234,51.18333333333333,12.816666666666666
2014,14.999346008300781,235,50.6,10.783333333333331
2014,15.634368896484375,236,51.333333333333336,10.85
2014,15.625125427246093,237,50.78333333333333,11.65
2014,15.42142837524414,238,50.93333333333333,11.016666666666667
2014,13.622367248535156,239,50.483333333333334,11.483333333333333
2014,6.099914398193359,240,41.833333333333336,13.583333333333334
2014,6.338032302856445,241,40.6,15.866666666666667
2014,7.347815246582031,242,38.416666666666664,16.166666666666668
2014,4.910369110107422,243,40.416666666666664,15.433333333333334
2014,22.248071441650392,244,44.71666666666667,10.2
2014,11.078794403076172,245,44.1,11.116666666666667
2014,23.963848876953126,246,45.81666666666667,13.166666666666666
2014,7.286287689208985,247,46.483333333333334,13.583333333333334
2014,8.289333953857422,248,42.81666666666667,11.9
2014,5.769024467468261,249,46.233333333333334,9.55
2014,10.690448913574219,250,43.28333333333333,13.066666666666666
2014,21.47226348876953,251,45.666666666666664,8.066666666666666
2014,9.111463394165039,252,41.81666666666667,15.983333333333333
2014,6.405697631835937,253,39.333333333333336,8.566666666666666
2014,15.253187561035157,254,43.5,10.433333333333334
2014,7.459838943481445,255,46.35,11.483333333333333
2014,9.3128759765625,256,43.45,12.45
2014,3.5033499908447268,257,45.71666666666667,6.916666666666667
2014,27.078079528808594,258,46.05,12.016666666666667
2014,4.545222244262695,259,37.9,13.4
2014,7.419325485229492,260,41.9,14.35
2014,13.866580352783203,261,45.95,10.116666666666667
2014,21.768741455078125,262,45.88333333333333,9.383333333333333
2014,9.517977294921875,263,42.86666666666667,10.766666666666667
2014,8.992333755493163,264,43.733333333333334,11.566666666666666
2014,10.884297485351562,265,46.583333333333336,11.433333333333334
2014,12.562877731323242,266,44.4,9.45
2014,30.288348388671874,267,45.516666666666666,8.7
2014,4.127615928649902,268,46.31666666666667,8.266666666666667
2014,40.144691467285156,269,45.2,10.733333333333333
2014,7.167801170349121,270,46.266666666666666,8.233333333333333
2014,9.56773796081543,271,41.233333333333334,13.066666666666666
2014,9.56773796081543,272,41.233333333333334,13.083333333333334
2014,12.933692016601562,273,51.1,-0.85
2014,13.620618286132812,274,51.583333333333336,-1.9166666666666663
2014,16.097943572998048,275,54.3,-3.0166666666666666
2014,15.21351348876953,276,52.43333333333333,0.8666666666666667
2014,14.293703308105469,277,53.4,-1.75
2014,4.44964147567749,278,56.65,-4.283333333333333
2014,9.699009857177735,279,55.083333333333336,-2.466666666666667
2014,5.078925476074219,280,56.71666666666667,-4.05
2014,6.040342063903808,281,56.233333333333334,-5.266666666666667
2014,9.045458831787109,282,52.11666666666667,-3.7333333333333334
2014,13.705630035400391,283,51.2,1.1166666666666667
2014,11.497125244140625,284,51.11666666666667,-1.2333333333333334
2014,12.933692016601562,285,51.016666666666666,-0.8666666666666667
2014,11.497125244140625,286,51.13333333333333,-1.2333333333333334
2014,8.896125717163086,287,53.1,-6.233333333333333
2014,10.735723037719726,288,52.96666666666667,-6.183333333333334
2014,10.946564407348633,289,52.53333333333333,-7.033333333333333
2014,10.227954025268554,290,52.3,-8.616666666666667
2014,10.856664428710937,291,52.583333333333336,-7.666666666666667
2014,11.228298873901368,292,53.483333333333334,-6.85
2014,6.920314559936523,293,54.18333333333333,-8.616666666666667
2014,10.015109176635741,294,53.96666666666667,-7.65
2014,9.34564193725586,295,54.13333333333333,-7.666666666666667
2014,4.986071624755859,296,53.35,-9.333333333333334
2014,4.757699928283691,297,53.75,-9.55
2014,14.760527038574219,298,56.28333333333333,8.416666666666666
2014,16.984120025634766,299,55.13333333333333,8.883333333333333
2014,12.980879516601563,300,55.95,12.35
2014,14.988446807861328,301,56.083333333333336,9.35
2014,13.453687286376953,302,55.36666666666667,11.55
2014,13.998372192382812,303,55.7,12.35
2014,12.657392578125,304,56.38333333333333,9.333333333333334
2014,15.348858642578126,305,55,9.916666666666666
2014,14.988446807861328,306,56.06666666666667,9.333333333333334
2014,5.306635055541992,307,38.833333333333336,21.3
2014,8.732909088134766,308,39.78333333333333,22.783333333333335
2014,8.732909088134766,309,39.78333333333333,22.766666666666666
2014,4.081290054321289,310,38.86666666666667,21.866666666666667
2014,4.081290054321289,311,38.86666666666667,21.85
2014,5.845423965454102,312,40.06666666666667,-8.25
2014,4.661939315795898,313,38.95,-8.066666666666666
2014,3.76553466796875,314,38.083333333333336,-7.033333333333333
2014,5.625319290161133,315,38.31666666666667,-8.533333333333333
2014,3.6191246795654295,316,41.5,-7.633333333333333
2014,3.3920878982543945,317,40.4,-7.533333333333333
2014,9.387880325317383,318,39.78333333333333,-8.95
2014,7.479258880615235,319,38.65,-8.616666666666667
2014,4.268753261566162,320,43.1,-4.633333333333333
2014,7.533310546875,321,42.25,-2.7
2014,16.93189392089844,322,41.81666666666667,2.6166666666666667
2014,5.214006881713868,323,40.86666666666667,-3.966666666666667
2014,9.22646728515625,324,40.53333333333333,0.01666666666666666
2014,7.423868713378906,325,39.93333333333333,-5.783333333333333
2014,5.083840789794922,326,37.15,-6.716666666666667
2014,5.7514595031738285,327,40.18333333333333,-6.433333333333334
2014,2.5812995529174803,328,38.46666666666667,-6.75
2014,6.81452896118164,329,43.15,-5.466666666666667
2014,4.18423942565918,330,40.43333333333333,-4.116666666666666
2014,8.232652053833007,331,42.983333333333334,-1.3333333333333333
2014,4.206426162719726,332,37.81666666666667,-5.683333333333334
2014,5.948817100524902,333,36.36666666666667,-5.566666666666666
2014,18.015147857666015,334,41.766666666666666,2.4
2014,9.12340705871582,335,40.9,0.38333333333333336
2014,7.271601867675781,336,43.016666666666666,-8.95
2014,3.869188919067383,337,40.46666666666667,-1.6666666666666663
2014,5.274130783081055,338,40.31666666666667,-0.7166666666666667
2014,8.893814544677735,339,42.516666666666666,-1.0666666666666669
2014,4.206197624206543,340,42.63333333333333,-0.2833333333333333
2014,6.275439300537109,341,38.516666666666666,-0.6333333333333333
2014,5.967027587890625,342,38.166666666666664,-4.066666666666666
2014,4.591145629882813,343,37.9,-2.8833333333333333
2014,4.209675559997558,344,37,-3
2014,6.385412292480469,345,41.6,-3.033333333333333
2014,5.535169830322266,346,41.86666666666667,-2.8666666666666667
2014,4.311438827514649,347,41.983333333333334,-2.5
2014,7.630046691894531,348,43,-3.6833333333333336
2014,5.035477752685547,349,42.86666666666667,-4.55
2014,5.9838525390625,350,42.78333333333333,-5.366666666666666
2014,3.514105911254883,351,41.78333333333333,-6.366666666666666
2014,6.705179214477539,352,41.333333333333336,-4.533333333333333
2014,7.646986236572266,353,41.35,-4.283333333333333
2014,3.537151565551758,354,40.333333333333336,-5.933333333333334
2014,3.856802978515625,355,40.21666666666667,-5.016666666666667
2014,6.271399345397949,356,39.81666666666667,2.9
2014,5.561868705749512,357,39.85,3.1666666666666665
2014,5.046354217529297,358,40.016666666666666,-1.9666666666666668
2014,5.3730290985107425,359,39.833333333333336,-1.3
2014,3.4530274963378904,360,39.38333333333333,-4.116666666666666
2014,14.687022399902343,361,43.13333333333333,-2.966666666666667
2014,4.228826675415039,362,38.483333333333334,-2.466666666666667
2014,10.764920654296875,363,42.28333333333333,1.8833333333333333
2014,3.8673665618896482,364,42.6,1.0666666666666669
2014,3.576643218994141,365,39.6,-4.683333333333334
2014,4.034165878295898,366,41.9,-8.116666666666667
2014,NA,367,28.133333333333333,-17.283333333333335
2014,NA,368,28.116666666666667,-17.216666666666665
2014,NA,369,28.183333333333337,-16.666666666666668
2014,9.322726287841796,370,42.733333333333334,-8.7
2014,4.750867385864257,371,38.06666666666667,-2.8166666666666664
2014,3.171146354675293,372,37.53333333333333,-7.183333333333334
2014,6.275439300537109,373,38.516666666666666,-0.6166666666666667
2014,5.535169830322266,374,41.86666666666667,-2.8833333333333333
2014,5.035477752685547,375,42.85,-4.55
2014,14.687022399902343,376,43.13333333333333,-2.9833333333333334
2014,4.228826675415039,377,38.46666666666667,-2.45
2014,8.711365966796874,378,39.333333333333336,-0.31666666666666665
2014,3.9916313171386717,379,37.45,-6.833333333333333
2014,17.777906494140623,380,49.983333333333334,6.033333333333333
2014,23.856171264648438,381,49.65,6.183333333333334
2014,12.935204315185548,382,56.166666666666664,13.15
2014,2.5420056343078614,383,63.03333333333333,17.416666666666668
2014,6.198432922363281,384,59.65,17.883333333333333
2014,4.976270751953125,385,60.18333333333333,17.716666666666665
2014,5.688153381347656,386,58.96666666666667,15.85
2014,6.521339111328125,387,58.21666666666667,15.916666666666666
2014,8.528010177612305,388,57.45,13.7
2014,9.285642776489258,389,56.46666666666667,15.116666666666667
2014,6.668565368652343,390,57.7,15.916666666666666
2014,11.702129516601563,391,56.3,14.85
2014,11.81875244140625,392,56.3,15.7
2014,10.997232360839844,393,56.36666666666667,13.816666666666666
2014,11.40921859741211,394,56.166666666666664,14.233333333333333
2014,11.64255355834961,395,56.25,13.533333333333331
2014,13.430268096923829,396,56.333333333333336,13.016666666666667
2014,12.713667602539063,397,55.983333333333334,13.383333333333333
2014,15.243159790039062,398,57.2,12.45
2014,13.870545196533204,399,57.03333333333333,12.8
2014,9.249922180175782,400,58.36666666666667,12.083333333333334
2014,8.549448547363282,401,57.55,13.5
2014,9.956743469238281,402,57.21666666666667,13.1
2014,10.766222534179688,403,57.516666666666666,12.466666666666669
2014,7.6802449035644536,404,58.13333333333333,14.066666666666666
2014,5.882860450744629,405,58.85,13.683333333333334
2014,5.5566864013671875,406,59.95,12.633333333333333
2014,6.117039527893066,407,59.666666666666664,11.95
2014,5.682704582214355,408,59.583333333333336,12.483333333333333
2014,5.132855796813965,409,59.8,15.483333333333333
2014,4.64352352142334,410,60.016666666666666,15.4
2014,3.422945327758789,411,61.2,15.2
2014,4.258873920440674,412,60.266666666666666,14.5
2014,2.7531105995178224,413,62.18333333333333,16.716666666666665
2014,2.659708652496338,414,63.166666666666664,17.916666666666668
2014,1.8955813217163087,415,63.333333333333336,14.75
2014,2.8008895683288575,416,63.75,19.4
2014,1.6161224842071533,417,64.5,17.4
2014,1.53673095703125,418,65.45,19.4
2014,8.92627456665039,419,57.1,14.55
2014,7.756217727661133,420,57.13333333333333,14.766666666666667
2014,7.756217727661133,421,57.166666666666664,14.8
2014,10.413445129394532,422,58.05,12.016666666666667
2014,10.413445129394532,423,58.06666666666667,12.016666666666667
2014,5.333210334777832,424,59.75,14.9
2014,5.1616011810302735,425,59.9,15.233333333333333
2014,5.771410446166993,426,59.56666666666667,14.833333333333334
2014,2.0540722751617433,427,63.85,18.1
2014,2.2211349773406983,428,64.03333333333333,18.916666666666668
2014,2.2421581840515135,429,64.25,19.8
2014,9.975474853515625,430,56.333333333333336,14.966666666666669
2014,13.29753158569336,431,57.5,12.233333333333333
2014,10.361250381469727,432,58.43333333333333,11.733333333333333
2014,5.83838996887207,433,59.56666666666667,18.05
2014,5.793471374511719,434,59.083333333333336,17.633333333333333
2014,5.1468296813964844,435,60.016666666666666,17.183333333333334
2014,6.446677856445312,436,58.95,16.983333333333334
2014,6.559620590209961,437,58.766666666666666,16.8
2014,6.043925247192383,438,59.03333333333333,16.25
2014,5.375840835571289,439,59.3,16.116666666666667
2014,6.555568161010743,440,58.15,15.416666666666666
2014,6.294978103637695,441,58.75,15.133333333333333
2014,6.706409759521485,442,57.86666666666667,14.75
2014,6.582081756591797,443,57.833333333333336,14.983333333333333
2014,6.614272384643555,444,57.5,15.333333333333334
2014,9.713398742675782,445,57.13333333333333,13.583333333333334
2014,8.609805755615234,446,56.88333333333333,15.1
2014,8.47857177734375,447,57.05,14.366666666666667
2014,8.298835754394531,448,56.833333333333336,13.733333333333333
2014,11.195804748535156,449,56.733333333333334,13.366666666666667
2014,6.225669631958008,450,58.05,16.1
2014,7.976281967163086,451,56.63333333333333,15.616666666666667
2014,9.147625274658203,452,56.85,16.316666666666666
2014,11.971079864501952,453,56.28333333333333,14.65
2014,10.12334228515625,454,56.4,15.3
2014,12.343626251220703,455,56.21666666666667,15.433333333333334
2014,10.479211730957031,456,56.38333333333333,14.533333333333331
2014,12.841680145263672,457,56.016666666666666,13.916666666666666
2014,12.609288940429687,458,56.1,13.516666666666667
2014,12.440555267333984,459,56.13333333333333,13.5
2014,12.37935302734375,460,55.916666666666664,13.583333333333334
2014,12.353606109619141,461,55.61666666666667,13.433333333333334
2014,16.337415618896486,462,57.06666666666667,12.55
2014,15.431190032958984,463,56.93333333333333,12.716666666666669
2014,13.391384887695313,464,56.766666666666666,13.133333333333333
2014,9.776621627807618,465,57,13.366666666666667
2014,13.670541534423828,466,56.68333333333333,13.15
2014,9.570129699707032,467,58.53333333333333,11.716666666666669
2014,9.794449615478516,468,57.4,13.1
2014,7.2439035797119145,469,57.766666666666666,13.733333333333333
2014,7.399180603027344,470,58.71666666666667,11.966666666666669
2014,6.903757858276367,471,58.61666666666667,13.766666666666667
2014,6.407060546875,472,59.65,13.8
2014,6.0038887405395505,473,59.81666666666667,12.9
2014,4.139719295501709,474,60.583333333333336,13.116666666666667
2014,5.771410446166993,475,59.583333333333336,14.866666666666667
2014,5.667982177734375,476,59.583333333333336,14.7
2014,5.131515922546387,477,59.86666666666667,14.416666666666666
2014,5.5297006988525395,478,59.083333333333336,15.5
2014,6.240547409057617,479,59.333333333333336,15.933333333333334
2014,4.128541336059571,480,61.11666666666667,14.35
2014,4.235791397094727,481,60.4,15.266666666666667
2014,3.180272102355957,482,61.733333333333334,16.516666666666666
2014,4.045866012573242,483,60.65,16.283333333333335
2014,2.5590838813781738,484,62.266666666666666,16.333333333333332
2014,2.2690454959869384,485,62,14.416666666666666
2014,2.266189765930176,486,63.06666666666667,16.733333333333334
2014,1.736797914505005,487,64.48333333333333,18.466666666666665
2014,1.6462592315673827,488,65.4,18.1
2014,2.348915958404541,489,65.95,23.25
2014,1.560476589202881,490,66.06666666666666,20.616666666666667
2014,3.180272102355957,491,61.71666666666667,16.516666666666666
2014,16.231595458984376,492,48.11666666666667,16.033333333333335
2014,14.480421142578125,493,47.766666666666666,16.316666666666666
2014,11.283984832763672,494,47.483333333333334,16.55
2014,11.887467193603516,495,46.733333333333334,14.5
2014,6.552010879516602,496,46.766666666666666,13.166666666666666
2014,9.43624740600586,497,46.71666666666667,13.666666666666666
2014,13.809469299316406,498,48.35,15.2
2014,14.531290283203125,499,47.63333333333333,16.133333333333333
2014,11.926947021484375,500,48.916666666666664,15.183333333333334
2014,28.371475524902344,501,48.1,12.866666666666667
2014,24.26960174560547,502,47.86666666666667,13.35
2014,10.512360000610352,503,47.483333333333334,13.416666666666666
2014,15.142717590332031,504,46.61666666666667,15.5
2014,10.563885955810546,505,47.36666666666667,15.166666666666666
2014,8.554645767211914,506,47.63333333333333,15.65
2014,6.058147659301758,507,47.05,14.1
2014,10.838359756469726,508,47.31666666666667,12.4
2014,8.595916519165039,509,47.38333333333333,10.9
2014,17.684132385253907,510,47.36666666666667,11.883333333333333
2014,23.23725372314453,511,47.483333333333334,9.983333333333333
2014,0.8347262167930602,512,69.56666666666666,28.883333333333333
2014,1.1538314533233642,513,67.95,24.05
2014,1.1684501338005067,514,67.98333333333333,24.216666666666665
2014,1.3702387952804564,515,67.33333333333333,26.633333333333333
2014,1.7992380619049073,516,66.31666666666666,26.633333333333333
2014,1.815863037109375,517,66.35,26.716666666666665
2014,1.5416032838821412,518,66.28333333333333,29.45
2014,1.5536588144302368,519,66.33333333333333,29.35
2014,2.8843283081054687,520,64.96666666666667,26.383333333333333
2014,4.014127464294433,521,61.86666666666667,24.216666666666665
2014,4.014127464294433,522,61.85,24.3
2014,5.792157440185547,523,60.65,23.8
2014,5.474449615478516,524,60.61666666666667,23.833333333333332
2014,5.535972442626953,525,60.63333333333333,26.083333333333332
2014,5.618071670532227,526,60.65,26.116666666666667
2014,2.997937545776367,527,61.766666666666666,29.333333333333332
2014,2.997937545776367,528,61.8,29.316666666666663
2014,5.896896514892578,529,60.7,27.85
2014,4.470811882019043,530,61.233333333333334,25.05
2014,3.177890272140503,531,63.15,30.7
2014,1.5416032838821412,532,66.3,29.483333333333334
2014,0.726051058769226,533,69.73333333333333,26.95
2014,3.056061935424805,534,63.55,22.483333333333334
2014,4.595094375610351,535,62.45,21.516666666666666
2014,3.786829261779785,536,62.05,24.366666666666667
2014,4.1607058715820315,537,61.916666666666664,23.316666666666663
2014,7.402685928344726,538,60.03333333333333,23.033333333333335
2014,2.827176933288574,539,64.11666666666666,26.683333333333337
2014,1.7992380619049073,540,66.33333333333333,26.633333333333333
2014,3.8199599838256835,541,61.81666666666667,29.3
2014,1.7141414880752563,542,66.43333333333334,26.683333333333337
2014,4.97571720123291,543,60.983333333333334,27.266666666666666
2014,4.97571720123291,544,60.916666666666664,27.233333333333334
2014,18.504898376464844,545,46.583333333333336,6.65
2014,22.845342712402342,546,47.38333333333333,8.216666666666667
2014,23.786142959594727,547,47.03333333333333,8.7
2014,13.36527374267578,548,47.21666666666667,7.4
2014,11.825082550048828,549,46.21666666666667,6.283333333333333
2014,18.701651306152343,550,47.68333333333333,8.533333333333333
2014,19.153057708740235,551,46.016666666666666,8.833333333333334
2014,2.155509967803955,552,46.483333333333334,9.883333333333333
2014,5.670050506591797,553,46.43333333333333,8.8
2014,15.263055877685547,554,46.11666666666667,9
2014,8.549989624023437,555,46.266666666666666,7.433333333333334
2014,2.4565301895141602,556,46.65,10.216666666666669
2014,5.772932052612305,557,46.28333333333333,7.85
2014,21.48456741333008,558,47.266666666666666,7.883333333333333
2014,13.756056213378907,559,46.7,7.75
2014,26.311061553955078,560,47.15,9.066666666666666
2014,3.8764378356933595,561,46.8,9.85
2014,23.23215118408203,562,47.46666666666667,8.35
2014,9.697831954956055,563,47.88333333333333,19.95
2014,9.697831954956055,564,47.85,19.966666666666665
2014,11.201476287841796,565,47.55,19.383333333333333
2014,10.669056854248048,566,46.96666666666667,19.55
2014,10.669056854248048,567,46.95,19.533333333333335
2014,10.354432220458984,568,47.333333333333336,21.083333333333332
2014,14.71763916015625,569,47.65,16.483333333333334
2014,13.838150939941407,570,47.65,16.516666666666666
2014,14.71763916015625,571,47.666666666666664,16.5
2014,13.553857727050781,572,46.81666666666667,16.4
2014,11.558262176513672,573,46.583333333333336,16.733333333333334
2014,10.669056854248048,574,46.95,19.55
2014,10.669056854248048,575,46.93333333333333,19.533333333333335
2014,11.875800628662109,576,43.9,26
2014,10.96521728515625,577,44.06666666666667,26.05
2014,10.259424285888672,578,44.3,25.6
2014,12.02289291381836,579,44.5,26.166666666666668
2014,13.03473876953125,580,44.9,26.1
2014,11.246580810546876,581,45.1,25.7
2014,5.939845962524414,582,45.5,25.583333333333332
2014,5.283856048583984,583,45.416666666666664,25.266666666666666
2014,7.120354690551758,584,46.68333333333333,22.616666666666667
2014,9.94846450805664,585,45.016666666666666,24.983333333333334
2014,5.69459487915039,586,47.43333333333333,25.55
2014,6.301308212280273,587,45.333333333333336,25.55
2014,9.617435607910156,588,53.88333333333333,14.5
2014,9.49349838256836,589,54.8,17.933333333333334
2014,11.97734634399414,590,53.78333333333333,15.05
2014,11.535000762939454,591,53.18333333333333,14.483333333333333
2014,13.827865600585938,592,52.9,15.35
2014,14.434324951171876,593,52.766666666666666,14.9
2014,13.704207458496093,594,53.11666666666667,16.033333333333335
2014,10.880161743164063,595,53.766666666666666,15.483333333333333
2014,10.126107482910156,596,54.666666666666664,17.983333333333334
2014,10.714505767822265,597,53.8,16.35
2014,12.031575927734375,598,54.15,17.116666666666667
2014,10.665597381591796,599,54.2,17.216666666666665
2014,11.222264709472656,600,54.083333333333336,19.15
2014,11.222264709472656,601,54.083333333333336,19.2
2014,10.92999771118164,602,54.05,20.4
2014,18.514771881103517,603,54.15,20.166666666666668
2014,12.50432144165039,604,53.766666666666666,19.033333333333335
2014,15.117158203125,605,53.45,19.416666666666668
2014,7.6922993469238286,606,54.28333333333333,23
2014,8.174480285644531,607,54.266666666666666,22.833333333333332
2014,11.74349365234375,608,54.333333333333336,22.35
2014,12.990157165527343,609,53.65,20.15
2014,13.436045684814452,610,53.666666666666664,21.433333333333337
2014,10.453009338378907,611,53.96666666666667,23.116666666666667
2014,10.632405090332032,612,53.9,23.316666666666663
2014,9.778971710205077,613,53.2,23.15
2014,10.727378997802735,614,53.2,23.35
2014,10.69527603149414,615,52.666666666666664,23.716666666666665
2014,9.930318756103516,616,52.85,23.666666666666668
2014,14.594519653320312,617,53.43333333333333,21.816666666666663
2014,11.182583465576172,618,53.28333333333333,22.05
2014,12.443546752929688,619,53.81666666666667,17.85
2014,12.982532348632812,620,53.93333333333333,18.083333333333332
2014,15.114854736328125,621,53.483333333333334,16.383333333333333
2014,15.54537109375,622,53.3,16.833333333333332
2014,13.419338684082032,623,53.6,16.95
2014,12.733300170898438,624,53.266666666666666,19.55
2014,13.099216003417968,625,52.983333333333334,19.233333333333334
2014,13.36566635131836,626,52.55,15.25
2014,12.993340148925782,627,52.516666666666666,14.95
2014,16.48457550048828,628,52.8,16.416666666666668
2014,19.2652099609375,629,52.95,18.516666666666666
2014,18.889681396484374,630,52.7,18.916666666666668
2014,12.30060546875,631,51.86666666666667,15.533333333333331
2014,12.393046112060548,632,52.35,15.8
2014,14.043621520996094,633,52.25,16.316666666666666
2014,21.416670837402343,634,52,17.316666666666666
2014,13.118981781005859,635,51.8,16.5
2014,21.203737487792967,636,52.63333333333333,17.65
2014,19.5420458984375,637,51.95,17.2
2014,12.935949401855469,638,51.516666666666666,18.25
2014,19.9963671875,639,51.6,16.916666666666668
2014,16.84968719482422,640,53.11666666666667,19.783333333333335
2014,13.978600006103516,641,52.71666666666667,20.6
2014,13.395277709960938,642,52.36666666666667,19.9
2014,11.60965789794922,643,52.016666666666666,21.1
2014,11.170208892822266,644,51.8,21.45
2014,11.629239807128906,645,53.3,21.616666666666667
2014,12.757271270751954,646,53.18333333333333,21.083333333333332
2014,10.197925262451172,647,52.766666666666666,22.666666666666668
2014,9.831332550048828,648,51.43333333333333,22.766666666666666
2014,11.357087860107422,649,51.96666666666667,22.983333333333334
2014,9.215294952392577,650,51.483333333333334,23.35
2014,9.178494567871093,651,51.233333333333334,23.5
2014,8.216624603271484,652,50.63333333333333,23.75
2014,12.415330810546875,653,51.36666666666667,15.683333333333334
2014,12.889731903076171,654,51.25,15.483333333333333
2014,10.992475128173828,655,51.35,16.5
2014,11.01784896850586,656,50.88333333333333,17.633333333333333
2014,9.743865356445312,657,50.63333333333333,16.933333333333334
2014,11.13688331604004,658,50.38333333333333,17.55
2014,12.340876922607421,659,50.43333333333333,17.95
2014,12.306546630859375,660,50.53333333333333,17.7
2014,12.303760681152344,661,50.8,18.166666666666668
2014,14.427030487060547,662,50.583333333333336,18.45
2014,12.755215301513672,663,50.233333333333334,18.316666666666663
2014,13.163007354736328,664,51.333333333333336,19.266666666666666
2014,11.041893768310548,665,51.1,20.416666666666668
2014,11.758595428466798,666,51.083333333333336,20.15
2014,9.587251358032226,667,50.7,20.766666666666666
2014,10.532902069091797,668,51.65,21.033333333333335
2014,10.10027587890625,669,51.2,21.383333333333333
2014,9.92158676147461,670,51.21666666666667,22.65
2014,10.074539337158203,671,51.166666666666664,21.866666666666667
2014,9.310241088867187,672,50.38333333333333,23.45
2014,9.163937072753907,673,50.43333333333333,23.4
2014,11.887048187255859,674,50.75,18.666666666666668
2014,11.944448547363281,675,51,19.05
2014,13.67669189453125,676,50.2,19.4
2014,12.138547897338867,677,50.35,19.35
2014,13.040774688720703,678,50.333333333333336,19.65
2014,11.45698715209961,679,50.7,19.216666666666665
2014,10.532748870849609,680,50.71666666666667,20.3
2014,11.009331359863282,681,50.55,21.25
2014,10.63242401123047,682,50.46666666666667,22.116666666666667
2014,9.677208557128907,683,50.5,22.933333333333337
2014,8.991296081542968,684,50.416666666666664,22.75
2014,10.938711166381836,685,50.05,20.566666666666663
2014,11.883304748535156,686,50.06666666666667,20.8
2014,9.501588973999024,687,50.266666666666666,22.116666666666667
2014,12.030872039794922,688,50.833333333333336,15.416666666666666
2014,11.581129684448243,689,50.85,15.516666666666667
2014,9.215569229125977,690,50.266666666666666,16.633333333333333
2014,12.610028533935546,691,50.31666666666667,16.416666666666668
2014,10.511826934814453,692,50.25,16.983333333333334
2014,9.72004867553711,693,50.233333333333334,16.783333333333335
2014,11.9024658203125,694,49.666666666666664,18.966666666666665
2014,10.059586486816407,695,49.75,21.816666666666663
2014,9.949605102539062,696,49.61666666666667,22.466666666666665
2014,8.55719223022461,697,49.2,22.716666666666665
2014,8.148773574829102,698,49.06666666666667,22.85
2014,10.697855453491211,699,49.65,19.033333333333335
2014,9.385019607543946,700,49.6,19.083333333333332
2014,10.360115432739258,701,49.516666666666666,18.9
2014,9.929171524047852,702,49.75,19.8
2014,9.637672576904297,703,49.68333333333333,20.166666666666668
2014,9.359856414794923,704,49.416666666666664,20.816666666666663
2014,8.470164184570313,705,49.333333333333336,20.833333333333332
2014,10.670572967529298,706,49.483333333333334,21.616666666666667
2014,9.949380798339844,707,49.4,21.95
2014,8.572064514160155,708,49.45,19.983333333333334
2014,14.434324951171876,709,52.733333333333334,14.866666666666667
2014,12.640268096923828,710,52.86666666666667,15.716666666666669
2014,10.24252182006836,711,54.53333333333333,17.9
2014,10.750881805419922,712,54.55,18.266666666666666
2014,12.687735137939454,713,53.983333333333334,19.433333333333337
2014,11.87587646484375,714,53.85,20.533333333333335
2014,9.615170516967773,715,53.583333333333336,23.266666666666666
2014,10.567607879638672,716,53.68333333333333,16.766666666666666
2014,12.160543975830079,717,51.81666666666667,15.783333333333331
2014,17.149927062988283,718,51.766666666666666,17.566666666666666
2014,17.705653076171874,719,52.483333333333334,19.6
2014,10.21995880126953,720,52.333333333333336,22.65
2014,11.091263732910157,721,52.03333333333333,22.716666666666665
2014,12.889731903076171,722,51.3,15.416666666666666
2014,12.306546630859375,723,50.6,17.683333333333334
2014,10.442604598999024,724,50.61666666666667,17.25
2014,13.926920928955077,725,50.083333333333336,18.65
2014,14.41272491455078,726,50.3,18.483333333333334
2014,11.052601776123048,727,51.03333333333333,19.6
2014,8.331449356079101,728,50.5,23.466666666666665
2014,15.63824951171875,729,50.483333333333334,20.116666666666667
2014,11.48046875,730,51.05,15.866666666666667
2014,9.81403549194336,731,50.78333333333333,16.2
2014,9.579024963378906,732,49.85,22.6
2014,9.949605102539062,733,49.65,22.483333333333334
2014,8.90361328125,734,49.45,22.283333333333335
2014,10.450874710083008,735,49.65,20.25
2014,12.022867279052734,736,48.2,18.383333333333333
2014,7.000995330810547,737,48.916666666666664,19.483333333333334
2014,8.611107482910157,738,48.63333333333333,19.533333333333335
2014,11.942909545898438,739,47.88333333333333,17.583333333333332
2014,9.562247314453124,740,48.61666666666667,19.033333333333335
2014,6.4977062225341795,741,49.166666666666664,20.233333333333334
2014,9.093640975952148,742,49.18333333333333,22.083333333333332
2014,10.55375030517578,743,49.5,18.566666666666663
2014,10.55375030517578,744,49.483333333333334,18.566666666666663
2014,10.143167877197266,745,48.38333333333333,19
2014,7.410565872192382,746,48.95,19.383333333333333
2014,9.562247314453124,747,48.61666666666667,19.016666666666666
2014,11.94439027786255,748,58.38333333333333,8.233333333333333
2014,4.750451431274414,749,59.03333333333333,7.566666666666666
2014,1.2204100179672241,750,65.88333333333334,13.8
2014,8.080586891174317,751,58.96666666666667,11.516666666666667
2014,3.300241689682007,752,60.6,6.516666666666667
2014,1.9711247444152833,753,64.65,12.266666666666667
2014,3.5083292579650878,754,61.266666666666666,11.85
2014,7.619487609863281,755,59.43333333333333,9.866666666666667
2014,2.760110321044922,756,61,9.216666666666669
2014,1.8886120986938477,757,63.28333333333333,11.183333333333334
2014,1.2485316276550293,758,62.766666666666666,8.883333333333333
2014,5.764382247924805,759,60.36666666666667,11.066666666666666
2014,13.073801422119141,760,59.333333333333336,5.783333333333333
2014,3.5083292579650878,761,61.28333333333333,11.85
2014,1.2485316276550293,762,62.78333333333333,8.883333333333333
2014,7.619487609863281,763,59.45,9.866666666666667
2014,7.860968246459961,764,56.35,24.95
2014,9.18296112060547,765,54.833333333333336,24.05
2014,9.589798736572266,766,54.85,23.533333333333335
2014,8.25107177734375,767,56.333333333333336,24.833333333333332
2014,9.168155364990234,768,54.416666666666664,24.95
2014,9.18296112060547,769,54.81666666666667,24.066666666666663
2014,7.536386947631836,770,54.78333333333333,24.066666666666663
2014,9.251471862792968,771,54.18333333333333,24.6
2014,7.051948852539063,772,55.8,25.516666666666666
2014,9.972224960327148,773,55.81666666666667,21.466666666666665
2014,9.18296112060547,774,54.833333333333336,24.033333333333335
2014,12.708424530029298,775,50.03333333333333,12.616666666666667
2014,9.89941650390625,776,50.166666666666664,17.066666666666666
2014,9.998851776123047,777,50.1,17.2
2014,12.186044311523437,778,49.45,15.766666666666667
2014,11.891725616455078,779,50.55,15.95
2014,13.31419708251953,780,49.666666666666664,15.216666666666669
2014,12.184273529052735,781,50.18333333333333,12.883333333333333
2014,12.0613525390625,782,49.25,15.7
2014,10.677037353515624,783,50.733333333333334,15.533333333333331
2014,13.079834289550782,784,49.06666666666667,17.266666666666666
2014,15.955714721679687,785,50.13333333333333,15.866666666666667
2014,13.605554809570313,786,49.9,14.533333333333331
2014,12.624929504394531,787,49.21666666666667,14.3
2014,11.971350402832032,788,49.016666666666666,14.966666666666669
2014,13.647286529541015,789,50.28333333333333,16.383333333333333
2014,11.65465576171875,790,49.733333333333334,12.85
2014,12.304237060546875,791,49,14.8
2014,12.35898208618164,792,50.63333333333333,14.6
2014,12.178150100708008,793,50.833333333333336,15.333333333333334
2014,13.98569595336914,794,49.7,17.133333333333333
2014,11.709483337402343,795,49.45,18.383333333333333
2014,5.251832046508789,796,59.55,26.033333333333335
2014,5.108732223510742,797,59.56666666666667,26.116666666666667
2014,6.222780990600586,798,58.05,26.1
2014,6.205942306518555,799,58.11666666666667,27.05
2014,5.492184600830078,800,58.35,26.966666666666665
2014,6.5332020568847655,801,57.7,26.516666666666666
2014,5.035793762207032,802,59.516666666666666,26.4
2014,5.621269454956055,803,58.266666666666666,26.45
2014,7.837745056152344,804,46.36666666666667,13.933333333333334
2014,16.903896408081053,805,45.983333333333334,13.733333333333333
2014,15.78125228881836,806,45.666666666666664,13.85
2014,17.801011352539064,807,46.28333333333333,14.4
2014,8.723513946533203,808,45.53333333333333,14.8
2014,13.105503234863281,809,46.46666666666667,15.383333333333333
2014,12.981175079345704,810,46.36666666666667,15.233333333333333
2014,12.843715057373046,811,46.1,15.066666666666666
2014,9.211250228881836,812,45.63333333333333,14.633333333333333
2014,13.697503204345702,813,45.86666666666667,15.416666666666666
2014,11.464757995605469,814,46.483333333333334,16.516666666666666
2014,13.105503234863281,815,46.45,15.383333333333333
2014,2.502216444015503,816,64.13333333333334,32.233333333333334
2014,2.0015241003036497,817,64.11666666666666,32.88333333333333
2014,2.4607383728027346,818,63.85,30.9
2014,2.5740621280670166,819,63.85,31.55
2014,2.3236681461334228,820,63.833333333333336,32.85
2014,3.264280891418457,821,63.56666666666667,30.883333333333333
2014,2.6829189586639406,822,63.56666666666667,31.533333333333335
2014,2.776887102127075,823,63.266666666666666,32.166666666666664
2014,2.741693420410156,824,63.25,32.8
2014,3.0246354293823243,825,62.96666666666667,32.78333333333333
2014,2.8367231941223143,826,62.93333333333333,34.03333333333333
2014,3.2702831840515136,827,62.916666666666664,34.666666666666664
2014,3.168145456314087,828,62.9,35.3
2014,2.8793519592285155,829,62.86666666666667,35.916666666666664
2014,3.7729729270935057,830,62.583333333333336,35.86666666666667
2014,3.3266376495361327,831,62.28333333333333,36.43333333333333
2014,3.2947010040283202,832,62.083333333333336,33.916666666666664
2014,3.545301284790039,833,61.983333333333334,36.36666666666667
2014,3.3345677757263186,834,61.96666666666667,36.96666666666667
2014,3.098515281677246,835,61.93333333333333,37.583333333333336
2014,4.5105679321289065,836,61.85,30.833333333333332
2014,3.3326031303405763,837,61.81666666666667,33.266666666666666
2014,3.3175316619873048,838,61.8,33.88333333333333
2014,3.439404258728027,839,61.666666666666664,36.916666666666664
2014,4.00315902709961,840,61.55,30.216666666666665
2014,4.411490783691407,841,61.55,32.03333333333333
2014,3.827133445739746,842,61.5,33.833333333333336
2014,3.5056754302978517,843,61.483333333333334,34.45
2014,3.4389654541015626,844,61.46666666666667,35.05
2014,4.238458786010742,845,61.266666666666666,29.633333333333333
2014,2.9266175746917726,846,61.266666666666666,30.216666666666665
2014,4.737183074951172,847,61.25,32.61666666666667
2014,4.458448524475098,848,61.233333333333334,33.21666666666667
2014,3.6261113929748534,849,61.2,34.4
2014,5.08385799407959,850,60.95,33.18333333333333
2014,4.584233703613282,851,61.25,29.316666666666663
2014,4.705805053710938,852,61.11666666666667,29.033333333333335
2014,4.466414756774903,853,61.11666666666667,29.333333333333332
2014,4.33834400177002,854,61.11666666666667,29.616666666666667
2014,3.5735746574401857,855,61.11666666666667,29.933333333333337
2014,1.9003549194335938,856,64.7,32.95
2014,4.978300170898438,857,60.96666666666667,29.033333333333335
2014,5.125450820922851,858,60.96666666666667,29.333333333333332
2014,4.8982577133178715,859,60.96666666666667,29.633333333333333
2014,5.2179026031494145,860,60.96666666666667,30.216666666666665
2014,5.302786331176758,861,60.833333333333336,28.45
2014,5.553476333618164,862,60.833333333333336,28.75
2014,4.98247989654541,863,60.833333333333336,29.066666666666663
2014,3.984891662597656,864,60.833333333333336,29.35
2014,5.151930541992187,865,60.81666666666667,29.633333333333333
2014,4.65043758392334,866,60.833333333333336,29.933333333333337
2014,4.191890487670898,867,60.81666666666667,30.233333333333334
2014,4.6728125,868,60.68333333333333,29.933333333333337
2014,4.419220695495605,869,60.68333333333333,28.466666666666665
2014,5.896865463256836,870,60.68333333333333,29.05
2014,5.889312362670898,871,60.7,29.333333333333332
2014,5.2642703628540035,872,60.68333333333333,29.65
2014,4.999250640869141,873,60.68333333333333,30.216666666666665
2014,5.090394706726074,874,60.68333333333333,30.483333333333334
2014,6.327597885131836,875,60.53333333333333,27.916666666666668
2014,5.121644668579101,876,60.55,28.216666666666665
2014,4.602484378814697,877,60.53333333333333,28.483333333333334
2014,7.103557739257813,878,60.53333333333333,28.766666666666666
2014,4.871849365234375,879,60.55,29.366666666666667
2014,4.725084381103516,880,60.55,29.633333333333333
2014,6.186749649047852,881,60.55,29.933333333333337
2014,5.018328132629395,882,60.55,30.516666666666666
2014,7.825938568115235,883,60.4,28.766666666666666
2014,6.70421257019043,884,60.4,29.066666666666663
2014,7.017147979736328,885,60.4,29.35
2014,7.318477325439453,886,60.4,29.633333333333333
2014,6.957738189697266,887,60.4,29.933333333333337
2014,6.313293228149414,888,60.416666666666664,30.2
2014,7.999876098632813,889,60.266666666666666,29.066666666666663
2014,7.006067810058593,890,60.266666666666666,29.35
2014,6.963600082397461,891,60.266666666666666,29.633333333333333
2014,7.998171081542969,892,60.266666666666666,29.933333333333337
2014,6.936750335693359,893,60.11666666666667,30.516666666666666
2014,7.249906234741211,894,60.11666666666667,30.8
2014,8.4659271240234375,895,59.983333333333334,30.8
2014,5.552166137695313,896,59.983333333333334,31.083333333333332
2014,1.5483161306381226,897,66.43333333333334,32.43333333333333
2014,1.4395790195465088,898,66.41666666666667,33.15
2014,1.4579592180252074,899,66.15,31.683333333333337
2014,1.6368385648727417,900,66.13333333333334,33.11666666666667
2014,1.6808859491348267,901,66.11666666666666,33.81666666666667
2014,1.7403955173492431,902,65.86666666666666,30.95
2014,1.740652928352356,903,65.86666666666666,31.666666666666668
2014,1.553890995979309,904,65.85,33.083333333333336
2014,1.5243937802314758,905,65.83333333333333,33.78333333333333
2014,1.4785588312149047,906,65.81666666666666,34.46666666666667
2014,1.798886890411377,907,65.58333333333333,30.966666666666665
2014,1.6966477346420288,908,65.58333333333333,31.65
2014,1.5916153955459595,909,65.56666666666666,32.35
2014,1.6828881406784058,910,65.56666666666666,33.03333333333333
2014,1.993069839477539,911,65.3,30.25
2014,2.027570323944092,912,65.3,30.95
2014,2.0825599813461304,913,65.3,31.633333333333333
2014,1.5814286875724792,914,65.26666666666667,33.016666666666666
2014,1.5725808095932008,915,65.25,33.68333333333333
2014,1.4833589267730714,916,65.25,34.38333333333333
2014,2.0230821990966796,917,65.01666666666667,30.25
2014,1.9149557399749755,918,65,32.28333333333333
2014,1.8449690389633178,919,64.98333333333333,32.983333333333334
2014,1.7614557838439941,920,64.96666666666667,33.65
2014,1.5818281507492065,921,64.95,34.333333333333336
2014,2.263926305770874,922,64.73333333333333,30.25
2014,2.0383716106414793,923,64.71666666666667,30.916666666666668
2014,2.0115871715545652,924,64.71666666666667,31.6
2014,2.1017416286468507,925,64.41666666666667,32.9
2014,2.0271106433868407,926,64.4,33.583333333333336
2014,2.188293390274048,927,64.38333333333334,34.25
2014,2.477613935470581,928,64.15,31.566666666666663
2014,2.2662240505218505,929,64.1,33.53333333333333
2014,2.192607307434082,930,64.08333333333333,34.2
2014,2.4633907413482667,931,63.85,32.2
2014,1.8298981475830078,932,63.8,34.15
2014,2.661215877532959,933,63.78333333333333,34.8
2014,2.2130416440963745,934,63.55,32.833333333333336
2014,2.437514314651489,935,63.53333333333333,33.46666666666667
2014,2.616786470413208,936,63.21666666666667,34.71666666666667
2014,2.776439027786255,937,63.18333333333333,35.35
2014,3.0478691482543945,938,63.166666666666664,35.983333333333334
2014,3.1017063331604002,939,62.983333333333334,32.13333333333333
2014,3.1423809242248537,940,62.7,32.11666666666667
2014,3.2544850730895996,941,62.68333333333333,32.733333333333334
2014,3.281745319366455,942,62.666666666666664,33.36666666666667
2014,3.156940574645996,943,62.63333333333333,34.61666666666667
2014,3.4832844161987304,944,62.416666666666664,31.466666666666665
2014,3.4011759185791015,945,62.4,32.71666666666667
2014,3.157584056854248,946,62.38333333333333,33.333333333333336
2014,2.93292631149292,947,62.36666666666667,33.96666666666667
2014,3.1783575057983398,948,62.333333333333336,35.18333333333333
2014,4.640076904296875,949,62.13333333333333,30.85
2014,3.9116498184204103,950,62.13333333333333,31.45
2014,3.6769877243041993,951,62.11666666666667,32.06666666666667
2014,3.6889299392700194,952,62.11666666666667,32.68333333333333
2014,3.1946397018432617,953,62.1,33.3
2014,3.038880672454834,954,62.05,35.15
2014,4.742410659790039,955,61.833333333333336,31.45
2014,3.948146324157715,956,61.81666666666667,32.666666666666664
2014,4.76525032043457,957,61.55,31.433333333333337
2014,3.602238082885742,958,61.53333333333333,32.63333333333333
2014,3.834676742553711,959,61.516666666666666,33.233333333333334
2014,4.84298885345459,960,60.93333333333333,33.78333333333333
2014,7.634718322753907,961,42.766666666666666,23.75
2014,10.563209838867188,962,43.05,27.766666666666666
2014,4.892311363220215,963,42.06666666666667,23.8
2014,10.07026840209961,964,42.9,27.75
2014,5.296040878295899,965,41.68333333333333,24.733333333333334
2014,10.784051208496093,966,56.21666666666667,21.116666666666667
2014,5.880630569458008,967,57.166666666666664,25.7
2014,7.739621124267578,968,56.733333333333334,23.683333333333337
2014,5.909735183715821,969,35,33.05
2014,5.437139358520508,970,34.95,32.81666666666667
2014,5.556941986083984,971,34.916666666666664,32.916666666666664
2014,6.837989959716797,972,35.016666666666666,32.61666666666667
2014,11.442171020507812,973,45.15,19.8
2014,6.150193862915039,974,43.28333333333333,20.8
2014,11.225415573120117,975,45.45,19.166666666666668
2014,11.38586898803711,976,44.11666666666667,21.966666666666665
2014,7.051670074462891,977,43.75,19.483333333333334
2015,12.15011505126953,1,47.86666666666667,6.2
2015,10.263731994628905,2,46.96666666666667,5.233333333333333
2015,12.034239959716796,3,46.166666666666664,5.233333333333333
2015,12.123338012695312,4,47.06666666666667,5.066666666666666
2015,11.187198791503906,5,48.166666666666664,-1.5333333333333332
2015,9.997115020751954,6,45.93333333333333,4.466666666666667
2015,10.05083755493164,7,47.083333333333336,4.083333333333333
2015,9.045324249267578,8,46.56666666666667,5.866666666666667
2015,8.074383697509766,9,46.516666666666666,6.05
2015,3.773348541259766,10,45.583333333333336,6.783333333333333
2015,10.78802734375,11,46.21666666666667,6.333333333333333
2015,5.5821543884277345,12,44.11666666666667,5.8
2015,11.397518005371094,13,47.8,4.85
2015,11.203502655029297,14,47.18333333333333,6.266666666666667
2015,9.158678741455079,15,44.916666666666664,5.283333333333333
2015,11.213377075195313,16,47.78333333333333,5.066666666666666
2015,14.666393280029297,17,48.63333333333333,6.066666666666666
2015,3.4417677307128907,18,44.7,6.55
2015,4.279563789367676,19,44.016666666666666,6.666666666666667
2015,11.187198791503906,20,48.2,-1.55
2015,11.167365570068359,21,47.93333333333333,3.716666666666667
2015,3.613577308654785,22,44.483333333333334,6.45
2015,9.73552978515625,23,46.96666666666667,6.45
2015,7.779150314331055,24,44.93333333333333,5.316666666666666
2015,8.63006736755371,25,45.416666666666664,6.116666666666666
2015,11.018872833251953,26,46.833333333333336,5.783333333333333
2015,15.942774505615235,27,48.333333333333336,4.3
2015,10.869789581298829,28,46.81666666666667,2.5666666666666664
2015,18.621529693603517,29,43.733333333333334,-0.8333333333333334
2015,11.808214263916016,30,47.45,-0.01666666666666666
2015,14.147161712646485,31,49.016666666666666,5.766666666666667
2015,16.081999206542967,32,50.166666666666664,3.75
2015,9.805689392089844,33,43.2,-0.03333333333333333
2015,10.436090850830078,34,46.666666666666664,2.716666666666667
2015,15.926415863037109,35,48.28333333333333,4.45
2015,11.15262680053711,36,47.25,2.1166666666666667
2015,14.06194549560547,37,49.35,1.5
2015,12.566876831054687,38,47.56666666666667,1.25
2015,17.712361450195313,39,49.03333333333333,4.95
2015,16.722949829101562,40,48.86666666666667,6.483333333333333
2015,13.662208557128906,41,49,7.45
2015,9.942046508789062,42,46.96666666666667,3.65
2015,13.271046447753907,43,49.38333333333333,2.3
2015,13.13101577758789,44,48.516666666666666,0.6666666666666666
2015,15.1055908203125,45,47.68333333333333,7.466666666666667
2015,12.206462707519531,46,47.78333333333333,0.36666666666666664
2015,7.893770294189453,47,44.03333333333333,1.7333333333333334
2015,11.361927642822266,48,46.61666666666667,0.48333333333333334
2015,13.143126678466796,49,48.016666666666666,6.033333333333333
2015,12.721071166992187,50,48.983333333333334,7.716666666666667
2015,13.966313934326172,51,48.45,2.716666666666667
2015,8.722996673583985,52,46.15,1.8166666666666669
2015,7.207270965576172,53,43.43333333333333,2.7
2015,12.166629486083984,54,48.56666666666667,-0.06666666666666667
2015,8.80247688293457,55,43.1,-0.1
2015,15.882442016601562,56,49.93333333333333,4.8
2015,6.7422474670410155,57,43.63333333333333,2.9166666666666665
2015,8.045130615234376,58,45.75,2.95
2015,8.963070068359375,59,47,4.116666666666666
2015,7.702219543457031,60,43.43333333333333,2.4333333333333336
2015,7.910140075683594,61,45.8,1.8
2015,11.585082550048828,62,48.233333333333334,7.1
2015,14.07312973022461,63,49.2,3.1166666666666667
2015,8.337494430541993,64,42.916666666666664,1.2666666666666666
2015,12.322695770263671,65,49.166666666666664,-0.85
2015,8.315502471923828,66,47.833333333333336,-3.533333333333333
2015,6.042390060424805,67,44.1,3.533333333333333
2015,15.245079345703125,68,48.5,6.7
2015,18.14853271484375,69,49.166666666666664,5
2015,16.203679504394533,70,49.31666666666667,2.8666666666666667
2015,10.776119384765625,71,43.15,-0.65
2015,8.497499160766601,72,43.016666666666666,0.43333333333333335
2015,17.659002380371092,73,49.7,1.3166666666666669
2015,9.424813995361328,74,43.4,2.1666666666666665
2015,12.792256469726562,75,48.1,6.233333333333333
2015,4.925605735778809,76,42.25,8.833333333333334
2015,11.6524951171875,77,47.65,2.0833333333333335
2015,5.2735305023193355,78,41.75,9.2
2015,8.128736572265625,79,43.93333333333333,-1.3333333333333333
2015,8.920225372314453,80,44.1,0.1
2015,9.49660888671875,81,44.03333333333333,-0
2015,12.206462707519531,82,47.733333333333334,0.3333333333333333
2015,6.472994003295899,83,44.85,3.05
2015,10.190554656982421,84,47.53333333333333,-1.8
2015,13.319905395507812,85,47.81666666666667,2.4333333333333336
2015,12.509632568359375,86,48.6,-0.5
2015,6.500778350830078,87,45.4,3.6833333333333336
2015,12.855650939941405,88,48.85,7.7
2015,13.662208557128906,89,48.916666666666664,7.433333333333334
2015,17.948169555664062,90,49.45,0.7333333333333333
2015,13.475686645507812,91,48.68333333333333,1.7166666666666668
2015,12.682091979980468,92,48.21666666666667,6.683333333333334
2015,5.914008483886719,93,44.7,3.95
2015,6.734035797119141,94,42.85,1.3333333333333333
2015,6.378273086547852,95,42.86666666666667,2.1
2015,13.309486846923829,96,48.6,7.133333333333334
2015,7.260340576171875,97,45.43333333333333,3.5166666666666666
2015,10.730815277099609,98,47.93333333333333,7.116666666666666
2015,7.082494812011719,99,45.96666666666667,-1.2666666666666666
2015,6.359678192138672,100,46.86666666666667,-2.1333333333333333
2015,8.925675964355468,101,46.18333333333333,2.9833333333333334
2015,25.197897644042968,102,51.06666666666667,3.033333333333333
2015,15.232241516113282,103,50.78333333333333,4.7
2015,15.72109375,104,50.7,4.3
2015,28.23560577392578,105,51.4,5.05
2015,24.267756958007812,106,51.3,4.516666666666667
2015,18.031703491210937,107,50.96666666666667,3.8
2015,16.355508117675782,108,50.983333333333334,4.2
2015,23.131457214355468,109,50.96666666666667,2.95
2015,20.44067626953125,110,51.166666666666664,5.316666666666666
2015,21.210021057128905,111,50.93333333333333,5.6
2015,16.182348327636717,112,50.733333333333334,4.4
2015,15.735432739257812,113,49.95,4.816666666666666
2015,16.964819030761717,114,50.21666666666667,5.616666666666667
2015,16.204324340820314,115,49.766666666666666,5.45
2015,16.41366485595703,116,50.233333333333334,5.983333333333333
2015,17.01808349609375,117,50.583333333333336,6.1
2015,15.838578186035157,118,50.05,5.216666666666667
2015,16.90970520019531,119,49.516666666666666,5.566666666666666
2015,16.213278198242186,120,50.1,4.266666666666667
2015,14.48014892578125,121,50.666666666666664,4.6
2015,25.304102478027342,122,52.96666666666667,6.733333333333333
2015,25.710689697265625,123,52.86666666666667,6.333333333333333
2015,25.710689697265625,124,52.86666666666667,6.35
2015,25.469959106445312,125,52.9,6.716666666666667
2015,27.251318054199217,126,52.53333333333333,6.55
2015,35.4783056640625,127,52.166666666666664,5.75
2015,24.668331604003907,128,51.31666666666667,5.516666666666667
2015,24.76364959716797,129,51.55,4.766666666666667
2015,30.073995056152345,130,52.233333333333334,5.633333333333333
2015,27.51894500732422,131,52.1,5.216666666666667
2015,28.13249084472656,132,52.15,5.883333333333333
2015,26.402467346191408,133,52.833333333333336,6.433333333333334
2015,30.60215515136719,134,52.266666666666666,5.733333333333333
2015,16.220879211425782,135,52.46666666666667,13.216666666666669
2015,14.302310943603516,136,52.416666666666664,13.6
2015,14.955369567871093,137,53.1,12.416666666666666
2015,15.95624969482422,138,53.13333333333333,12.95
2015,14.298688659667969,139,52.96666666666667,13.633333333333333
2015,13.92139892578125,140,52.18333333333333,12.55
2015,15.375744018554688,141,51.78333333333333,13.55
2015,15.410067749023437,142,52.13333333333333,14
2015,15.95624969482422,143,53.13333333333333,12.966666666666669
2015,15.375744018554688,144,51.78333333333333,13.566666666666666
2015,13.823975067138672,145,52.15,14.016666666666667
2015,15.95624969482422,146,53.15,12.983333333333333
2015,14.914830932617187,147,52.15,14.483333333333333
2015,14.440355529785156,148,48.8,8.383333333333333
2015,18.59352508544922,149,49.45,8.75
2015,14.081520080566406,150,47.983333333333334,8.983333333333333
2015,13.393598327636719,151,48.28333333333333,8.65
2015,15.40411376953125,152,47.78333333333333,7.7
2015,14.371319580078126,153,48.016666666666666,7.966666666666667
2015,21.137427978515625,154,48,9.95
2015,11.550565185546875,155,48.6,8.633333333333333
2015,17.170816955566405,156,48.86666666666667,9.566666666666666
2015,15.42970703125,157,49.516666666666666,9.166666666666666
2015,17.353325500488282,158,48.75,9.416666666666666
2015,11.550565185546875,159,48.583333333333336,8.633333333333333
2015,18.59352508544922,160,49.46666666666667,8.733333333333333
2015,14.371319580078126,161,48.016666666666666,7.95
2015,21.137427978515625,162,48,9.966666666666669
2015,11.550565185546875,163,48.583333333333336,8.616666666666667
2015,16.62966247558594,164,49.4,11.316666666666666
2015,20.79941192626953,165,48.11666666666667,11.916666666666666
2015,15.80712890625,166,49.75,12.383333333333333
2015,16.53628204345703,167,48.96666666666667,12.866666666666667
2015,16.306414489746093,168,48.916666666666664,11.75
2015,18.246255493164064,169,48.4,11.65
2015,23.142967834472657,170,48.21666666666667,12.733333333333333
2015,13.879488525390625,171,50.35,9.916666666666666
2015,10.917652549743652,172,47.56666666666667,12.933333333333334
2015,16.807417907714843,173,49.11666666666667,10.583333333333334
2015,16.06840576171875,174,49.85,10.516666666666667
2015,15.402562866210937,175,49.96666666666667,11.8
2015,17.03222183227539,176,48.7,12.733333333333333
2015,16.368578491210936,177,49.68333333333333,11.5
2015,16.62624267578125,178,49.96666666666667,9.45
2015,22.2922314453125,179,47.86666666666667,10.783333333333331
2015,17.638048248291014,180,47.56666666666667,10.383333333333333
2015,19.523966369628905,181,48.4,10.533333333333331
2015,17.746637268066408,182,49.266666666666666,12.383333333333333
2015,13.693446655273437,183,50.45,11.35
2015,15.0931640625,184,49.71666666666667,9.883333333333333
2015,19.551616821289063,185,47.71666666666667,11.666666666666666
2015,18.25015869140625,186,48.28333333333333,11.066666666666666
2015,20.854506530761718,187,52.833333333333336,10.25
2015,21.17530487060547,188,51.85,10.4
2015,19.630236511230468,189,51.85,10.416666666666666
2015,18.904221496582032,190,51.75,9.566666666666666
2015,16.37689392089844,191,51.516666666666666,10.033333333333331
2015,23.125282592773438,192,53.166666666666664,9.9
2015,34.850978240966796,193,52.9,7.85
2015,15.914625549316407,194,50.63333333333333,9.666666666666666
2015,15.060015258789063,195,50.416666666666664,9.666666666666666
2015,15.217040405273437,196,50.7,8.883333333333333
2015,17.281133728027342,197,50.15,9.383333333333333
2015,13.635279541015626,198,50.56666666666667,8.2
2015,14.739969177246094,199,50.916666666666664,9.333333333333334
2015,22.996444091796874,200,54.083333333333336,10.233333333333333
2015,17.459809875488283,201,49.63333333333333,8.833333333333334
2015,16.186670227050783,202,52.56666666666667,11.166666666666666
2015,15.220581359863282,203,52.05,12.3
2015,15.213177490234376,204,51.36666666666667,9.266666666666667
2015,16.569351806640626,205,51.28333333333333,9.75
2015,13.941896362304687,206,50.68333333333333,8.633333333333333
2015,13.2029736328125,207,51.15,9.016666666666667
2015,17.126676330566408,208,49.7,8.516666666666667
2015,17.126676330566408,209,49.7,8.533333333333333
2015,16.186670227050783,210,52.56666666666667,11.183333333333334
2015,15.499157257080078,211,53.666666666666664,12.05
2015,14.356141052246095,212,53.63333333333333,13.933333333333334
2015,28.711148986816408,213,51.75,6.05
2015,26.433954162597658,214,51.71666666666667,6.166666666666667
2015,26.768280334472657,215,51.68333333333333,7.25
2015,23.3489794921875,216,51.833333333333336,8.95
2015,15.09081573486328,217,51.21666666666667,8.666666666666666
2015,15.73359344482422,218,51.016666666666666,8.183333333333334
2015,17.302293701171877,219,50.666666666666664,6.25
2015,22.91863525390625,220,51.7,8.983333333333333
2015,14.273678894042968,221,49.68333333333333,7.016666666666667
2015,15.033849792480469,222,50.416666666666664,7.083333333333333
2015,12.17304443359375,223,49.63333333333333,7.916666666666667
2015,16.07808837890625,224,50.4,7.716666666666667
2015,13.719110412597656,225,49.266666666666666,7.8
2015,14.407289733886719,226,49.016666666666666,8.116666666666667
2015,13.835548400878906,227,49.3,7.866666666666667
2015,14.468381652832031,228,49.31666666666667,7.016666666666667
2015,14.752658081054687,229,50.416666666666664,12.533333333333331
2015,12.167006378173829,230,50.63333333333333,13.3
2015,13.472292022705078,231,50.81666666666667,14.083333333333334
2015,11.971927795410156,232,51.11666666666667,14.55
2015,15.280109252929687,233,51.233333333333334,13.816666666666666
2015,12.809246063232422,234,51.18333333333333,12.816666666666666
2015,14.582153930664063,235,50.6,10.783333333333331
2015,13.587282409667969,236,51.333333333333336,10.85
2015,14.21896240234375,237,50.78333333333333,11.65
2015,13.077704772949218,238,50.93333333333333,11.016666666666667
2015,13.420001525878906,239,50.483333333333334,11.483333333333333
2015,6.133539199829102,240,41.833333333333336,13.583333333333334
2015,7.047209930419922,241,40.6,15.866666666666667
2015,8.410613861083984,242,38.416666666666664,16.166666666666668
2015,5.778231353759765,243,40.416666666666664,15.433333333333334
2015,19.26368408203125,244,44.71666666666667,10.2
2015,10.244677734375,245,44.1,11.116666666666667
2015,19.67465118408203,246,45.81666666666667,13.166666666666666
2015,8.90917091369629,247,46.483333333333334,13.583333333333334
2015,7.263359527587891,248,42.81666666666667,11.9
2015,6.850503158569336,249,46.233333333333334,9.55
2015,10.0014990234375,250,43.28333333333333,13.066666666666666
2015,23.637805786132812,251,45.666666666666664,8.066666666666666
2015,8.935478286743164,252,41.81666666666667,15.983333333333333
2015,5.99089469909668,253,39.333333333333336,8.566666666666666
2015,12.287354583740234,254,43.5,10.433333333333334
2015,8.63632698059082,255,46.35,11.483333333333333
2015,8.787567443847657,256,43.45,12.45
2015,3.3454262161254884,257,45.71666666666667,6.916666666666667
2015,24.465298919677736,258,46.05,12.016666666666667
2015,5.4017156219482425,259,37.9,13.4
2015,7.586853103637695,260,41.9,14.35
2015,18.099288024902343,261,45.95,10.116666666666667
2015,25.181276550292967,262,45.88333333333333,9.383333333333333
2015,7.070752716064453,263,42.86666666666667,10.766666666666667
2015,8.636195831298828,264,43.733333333333334,11.566666666666666
2015,11.051480407714843,265,46.583333333333336,11.433333333333334
2015,10.560232391357422,266,44.4,9.45
2015,24.936482238769532,267,45.516666666666666,8.7
2015,4.153569431304931,268,46.31666666666667,8.266666666666667
2015,32.70748443603516,269,45.2,10.733333333333333
2015,7.3666886138916015,270,46.266666666666666,8.233333333333333
2015,8.304505386352538,271,41.233333333333334,13.066666666666666
2015,8.304505386352538,272,41.233333333333334,13.083333333333334
2015,11.754009094238281,273,51.1,-0.85
2015,11.150633239746094,274,51.583333333333336,-1.9166666666666663
2015,11.645977020263672,275,54.3,-3.0166666666666666
2015,13.603030090332032,276,52.43333333333333,0.8666666666666667
2015,11.227029571533203,277,53.4,-1.75
2015,3.2101383590698243,278,56.65,-4.283333333333333
2015,7.634683532714844,279,55.083333333333336,-2.466666666666667
2015,3.649656639099121,280,56.71666666666667,-4.05
2015,5.246630363464355,281,56.233333333333334,-5.266666666666667
2015,7.344865570068359,282,52.11666666666667,-3.7333333333333334
2015,11.856909637451173,283,51.2,1.1166666666666667
2015,10.35809814453125,284,51.11666666666667,-1.2333333333333334
2015,11.754009094238281,285,51.016666666666666,-0.8666666666666667
2015,10.35809814453125,286,51.13333333333333,-1.2333333333333334
2015,6.669427795410156,287,53.1,-6.233333333333333
2015,8.769877853393554,288,52.96666666666667,-6.183333333333334
2015,9.3089208984375,289,52.53333333333333,-7.033333333333333
2015,9.139178771972656,290,52.3,-8.616666666666667
2015,9.19395637512207,291,52.583333333333336,-7.666666666666667
2015,9.493669128417968,292,53.483333333333334,-6.85
2015,5.8212360000610355,293,54.18333333333333,-8.616666666666667
2015,8.17511848449707,294,53.96666666666667,-7.65
2015,7.4045481109619145,295,54.13333333333333,-7.666666666666667
2015,4.356922760009765,296,53.35,-9.333333333333334
2015,3.879391670227051,297,53.75,-9.55
2015,13.615781860351563,298,56.28333333333333,8.416666666666666
2015,17.47709976196289,299,55.13333333333333,8.883333333333333
2015,13.36651840209961,300,55.95,12.35
2015,14.928929748535156,301,56.083333333333336,9.35
2015,14.615520935058594,302,55.36666666666667,11.55
2015,14.465182037353516,303,55.7,12.35
2015,12.824917755126954,304,56.38333333333333,9.333333333333334
2015,16.123296813964842,305,55,9.916666666666666
2015,14.928929748535156,306,56.06666666666667,9.333333333333334
2015,5.78927619934082,307,38.833333333333336,21.3
2015,9.110988464355469,308,39.78333333333333,22.783333333333335
2015,9.110988464355469,309,39.78333333333333,22.766666666666666
2015,5.055364303588867,310,38.86666666666667,21.866666666666667
2015,5.055364303588867,311,38.86666666666667,21.85
2015,5.398863525390625,312,40.06666666666667,-8.25
2015,4.666938781738281,313,38.95,-8.066666666666666
2015,4.565434951782226,314,38.083333333333336,-7.033333333333333
2015,5.605918502807617,315,38.31666666666667,-8.533333333333333
2015,4.461749038696289,316,41.5,-7.633333333333333
2015,4.234533233642578,317,40.4,-7.533333333333333
2015,9.508046951293945,318,39.78333333333333,-8.95
2015,7.3314443206787105,319,38.65,-8.616666666666667
2015,4.417062797546387,320,43.1,-4.633333333333333
2015,6.843169784545898,321,42.25,-2.7
2015,16.993787231445314,322,41.81666666666667,2.6166666666666667
2015,5.443498916625977,323,40.86666666666667,-3.966666666666667
2015,8.284599151611328,324,40.53333333333333,0.01666666666666666
2015,5.715251007080078,325,39.93333333333333,-5.783333333333333
2015,6.319515495300293,326,37.15,-6.716666666666667
2015,4.8686722564697265,327,40.18333333333333,-6.433333333333334
2015,3.3278763580322264,328,38.46666666666667,-6.75
2015,7.132044868469238,329,43.15,-5.466666666666667
2015,4.212212448120117,330,40.43333333333333,-4.116666666666666
2015,7.420531616210938,331,42.983333333333334,-1.3333333333333333
2015,4.8078400421142575,332,37.81666666666667,-5.683333333333334
2015,7.007529411315918,333,36.36666666666667,-5.566666666666666
2015,15.249964599609376,334,41.766666666666666,2.4
2015,7.652557907104492,335,40.9,0.38333333333333336
2015,13.869808654785157,336,43.016666666666666,-8.95
2015,4.465234603881836,337,40.46666666666667,-1.6666666666666663
2015,4.904629669189453,338,40.31666666666667,-0.7166666666666667
2015,7.6804940795898435,339,42.516666666666666,-1.0666666666666669
2015,4.0013901901245115,340,42.63333333333333,-0.2833333333333333
2015,7.104193191528321,341,38.516666666666666,-0.6333333333333333
2015,5.327589340209961,342,38.166666666666664,-4.066666666666666
2015,5.180975494384765,343,37.9,-2.8833333333333333
2015,5.0113622665405275,344,37,-3
2015,5.746561584472656,345,41.6,-3.033333333333333
2015,5.014519805908203,346,41.86666666666667,-2.8666666666666667
2015,4.338681030273437,347,41.983333333333334,-2.5
2015,7.74236801147461,348,43,-3.6833333333333336
2015,4.772967529296875,349,42.86666666666667,-4.55
2015,5.3982373809814455,350,42.78333333333333,-5.366666666666666
2015,3.912052993774414,351,41.78333333333333,-6.366666666666666
2015,6.078870849609375,352,41.333333333333336,-4.533333333333333
2015,7.77609619140625,353,41.35,-4.283333333333333
2015,3.8444781494140625,354,40.333333333333336,-5.933333333333334
2015,4.209608535766602,355,40.21666666666667,-5.016666666666667
2015,6.388285179138183,356,39.81666666666667,2.9
2015,5.435944747924805,357,39.85,3.1666666666666665
2015,5.0730516052246095,358,40.016666666666666,-1.9666666666666668
2015,6.2698534393310545,359,39.833333333333336,-1.3
2015,4.100101470947266,360,39.38333333333333,-4.116666666666666
2015,12.015735778808594,361,43.13333333333333,-2.966666666666667
2015,4.6983418273925786,362,38.483333333333334,-2.466666666666667
2015,10.211039581298827,363,42.28333333333333,1.8833333333333333
2015,3.596739692687988,364,42.6,1.0666666666666669
2015,4.088820419311523,365,39.6,-4.683333333333334
2015,4.265771293640137,366,41.9,-8.116666666666667
2015,NA,367,28.133333333333333,-17.283333333333335
2015,NA,368,28.116666666666667,-17.216666666666665
2015,NA,369,28.183333333333337,-16.666666666666668
2015,8.994742584228515,370,42.733333333333334,-8.7
2015,4.680224533081055,371,38.06666666666667,-2.8166666666666664
2015,4.43945915222168,372,37.53333333333333,-7.183333333333334
2015,7.104193191528321,373,38.516666666666666,-0.6166666666666667
2015,5.014519805908203,374,41.86666666666667,-2.8833333333333333
2015,4.772967529296875,375,42.85,-4.55
2015,12.015735778808594,376,43.13333333333333,-2.9833333333333334
2015,4.6983418273925786,377,38.46666666666667,-2.45
2015,11.571106567382813,378,39.333333333333336,-0.31666666666666665
2015,4.393900375366211,379,37.45,-6.833333333333333
2015,16.766412048339845,380,49.983333333333334,6.033333333333333
2015,21.13826416015625,381,49.65,6.183333333333334
2015,13.08854034423828,382,56.166666666666664,13.15
2015,2.0111897945404054,383,63.03333333333333,17.416666666666668
2015,5.5991285705566405,384,59.65,17.883333333333333
2015,4.301590042114258,385,60.18333333333333,17.716666666666665
2015,5.026989135742188,386,58.96666666666667,15.85
2015,5.785043487548828,387,58.21666666666667,15.916666666666666
2015,7.655888442993164,388,57.45,13.7
2015,8.944281997680664,389,56.46666666666667,15.116666666666667
2015,5.855633239746094,390,57.7,15.916666666666666
2015,11.415508575439453,391,56.3,14.85
2015,11.010419616699219,392,56.3,15.7
2015,11.262332153320312,393,56.36666666666667,13.816666666666666
2015,11.58351547241211,394,56.166666666666664,14.233333333333333
2015,11.161499481201172,395,56.25,13.533333333333331
2015,13.358721160888672,396,56.333333333333336,13.016666666666667
2015,13.120774688720703,397,55.983333333333334,13.383333333333333
2015,14.767965087890625,398,57.2,12.45
2015,13.400799102783203,399,57.03333333333333,12.8
2015,9.011586227416991,400,58.36666666666667,12.083333333333334
2015,8.101868286132813,401,57.55,13.5
2015,9.666689910888671,402,57.21666666666667,13.1
2015,11.004860916137694,403,57.516666666666666,12.466666666666669
2015,6.837270355224609,404,58.13333333333333,14.066666666666666
2015,5.517804718017578,405,58.85,13.683333333333334
2015,4.422861137390137,406,59.95,12.633333333333333
2015,4.861632385253906,407,59.666666666666664,11.95
2015,4.261711139678955,408,59.583333333333336,12.483333333333333
2015,4.1512736892700195,409,59.8,15.483333333333333
2015,3.6826088714599607,410,60.016666666666666,15.4
2015,2.472711067199707,411,61.2,15.2
2015,3.0999743270874025,412,60.266666666666666,14.5
2015,2.442189865112305,413,62.18333333333333,16.716666666666665
2015,2.3360171127319336,414,63.166666666666664,17.916666666666668
2015,1.6321417999267578,415,63.333333333333336,14.75
2015,2.559931869506836,416,63.75,19.4
2015,1.3497291946411132,417,64.5,17.4
2015,1.383820424079895,418,65.45,19.4
2015,8.192231750488281,419,57.1,14.55
2015,7.076904525756836,420,57.13333333333333,14.766666666666667
2015,7.076904525756836,421,57.166666666666664,14.8
2015,10.566613159179688,422,58.05,12.016666666666667
2015,10.566613159179688,423,58.06666666666667,12.016666666666667
2015,4.3853240585327145,424,59.75,14.9
2015,4.189933547973633,425,59.9,15.233333333333333
2015,4.822680549621582,426,59.56666666666667,14.833333333333334
2015,1.7630676078796386,427,63.85,18.1
2015,1.9798988723754882,428,64.03333333333333,18.916666666666668
2015,2.058087921142578,429,64.25,19.8
2015,9.89982879638672,430,56.333333333333336,14.966666666666669
2015,13.13182846069336,431,57.5,12.233333333333333
2015,9.626587371826172,432,58.43333333333333,11.733333333333333
2015,5.373239364624023,433,59.56666666666667,18.05
2015,5.202697982788086,434,59.083333333333336,17.633333333333333
2015,4.216533241271972,435,60.016666666666666,17.183333333333334
2015,5.769523086547852,436,58.95,16.983333333333334
2015,6.17623420715332,437,58.766666666666666,16.8
2015,5.542015762329101,438,59.03333333333333,16.25
2015,4.866645812988281,439,59.3,16.116666666666667
2015,5.391811294555664,440,58.15,15.416666666666666
2015,6.031558532714843,441,58.75,15.133333333333333
2015,6.127164001464844,442,57.86666666666667,14.75
2015,5.823772430419922,443,57.833333333333336,14.983333333333333
2015,5.687071762084961,444,57.5,15.333333333333334
2015,8.88922637939453,445,57.13333333333333,13.583333333333334
2015,7.570406951904297,446,56.88333333333333,15.1
2015,7.782365875244141,447,57.05,14.366666666666667
2015,7.830295791625977,448,56.833333333333336,13.733333333333333
2015,10.661382598876953,449,56.733333333333334,13.366666666666667
2015,5.406083831787109,450,58.05,16.1
2015,7.560630187988282,451,56.63333333333333,15.616666666666667
2015,8.350771026611328,452,56.85,16.316666666666666
2015,11.675547943115234,453,56.28333333333333,14.65
2015,9.820806274414062,454,56.4,15.3
2015,11.628917388916015,455,56.21666666666667,15.433333333333334
2015,11.006074981689453,456,56.38333333333333,14.533333333333331
2015,12.750225067138672,457,56.016666666666666,13.916666666666666
2015,12.751683197021485,458,56.1,13.516666666666667
2015,12.357563629150391,459,56.13333333333333,13.5
2015,12.891349334716796,460,55.916666666666664,13.583333333333334
2015,12.960759887695312,461,55.61666666666667,13.433333333333334
2015,15.43733383178711,462,57.06666666666667,12.55
2015,14.711590118408203,463,56.93333333333333,12.716666666666669
2015,12.966600189208984,464,56.766666666666666,13.133333333333333
2015,8.98534278869629,465,57,13.366666666666667
2015,13.599550476074219,466,56.68333333333333,13.15
2015,8.826271896362305,467,58.53333333333333,11.716666666666669
2015,9.33496566772461,468,57.4,13.1
2015,6.699036941528321,469,57.766666666666666,13.733333333333333
2015,6.831790161132813,470,58.71666666666667,11.966666666666669
2015,6.088003387451172,471,58.61666666666667,13.766666666666667
2015,5.4588994216918945,472,59.65,13.8
2015,4.887458953857422,473,59.81666666666667,12.9
2015,3.4778364372253416,474,60.583333333333336,13.116666666666667
2015,4.822680549621582,475,59.583333333333336,14.866666666666667
2015,4.792278480529785,476,59.583333333333336,14.7
2015,4.024189872741699,477,59.86666666666667,14.416666666666666
2015,4.896769561767578,478,59.083333333333336,15.5
2015,5.462809600830078,479,59.333333333333336,15.933333333333334
2015,2.7129928207397462,480,61.11666666666667,14.35
2015,3.262272987365723,481,60.4,15.266666666666667
2015,2.598752098083496,482,61.733333333333334,16.516666666666666
2015,3.0941320991516115,483,60.65,16.283333333333335
2015,2.0702773571014403,484,62.266666666666666,16.333333333333332
2015,1.7457823753356934,485,62,14.416666666666666
2015,1.7199778938293457,486,63.06666666666667,16.733333333333334
2015,1.581949405670166,487,64.48333333333333,18.466666666666665
2015,1.1762090826034546,488,65.4,18.1
2015,2.2349993801116943,489,65.95,23.25
2015,1.5907901477813722,490,66.06666666666666,20.616666666666667
2015,2.598752098083496,491,61.71666666666667,16.516666666666666
2015,15.717933044433593,492,48.11666666666667,16.033333333333335
2015,14.027351837158204,493,47.766666666666666,16.316666666666666
2015,10.951983184814454,494,47.483333333333334,16.55
2015,11.801270904541015,495,46.733333333333334,14.5
2015,8.699400787353516,496,46.766666666666666,13.166666666666666
2015,10.657898254394532,497,46.71666666666667,13.666666666666666
2015,13.687716064453125,498,48.35,15.2
2015,13.836107177734375,499,47.63333333333333,16.133333333333333
2015,11.897538757324218,500,48.916666666666664,15.183333333333334
2015,24.03323272705078,501,48.1,12.866666666666667
2015,22.412245483398436,502,47.86666666666667,13.35
2015,9.891856079101563,503,47.483333333333334,13.416666666666666
2015,14.240083465576172,504,46.61666666666667,15.5
2015,11.577749786376954,505,47.36666666666667,15.166666666666666
2015,9.89716049194336,506,47.63333333333333,15.65
2015,6.978431854248047,507,47.05,14.1
2015,10.441605377197266,508,47.31666666666667,12.4
2015,8.399810791015625,509,47.38333333333333,10.9
2015,17.13899353027344,510,47.36666666666667,11.883333333333333
2015,22.01110092163086,511,47.483333333333334,9.983333333333333
2015,0.8641136980056763,512,69.56666666666666,28.883333333333333
2015,1.1851553416252136,513,67.95,24.05
2015,1.1869204902648927,514,67.98333333333333,24.216666666666665
2015,1.310816569328308,515,67.33333333333333,26.633333333333333
2015,1.7836690378189086,516,66.31666666666666,26.633333333333333
2015,1.818388090133667,517,66.35,26.716666666666665
2015,1.5154949474334716,518,66.28333333333333,29.45
2015,1.5061204528808594,519,66.33333333333333,29.35
2015,2.66301176071167,520,64.96666666666667,26.383333333333333
2015,3.7013150787353517,521,61.86666666666667,24.216666666666665
2015,3.7013150787353517,522,61.85,24.3
2015,5.704756164550782,523,60.65,23.8
2015,5.344028930664063,524,60.61666666666667,23.833333333333332
2015,5.399883651733399,525,60.63333333333333,26.083333333333332
2015,5.407068786621093,526,60.65,26.116666666666667
2015,3.0612800216674803,527,61.766666666666666,29.333333333333332
2015,3.0612800216674803,528,61.8,29.316666666666663
2015,5.949409027099609,529,60.7,27.85
2015,4.147206115722656,530,61.233333333333334,25.05
2015,3.0799473762512206,531,63.15,30.7
2015,1.5154949474334716,532,66.3,29.483333333333334
2015,0.7760725939273834,533,69.73333333333333,26.95
2015,2.953673095703125,534,63.55,22.483333333333334
2015,3.91646297454834,535,62.45,21.516666666666666
2015,3.64554817199707,536,62.05,24.366666666666667
2015,3.7355458831787107,537,61.916666666666664,23.316666666666663
2015,7.294152069091797,538,60.03333333333333,23.033333333333335
2015,2.641059741973877,539,64.11666666666666,26.683333333333337
2015,1.7836690378189086,540,66.33333333333333,26.633333333333333
2015,3.902914733886719,541,61.81666666666667,29.3
2015,1.7290957832336427,542,66.43333333333334,26.683333333333337
2015,4.71904598236084,543,60.983333333333334,27.266666666666666
2015,4.71904598236084,544,60.916666666666664,27.233333333333334
2015,16.771008605957032,545,46.583333333333336,6.65
2015,20.962849426269532,546,47.38333333333333,8.216666666666667
2015,22.08519500732422,547,47.03333333333333,8.7
2015,12.337564392089844,548,47.21666666666667,7.4
2015,10.570573272705078,549,46.21666666666667,6.283333333333333
2015,16.923782653808594,550,47.68333333333333,8.533333333333333
2015,22.604089508056642,551,46.016666666666666,8.833333333333334
2015,2.438564453125,552,46.483333333333334,9.883333333333333
2015,6.545423583984375,553,46.43333333333333,8.8
2015,16.45068634033203,554,46.11666666666667,9
2015,7.818636322021485,555,46.266666666666666,7.433333333333334
2015,3.010486183166504,556,46.65,10.216666666666669
2015,5.525537948608399,557,46.28333333333333,7.85
2015,19.772991943359376,558,47.266666666666666,7.883333333333333
2015,12.873994903564453,559,46.7,7.75
2015,26.130590515136717,560,47.15,9.066666666666666
2015,4.186304588317871,561,46.8,9.85
2015,21.24485656738281,562,47.46666666666667,8.35
2015,10.638681182861328,563,47.88333333333333,19.95
2015,10.638681182861328,564,47.85,19.966666666666665
2015,11.5878662109375,565,47.55,19.383333333333333
2015,9.86886459350586,566,46.96666666666667,19.55
2015,9.86886459350586,567,46.95,19.533333333333335
2015,9.671390075683593,568,47.333333333333336,21.083333333333332
2015,13.860531921386718,569,47.65,16.483333333333334
2015,13.072923889160156,570,47.65,16.516666666666666
2015,13.860531921386718,571,47.666666666666664,16.5
2015,13.593133239746093,572,46.81666666666667,16.4
2015,10.822283477783204,573,46.583333333333336,16.733333333333334
2015,9.86886459350586,574,46.95,19.55
2015,9.86886459350586,575,46.93333333333333,19.533333333333335
2015,10.305284271240234,576,43.9,26
2015,8.955124969482421,577,44.06666666666667,26.05
2015,8.946564483642579,578,44.3,25.6
2015,10.749217224121093,579,44.5,26.166666666666668
2015,9.427332763671876,580,44.9,26.1
2015,9.669121551513673,581,45.1,25.7
2015,6.144253540039062,582,45.5,25.583333333333332
2015,5.635692443847656,583,45.416666666666664,25.266666666666666
2015,7.3283616638183595,584,46.68333333333333,22.616666666666667
2015,9.09933609008789,585,45.016666666666666,24.983333333333334
2015,5.782954177856445,586,47.43333333333333,25.55
2015,6.838908386230469,587,45.333333333333336,25.55
2015,10.486348571777343,588,53.88333333333333,14.5
2015,9.179716339111328,589,54.8,17.933333333333334
2015,12.144130859375,590,53.78333333333333,15.05
2015,11.600948028564453,591,53.18333333333333,14.483333333333333
2015,12.650462646484375,592,52.9,15.35
2015,14.125939636230468,593,52.766666666666666,14.9
2015,12.173428955078125,594,53.11666666666667,16.033333333333335
2015,11.383666381835937,595,53.766666666666666,15.483333333333333
2015,9.91514923095703,596,54.666666666666664,17.983333333333334
2015,10.0351220703125,597,53.8,16.35
2015,12.240529174804687,598,54.15,17.116666666666667
2015,10.662676849365234,599,54.2,17.216666666666665
2015,10.610269317626953,600,54.083333333333336,19.15
2015,10.610269317626953,601,54.083333333333336,19.2
2015,11.05762939453125,602,54.05,20.4
2015,18.55259292602539,603,54.15,20.166666666666668
2015,11.587117004394532,604,53.766666666666666,19.033333333333335
2015,14.118252716064454,605,53.45,19.416666666666668
2015,8.10561393737793,606,54.28333333333333,23
2015,8.57533073425293,607,54.266666666666666,22.833333333333332
2015,12.273632049560547,608,54.333333333333336,22.35
2015,12.672447814941407,609,53.65,20.15
2015,13.166758880615234,610,53.666666666666664,21.433333333333337
2015,10.754195709228515,611,53.96666666666667,23.116666666666667
2015,10.646901245117187,612,53.9,23.316666666666663
2015,9.754830322265626,613,53.2,23.15
2015,11.00483154296875,614,53.2,23.35
2015,10.9125927734375,615,52.666666666666664,23.716666666666665
2015,10.511436767578125,616,52.85,23.666666666666668
2015,13.958445434570313,617,53.43333333333333,21.816666666666663
2015,10.83367691040039,618,53.28333333333333,22.05
2015,11.883250732421875,619,53.81666666666667,17.85
2015,11.96614273071289,620,53.93333333333333,18.083333333333332
2015,13.993866424560547,621,53.483333333333334,16.383333333333333
2015,12.958045959472656,622,53.3,16.833333333333332
2015,12.465101318359375,623,53.6,16.95
2015,12.346681365966797,624,53.266666666666666,19.55
2015,12.953133239746094,625,52.983333333333334,19.233333333333334
2015,12.521439971923828,626,52.55,15.25
2015,12.601095428466797,627,52.516666666666666,14.95
2015,14.180393371582031,628,52.8,16.416666666666668
2015,17.61867736816406,629,52.95,18.516666666666666
2015,18.751468505859375,630,52.7,18.916666666666668
2015,11.291546783447266,631,51.86666666666667,15.533333333333331
2015,11.14298828125,632,52.35,15.8
2015,11.947843322753906,633,52.25,16.316666666666666
2015,17.667257080078127,634,52,17.316666666666666
2015,11.107236938476563,635,51.8,16.5
2015,18.30183624267578,636,52.63333333333333,17.65
2015,15.848496398925782,637,51.95,17.2
2015,12.192394409179688,638,51.516666666666666,18.25
2015,17.139104919433592,639,51.6,16.916666666666668
2015,16.5013916015625,640,53.11666666666667,19.783333333333335
2015,12.7373388671875,641,52.71666666666667,20.6
2015,12.157847290039063,642,52.36666666666667,19.9
2015,11.51788558959961,643,52.016666666666666,21.1
2015,10.844142150878906,644,51.8,21.45
2015,11.394866790771484,645,53.3,21.616666666666667
2015,12.748927307128906,646,53.18333333333333,21.083333333333332
2015,9.9308251953125,647,52.766666666666666,22.666666666666668
2015,9.729758758544921,648,51.43333333333333,22.766666666666666
2015,10.750015716552735,649,51.96666666666667,22.983333333333334
2015,9.119763336181641,650,51.483333333333334,23.35
2015,9.17912628173828,651,51.233333333333334,23.5
2015,7.798067398071289,652,50.63333333333333,23.75
2015,12.020392150878907,653,51.36666666666667,15.683333333333334
2015,12.455024108886718,654,51.25,15.483333333333333
2015,9.6724951171875,655,51.35,16.5
2015,9.787140350341797,656,50.88333333333333,17.633333333333333
2015,9.146198425292969,657,50.63333333333333,16.933333333333334
2015,9.7887353515625,658,50.38333333333333,17.55
2015,10.480831298828125,659,50.43333333333333,17.95
2015,10.574366302490235,660,50.53333333333333,17.7
2015,10.642933044433594,661,50.8,18.166666666666668
2015,12.024147033691406,662,50.583333333333336,18.45
2015,10.832825622558595,663,50.233333333333334,18.316666666666663
2015,12.37684310913086,664,51.333333333333336,19.266666666666666
2015,10.891707611083984,665,51.1,20.416666666666668
2015,11.131930389404296,666,51.083333333333336,20.15
2015,9.821727905273438,667,50.7,20.766666666666666
2015,9.868259735107422,668,51.65,21.033333333333335
2015,9.705354461669922,669,51.2,21.383333333333333
2015,9.743835067749023,670,51.21666666666667,22.65
2015,9.787202758789062,671,51.166666666666664,21.866666666666667
2015,9.117525329589844,672,50.38333333333333,23.45
2015,9.084933776855468,673,50.43333333333333,23.4
2015,10.238110809326171,674,50.75,18.666666666666668
2015,10.921183624267577,675,51,19.05
2015,13.577042694091796,676,50.2,19.4
2015,12.547478485107423,677,50.35,19.35
2015,12.45495147705078,678,50.333333333333336,19.65
2015,11.07936737060547,679,50.7,19.216666666666665
2015,10.64223419189453,680,50.71666666666667,20.3
2015,11.250795288085937,681,50.55,21.25
2015,10.811154327392579,682,50.46666666666667,22.116666666666667
2015,9.774842834472656,683,50.5,22.933333333333337
2015,8.914171905517579,684,50.416666666666664,22.75
2015,11.641464080810547,685,50.05,20.566666666666663
2015,12.381393280029297,686,50.06666666666667,20.8
2015,9.993241195678712,687,50.266666666666666,22.116666666666667
2015,12.939441528320312,688,50.833333333333336,15.416666666666666
2015,11.885015869140625,689,50.85,15.516666666666667
2015,9.794365386962891,690,50.266666666666666,16.633333333333333
2015,13.572140350341797,691,50.31666666666667,16.416666666666668
2015,11.318441619873047,692,50.25,16.983333333333334
2015,10.262799072265626,693,50.233333333333334,16.783333333333335
2015,12.93009017944336,694,49.666666666666664,18.966666666666665
2015,10.764954299926758,695,49.75,21.816666666666663
2015,10.809781646728515,696,49.61666666666667,22.466666666666665
2015,9.366795806884765,697,49.2,22.716666666666665
2015,8.884783782958984,698,49.06666666666667,22.85
2015,11.714755401611328,699,49.65,19.033333333333335
2015,10.149951019287109,700,49.6,19.083333333333332
2015,11.083543701171875,701,49.516666666666666,18.9
2015,10.955408096313477,702,49.75,19.8
2015,10.4317041015625,703,49.68333333333333,20.166666666666668
2015,9.990080642700196,704,49.416666666666664,20.816666666666663
2015,8.788352966308594,705,49.333333333333336,20.833333333333332
2015,11.135189666748047,706,49.483333333333334,21.616666666666667
2015,10.463091430664063,707,49.4,21.95
2015,9.48905776977539,708,49.45,19.983333333333334
2015,14.125939636230468,709,52.733333333333334,14.866666666666667
2015,11.34386016845703,710,52.86666666666667,15.716666666666669
2015,10.373480987548827,711,54.53333333333333,17.9
2015,10.520711364746093,712,54.55,18.266666666666666
2015,12.409722137451173,713,53.983333333333334,19.433333333333337
2015,11.308577575683593,714,53.85,20.533333333333335
2015,9.907104797363282,715,53.583333333333336,23.266666666666666
2015,9.877143859863281,716,53.68333333333333,16.766666666666666
2015,11.160409851074219,717,51.81666666666667,15.783333333333331
2015,14.857638244628907,718,51.766666666666666,17.566666666666666
2015,17.9669580078125,719,52.483333333333334,19.6
2015,10.081789855957032,720,52.333333333333336,22.65
2015,11.374234924316406,721,52.03333333333333,22.716666666666665
2015,12.455024108886718,722,51.3,15.416666666666666
2015,10.574366302490235,723,50.6,17.683333333333334
2015,9.492429122924804,724,50.61666666666667,17.25
2015,13.358378143310548,725,50.083333333333336,18.65
2015,12.33745132446289,726,50.3,18.483333333333334
2015,10.412606658935546,727,51.03333333333333,19.6
2015,8.291511154174804,728,50.5,23.466666666666665
2015,14.031370239257813,729,50.483333333333334,20.116666666666667
2015,10.46727554321289,730,51.05,15.866666666666667
2015,9.791191787719727,731,50.78333333333333,16.2
2015,10.171072082519531,732,49.85,22.6
2015,10.809781646728515,733,49.65,22.483333333333334
2015,9.46051025390625,734,49.45,22.283333333333335
2015,11.526633758544921,735,49.65,20.25
2015,10.766008605957031,736,48.2,18.383333333333333
2015,7.655329437255859,737,48.916666666666664,19.483333333333334
2015,9.442586669921875,738,48.63333333333333,19.533333333333335
2015,11.836357574462891,739,47.88333333333333,17.583333333333332
2015,9.700714569091797,740,48.61666666666667,19.033333333333335
2015,6.856135330200195,741,49.166666666666664,20.233333333333334
2015,9.418707962036132,742,49.18333333333333,22.083333333333332
2015,11.590616073608398,743,49.5,18.566666666666663
2015,11.590616073608398,744,49.483333333333334,18.566666666666663
2015,10.375691070556641,745,48.38333333333333,19
2015,7.998855667114258,746,48.95,19.383333333333333
2015,9.700714569091797,747,48.61666666666667,19.016666666666666
2015,8.27749080657959,748,58.38333333333333,8.233333333333333
2015,3.5017590141296386,749,59.03333333333333,7.566666666666666
2015,1.1924764943122863,750,65.88333333333334,13.8
2015,7.08399341583252,751,58.96666666666667,11.516666666666667
2015,3.2765321922302246,752,60.6,6.516666666666667
2015,2.017408809661865,753,64.65,12.266666666666667
2015,2.8241476821899414,754,61.266666666666666,11.85
2015,5.339036064147949,755,59.43333333333333,9.866666666666667
2015,2.180753402709961,756,61,9.216666666666669
2015,2.2481554412841795,757,63.28333333333333,11.183333333333334
2015,1.298720383644104,758,62.766666666666666,8.883333333333333
2015,4.532740745544434,759,60.36666666666667,11.066666666666666
2015,12.291012954711913,760,59.333333333333336,5.783333333333333
2015,2.8241476821899414,761,61.28333333333333,11.85
2015,1.298720383644104,762,62.78333333333333,8.883333333333333
2015,5.339036064147949,763,59.45,9.866666666666667
2015,7.837007904052735,764,56.35,24.95
2015,9.18406723022461,765,54.833333333333336,24.05
2015,9.97541015625,766,54.85,23.533333333333335
2015,8.077904510498048,767,56.333333333333336,24.833333333333332
2015,9.19324691772461,768,54.416666666666664,24.95
2015,9.18406723022461,769,54.81666666666667,24.066666666666663
2015,7.373125534057618,770,54.78333333333333,24.066666666666663
2015,9.752273712158203,771,54.18333333333333,24.6
2015,7.2035302734375,772,55.8,25.516666666666666
2015,9.461036911010742,773,55.81666666666667,21.466666666666665
2015,9.18406723022461,774,54.833333333333336,24.033333333333335
2015,12.886905517578125,775,50.03333333333333,12.616666666666667
2015,10.296416015625,776,50.166666666666664,17.066666666666666
2015,10.084296112060548,777,50.1,17.2
2015,11.758437042236329,778,49.45,15.766666666666667
2015,11.753816528320312,779,50.55,15.95
2015,12.472545623779297,780,49.666666666666664,15.216666666666669
2015,11.719636840820312,781,50.18333333333333,12.883333333333333
2015,11.925710906982422,782,49.25,15.7
2015,11.091099548339844,783,50.733333333333334,15.533333333333331
2015,12.56463134765625,784,49.06666666666667,17.266666666666666
2015,15.732593994140625,785,50.13333333333333,15.866666666666667
2015,12.917778015136719,786,49.9,14.533333333333331
2015,12.867853088378906,787,49.21666666666667,14.3
2015,11.59956558227539,788,49.016666666666666,14.966666666666669
2015,14.01241180419922,789,50.28333333333333,16.383333333333333
2015,11.707635192871093,790,49.733333333333334,12.85
2015,11.98079833984375,791,49,14.8
2015,12.014780578613282,792,50.63333333333333,14.6
2015,13.246568603515625,793,50.833333333333336,15.333333333333334
2015,12.891204986572266,794,49.7,17.133333333333333
2015,12.281920166015626,795,49.45,18.383333333333333
2015,5.291217231750489,796,59.55,26.033333333333335
2015,5.168858032226563,797,59.56666666666667,26.116666666666667
2015,6.551968536376953,798,58.05,26.1
2015,6.263907089233398,799,58.11666666666667,27.05
2015,5.762552947998047,800,58.35,26.966666666666665
2015,6.748070449829101,801,57.7,26.516666666666666
2015,5.07535758972168,802,59.516666666666666,26.4
2015,5.84025016784668,803,58.266666666666666,26.45
2015,8.767112350463867,804,46.36666666666667,13.933333333333334
2015,14.009059753417969,805,45.983333333333334,13.733333333333333
2015,13.178905487060547,806,45.666666666666664,13.85
2015,17.321205444335938,807,46.28333333333333,14.4
2015,8.46508171081543,808,45.53333333333333,14.8
2015,12.958114166259765,809,46.46666666666667,15.383333333333333
2015,12.481883850097656,810,46.36666666666667,15.233333333333333
2015,13.017149505615235,811,46.1,15.066666666666666
2015,9.088335571289063,812,45.63333333333333,14.633333333333333
2015,12.960595397949218,813,45.86666666666667,15.416666666666666
2015,10.510823822021484,814,46.483333333333334,16.516666666666666
2015,12.958114166259765,815,46.45,15.383333333333333
2015,2.385799751281738,816,64.13333333333334,32.233333333333334
2015,1.8776052236557006,817,64.11666666666666,32.88333333333333
2015,2.466422004699707,818,63.85,30.9
2015,2.4723759078979493,819,63.85,31.55
2015,2.3573036193847656,820,63.833333333333336,32.85
2015,3.1636156845092773,821,63.56666666666667,30.883333333333333
2015,2.558962650299072,822,63.56666666666667,31.533333333333335
2015,2.532429533004761,823,63.266666666666666,32.166666666666664
2015,2.498147277832031,824,63.25,32.8
2015,2.6938766479492187,825,62.96666666666667,32.78333333333333
2015,2.6104844760894776,826,62.93333333333333,34.03333333333333
2015,3.1762502861022948,827,62.916666666666664,34.666666666666664
2015,2.9525554180145264,828,62.9,35.3
2015,2.6520267391204833,829,62.86666666666667,35.916666666666664
2015,3.7042204666137697,830,62.583333333333336,35.86666666666667
2015,3.4254079246520996,831,62.28333333333333,36.43333333333333
2015,3.308273506164551,832,62.083333333333336,33.916666666666664
2015,3.7000876235961915,833,61.983333333333334,36.36666666666667
2015,3.417849941253662,834,61.96666666666667,36.96666666666667
2015,3.165823554992676,835,61.93333333333333,37.583333333333336
2015,4.440317497253418,836,61.85,30.833333333333332
2015,3.4217755126953127,837,61.81666666666667,33.266666666666666
2015,3.5322587966918944,838,61.8,33.88333333333333
2015,3.778427619934082,839,61.666666666666664,36.916666666666664
2015,4.0650009918212895,840,61.55,30.216666666666665
2015,4.582095699310303,841,61.55,32.03333333333333
2015,3.9563217163085938,842,61.5,33.833333333333336
2015,3.6446026611328124,843,61.483333333333334,34.45
2015,3.7455108642578123,844,61.46666666666667,35.05
2015,4.29476333618164,845,61.266666666666666,29.633333333333333
2015,2.9811971092224123,846,61.266666666666666,30.216666666666665
2015,5.348646984100342,847,61.25,32.61666666666667
2015,4.804847335815429,848,61.233333333333334,33.21666666666667
2015,3.816290969848633,849,61.2,34.4
2015,5.7607342147827145,850,60.95,33.18333333333333
2015,4.649406433105469,851,61.25,29.316666666666663
2015,4.986915130615234,852,61.11666666666667,29.033333333333335
2015,4.633174057006836,853,61.11666666666667,29.333333333333332
2015,4.382771949768067,854,61.11666666666667,29.616666666666667
2015,3.629896755218506,855,61.11666666666667,29.933333333333337
2015,1.8763575744628906,856,64.7,32.95
2015,5.261199264526367,857,60.96666666666667,29.033333333333335
2015,5.396186599731445,858,60.96666666666667,29.333333333333332
2015,5.12746078491211,859,60.96666666666667,29.633333333333333
2015,5.066829986572266,860,60.96666666666667,30.216666666666665
2015,5.270158767700195,861,60.833333333333336,28.45
2015,5.621199264526367,862,60.833333333333336,28.75
2015,5.28609603881836,863,60.833333333333336,29.066666666666663
2015,4.305463886260986,864,60.833333333333336,29.35
2015,5.423718490600586,865,60.81666666666667,29.633333333333333
2015,4.850850791931152,866,60.833333333333336,29.933333333333337
2015,4.1500852584838865,867,60.81666666666667,30.233333333333334
2015,4.9674898147583,868,60.68333333333333,29.933333333333337
2015,4.629906024932861,869,60.68333333333333,28.466666666666665
2015,6.285850219726562,870,60.68333333333333,29.05
2015,6.189809875488281,871,60.7,29.333333333333332
2015,5.527844581604004,872,60.68333333333333,29.65
2015,5.135380630493164,873,60.68333333333333,30.216666666666665
2015,4.979024429321289,874,60.68333333333333,30.483333333333334
2015,6.183141555786133,875,60.53333333333333,27.916666666666668
2015,5.312635040283203,876,60.55,28.216666666666665
2015,4.863111705780029,877,60.53333333333333,28.483333333333334
2015,7.452447433471679,878,60.53333333333333,28.766666666666666
2015,5.2686236953735355,879,60.55,29.366666666666667
2015,5.069506645202637,880,60.55,29.633333333333333
2015,6.359809951782227,881,60.55,29.933333333333337
2015,4.784218254089356,882,60.55,30.516666666666666
2015,7.413101501464844,883,60.4,28.766666666666666
2015,6.909312286376953,884,60.4,29.066666666666663
2015,7.18374755859375,885,60.4,29.35
2015,7.4739227294921875,886,60.4,29.633333333333333
2015,7.120940170288086,887,60.4,29.933333333333337
2015,6.303773574829101,888,60.416666666666664,30.2
2015,7.895455474853516,889,60.266666666666666,29.066666666666663
2015,7.045785064697266,890,60.266666666666666,29.35
2015,7.149310913085937,891,60.266666666666666,29.633333333333333
2015,8.346642150878907,892,60.266666666666666,29.933333333333337
2015,7.25007438659668,893,60.11666666666667,30.516666666666666
2015,7.560105285644531,894,60.11666666666667,30.8
2015,9.087028503417969,895,59.983333333333334,30.8
2015,5.907089576721192,896,59.983333333333334,31.083333333333332
2015,1.4409546756744385,897,66.43333333333334,32.43333333333333
2015,1.3186845302581787,898,66.41666666666667,33.15
2015,1.4562513303756714,899,66.15,31.683333333333337
2015,1.4673148918151855,900,66.13333333333334,33.11666666666667
2015,1.476338005065918,901,66.11666666666666,33.81666666666667
2015,1.67717444896698,902,65.86666666666666,30.95
2015,1.6978306770324707,903,65.86666666666666,31.666666666666668
2015,1.4171282243728638,904,65.85,33.083333333333336
2015,1.2463056683540343,905,65.83333333333333,33.78333333333333
2015,1.2315936446189881,906,65.81666666666666,34.46666666666667
2015,1.742140908241272,907,65.58333333333333,30.966666666666665
2015,1.6572308254241943,908,65.58333333333333,31.65
2015,1.6248868083953858,909,65.56666666666666,32.35
2015,1.5421787691116333,910,65.56666666666666,33.03333333333333
2015,1.9916736221313476,911,65.3,30.25
2015,2.0191620111465456,912,65.3,30.95
2015,2.0004917049407958,913,65.3,31.633333333333333
2015,1.441664023399353,914,65.26666666666667,33.016666666666666
2015,1.4710109949111938,915,65.25,33.68333333333333
2015,1.4416590213775635,916,65.25,34.38333333333333
2015,2.0784234619140625,917,65.01666666666667,30.25
2015,1.8781064319610596,918,65,32.28333333333333
2015,1.7223687601089477,919,64.98333333333333,32.983333333333334
2015,1.7625497150421143,920,64.96666666666667,33.65
2015,1.5872814083099365,921,64.95,34.333333333333336
2015,2.1713075542449953,922,64.73333333333333,30.25
2015,1.9939641857147217,923,64.71666666666667,30.916666666666668
2015,1.9575115633010864,924,64.71666666666667,31.6
2015,2.0824658107757568,925,64.41666666666667,32.9
2015,2.0015891456604002,926,64.4,33.583333333333336
2015,2.0870511054992678,927,64.38333333333334,34.25
2015,2.286905279159546,928,64.15,31.566666666666663
2015,2.2628544902801515,929,64.1,33.53333333333333
2015,2.116952896118164,930,64.08333333333333,34.2
2015,2.4721964263916014,931,63.85,32.2
2015,1.812386050224304,932,63.8,34.15
2015,2.4826407718658445,933,63.78333333333333,34.8
2015,2.103566961288452,934,63.55,32.833333333333336
2015,2.250244960784912,935,63.53333333333333,33.46666666666667
2015,2.4539074325561523,936,63.21666666666667,34.71666666666667
2015,2.604560680389404,937,63.18333333333333,35.35
2015,2.6611929321289063,938,63.166666666666664,35.983333333333334
2015,2.618351640701294,939,62.983333333333334,32.13333333333333
2015,2.9209053039550783,940,62.7,32.11666666666667
2015,3.0310167121887206,941,62.68333333333333,32.733333333333334
2015,2.999522647857666,942,62.666666666666664,33.36666666666667
2015,3.231543788909912,943,62.63333333333333,34.61666666666667
2015,3.202571792602539,944,62.416666666666664,31.466666666666665
2015,3.0823160934448244,945,62.4,32.71666666666667
2015,2.9397039794921875,946,62.38333333333333,33.333333333333336
2015,2.836314220428467,947,62.36666666666667,33.96666666666667
2015,3.2365061950683596,948,62.333333333333336,35.18333333333333
2015,4.566105995178223,949,62.13333333333333,30.85
2015,3.692168617248535,950,62.13333333333333,31.45
2015,3.557957706451416,951,62.11666666666667,32.06666666666667
2015,3.5534317016601564,952,62.11666666666667,32.68333333333333
2015,3.2692965698242187,953,62.1,33.3
2015,3.4450537109375,954,62.05,35.15
2015,4.636332015991211,955,61.833333333333336,31.45
2015,3.7317411041259767,956,61.81666666666667,32.666666666666664
2015,4.951432266235352,957,61.55,31.433333333333337
2015,3.7679663276672364,958,61.53333333333333,32.63333333333333
2015,3.8755635833740234,959,61.516666666666666,33.233333333333334
2015,5.119543380737305,960,60.93333333333333,33.78333333333333
2015,7.1107337951660154,961,42.766666666666666,23.75
2015,9.565570373535156,962,43.05,27.766666666666666
2015,4.995270004272461,963,42.06666666666667,23.8
2015,9.367577362060548,964,42.9,27.75
2015,5.031826095581055,965,41.68333333333333,24.733333333333334
2015,10.428455200195312,966,56.21666666666667,21.116666666666667
2015,5.9973283386230465,967,57.166666666666664,25.7
2015,7.263935089111328,968,56.733333333333334,23.683333333333337
2015,5.220677719116211,969,35,33.05
2015,4.658020248413086,970,34.95,32.81666666666667
2015,4.824693298339843,971,34.916666666666664,32.916666666666664
2015,5.877900314331055,972,35.016666666666666,32.61666666666667
2015,10.186307373046875,973,45.15,19.8
2015,5.972516098022461,974,43.28333333333333,20.8
2015,10.13171401977539,975,45.45,19.166666666666668
2015,9.849833068847657,976,44.11666666666667,21.966666666666665
2015,6.79921890258789,977,43.75,19.483333333333334
2016,12.43408706665039,1,47.86666666666667,6.2
2016,12.012713623046874,2,46.96666666666667,5.233333333333333
2016,14.091854705810547,3,46.166666666666664,5.233333333333333
2016,12.923034057617187,4,47.06666666666667,5.066666666666666
2016,11.630998840332031,5,48.166666666666664,-1.5333333333333332
2016,10.736750030517578,6,45.93333333333333,4.466666666666667
2016,10.559669494628906,7,47.083333333333336,4.083333333333333
2016,9.63848373413086,8,46.56666666666667,5.866666666666667
2016,8.647213592529297,9,46.516666666666666,6.05
2016,3.8910369873046875,10,45.583333333333336,6.783333333333333
2016,11.879559173583985,11,46.21666666666667,6.333333333333333
2016,4.95802001953125,12,44.11666666666667,5.8
2016,11.680738220214844,13,47.8,4.85
2016,12.162917785644531,14,47.18333333333333,6.266666666666667
2016,8.878816223144531,15,44.916666666666664,5.283333333333333
2016,11.594798583984375,16,47.78333333333333,5.066666666666666
2016,16.196617126464844,17,48.63333333333333,6.066666666666666
2016,3.5046851730346678,18,44.7,6.55
2016,3.7747929763793944,19,44.016666666666666,6.666666666666667
2016,11.630998840332031,20,48.2,-1.55
2016,12.128948211669922,21,47.93333333333333,3.716666666666667
2016,3.5745904541015623,22,44.483333333333334,6.45
2016,10.145066986083984,23,46.96666666666667,6.45
2016,7.571962127685547,24,44.93333333333333,5.316666666666666
2016,9.341750335693359,25,45.416666666666664,6.116666666666666
2016,12.486512603759765,26,46.833333333333336,5.783333333333333
2016,18.23620574951172,27,48.333333333333336,4.3
2016,10.755700225830077,28,46.81666666666667,2.5666666666666664
2016,19.296935424804687,29,43.733333333333334,-0.8333333333333334
2016,10.955952453613282,30,47.45,-0.01666666666666666
2016,15.181892395019531,31,49.016666666666666,5.766666666666667
2016,17.737677154541014,32,50.166666666666664,3.75
2016,10.321112365722657,33,43.2,-0.03333333333333333
2016,10.931235809326171,34,46.666666666666664,2.716666666666667
2016,17.438773651123046,35,48.28333333333333,4.45
2016,10.916589965820313,36,47.25,2.1166666666666667
2016,16.122051391601563,37,49.35,1.5
2016,12.605869903564454,38,47.56666666666667,1.25
2016,19.171371307373047,39,49.03333333333333,4.95
2016,18.313029174804687,40,48.86666666666667,6.483333333333333
2016,14.870746154785156,41,49,7.45
2016,10.957277069091797,42,46.96666666666667,3.65
2016,14.89451904296875,43,49.38333333333333,2.3
2016,12.319146575927734,44,48.516666666666666,0.6666666666666666
2016,16.521422424316405,45,47.68333333333333,7.466666666666667
2016,11.928859252929687,46,47.78333333333333,0.36666666666666664
2016,8.233865203857421,47,44.03333333333333,1.7333333333333334
2016,11.47095703125,48,46.61666666666667,0.48333333333333334
2016,13.426877746582031,49,48.016666666666666,6.033333333333333
2016,14.0286474609375,50,48.983333333333334,7.716666666666667
2016,14.928040161132813,51,48.45,2.716666666666667
2016,8.747642364501953,52,46.15,1.8166666666666669
2016,6.474063949584961,53,43.43333333333333,2.7
2016,12.037462921142579,54,48.56666666666667,-0.06666666666666667
2016,9.02989974975586,55,43.1,-0.1
2016,16.038671875,56,49.93333333333333,4.8
2016,6.992603454589844,57,43.63333333333333,2.9166666666666665
2016,7.729060668945312,58,45.75,2.95
2016,9.393220977783203,59,47,4.116666666666666
2016,7.22399673461914,60,43.43333333333333,2.4333333333333336
2016,7.964632873535156,61,45.8,1.8
2016,11.845726928710938,62,48.233333333333334,7.1
2016,15.637692565917968,63,49.2,3.1166666666666667
2016,8.818124923706055,64,42.916666666666664,1.2666666666666666
2016,11.917308044433593,65,49.166666666666664,-0.85
2016,9.103474884033202,66,47.833333333333336,-3.533333333333333
2016,6.7581947326660154,67,44.1,3.533333333333333
2016,17.024862670898436,68,48.5,6.7
2016,19.61451934814453,69,49.166666666666664,5
2016,17.293361206054687,70,49.31666666666667,2.8666666666666667
2016,10.726337280273437,71,43.15,-0.65
2016,9.25938148498535,72,43.016666666666666,0.43333333333333335
2016,19.735260620117188,73,49.7,1.3166666666666669
2016,9.231031036376953,74,43.4,2.1666666666666665
2016,13.062954711914063,75,48.1,6.233333333333333
2016,4.770368499755859,76,42.25,8.833333333333334
2016,11.513970947265625,77,47.65,2.0833333333333335
2016,5.479188117980957,78,41.75,9.2
2016,7.606817016601562,79,43.93333333333333,-1.3333333333333333
2016,9.452683258056641,80,44.1,0.1
2016,10.212071533203124,81,44.03333333333333,-0
2016,11.928859252929687,82,47.733333333333334,0.3333333333333333
2016,6.874961776733398,83,44.85,3.05
2016,10.41593734741211,84,47.53333333333333,-1.8
2016,13.940363159179688,85,47.81666666666667,2.4333333333333336
2016,12.227935485839843,86,48.6,-0.5
2016,7.040614013671875,87,45.4,3.6833333333333336
2016,14.895618591308594,88,48.85,7.7
2016,14.870746154785156,89,48.916666666666664,7.433333333333334
2016,19.499315795898436,90,49.45,0.7333333333333333
2016,14.820992431640626,91,48.68333333333333,1.7166666666666668
2016,13.449720001220703,92,48.21666666666667,6.683333333333334
2016,6.060879211425782,93,44.7,3.95
2016,7.014872055053711,94,42.85,1.3333333333333333
2016,6.5220162963867185,95,42.86666666666667,2.1
2016,13.56631103515625,96,48.6,7.133333333333334
2016,7.487005920410156,97,45.43333333333333,3.5166666666666666
2016,11.27885757446289,98,47.93333333333333,7.116666666666666
2016,6.2739122772216795,99,45.96666666666667,-1.2666666666666666
2016,5.845972747802734,100,46.86666666666667,-2.1333333333333333
2016,9.179099578857421,101,46.18333333333333,2.9833333333333334
2016,26.945359802246095,102,51.06666666666667,3.033333333333333
2016,17.629700317382813,103,50.78333333333333,4.7
2016,18.015444946289062,104,50.7,4.3
2016,32.33085144042969,105,51.4,5.05
2016,27.01332794189453,106,51.3,4.516666666666667
2016,20.554212341308595,107,50.96666666666667,3.8
2016,19.390550842285155,108,50.983333333333334,4.2
2016,25.855928039550783,109,50.96666666666667,2.95
2016,23.41999206542969,110,51.166666666666664,5.316666666666666
2016,23.250432434082033,111,50.93333333333333,5.6
2016,18.769886474609375,112,50.733333333333334,4.4
2016,15.990276184082031,113,49.95,4.816666666666666
2016,16.458809814453126,114,50.21666666666667,5.616666666666667
2016,16.494723205566405,115,49.766666666666666,5.45
2016,16.335027160644533,116,50.233333333333334,5.983333333333333
2016,16.890218811035155,117,50.583333333333336,6.1
2016,15.96878143310547,118,50.05,5.216666666666667
2016,18.12233215332031,119,49.516666666666666,5.566666666666666
2016,17.503097229003906,120,50.1,4.266666666666667
2016,16.685675659179687,121,50.666666666666664,4.6
2016,23.872605285644532,122,52.96666666666667,6.733333333333333
2016,25.134292907714844,123,52.86666666666667,6.333333333333333
2016,25.134292907714844,124,52.86666666666667,6.35
2016,24.33832977294922,125,52.9,6.716666666666667
2016,28.398514404296876,126,52.53333333333333,6.55
2016,37.84764099121094,127,52.166666666666664,5.75
2016,28.352606506347655,128,51.31666666666667,5.516666666666667
2016,27.07332275390625,129,51.55,4.766666666666667
2016,32.19635559082031,130,52.233333333333334,5.633333333333333
2016,29.771246948242187,131,52.1,5.216666666666667
2016,29.79646423339844,132,52.15,5.883333333333333
2016,25.5681640625,133,52.833333333333336,6.433333333333334
2016,32.52093536376953,134,52.266666666666666,5.733333333333333
2016,15.47588653564453,135,52.46666666666667,13.216666666666669
2016,13.4703369140625,136,52.416666666666664,13.6
2016,14.361319580078124,137,53.1,12.416666666666666
2016,14.529722900390626,138,53.13333333333333,12.95
2016,13.488992919921875,139,52.96666666666667,13.633333333333333
2016,13.445757141113281,140,52.18333333333333,12.55
2016,14.4957177734375,141,51.78333333333333,13.55
2016,14.064014282226562,142,52.13333333333333,14
2016,14.529722900390626,143,53.13333333333333,12.966666666666669
2016,14.4957177734375,144,51.78333333333333,13.566666666666666
2016,12.633605346679687,145,52.15,14.016666666666667
2016,14.529722900390626,146,53.15,12.983333333333333
2016,14.470818176269532,147,52.15,14.483333333333333
2016,14.933906707763672,148,48.8,8.383333333333333
2016,17.86201599121094,149,49.45,8.75
2016,14.484768371582032,150,47.983333333333334,8.983333333333333
2016,13.685626220703124,151,48.28333333333333,8.65
2016,15.949906005859376,152,47.78333333333333,7.7
2016,14.66097930908203,153,48.016666666666666,7.966666666666667
2016,22.578179016113282,154,48,9.95
2016,11.831199493408203,155,48.6,8.633333333333333
2016,17.936075439453123,156,48.86666666666667,9.566666666666666
2016,15.441940307617188,157,49.516666666666666,9.166666666666666
2016,17.932941284179687,158,48.75,9.416666666666666
2016,11.831199493408203,159,48.583333333333336,8.633333333333333
2016,17.86201599121094,160,49.46666666666667,8.733333333333333
2016,14.66097930908203,161,48.016666666666666,7.95
2016,22.578179016113282,162,48,9.966666666666669
2016,11.831199493408203,163,48.583333333333336,8.616666666666667
2016,17.69825164794922,164,49.4,11.316666666666666
2016,22.485947265625,165,48.11666666666667,11.916666666666666
2016,16.064608154296874,166,49.75,12.383333333333333
2016,17.37681381225586,167,48.96666666666667,12.866666666666667
2016,16.247208251953126,168,48.916666666666664,11.75
2016,18.68156005859375,169,48.4,11.65
2016,25.000599365234375,170,48.21666666666667,12.733333333333333
2016,12.850527801513671,171,50.35,9.916666666666666
2016,9.920950927734374,172,47.56666666666667,12.933333333333334
2016,17.986870422363282,173,49.11666666666667,10.583333333333334
2016,16.294580383300783,174,49.85,10.516666666666667
2016,15.700435180664062,175,49.96666666666667,11.8
2016,19.055465545654297,176,48.7,12.733333333333333
2016,17.278399658203124,177,49.68333333333333,11.5
2016,15.874282531738281,178,49.96666666666667,9.45
2016,24.24654067993164,179,47.86666666666667,10.783333333333331
2016,17.161547546386718,180,47.56666666666667,10.383333333333333
2016,20.057856140136717,181,48.4,10.533333333333331
2016,18.157972106933595,182,49.266666666666666,12.383333333333333
2016,13.496585083007812,183,50.45,11.35
2016,14.754481811523437,184,49.71666666666667,9.883333333333333
2016,20.450711212158204,185,47.71666666666667,11.666666666666666
2016,20.33185302734375,186,48.28333333333333,11.066666666666666
2016,21.108566284179688,187,52.833333333333336,10.25
2016,19.310045776367186,188,51.85,10.4
2016,17.928418579101564,189,51.85,10.416666666666666
2016,18.118464965820312,190,51.75,9.566666666666666
2016,16.57692932128906,191,51.516666666666666,10.033333333333331
2016,23.617598571777343,192,53.166666666666664,9.9
2016,37.07885070800781,193,52.9,7.85
2016,15.9170751953125,194,50.63333333333333,9.666666666666666
2016,14.946445007324218,195,50.416666666666664,9.666666666666666
2016,15.504696960449218,196,50.7,8.883333333333333
2016,16.238936767578124,197,50.15,9.383333333333333
2016,13.523885803222656,198,50.56666666666667,8.2
2016,14.729606018066406,199,50.916666666666664,9.333333333333334
2016,22.212083740234377,200,54.083333333333336,10.233333333333333
2016,16.560216369628908,201,49.63333333333333,8.833333333333334
2016,15.836548767089845,202,52.56666666666667,11.166666666666666
2016,14.793311767578125,203,52.05,12.3
2016,15.034319763183595,204,51.36666666666667,9.266666666666667
2016,16.118427124023437,205,51.28333333333333,9.75
2016,14.264549255371094,206,50.68333333333333,8.633333333333333
2016,13.72808349609375,207,51.15,9.016666666666667
2016,17.496795349121093,208,49.7,8.516666666666667
2016,17.496795349121093,209,49.7,8.533333333333333
2016,15.836548767089845,210,52.56666666666667,11.183333333333334
2016,14.298984832763672,211,53.666666666666664,12.05
2016,13.34355438232422,212,53.63333333333333,13.933333333333334
2016,30.71578125,213,51.75,6.05
2016,28.20104034423828,214,51.71666666666667,6.166666666666667
2016,28.2396826171875,215,51.68333333333333,7.25
2016,22.65523468017578,216,51.833333333333336,8.95
2016,14.211697387695313,217,51.21666666666667,8.666666666666666
2016,15.744810485839844,218,51.016666666666666,8.183333333333334
2016,17.5521044921875,219,50.666666666666664,6.25
2016,22.47962432861328,220,51.7,8.983333333333333
2016,14.039542541503906,221,49.68333333333333,7.016666666666667
2016,15.216884155273437,222,50.416666666666664,7.083333333333333
2016,13.200778198242187,223,49.63333333333333,7.916666666666667
2016,15.725667724609375,224,50.4,7.716666666666667
2016,14.451028747558594,225,49.266666666666666,7.8
2016,15.045802001953126,226,49.016666666666666,8.116666666666667
2016,14.474270935058593,227,49.3,7.866666666666667
2016,14.932354736328126,228,49.31666666666667,7.016666666666667
2016,14.707305145263671,229,50.416666666666664,12.533333333333331
2016,12.242759552001953,230,50.63333333333333,13.3
2016,14.452511596679688,231,50.81666666666667,14.083333333333334
2016,12.141448822021484,232,51.11666666666667,14.55
2016,15.958038940429688,233,51.233333333333334,13.816666666666666
2016,13.595593872070312,234,51.18333333333333,12.816666666666666
2016,14.040733947753907,235,50.6,10.783333333333331
2016,14.262167358398438,236,51.333333333333336,10.85
2016,14.613535766601563,237,50.78333333333333,11.65
2016,13.77611343383789,238,50.93333333333333,11.016666666666667
2016,13.116315002441405,239,50.483333333333334,11.483333333333333
2016,6.673590316772461,240,41.833333333333336,13.583333333333334
2016,6.8871183013916015,241,40.6,15.866666666666667
2016,7.583458786010742,242,38.416666666666664,16.166666666666668
2016,5.5014118957519536,243,40.416666666666664,15.433333333333334
2016,20.832003631591796,244,44.71666666666667,10.2
2016,10.321072845458984,245,44.1,11.116666666666667
2016,22.495753479003906,246,45.81666666666667,13.166666666666666
2016,7.172375717163086,247,46.483333333333334,13.583333333333334
2016,8.102909088134766,248,42.81666666666667,11.9
2016,6.906818656921387,249,46.233333333333334,9.55
2016,10.38382423400879,250,43.28333333333333,13.066666666666666
2016,25.208281860351562,251,45.666666666666664,8.066666666666666
2016,9.162425003051759,252,41.81666666666667,15.983333333333333
2016,6.333511886596679,253,39.333333333333336,8.566666666666666
2016,12.526375427246094,254,43.5,10.433333333333334
2016,8.18534683227539,255,46.35,11.483333333333333
2016,9.464727020263672,256,43.45,12.45
2016,3.0976710891723633,257,45.71666666666667,6.916666666666667
2016,26.255393829345703,258,46.05,12.016666666666667
2016,4.666897277832032,259,37.9,13.4
2016,7.779429702758789,260,41.9,14.35
2016,17.374613647460937,261,45.95,10.116666666666667
2016,23.67559783935547,262,45.88333333333333,9.383333333333333
2016,7.337647094726562,263,42.86666666666667,10.766666666666667
2016,8.745484161376954,264,43.733333333333334,11.566666666666666
2016,11.063932189941406,265,46.583333333333336,11.433333333333334
2016,11.227804489135742,266,44.4,9.45
2016,28.27621063232422,267,45.516666666666666,8.7
2016,3.9713617515563966,268,46.31666666666667,8.266666666666667
2016,36.38698272705078,269,45.2,10.733333333333333
2016,7.367705307006836,270,46.266666666666666,8.233333333333333
2016,8.028928070068359,271,41.233333333333334,13.066666666666666
2016,8.028928070068359,272,41.233333333333334,13.083333333333334
2016,12.256238403320312,273,51.1,-0.85
2016,12.60754150390625,274,51.583333333333336,-1.9166666666666663
2016,11.719649353027343,275,54.3,-3.0166666666666666
2016,13.806331787109375,276,52.43333333333333,0.8666666666666667
2016,13.104615631103515,277,53.4,-1.75
2016,3.160405044555664,278,56.65,-4.283333333333333
2016,7.187185363769531,279,55.083333333333336,-2.466666666666667
2016,3.4741435623168946,280,56.71666666666667,-4.05
2016,4.946387557983399,281,56.233333333333334,-5.266666666666667
2016,8.254190826416016,282,52.11666666666667,-3.7333333333333334
2016,11.998023071289062,283,51.2,1.1166666666666667
2016,11.326111297607422,284,51.11666666666667,-1.2333333333333334
2016,12.256238403320312,285,51.016666666666666,-0.8666666666666667
2016,11.326111297607422,286,51.13333333333333,-1.2333333333333334
2016,7.916233367919922,287,53.1,-6.233333333333333
2016,9.92319450378418,288,52.96666666666667,-6.183333333333334
2016,11.43611557006836,289,52.53333333333333,-7.033333333333333
2016,10.491434173583984,290,52.3,-8.616666666666667
2016,11.029732818603515,291,52.583333333333336,-7.666666666666667
2016,11.303404159545899,292,53.483333333333334,-6.85
2016,7.020039863586426,293,54.18333333333333,-8.616666666666667
2016,9.900175094604492,294,53.96666666666667,-7.65
2016,8.842424545288086,295,54.13333333333333,-7.666666666666667
2016,5.233064956665039,296,53.35,-9.333333333333334
2016,4.782951927185058,297,53.75,-9.55
2016,12.858832550048827,298,56.28333333333333,8.416666666666666
2016,16.018406677246094,299,55.13333333333333,8.883333333333333
2016,12.432391662597656,300,55.95,12.35
2016,14.325891723632813,301,56.083333333333336,9.35
2016,12.848744049072266,302,55.36666666666667,11.55
2016,13.031300201416016,303,55.7,12.35
2016,11.90313217163086,304,56.38333333333333,9.333333333333334
2016,14.962337799072266,305,55,9.916666666666666
2016,14.325891723632813,306,56.06666666666667,9.333333333333334
2016,5.714117965698242,307,38.833333333333336,21.3
2016,8.2154052734375,308,39.78333333333333,22.783333333333335
2016,8.2154052734375,309,39.78333333333333,22.766666666666666
2016,4.653075485229492,310,38.86666666666667,21.866666666666667
2016,4.653075485229492,311,38.86666666666667,21.85
2016,5.344654541015625,312,40.06666666666667,-8.25
2016,4.465100784301757,313,38.95,-8.066666666666666
2016,3.862229652404785,314,38.083333333333336,-7.033333333333333
2016,5.244674186706543,315,38.31666666666667,-8.533333333333333
2016,4.028981323242188,316,41.5,-7.633333333333333
2016,3.438713912963867,317,40.4,-7.533333333333333
2016,9.174108810424805,318,39.78333333333333,-8.95
2016,7.072536926269532,319,38.65,-8.616666666666667
2016,4.838217315673828,320,43.1,-4.633333333333333
2016,6.332198104858398,321,42.25,-2.7
2016,17.757794494628907,322,41.81666666666667,2.6166666666666667
2016,5.106060256958008,323,40.86666666666667,-3.966666666666667
2016,9.404691772460938,324,40.53333333333333,0.01666666666666666
2016,5.836162109375,325,39.93333333333333,-5.783333333333333
2016,5.345031967163086,326,37.15,-6.716666666666667
2016,4.365982894897461,327,40.18333333333333,-6.433333333333334
2016,2.7243759536743166,328,38.46666666666667,-6.75
2016,7.372908325195312,329,43.15,-5.466666666666667
2016,4.512573928833008,330,40.43333333333333,-4.116666666666666
2016,7.870659942626953,331,42.983333333333334,-1.3333333333333333
2016,4.332481842041016,332,37.81666666666667,-5.683333333333334
2016,6.261705513000488,333,36.36666666666667,-5.566666666666666
2016,17.70811248779297,334,41.766666666666666,2.4
2016,7.59888671875,335,40.9,0.38333333333333336
2016,13.506060333251954,336,43.016666666666666,-8.95
2016,4.391231307983398,337,40.46666666666667,-1.6666666666666663
2016,5.242010574340821,338,40.31666666666667,-0.7166666666666667
2016,8.108727645874023,339,42.516666666666666,-1.0666666666666669
2016,5.613361167907715,340,42.63333333333333,-0.2833333333333333
2016,6.620864791870117,341,38.516666666666666,-0.6333333333333333
2016,5.390519485473633,342,38.166666666666664,-4.066666666666666
2016,4.2381367492675786,343,37.9,-2.8833333333333333
2016,4.502857704162597,344,37,-3
2016,5.839311981201172,345,41.6,-3.033333333333333
2016,5.02211555480957,346,41.86666666666667,-2.8666666666666667
2016,4.560515747070313,347,41.983333333333334,-2.5
2016,7.068732757568359,348,43,-3.6833333333333336
2016,5.117170028686523,349,42.86666666666667,-4.55
2016,5.837917404174805,350,42.78333333333333,-5.366666666666666
2016,3.794472961425781,351,41.78333333333333,-6.366666666666666
2016,6.474637145996094,352,41.333333333333336,-4.533333333333333
2016,8.2838330078125,353,41.35,-4.283333333333333
2016,3.725576248168945,354,40.333333333333336,-5.933333333333334
2016,3.9524801635742186,355,40.21666666666667,-5.016666666666667
2016,5.833457069396973,356,39.81666666666667,2.9
2016,5.212652168273926,357,39.85,3.1666666666666665
2016,5.136376113891601,358,40.016666666666666,-1.9666666666666668
2016,6.072585830688476,359,39.833333333333336,-1.3
2016,4.199723587036133,360,39.38333333333333,-4.116666666666666
2016,10.740352935791016,361,43.13333333333333,-2.966666666666667
2016,4.399026985168457,362,38.483333333333334,-2.466666666666667
2016,12.476568450927735,363,42.28333333333333,1.8833333333333333
2016,5.922109375,364,42.6,1.0666666666666669
2016,4.217493515014649,365,39.6,-4.683333333333334
2016,3.7511911392211914,366,41.9,-8.116666666666667
2016,NA,367,28.133333333333333,-17.283333333333335
2016,NA,368,28.116666666666667,-17.216666666666665
2016,NA,369,28.183333333333337,-16.666666666666668
2016,8.933132476806641,370,42.733333333333334,-8.7
2016,4.290117950439453,371,38.06666666666667,-2.8166666666666664
2016,4.011473770141602,372,37.53333333333333,-7.183333333333334
2016,6.620864791870117,373,38.516666666666666,-0.6166666666666667
2016,5.02211555480957,374,41.86666666666667,-2.8833333333333333
2016,5.117170028686523,375,42.85,-4.55
2016,10.740352935791016,376,43.13333333333333,-2.9833333333333334
2016,4.399026985168457,377,38.46666666666667,-2.45
2016,11.302803497314454,378,39.333333333333336,-0.31666666666666665
2016,3.762858467102051,379,37.45,-6.833333333333333
2016,17.248094482421877,380,49.983333333333334,6.033333333333333
2016,22.196029663085938,381,49.65,6.183333333333334
2016,12.0551318359375,382,56.166666666666664,13.15
2016,2.127435359954834,383,63.03333333333333,17.416666666666668
2016,4.8810091400146485,384,59.65,17.883333333333333
2016,4.006396369934082,385,60.18333333333333,17.716666666666665
2016,4.559573974609375,386,58.96666666666667,15.85
2016,4.987587814331055,387,58.21666666666667,15.916666666666666
2016,6.983369140625,388,57.45,13.7
2016,7.7027474212646485,389,56.46666666666667,15.116666666666667
2016,5.9935693359375,390,57.7,15.916666666666666
2016,9.455799255371094,391,56.3,14.85
2016,9.30493637084961,392,56.3,15.7
2016,9.977336273193359,393,56.36666666666667,13.816666666666666
2016,10.419237365722656,394,56.166666666666664,14.233333333333333
2016,10.423302307128907,395,56.25,13.533333333333331
2016,12.535337829589844,396,56.333333333333336,13.016666666666667
2016,11.868661193847656,397,55.983333333333334,13.383333333333333
2016,12.991639404296874,398,57.2,12.45
2016,11.873014831542969,399,57.03333333333333,12.8
2016,7.699765090942383,400,58.36666666666667,12.083333333333334
2016,7.3862002563476565,401,57.55,13.5
2016,8.472399444580079,402,57.21666666666667,13.1
2016,9.701704788208009,403,57.516666666666666,12.466666666666669
2016,6.407208557128906,404,58.13333333333333,14.066666666666666
2016,4.560750579833984,405,58.85,13.683333333333334
2016,4.854370079040527,406,59.95,12.633333333333333
2016,5.402378044128418,407,59.666666666666664,11.95
2016,5.075593872070312,408,59.583333333333336,12.483333333333333
2016,4.379161148071289,409,59.8,15.483333333333333
2016,4.058299751281738,410,60.016666666666666,15.4
2016,2.8287253379821777,411,61.2,15.2
2016,3.6103039360046387,412,60.266666666666666,14.5
2016,2.2497193717956545,413,62.18333333333333,16.716666666666665
2016,2.3716559410095215,414,63.166666666666664,17.916666666666668
2016,1.4654396057128907,415,63.333333333333336,14.75
2016,2.218996868133545,416,63.75,19.4
2016,1.1220365762710571,417,64.5,17.4
2016,1.0975726890563964,418,65.45,19.4
2016,7.654706573486328,419,57.1,14.55
2016,6.623478546142578,420,57.13333333333333,14.766666666666667
2016,6.623478546142578,421,57.166666666666664,14.8
2016,9.065104522705077,422,58.05,12.016666666666667
2016,9.065104522705077,423,58.06666666666667,12.016666666666667
2016,4.577904472351074,424,59.75,14.9
2016,4.254565849304199,425,59.9,15.233333333333333
2016,4.891168518066406,426,59.56666666666667,14.833333333333334
2016,1.4975393676757813,427,63.85,18.1
2016,1.6861637783050538,428,64.03333333333333,18.916666666666668
2016,1.818297824859619,429,64.25,19.8
2016,8.325440979003906,430,56.333333333333336,14.966666666666669
2016,11.354507598876953,431,57.5,12.233333333333333
2016,8.242456741333008,432,58.43333333333333,11.733333333333333
2016,4.644642944335938,433,59.56666666666667,18.05
2016,4.454188385009766,434,59.083333333333336,17.633333333333333
2016,4.139049491882324,435,60.016666666666666,17.183333333333334
2016,4.9466868591308595,436,58.95,16.983333333333334
2016,5.393078536987304,437,58.766666666666666,16.8
2016,4.971633682250976,438,59.03333333333333,16.25
2016,4.564403762817383,439,59.3,16.116666666666667
2016,5.041452178955078,440,58.15,15.416666666666666
2016,5.125610275268555,441,58.75,15.133333333333333
2016,5.78318344116211,442,57.86666666666667,14.75
2016,5.411450271606445,443,57.833333333333336,14.983333333333333
2016,5.7105986022949216,444,57.5,15.333333333333334
2016,8.127003173828125,445,57.13333333333333,13.583333333333334
2016,6.875964202880859,446,56.88333333333333,15.1
2016,7.2463127136230465,447,57.05,14.366666666666667
2016,7.252992095947266,448,56.833333333333336,13.733333333333333
2016,9.891554718017579,449,56.733333333333334,13.366666666666667
2016,4.908867568969726,450,58.05,16.1
2016,6.861451110839844,451,56.63333333333333,15.616666666666667
2016,7.891898345947266,452,56.85,16.316666666666666
2016,9.806798248291015,453,56.28333333333333,14.65
2016,8.381703033447266,454,56.4,15.3
2016,9.6703948974609375,455,56.21666666666667,15.433333333333334
2016,8.910714721679687,456,56.38333333333333,14.533333333333331
2016,12.102461853027343,457,56.016666666666666,13.916666666666666
2016,11.618599395751954,458,56.1,13.516666666666667
2016,11.238537139892578,459,56.13333333333333,13.5
2016,11.485705108642579,460,55.916666666666664,13.583333333333334
2016,11.34381332397461,461,55.61666666666667,13.433333333333334
2016,13.920013732910157,462,57.06666666666667,12.55
2016,13.27481674194336,463,56.93333333333333,12.716666666666669
2016,11.949039764404297,464,56.766666666666666,13.133333333333333
2016,8.384916610717774,465,57,13.366666666666667
2016,12.47316619873047,466,56.68333333333333,13.15
2016,7.719452896118164,467,58.53333333333333,11.716666666666669
2016,8.522224884033204,468,57.4,13.1
2016,6.216774749755859,469,57.766666666666666,13.733333333333333
2016,6.624163055419922,470,58.71666666666667,11.966666666666669
2016,5.773483047485351,471,58.61666666666667,13.766666666666667
2016,5.852089309692383,472,59.65,13.8
2016,5.200829696655274,473,59.81666666666667,12.9
2016,3.566745567321777,474,60.583333333333336,13.116666666666667
2016,4.891168518066406,475,59.583333333333336,14.866666666666667
2016,4.923477439880371,476,59.583333333333336,14.7
2016,4.315833206176758,477,59.86666666666667,14.416666666666666
2016,4.48764850616455,478,59.083333333333336,15.5
2016,5.189086303710938,479,59.333333333333336,15.933333333333334
2016,2.9112487030029297,480,61.11666666666667,14.35
2016,3.903095359802246,481,60.4,15.266666666666667
2016,2.7700538635253906,482,61.733333333333334,16.516666666666666
2016,3.4542938232421876,483,60.65,16.283333333333335
2016,1.9424851417541504,484,62.266666666666666,16.333333333333332
2016,1.7229935550689697,485,62,14.416666666666666
2016,1.7867834186553955,486,63.06666666666667,16.733333333333334
2016,1.3117841291427612,487,64.48333333333333,18.466666666666665
2016,0.9837197303771973,488,65.4,18.1
2016,2.131006669998169,489,65.95,23.25
2016,1.192322564125061,490,66.06666666666666,20.616666666666667
2016,2.7700538635253906,491,61.71666666666667,16.516666666666666
2016,17.467918395996094,492,48.11666666666667,16.033333333333335
2016,14.510826873779298,493,47.766666666666666,16.316666666666666
2016,11.17302947998047,494,47.483333333333334,16.55
2016,11.434755096435547,495,46.733333333333334,14.5
2016,8.024141693115235,496,46.766666666666666,13.166666666666666
2016,10.061055450439452,497,46.71666666666667,13.666666666666666
2016,14.867717742919922,498,48.35,15.2
2016,14.31441650390625,499,47.63333333333333,16.133333333333333
2016,13.080736541748047,500,48.916666666666664,15.183333333333334
2016,27.567975158691407,501,48.1,12.866666666666667
2016,24.197880249023438,502,47.86666666666667,13.35
2016,9.586496658325196,503,47.483333333333334,13.416666666666666
2016,14.199372863769531,504,46.61666666666667,15.5
2016,10.780278778076172,505,47.36666666666667,15.166666666666666
2016,9.223782501220704,506,47.63333333333333,15.65
2016,6.335228729248047,507,47.05,14.1
2016,9.455644073486328,508,47.31666666666667,12.4
2016,7.842151947021485,509,47.38333333333333,10.9
2016,17.020238037109376,510,47.36666666666667,11.883333333333333
2016,22.27840057373047,511,47.483333333333334,9.983333333333333
2016,0.8030434560775757,512,69.56666666666666,28.883333333333333
2016,1.097524518966675,513,67.95,24.05
2016,1.1278233671188354,514,67.98333333333333,24.216666666666665
2016,1.3485758304595947,515,67.33333333333333,26.633333333333333
2016,1.7072299671173097,516,66.31666666666666,26.633333333333333
2016,1.6893831634521483,517,66.35,26.716666666666665
2016,1.4905678129196167,518,66.28333333333333,29.45
2016,1.4935076284408568,519,66.33333333333333,29.35
2016,2.407979564666748,520,64.96666666666667,26.383333333333333
2016,3.681158142089844,521,61.86666666666667,24.216666666666665
2016,3.681158142089844,522,61.85,24.3
2016,4.808533325195312,523,60.65,23.8
2016,4.674149780273438,524,60.61666666666667,23.833333333333332
2016,4.927878723144532,525,60.63333333333333,26.083333333333332
2016,5.298938598632812,526,60.65,26.116666666666667
2016,3.1176867866516114,527,61.766666666666666,29.333333333333332
2016,3.1176867866516114,528,61.8,29.316666666666663
2016,5.2623937225341795,529,60.7,27.85
2016,4.005899467468262,530,61.233333333333334,25.05
2016,2.701846790313721,531,63.15,30.7
2016,1.4905678129196167,532,66.3,29.483333333333334
2016,0.6937410140037537,533,69.73333333333333,26.95
2016,2.4461485862731935,534,63.55,22.483333333333334
2016,3.291437110900879,535,62.45,21.516666666666666
2016,3.2315066337585447,536,62.05,24.366666666666667
2016,3.7015987968444826,537,61.916666666666664,23.316666666666663
2016,6.065828323364258,538,60.03333333333333,23.033333333333335
2016,2.2819369316101072,539,64.11666666666666,26.683333333333337
2016,1.7072299671173097,540,66.33333333333333,26.633333333333333
2016,3.7854497909545897,541,61.81666666666667,29.3
2016,1.6101547813415527,542,66.43333333333334,26.683333333333337
2016,4.378318748474121,543,60.983333333333334,27.266666666666666
2016,4.378318748474121,544,60.916666666666664,27.233333333333334
2016,18.46778564453125,545,46.583333333333336,6.65
2016,22.61756317138672,546,47.38333333333333,8.216666666666667
2016,21.96356033325195,547,47.03333333333333,8.7
2016,13.702785186767578,548,47.21666666666667,7.4
2016,12.063462982177734,549,46.21666666666667,6.283333333333333
2016,17.256109008789064,550,47.68333333333333,8.533333333333333
2016,21.85141845703125,551,46.016666666666666,8.833333333333334
2016,2.3282283401489257,552,46.483333333333334,9.883333333333333
2016,6.085829696655273,553,46.43333333333333,8.8
2016,15.870599822998047,554,46.11666666666667,9
2016,8.298297042846679,555,46.266666666666666,7.433333333333334
2016,2.760385665893555,556,46.65,10.216666666666669
2016,5.703805847167969,557,46.28333333333333,7.85
2016,21.60463806152344,558,47.266666666666666,7.883333333333333
2016,12.570373153686523,559,46.7,7.75
2016,24.791403198242186,560,47.15,9.066666666666666
2016,3.873831558227539,561,46.8,9.85
2016,22.470816345214843,562,47.46666666666667,8.35
2016,9.566158142089844,563,47.88333333333333,19.95
2016,9.566158142089844,564,47.85,19.966666666666665
2016,10.920697174072266,565,47.55,19.383333333333333
2016,10.018572082519531,566,46.96666666666667,19.55
2016,10.018572082519531,567,46.95,19.533333333333335
2016,9.37625717163086,568,47.333333333333336,21.083333333333332
2016,13.914667053222656,569,47.65,16.483333333333334
2016,13.494961242675782,570,47.65,16.516666666666666
2016,13.914667053222656,571,47.666666666666664,16.5
2016,13.40656036376953,572,46.81666666666667,16.4
2016,11.259269104003906,573,46.583333333333336,16.733333333333334
2016,10.018572082519531,574,46.95,19.55
2016,10.018572082519531,575,46.93333333333333,19.533333333333335
2016,9.938309478759766,576,43.9,26
2016,8.961686706542968,577,44.06666666666667,26.05
2016,9.42629119873047,578,44.3,25.6
2016,10.745801544189453,579,44.5,26.166666666666668
2016,10.142471466064453,580,44.9,26.1
2016,9.537591247558593,581,45.1,25.7
2016,6.232551727294922,582,45.5,25.583333333333332
2016,5.919941635131836,583,45.416666666666664,25.266666666666666
2016,7.550656013488769,584,46.68333333333333,22.616666666666667
2016,9.25736312866211,585,45.016666666666666,24.983333333333334
2016,5.506861801147461,586,47.43333333333333,25.55
2016,6.432009353637695,587,45.333333333333336,25.55
2016,9.205743865966797,588,53.88333333333333,14.5
2016,9.083772506713867,589,54.8,17.933333333333334
2016,11.205799713134766,590,53.78333333333333,15.05
2016,10.974342041015625,591,53.18333333333333,14.483333333333333
2016,12.7852490234375,592,52.9,15.35
2016,13.672933654785156,593,52.766666666666666,14.9
2016,12.034644012451173,594,53.11666666666667,16.033333333333335
2016,10.62072250366211,595,53.766666666666666,15.483333333333333
2016,9.695377197265625,596,54.666666666666664,17.983333333333334
2016,9.992589263916015,597,53.8,16.35
2016,11.3665869140625,598,54.15,17.116666666666667
2016,10.218860626220703,599,54.2,17.216666666666665
2016,11.688473205566407,600,54.083333333333336,19.15
2016,11.688473205566407,601,54.083333333333336,19.2
2016,11.820676879882813,602,54.05,20.4
2016,20.019806365966797,603,54.15,20.166666666666668
2016,12.949442749023438,604,53.766666666666666,19.033333333333335
2016,16.0998046875,605,53.45,19.416666666666668
2016,8.57376350402832,606,54.28333333333333,23
2016,9.071983947753907,607,54.266666666666666,22.833333333333332
2016,12.587194366455078,608,54.333333333333336,22.35
2016,13.502953491210938,609,53.65,20.15
2016,13.274343719482422,610,53.666666666666664,21.433333333333337
2016,11.096958312988281,611,53.96666666666667,23.116666666666667
2016,10.911009979248046,612,53.9,23.316666666666663
2016,10.280030517578124,613,53.2,23.15
2016,11.046678771972656,614,53.2,23.35
2016,11.807574005126954,615,52.666666666666664,23.716666666666665
2016,10.990028839111329,616,52.85,23.666666666666668
2016,14.441720123291015,617,53.43333333333333,21.816666666666663
2016,11.004215850830079,618,53.28333333333333,22.05
2016,12.370518188476563,619,53.81666666666667,17.85
2016,12.356093139648438,620,53.93333333333333,18.083333333333332
2016,14.041880798339843,621,53.483333333333334,16.383333333333333
2016,13.718398132324218,622,53.3,16.833333333333332
2016,12.681058044433593,623,53.6,16.95
2016,13.117305603027344,624,53.266666666666666,19.55
2016,14.580717315673828,625,52.983333333333334,19.233333333333334
2016,12.662099456787109,626,52.55,15.25
2016,12.587535095214843,627,52.516666666666666,14.95
2016,15.037023315429687,628,52.8,16.416666666666668
2016,18.98151397705078,629,52.95,18.516666666666666
2016,20.041973266601563,630,52.7,18.916666666666668
2016,11.895732269287109,631,51.86666666666667,15.533333333333331
2016,11.759461212158204,632,52.35,15.8
2016,13.327679901123046,633,52.25,16.316666666666666
2016,20.801369018554688,634,52,17.316666666666666
2016,12.599307403564453,635,51.8,16.5
2016,20.45421447753906,636,52.63333333333333,17.65
2016,18.586906127929687,637,51.95,17.2
2016,13.698369750976562,638,51.516666666666666,18.25
2016,20.485785827636718,639,51.6,16.916666666666668
2016,16.72423126220703,640,53.11666666666667,19.783333333333335
2016,13.812919158935546,641,52.71666666666667,20.6
2016,13.85084732055664,642,52.36666666666667,19.9
2016,12.16497817993164,643,52.016666666666666,21.1
2016,11.476062927246094,644,51.8,21.45
2016,11.548236389160156,645,53.3,21.616666666666667
2016,13.202945709228516,646,53.18333333333333,21.083333333333332
2016,10.682093963623046,647,52.766666666666666,22.666666666666668
2016,10.371968688964843,648,51.43333333333333,22.766666666666666
2016,11.432049865722655,649,51.96666666666667,22.983333333333334
2016,9.851239929199219,650,51.483333333333334,23.35
2016,9.968215637207031,651,51.233333333333334,23.5
2016,9.110689544677735,652,50.63333333333333,23.75
2016,13.17665740966797,653,51.36666666666667,15.683333333333334
2016,13.5049853515625,654,51.25,15.483333333333333
2016,11.881773376464844,655,51.35,16.5
2016,11.647249145507812,656,50.88333333333333,17.633333333333333
2016,11.048646850585937,657,50.63333333333333,16.933333333333334
2016,11.356718063354492,658,50.38333333333333,17.55
2016,12.17968978881836,659,50.43333333333333,17.95
2016,12.568275451660156,660,50.53333333333333,17.7
2016,12.000873565673828,661,50.8,18.166666666666668
2016,14.207367706298829,662,50.583333333333336,18.45
2016,12.875114288330078,663,50.233333333333334,18.316666666666663
2016,13.022724609375,664,51.333333333333336,19.266666666666666
2016,11.313225708007813,665,51.1,20.416666666666668
2016,11.526342010498047,666,51.083333333333336,20.15
2016,9.947272109985352,667,50.7,20.766666666666666
2016,10.893248291015626,668,51.65,21.033333333333335
2016,10.834640502929688,669,51.2,21.383333333333333
2016,10.509623489379884,670,51.21666666666667,22.65
2016,10.821276245117188,671,51.166666666666664,21.866666666666667
2016,9.955865783691406,672,50.38333333333333,23.45
2016,9.725368957519532,673,50.43333333333333,23.4
2016,12.092076873779297,674,50.75,18.666666666666668
2016,12.0040625,675,51,19.05
2016,14.692859954833985,676,50.2,19.4
2016,13.460913391113282,677,50.35,19.35
2016,13.676226501464845,678,50.333333333333336,19.65
2016,12.064295501708985,679,50.7,19.216666666666665
2016,10.820226135253906,680,50.71666666666667,20.3
2016,11.54263671875,681,50.55,21.25
2016,11.240519561767577,682,50.46666666666667,22.116666666666667
2016,10.46192138671875,683,50.5,22.933333333333337
2016,9.571188125610352,684,50.416666666666664,22.75
2016,12.446923217773438,685,50.05,20.566666666666663
2016,13.148847198486328,686,50.06666666666667,20.8
2016,10.165035171508789,687,50.266666666666666,22.116666666666667
2016,12.315394744873046,688,50.833333333333336,15.416666666666666
2016,11.690897445678711,689,50.85,15.516666666666667
2016,10.469839782714844,690,50.266666666666666,16.633333333333333
2016,13.580410308837891,691,50.31666666666667,16.416666666666668
2016,11.642029113769532,692,50.25,16.983333333333334
2016,10.83848907470703,693,50.233333333333334,16.783333333333335
2016,13.877195663452149,694,49.666666666666664,18.966666666666665
2016,10.845129318237305,695,49.75,21.816666666666663
2016,10.590656280517578,696,49.61666666666667,22.466666666666665
2016,8.93749252319336,697,49.2,22.716666666666665
2016,8.610871124267579,698,49.06666666666667,22.85
2016,12.571090393066406,699,49.65,19.033333333333335
2016,10.783318557739257,700,49.6,19.083333333333332
2016,11.679940567016601,701,49.516666666666666,18.9
2016,11.561056213378906,702,49.75,19.8
2016,10.748165512084961,703,49.68333333333333,20.166666666666668
2016,9.877034454345702,704,49.416666666666664,20.816666666666663
2016,8.591260223388671,705,49.333333333333336,20.833333333333332
2016,11.313132934570312,706,49.483333333333334,21.616666666666667
2016,10.31293930053711,707,49.4,21.95
2016,9.6701123046875,708,49.45,19.983333333333334
2016,13.672933654785156,709,52.733333333333334,14.866666666666667
2016,11.306896057128906,710,52.86666666666667,15.716666666666669
2016,10.081696319580079,711,54.53333333333333,17.9
2016,10.564432373046875,712,54.55,18.266666666666666
2016,13.508563537597656,713,53.983333333333334,19.433333333333337
2016,12.474527587890625,714,53.85,20.533333333333335
2016,10.525849151611329,715,53.583333333333336,23.266666666666666
2016,10.118433227539063,716,53.68333333333333,16.766666666666666
2016,12.251898193359375,717,51.81666666666667,15.783333333333331
2016,17.503076171875,718,51.766666666666666,17.566666666666666
2016,19.738037109375,719,52.483333333333334,19.6
2016,10.65126953125,720,52.333333333333336,22.65
2016,11.513627624511718,721,52.03333333333333,22.716666666666665
2016,13.5049853515625,722,51.3,15.416666666666666
2016,12.568275451660156,723,50.6,17.683333333333334
2016,11.320432357788086,724,50.61666666666667,17.25
2016,15.034203796386718,725,50.083333333333336,18.65
2016,14.691902770996094,726,50.3,18.483333333333334
2016,10.928421783447266,727,51.03333333333333,19.6
2016,9.12628631591797,728,50.5,23.466666666666665
2016,15.719991760253906,729,50.483333333333334,20.116666666666667
2016,11.869733581542969,730,51.05,15.866666666666667
2016,10.397172927856445,731,50.78333333333333,16.2
2016,10.713893127441406,732,49.85,22.6
2016,10.590656280517578,733,49.65,22.483333333333334
2016,9.19635009765625,734,49.45,22.283333333333335
2016,11.797384185791016,735,49.65,20.25
2016,11.578731079101562,736,48.2,18.383333333333333
2016,8.13266876220703,737,48.916666666666664,19.483333333333334
2016,8.997896194458008,738,48.63333333333333,19.533333333333335
2016,11.98981231689453,739,47.88333333333333,17.583333333333332
2016,9.947769622802735,740,48.61666666666667,19.033333333333335
2016,6.379460372924805,741,49.166666666666664,20.233333333333334
2016,9.338296508789062,742,49.18333333333333,22.083333333333332
2016,11.62974609375,743,49.5,18.566666666666663
2016,11.62974609375,744,49.483333333333334,18.566666666666663
2016,10.118807525634766,745,48.38333333333333,19
2016,8.565193405151367,746,48.95,19.383333333333333
2016,9.947769622802735,747,48.61666666666667,19.016666666666666
2016,7.8814709281921385,748,58.38333333333333,8.233333333333333
2016,3.0394249057769773,749,59.03333333333333,7.566666666666666
2016,1.165970299243927,750,65.88333333333334,13.8
2016,6.9440773010253904,751,58.96666666666667,11.516666666666667
2016,2.9269455432891847,752,60.6,6.516666666666667
2016,1.6568880844116212,753,64.65,12.266666666666667
2016,2.794726505279541,754,61.266666666666666,11.85
2016,5.519587745666504,755,59.43333333333333,9.866666666666667
2016,2.080768356323242,756,61,9.216666666666669
2016,2.0929510307312014,757,63.28333333333333,11.183333333333334
2016,1.3553614664077758,758,62.766666666666666,8.883333333333333
2016,4.8255212783813475,759,60.36666666666667,11.066666666666666
2016,11.178248672485351,760,59.333333333333336,5.783333333333333
2016,2.794726505279541,761,61.28333333333333,11.85
2016,1.3553614664077758,762,62.78333333333333,8.883333333333333
2016,5.519587745666504,763,59.45,9.866666666666667
2016,7.426395263671875,764,56.35,24.95
2016,9.379034271240235,765,54.833333333333336,24.05
2016,9.97174530029297,766,54.85,23.533333333333335
2016,7.9030810546875,767,56.333333333333336,24.833333333333332
2016,9.490538940429687,768,54.416666666666664,24.95
2016,9.379034271240235,769,54.81666666666667,24.066666666666663
2016,7.649693450927734,770,54.78333333333333,24.066666666666663
2016,9.802095184326172,771,54.18333333333333,24.6
2016,7.093046569824219,772,55.8,25.516666666666666
2016,8.695452575683595,773,55.81666666666667,21.466666666666665
2016,9.379034271240235,774,54.833333333333336,24.033333333333335
2016,12.372972564697266,775,50.03333333333333,12.616666666666667
2016,10.482228698730468,776,50.166666666666664,17.066666666666666
2016,10.308292694091797,777,50.1,17.2
2016,12.285616455078125,778,49.45,15.766666666666667
2016,12.451591033935546,779,50.55,15.95
2016,13.167105102539063,780,49.666666666666664,15.216666666666669
2016,11.526534729003906,781,50.18333333333333,12.883333333333333
2016,12.435882720947266,782,49.25,15.7
2016,11.071160888671875,783,50.733333333333334,15.533333333333331
2016,13.207538604736328,784,49.06666666666667,17.266666666666666
2016,16.803883056640625,785,50.13333333333333,15.866666666666667
2016,14.428917236328125,786,49.9,14.533333333333331
2016,13.52490249633789,787,49.21666666666667,14.3
2016,12.544160766601562,788,49.016666666666666,14.966666666666669
2016,14.600794372558594,789,50.28333333333333,16.383333333333333
2016,11.684212341308594,790,49.733333333333334,12.85
2016,12.787781677246095,791,49,14.8
2016,12.85812973022461,792,50.63333333333333,14.6
2016,12.391318969726562,793,50.833333333333336,15.333333333333334
2016,13.870986022949218,794,49.7,17.133333333333333
2016,12.694207153320313,795,49.45,18.383333333333333
2016,5.128074569702148,796,59.55,26.033333333333335
2016,5.023490219116211,797,59.56666666666667,26.116666666666667
2016,5.800655136108398,798,58.05,26.1
2016,5.47283073425293,799,58.11666666666667,27.05
2016,5.161180267333984,800,58.35,26.966666666666665
2016,5.7359882354736325,801,57.7,26.516666666666666
2016,5.001771278381348,802,59.516666666666666,26.4
2016,5.208817367553711,803,58.266666666666666,26.45
2016,7.440820846557617,804,46.36666666666667,13.933333333333334
2016,16.43194076538086,805,45.983333333333334,13.733333333333333
2016,14.763155822753907,806,45.666666666666664,13.85
2016,17.332727355957033,807,46.28333333333333,14.4
2016,8.575376586914063,808,45.53333333333333,14.8
2016,11.627516632080079,809,46.46666666666667,15.383333333333333
2016,11.63678207397461,810,46.36666666666667,15.233333333333333
2016,12.301703186035157,811,46.1,15.066666666666666
2016,8.921812820434571,812,45.63333333333333,14.633333333333333
2016,12.732310485839843,813,45.86666666666667,15.416666666666666
2016,11.116149291992187,814,46.483333333333334,16.516666666666666
2016,11.627516632080079,815,46.45,15.383333333333333
2016,2.2581072807312013,816,64.13333333333334,32.233333333333334
2016,1.7585506010055543,817,64.11666666666666,32.88333333333333
2016,2.0571631145477296,818,63.85,30.9
2016,2.2303927421569822,819,63.85,31.55
2016,2.044871597290039,820,63.833333333333336,32.85
2016,2.777591419219971,821,63.56666666666667,30.883333333333333
2016,2.25451922416687,822,63.56666666666667,31.533333333333335
2016,2.4222672748565675,823,63.266666666666666,32.166666666666664
2016,2.390450668334961,824,63.25,32.8
2016,2.649641990661621,825,62.96666666666667,32.78333333333333
2016,2.6404535579681396,826,62.93333333333333,34.03333333333333
2016,3.202368679046631,827,62.916666666666664,34.666666666666664
2016,2.7589293575286864,828,62.9,35.3
2016,2.4387357139587404,829,62.86666666666667,35.916666666666664
2016,3.515692768096924,830,62.583333333333336,35.86666666666667
2016,3.263896903991699,831,62.28333333333333,36.43333333333333
2016,3.101131477355957,832,62.083333333333336,33.916666666666664
2016,3.5747696685791017,833,61.983333333333334,36.36666666666667
2016,3.36437406539917,834,61.96666666666667,36.96666666666667
2016,3.3037076568603516,835,61.93333333333333,37.583333333333336
2016,4.586382942199707,836,61.85,30.833333333333332
2016,3.181047954559326,837,61.81666666666667,33.266666666666666
2016,3.3161567497253417,838,61.8,33.88333333333333
2016,3.591039810180664,839,61.666666666666664,36.916666666666664
2016,4.214539127349854,840,61.55,30.216666666666665
2016,4.216001205444336,841,61.55,32.03333333333333
2016,3.5729774856567382,842,61.5,33.833333333333336
2016,3.561398773193359,843,61.483333333333334,34.45
2016,3.719619140625,844,61.46666666666667,35.05
2016,4.516696510314941,845,61.266666666666666,29.633333333333333
2016,3.2546701431274414,846,61.266666666666666,30.216666666666665
2016,4.57458683013916,847,61.25,32.61666666666667
2016,4.316981048583984,848,61.233333333333334,33.21666666666667
2016,3.6972044563293456,849,61.2,34.4
2016,4.927979774475098,850,60.95,33.18333333333333
2016,4.789633140563965,851,61.25,29.316666666666663
2016,5.013942642211914,852,61.11666666666667,29.033333333333335
2016,4.654330863952636,853,61.11666666666667,29.333333333333332
2016,4.5294059371948245,854,61.11666666666667,29.616666666666667
2016,3.950472412109375,855,61.11666666666667,29.933333333333337
2016,1.6775852489471434,856,64.7,32.95
2016,5.002105941772461,857,60.96666666666667,29.033333333333335
2016,5.1810807037353515,858,60.96666666666667,29.333333333333332
2016,4.969163055419922,859,60.96666666666667,29.633333333333333
2016,5.204110488891602,860,60.96666666666667,30.216666666666665
2016,5.066220474243164,861,60.833333333333336,28.45
2016,5.361089859008789,862,60.833333333333336,28.75
2016,4.934826965332031,863,60.833333333333336,29.066666666666663
2016,4.052864627838135,864,60.833333333333336,29.35
2016,5.1605252838134765,865,60.81666666666667,29.633333333333333
2016,4.778498420715332,866,60.833333333333336,29.933333333333337
2016,4.213156795501709,867,60.81666666666667,30.233333333333334
2016,4.796135635375976,868,60.68333333333333,29.933333333333337
2016,4.138200855255127,869,60.68333333333333,28.466666666666665
2016,5.704085922241211,870,60.68333333333333,29.05
2016,5.6489118957519535,871,60.7,29.333333333333332
2016,5.134575843811035,872,60.68333333333333,29.65
2016,5.049388465881347,873,60.68333333333333,30.216666666666665
2016,5.006624412536621,874,60.68333333333333,30.483333333333334
2016,5.813070831298828,875,60.53333333333333,27.916666666666668
2016,4.793736038208007,876,60.55,28.216666666666665
2016,4.317984638214111,877,60.53333333333333,28.483333333333334
2016,6.878442077636719,878,60.53333333333333,28.766666666666666
2016,4.862341728210449,879,60.55,29.366666666666667
2016,4.695495338439941,880,60.55,29.633333333333333
2016,6.055865478515625,881,60.55,29.933333333333337
2016,4.926798706054687,882,60.55,30.516666666666666
2016,7.217739868164062,883,60.4,28.766666666666666
2016,6.393404541015625,884,60.4,29.066666666666663
2016,6.7496206665039065,885,60.4,29.35
2016,7.200139389038086,886,60.4,29.633333333333333
2016,6.906213836669922,887,60.4,29.933333333333337
2016,6.037416610717774,888,60.416666666666664,30.2
2016,7.584349365234375,889,60.266666666666666,29.066666666666663
2016,6.751502914428711,890,60.266666666666666,29.35
2016,7.064591064453125,891,60.266666666666666,29.633333333333333
2016,7.940156860351562,892,60.266666666666666,29.933333333333337
2016,7.060667266845703,893,60.11666666666667,30.516666666666666
2016,7.257661590576172,894,60.11666666666667,30.8
2016,8.92293472290039,895,59.983333333333334,30.8
2016,6.126319389343262,896,59.983333333333334,31.083333333333332
2016,1.6019389247894287,897,66.43333333333334,32.43333333333333
2016,1.5608516836166382,898,66.41666666666667,33.15
2016,1.4492984437942504,899,66.15,31.683333333333337
2016,1.545290651321411,900,66.13333333333334,33.11666666666667
2016,1.5862166452407838,901,66.11666666666666,33.81666666666667
2016,1.6522188377380371,902,65.86666666666666,30.95
2016,1.7033053874969482,903,65.86666666666666,31.666666666666668
2016,1.3440155172348023,904,65.85,33.083333333333336
2016,1.3036030220985413,905,65.83333333333333,33.78333333333333
2016,1.2553888607025145,906,65.81666666666666,34.46666666666667
2016,1.618247218132019,907,65.58333333333333,30.966666666666665
2016,1.5985650491714478,908,65.58333333333333,31.65
2016,1.5065271663665771,909,65.56666666666666,32.35
2016,1.433857159614563,910,65.56666666666666,33.03333333333333
2016,1.8881088066101075,911,65.3,30.25
2016,1.8688236808776855,912,65.3,30.95
2016,1.8933743524551392,913,65.3,31.633333333333333
2016,1.3488841271400451,914,65.26666666666667,33.016666666666666
2016,1.3569747114181518,915,65.25,33.68333333333333
2016,1.3505570840835572,916,65.25,34.38333333333333
2016,1.905115556716919,917,65.01666666666667,30.25
2016,1.718111696243286,918,65,32.28333333333333
2016,1.5574583768844605,919,64.98333333333333,32.983333333333334
2016,1.5370242977142334,920,64.96666666666667,33.65
2016,1.407281198501587,921,64.95,34.333333333333336
2016,1.983184003829956,922,64.73333333333333,30.25
2016,1.8996766853332518,923,64.71666666666667,30.916666666666668
2016,1.7927361392974854,924,64.71666666666667,31.6
2016,1.8964971446990966,925,64.41666666666667,32.9
2016,1.8432098484039308,926,64.4,33.583333333333336
2016,2.035858631134033,927,64.38333333333334,34.25
2016,2.0716824340820312,928,64.15,31.566666666666663
2016,2.0894029045104983,929,64.1,33.53333333333333
2016,2.1073786640167236,930,64.08333333333333,34.2
2016,2.111032733917236,931,63.85,32.2
2016,1.7484891462326049,932,63.8,34.15
2016,2.6419230270385743,933,63.78333333333333,34.8
2016,1.8956782770156861,934,63.55,32.833333333333336
2016,2.2993132781982424,935,63.53333333333333,33.46666666666667
2016,2.449496374130249,936,63.21666666666667,34.71666666666667
2016,2.500324125289917,937,63.18333333333333,35.35
2016,2.5154887008666993,938,63.166666666666664,35.983333333333334
2016,2.469352912902832,939,62.983333333333334,32.13333333333333
2016,2.8173609352111817,940,62.7,32.11666666666667
2016,3.0122559165954588,941,62.68333333333333,32.733333333333334
2016,2.88369291305542,942,62.666666666666664,33.36666666666667
2016,3.1699368858337404,943,62.63333333333333,34.61666666666667
2016,2.9219760131835937,944,62.416666666666664,31.466666666666665
2016,3.011801643371582,945,62.4,32.71666666666667
2016,2.8383725357055662,946,62.38333333333333,33.333333333333336
2016,2.735351209640503,947,62.36666666666667,33.96666666666667
2016,3.2126405143737795,948,62.333333333333336,35.18333333333333
2016,4.137893028259278,949,62.13333333333333,30.85
2016,3.4687334060668946,950,62.13333333333333,31.45
2016,3.505881118774414,951,62.11666666666667,32.06666666666667
2016,3.415885314941406,952,62.11666666666667,32.68333333333333
2016,3.095260753631592,953,62.1,33.3
2016,3.2452877616882323,954,62.05,35.15
2016,4.437798805236817,955,61.833333333333336,31.45
2016,3.5363624191284178,956,61.81666666666667,32.666666666666664
2016,4.645290851593018,957,61.55,31.433333333333337
2016,3.396082515716553,958,61.53333333333333,32.63333333333333
2016,3.5475838470458982,959,61.516666666666666,33.233333333333334
2016,4.719192695617676,960,60.93333333333333,33.78333333333333
2016,7.671642837524414,961,42.766666666666666,23.75
2016,8.390763702392578,962,43.05,27.766666666666666
2016,5.101397857666016,963,42.06666666666667,23.8
2016,8.150000457763673,964,42.9,27.75
2016,4.982318344116211,965,41.68333333333333,24.733333333333334
2016,8.600508422851563,966,56.21666666666667,21.116666666666667
2016,5.482952880859375,967,57.166666666666664,25.7
2016,7.1504630279541015,968,56.733333333333334,23.683333333333337
2016,3.7118731689453126,969,35,33.05
2016,3.6825997161865236,970,34.95,32.81666666666667
2016,3.6155190658569336,971,34.916666666666664,32.916666666666664
2016,5.058073272705078,972,35.016666666666666,32.61666666666667
2016,10.906475677490235,973,45.15,19.8
2016,6.783552932739258,974,43.28333333333333,20.8
2016,10.476394348144531,975,45.45,19.166666666666668
2016,11.063131866455079,976,44.11666666666667,21.966666666666665
2016,7.073309097290039,977,43.75,19.483333333333334
2017,13.178996887207031,1,47.86666666666667,6.2
2017,11.010690002441406,2,46.96666666666667,5.233333333333333
2017,12.496339874267578,3,46.166666666666664,5.233333333333333
2017,12.207403564453125,4,47.06666666666667,5.066666666666666
2017,10.737926330566406,5,48.166666666666664,-1.5333333333333332
2017,9.807049713134766,6,45.93333333333333,4.466666666666667
2017,10.757114715576172,7,47.083333333333336,4.083333333333333
2017,9.195962524414062,8,46.56666666666667,5.866666666666667
2017,8.22265640258789,9,46.516666666666666,6.05
2017,3.925422401428223,10,45.583333333333336,6.783333333333333
2017,10.940452117919921,11,46.21666666666667,6.333333333333333
2017,5.354678688049316,12,44.11666666666667,5.8
2017,12.313994598388671,13,47.8,4.85
2017,12.441439361572266,14,47.18333333333333,6.266666666666667
2017,8.044663848876953,15,44.916666666666664,5.283333333333333
2017,11.854312133789062,16,47.78333333333333,5.066666666666666
2017,15.456884765625,17,48.63333333333333,6.066666666666666
2017,3.2491461181640626,18,44.7,6.55
2017,3.7958174896240235,19,44.016666666666666,6.666666666666667
2017,10.737926330566406,20,48.2,-1.55
2017,11.113296661376953,21,47.93333333333333,3.716666666666667
2017,3.4511555099487303,22,44.483333333333334,6.45
2017,9.902880401611329,23,46.96666666666667,6.45
2017,7.029580535888672,24,44.93333333333333,5.316666666666666
2017,8.778054733276367,25,45.416666666666664,6.116666666666666
2017,12.240592498779296,26,46.833333333333336,5.783333333333333
2017,16.827810211181642,27,48.333333333333336,4.3
2017,10.526496429443359,28,46.81666666666667,2.5666666666666664
2017,19.31019676208496,29,43.733333333333334,-0.8333333333333334
2017,10.297093353271485,30,47.45,-0.01666666666666666
2017,14.194939422607423,31,49.016666666666666,5.766666666666667
2017,16.673833770751955,32,50.166666666666664,3.75
2017,9.022144775390625,33,43.2,-0.03333333333333333
2017,10.723598937988282,34,46.666666666666664,2.716666666666667
2017,16.249471740722655,35,48.28333333333333,4.45
2017,10.71716812133789,36,47.25,2.1166666666666667
2017,13.89086410522461,37,49.35,1.5
2017,11.818909912109374,38,47.56666666666667,1.25
2017,18.919709625244142,39,49.03333333333333,4.95
2017,18.01444351196289,40,48.86666666666667,6.483333333333333
2017,14.80700927734375,41,49,7.45
2017,10.919741973876953,42,46.96666666666667,3.65
2017,12.864834136962891,43,49.38333333333333,2.3
2017,10.998028259277344,44,48.516666666666666,0.6666666666666666
2017,14.537191467285156,45,47.68333333333333,7.466666666666667
2017,11.326949005126954,46,47.78333333333333,0.36666666666666664
2017,8.097038116455078,47,44.03333333333333,1.7333333333333334
2017,11.036793060302735,48,46.61666666666667,0.48333333333333334
2017,13.895359497070313,49,48.016666666666666,6.033333333333333
2017,14.665933685302734,50,48.983333333333334,7.716666666666667
2017,13.542790069580079,51,48.45,2.716666666666667
2017,8.445087585449219,52,46.15,1.8166666666666669
2017,6.524815979003907,53,43.43333333333333,2.7
2017,10.922329406738282,54,48.56666666666667,-0.06666666666666667
2017,8.855194778442383,55,43.1,-0.1
2017,15.410320434570313,56,49.93333333333333,4.8
2017,6.587414245605469,57,43.63333333333333,2.9166666666666665
2017,8.357740631103516,58,45.75,2.95
2017,9.2137603759765625,59,47,4.116666666666666
2017,7.186168670654297,60,43.43333333333333,2.4333333333333336
2017,7.773746490478516,61,45.8,1.8
2017,11.884522247314454,62,48.233333333333334,7.1
2017,14.257490539550782,63,49.2,3.1166666666666667
2017,8.976224670410156,64,42.916666666666664,1.2666666666666666
2017,11.896034545898438,65,49.166666666666664,-0.85
2017,8.306477279663087,66,47.833333333333336,-3.533333333333333
2017,6.728525314331055,67,44.1,3.533333333333333
2017,17.564759368896485,68,48.5,6.7
2017,19.114778442382814,69,49.166666666666664,5
2017,16.164403076171876,70,49.31666666666667,2.8666666666666667
2017,9.613090133666992,71,43.15,-0.65
2017,8.389016571044921,72,43.016666666666666,0.43333333333333335
2017,17.951774139404296,73,49.7,1.3166666666666669
2017,8.536933135986327,74,43.4,2.1666666666666665
2017,13.575201110839844,75,48.1,6.233333333333333
2017,4.982836456298828,76,42.25,8.833333333333334
2017,11.115895538330077,77,47.65,2.0833333333333335
2017,4.97331169128418,78,41.75,9.2
2017,7.6596037292480466,79,43.93333333333333,-1.3333333333333333
2017,9.016881103515624,80,44.1,0.1
2017,9.876879730224609,81,44.03333333333333,-0
2017,11.326949005126954,82,47.733333333333334,0.3333333333333333
2017,7.0295278930664065,83,44.85,3.05
2017,9.96244873046875,84,47.53333333333333,-1.8
2017,12.95505142211914,85,47.81666666666667,2.4333333333333336
2017,11.72153594970703,86,48.6,-0.5
2017,6.522543563842773,87,45.4,3.6833333333333336
2017,14.742711639404297,88,48.85,7.7
2017,14.80700927734375,89,48.916666666666664,7.433333333333334
2017,17.52441864013672,90,49.45,0.7333333333333333
2017,12.636453399658203,91,48.68333333333333,1.7166666666666668
2017,14.347771148681641,92,48.21666666666667,6.683333333333334
2017,6.485034713745117,93,44.7,3.95
2017,7.777811050415039,94,42.85,1.3333333333333333
2017,7.155911865234375,95,42.86666666666667,2.1
2017,13.873455505371094,96,48.6,7.133333333333334
2017,7.271312103271485,97,45.43333333333333,3.5166666666666666
2017,10.000255432128906,98,47.93333333333333,7.116666666666666
2017,6.406851043701172,99,45.96666666666667,-1.2666666666666666
2017,5.108776092529297,100,46.86666666666667,-2.1333333333333333
2017,9.359839630126952,101,46.18333333333333,2.9833333333333334
2017,26.2669580078125,102,51.06666666666667,3.033333333333333
2017,16.116812438964843,103,50.78333333333333,4.7
2017,16.671957092285155,104,50.7,4.3
2017,29.02705810546875,105,51.4,5.05
2017,25.027465209960937,106,51.3,4.516666666666667
2017,19.264540710449218,107,50.96666666666667,3.8
2017,17.698829040527343,108,50.983333333333334,4.2
2017,24.209685668945312,109,50.96666666666667,2.95
2017,21.53901336669922,110,51.166666666666664,5.316666666666666
2017,21.733532104492188,111,50.93333333333333,5.6
2017,17.214500122070312,112,50.733333333333334,4.4
2017,15.475346069335938,113,49.95,4.816666666666666
2017,17.35653076171875,114,50.21666666666667,5.616666666666667
2017,15.910127258300781,115,49.766666666666666,5.45
2017,16.21552490234375,116,50.233333333333334,5.983333333333333
2017,17.59140350341797,117,50.583333333333336,6.1
2017,15.589456481933594,118,50.05,5.216666666666667
2017,17.027319030761717,119,49.516666666666666,5.566666666666666
2017,16.578605041503906,120,50.1,4.266666666666667
2017,15.766445617675782,121,50.666666666666664,4.6
2017,24.101961364746092,122,52.96666666666667,6.733333333333333
2017,25.148668518066405,123,52.86666666666667,6.333333333333333
2017,25.148668518066405,124,52.86666666666667,6.35
2017,24.07450927734375,125,52.9,6.716666666666667
2017,27.96987274169922,126,52.53333333333333,6.55
2017,37.063599853515626,127,52.166666666666664,5.75
2017,26.291525268554686,128,51.31666666666667,5.516666666666667
2017,25.56676300048828,129,51.55,4.766666666666667
2017,31.614244384765627,130,52.233333333333334,5.633333333333333
2017,29.924256591796876,131,52.1,5.216666666666667
2017,28.895840454101563,132,52.15,5.883333333333333
2017,25.78847595214844,133,52.833333333333336,6.433333333333334
2017,31.784113464355467,134,52.266666666666666,5.733333333333333
2017,16.4554638671875,135,52.46666666666667,13.216666666666669
2017,15.0296044921875,136,52.416666666666664,13.6
2017,16.22211700439453,137,53.1,12.416666666666666
2017,16.023825073242186,138,53.13333333333333,12.95
2017,14.907752075195312,139,52.96666666666667,13.633333333333333
2017,14.556162109375,140,52.18333333333333,12.55
2017,16.12709899902344,141,51.78333333333333,13.55
2017,15.410921630859375,142,52.13333333333333,14
2017,16.023825073242186,143,53.13333333333333,12.966666666666669
2017,16.12709899902344,144,51.78333333333333,13.566666666666666
2017,14.12786849975586,145,52.15,14.016666666666667
2017,16.023825073242186,146,53.15,12.983333333333333
2017,15.449327697753906,147,52.15,14.483333333333333
2017,15.614596710205078,148,48.8,8.383333333333333
2017,19.94949981689453,149,49.45,8.75
2017,13.539722595214844,150,47.983333333333334,8.983333333333333
2017,13.305722045898438,151,48.28333333333333,8.65
2017,15.029664459228515,152,47.78333333333333,7.7
2017,14.129589233398438,153,48.016666666666666,7.966666666666667
2017,23.2650048828125,154,48,9.95
2017,11.12909454345703,155,48.6,8.633333333333333
2017,18.345410461425782,156,48.86666666666667,9.566666666666666
2017,15.174210510253907,157,49.516666666666666,9.166666666666666
2017,18.199216613769533,158,48.75,9.416666666666666
2017,11.12909454345703,159,48.583333333333336,8.633333333333333
2017,19.94949981689453,160,49.46666666666667,8.733333333333333
2017,14.129589233398438,161,48.016666666666666,7.95
2017,23.2650048828125,162,48,9.966666666666669
2017,11.12909454345703,163,48.583333333333336,8.616666666666667
2017,18.434453735351564,164,49.4,11.316666666666666
2017,22.52383026123047,165,48.11666666666667,11.916666666666666
2017,16.92354522705078,166,49.75,12.383333333333333
2017,19.722989196777345,167,48.96666666666667,12.866666666666667
2017,16.88889923095703,168,48.916666666666664,11.75
2017,18.85954040527344,169,48.4,11.65
2017,24.67198059082031,170,48.21666666666667,12.733333333333333
2017,13.916697235107423,171,50.35,9.916666666666666
2017,10.216950225830079,172,47.56666666666667,12.933333333333334
2017,18.12762634277344,173,49.11666666666667,10.583333333333334
2017,16.794136657714844,174,49.85,10.516666666666667
2017,17.91683319091797,175,49.96666666666667,11.8
2017,18.875203857421877,176,48.7,12.733333333333333
2017,18.1023486328125,177,49.68333333333333,11.5
2017,17.152702026367187,178,49.96666666666667,9.45
2017,25.085667572021485,179,47.86666666666667,10.783333333333331
2017,17.481606521606444,180,47.56666666666667,10.383333333333333
2017,20.384947204589842,181,48.4,10.533333333333331
2017,19.306451110839845,182,49.266666666666666,12.383333333333333
2017,14.380589294433594,183,50.45,11.35
2017,15.57212188720703,184,49.71666666666667,9.883333333333333
2017,21.36747299194336,185,47.71666666666667,11.666666666666666
2017,19.360306701660157,186,48.28333333333333,11.066666666666666
2017,21.742460021972658,187,52.833333333333336,10.25
2017,24.099693603515625,188,51.85,10.4
2017,21.82848846435547,189,51.85,10.416666666666666
2017,20.726670837402345,190,51.75,9.566666666666666
2017,18.869185791015624,191,51.516666666666666,10.033333333333331
2017,24.255407409667967,192,53.166666666666664,9.9
2017,36.19341674804687,193,52.9,7.85
2017,17.381429443359377,194,50.63333333333333,9.666666666666666
2017,16.208164978027344,195,50.416666666666664,9.666666666666666
2017,16.65119354248047,196,50.7,8.883333333333333
2017,18.472613830566406,197,50.15,9.383333333333333
2017,14.31661895751953,198,50.56666666666667,8.2
2017,16.462127380371093,199,50.916666666666664,9.333333333333334
2017,21.45886489868164,200,54.083333333333336,10.233333333333333
2017,18.265594482421875,201,49.63333333333333,8.833333333333334
2017,17.308316345214845,202,52.56666666666667,11.166666666666666
2017,16.243251342773437,203,52.05,12.3
2017,17.436814270019532,204,51.36666666666667,9.266666666666667
2017,17.37628662109375,205,51.28333333333333,9.75
2017,14.876928405761719,206,50.68333333333333,8.633333333333333
2017,14.728457946777343,207,51.15,9.016666666666667
2017,18.41826629638672,208,49.7,8.516666666666667
2017,18.41826629638672,209,49.7,8.533333333333333
2017,17.308316345214845,210,52.56666666666667,11.183333333333334
2017,17.35197769165039,211,53.666666666666664,12.05
2017,15.564537963867188,212,53.63333333333333,13.933333333333334
2017,30.585410766601562,213,51.75,6.05
2017,27.223783569335936,214,51.71666666666667,6.166666666666667
2017,29.87251403808594,215,51.68333333333333,7.25
2017,26.517525329589844,216,51.833333333333336,8.95
2017,14.838788757324219,217,51.21666666666667,8.666666666666666
2017,17.876295471191405,218,51.016666666666666,8.183333333333334
2017,17.427413024902343,219,50.666666666666664,6.25
2017,27.227396240234373,220,51.7,8.983333333333333
2017,14.936292419433594,221,49.68333333333333,7.016666666666667
2017,14.935354309082031,222,50.416666666666664,7.083333333333333
2017,12.552393798828126,223,49.63333333333333,7.916666666666667
2017,16.232205505371095,224,50.4,7.716666666666667
2017,14.310291137695312,225,49.266666666666666,7.8
2017,15.994058532714844,226,49.016666666666666,8.116666666666667
2017,14.420003967285156,227,49.3,7.866666666666667
2017,15.582103881835938,228,49.31666666666667,7.016666666666667
2017,16.638170166015627,229,50.416666666666664,12.533333333333331
2017,15.129634399414062,230,50.63333333333333,13.3
2017,15.01198516845703,231,50.81666666666667,14.083333333333334
2017,13.485440368652343,232,51.11666666666667,14.55
2017,17.932105712890625,233,51.233333333333334,13.816666666666666
2017,15.82946533203125,234,51.18333333333333,12.816666666666666
2017,15.0197705078125,235,50.6,10.783333333333331
2017,14.768470458984375,236,51.333333333333336,10.85
2017,15.40037353515625,237,50.78333333333333,11.65
2017,14.207332000732421,238,50.93333333333333,11.016666666666667
2017,14.242198791503906,239,50.483333333333334,11.483333333333333
2017,5.954807739257813,240,41.833333333333336,13.583333333333334
2017,6.49913330078125,241,40.6,15.866666666666667
2017,6.699004211425781,242,38.416666666666664,16.166666666666668
2017,5.085692138671875,243,40.416666666666664,15.433333333333334
2017,17.242613830566405,244,44.71666666666667,10.2
2017,10.25459930419922,245,44.1,11.116666666666667
2017,21.696491088867187,246,45.81666666666667,13.166666666666666
2017,10.17921546936035,247,46.483333333333334,13.583333333333334
2017,6.336675109863282,248,42.81666666666667,11.9
2017,6.175116920471192,249,46.233333333333334,9.55
2017,9.049224243164062,250,43.28333333333333,13.066666666666666
2017,22.85868682861328,251,45.666666666666664,8.066666666666666
2017,8.232274322509765,252,41.81666666666667,15.983333333333333
2017,5.317389831542969,253,39.333333333333336,8.566666666666666
2017,11.443873748779296,254,43.5,10.433333333333334
2017,8.239791717529297,255,46.35,11.483333333333333
2017,8.95963119506836,256,43.45,12.45
2017,3.2699417877197265,257,45.71666666666667,6.916666666666667
2017,26.219395446777344,258,46.05,12.016666666666667
2017,3.8176725769042967,259,37.9,13.4
2017,7.140465850830078,260,41.9,14.35
2017,18.24072006225586,261,45.95,10.116666666666667
2017,20.54240188598633,262,45.88333333333333,9.383333333333333
2017,6.59109504699707,263,42.86666666666667,10.766666666666667
2017,8.620030670166015,264,43.733333333333334,11.566666666666666
2017,10.805267944335938,265,46.583333333333336,11.433333333333334
2017,12.081967086791993,266,44.4,9.45
2017,24.040451049804688,267,45.516666666666666,8.7
2017,4.148002223968506,268,46.31666666666667,8.266666666666667
2017,35.38688110351563,269,45.2,10.733333333333333
2017,7.229591674804688,270,46.266666666666666,8.233333333333333
2017,7.6290066528320315,271,41.233333333333334,13.066666666666666
2017,7.6290066528320315,272,41.233333333333334,13.083333333333334
2017,10.97212173461914,273,51.1,-0.85
2017,10.821451416015625,274,51.583333333333336,-1.9166666666666663
2017,12.246515274047852,275,54.3,-3.0166666666666666
2017,13.925047912597655,276,52.43333333333333,0.8666666666666667
2017,11.477921600341796,277,53.4,-1.75
2017,2.9837383460998534,278,56.65,-4.283333333333333
2017,7.857677307128906,279,55.083333333333336,-2.466666666666667
2017,3.2653153800964354,280,56.71666666666667,-4.05
2017,4.4914404296875,281,56.233333333333334,-5.266666666666667
2017,7.042931365966797,282,52.11666666666667,-3.7333333333333334
2017,11.999067993164063,283,51.2,1.1166666666666667
2017,9.789178771972656,284,51.11666666666667,-1.2333333333333334
2017,10.97212173461914,285,51.016666666666666,-0.8666666666666667
2017,9.789178771972656,286,51.13333333333333,-1.2333333333333334
2017,7.275883483886719,287,53.1,-6.233333333333333
2017,9.390450897216796,288,52.96666666666667,-6.183333333333334
2017,10.649095153808593,289,52.53333333333333,-7.033333333333333
2017,10.21589698791504,290,52.3,-8.616666666666667
2017,10.414791564941407,291,52.583333333333336,-7.666666666666667
2017,10.549741744995117,292,53.483333333333334,-6.85
2017,6.031936798095703,293,54.18333333333333,-8.616666666666667
2017,9.04255702972412,294,53.96666666666667,-7.65
2017,8.102488670349121,295,54.13333333333333,-7.666666666666667
2017,4.261545639038086,296,53.35,-9.333333333333334
2017,3.791593894958496,297,53.75,-9.55
2017,13.176367340087891,298,56.28333333333333,8.416666666666666
2017,15.159686584472656,299,55.13333333333333,8.883333333333333
2017,11.869503479003907,300,55.95,12.35
2017,14.175530548095702,301,56.083333333333336,9.35
2017,12.716546783447265,302,55.36666666666667,11.55
2017,12.787212219238281,303,55.7,12.35
2017,12.201455307006835,304,56.38333333333333,9.333333333333334
2017,13.727792358398437,305,55,9.916666666666666
2017,14.175530548095702,306,56.06666666666667,9.333333333333334
2017,5.137574539184571,307,38.833333333333336,21.3
2017,7.592319641113281,308,39.78333333333333,22.783333333333335
2017,7.592319641113281,309,39.78333333333333,22.766666666666666
2017,4.777571105957032,310,38.86666666666667,21.866666666666667
2017,4.777571105957032,311,38.86666666666667,21.85
2017,5.656363906860352,312,40.06666666666667,-8.25
2017,4.374523315429688,313,38.95,-8.066666666666666
2017,4.113452606201172,314,38.083333333333336,-7.033333333333333
2017,5.118916778564453,315,38.31666666666667,-8.533333333333333
2017,3.940563430786133,316,41.5,-7.633333333333333
2017,3.4554878997802736,317,40.4,-7.533333333333333
2017,9.107604370117187,318,39.78333333333333,-8.95
2017,6.71359619140625,319,38.65,-8.616666666666667
2017,4.807227706909179,320,43.1,-4.633333333333333
2017,6.496539306640625,321,42.25,-2.7
2017,16.778089904785155,322,41.81666666666667,2.6166666666666667
2017,5.039628219604492,323,40.86666666666667,-3.966666666666667
2017,7.60238021850586,324,40.53333333333333,0.01666666666666666
2017,5.388594055175782,325,39.93333333333333,-5.783333333333333
2017,5.798109931945801,326,37.15,-6.716666666666667
2017,4.35956069946289,327,40.18333333333333,-6.433333333333334
2017,3.037203140258789,328,38.46666666666667,-6.75
2017,6.543355674743652,329,43.15,-5.466666666666667
2017,4.505847015380859,330,40.43333333333333,-4.116666666666666
2017,7.253545532226562,331,42.983333333333334,-1.3333333333333333
2017,4.538514785766601,332,37.81666666666667,-5.683333333333334
2017,6.754170684814453,333,36.36666666666667,-5.566666666666666
2017,15.887591247558595,334,41.766666666666666,2.4
2017,7.384203109741211,335,40.9,0.38333333333333336
2017,12.457010650634766,336,43.016666666666666,-8.95
2017,4.09577392578125,337,40.46666666666667,-1.6666666666666663
2017,5.276105575561523,338,40.31666666666667,-0.7166666666666667
2017,7.665499496459961,339,42.516666666666666,-1.0666666666666669
2017,5.047944259643555,340,42.63333333333333,-0.2833333333333333
2017,6.1320368194580075,341,38.516666666666666,-0.6333333333333333
2017,5.31590461730957,342,38.166666666666664,-4.066666666666666
2017,5.258147735595703,343,37.9,-2.8833333333333333
2017,4.704653396606445,344,37,-3
2017,5.75923713684082,345,41.6,-3.033333333333333
2017,5.128208618164063,346,41.86666666666667,-2.8666666666666667
2017,4.45920036315918,347,41.983333333333334,-2.5
2017,7.0136054992675785,348,43,-3.6833333333333336
2017,5.124836959838867,349,42.86666666666667,-4.55
2017,5.19919303894043,350,42.78333333333333,-5.366666666666666
2017,3.5799915313720705,351,41.78333333333333,-6.366666666666666
2017,5.368673706054688,352,41.333333333333336,-4.533333333333333
2017,7.0740406036376955,353,41.35,-4.283333333333333
2017,3.4579937744140623,354,40.333333333333336,-5.933333333333334
2017,3.9045169830322264,355,40.21666666666667,-5.016666666666667
2017,5.503754196166992,356,39.81666666666667,2.9
2017,4.85271656036377,357,39.85,3.1666666666666665
2017,4.993662261962891,358,40.016666666666666,-1.9666666666666668
2017,5.81714241027832,359,39.833333333333336,-1.3
2017,4.079656524658203,360,39.38333333333333,-4.116666666666666
2017,10.814322509765624,361,43.13333333333333,-2.966666666666667
2017,4.830677490234375,362,38.483333333333334,-2.466666666666667
2017,11.439251861572266,363,42.28333333333333,1.8833333333333333
2017,5.2014523696899415,364,42.6,1.0666666666666669
2017,4.0670637512207035,365,39.6,-4.683333333333334
2017,3.975023651123047,366,41.9,-8.116666666666667
2017,NA,367,28.133333333333333,-17.283333333333335
2017,NA,368,28.116666666666667,-17.216666666666665
2017,NA,369,28.183333333333337,-16.666666666666668
2017,9.095968170166016,370,42.733333333333334,-8.7
2017,5.063402252197266,371,38.06666666666667,-2.8166666666666664
2017,4.122810783386231,372,37.53333333333333,-7.183333333333334
2017,6.1320368194580075,373,38.516666666666666,-0.6166666666666667
2017,5.128208618164063,374,41.86666666666667,-2.8833333333333333
2017,5.124836959838867,375,42.85,-4.55
2017,10.814322509765624,376,43.13333333333333,-2.9833333333333334
2017,4.830677490234375,377,38.46666666666667,-2.45
2017,9.852785339355469,378,39.333333333333336,-0.31666666666666665
2017,3.8940504455566405,379,37.45,-6.833333333333333
2017,16.588441467285158,380,49.983333333333334,6.033333333333333
2017,20.54162109375,381,49.65,6.183333333333334
2017,12.10531478881836,382,56.166666666666664,13.15
2017,1.9649960899353027,383,63.03333333333333,17.416666666666668
2017,4.7584912109375,384,59.65,17.883333333333333
2017,3.5419421768188477,385,60.18333333333333,17.716666666666665
2017,4.279420547485351,386,58.96666666666667,15.85
2017,4.892849731445312,387,58.21666666666667,15.916666666666666
2017,7.016246643066406,388,57.45,13.7
2017,7.683335266113281,389,56.46666666666667,15.116666666666667
2017,5.534812774658203,390,57.7,15.916666666666666
2017,9.473609924316406,391,56.3,14.85
2017,9.250437927246093,392,56.3,15.7
2017,9.868841857910157,393,56.36666666666667,13.816666666666666
2017,9.795434875488281,394,56.166666666666664,14.233333333333333
2017,10.464471588134765,395,56.25,13.533333333333331
2017,12.368203735351562,396,56.333333333333336,13.016666666666667
2017,11.900143280029297,397,55.983333333333334,13.383333333333333
2017,13.475999755859375,398,57.2,12.45
2017,12.102667236328125,399,57.03333333333333,12.8
2017,7.157623825073242,400,58.36666666666667,12.083333333333334
2017,7.068032836914062,401,57.55,13.5
2017,8.332458114624023,402,57.21666666666667,13.1
2017,9.747061157226563,403,57.516666666666666,12.466666666666669
2017,6.329447479248047,404,58.13333333333333,14.066666666666666
2017,4.787249336242676,405,58.85,13.683333333333334
2017,4.2446715354919435,406,59.95,12.633333333333333
2017,4.480332756042481,407,59.666666666666664,11.95
2017,3.9657101249694824,408,59.583333333333336,12.483333333333333
2017,3.823333625793457,409,59.8,15.483333333333333
2017,3.4476520919799807,410,60.016666666666666,15.4
2017,2.4900495338439943,411,61.2,15.2
2017,3.1372902297973635,412,60.266666666666666,14.5
2017,2.161392879486084,413,62.18333333333333,16.716666666666665
2017,2.2122738552093506,414,63.166666666666664,17.916666666666668
2017,1.3435547637939453,415,63.333333333333336,14.75
2017,2.3827739810943602,416,63.75,19.4
2017,1.0174684309959412,417,64.5,17.4
2017,1.0695784378051758,418,65.45,19.4
2017,7.257718963623047,419,57.1,14.55
2017,6.215497131347656,420,57.13333333333333,14.766666666666667
2017,6.215497131347656,421,57.166666666666664,14.8
2017,9.057391510009765,422,58.05,12.016666666666667
2017,9.057391510009765,423,58.06666666666667,12.016666666666667
2017,3.844036750793457,424,59.75,14.9
2017,3.764075927734375,425,59.9,15.233333333333333
2017,4.180301094055176,426,59.56666666666667,14.833333333333334
2017,1.4059698534011842,427,63.85,18.1
2017,1.6135588741302491,428,64.03333333333333,18.916666666666668
2017,1.757594051361084,429,64.25,19.8
2017,8.296249160766601,430,56.333333333333336,14.966666666666669
2017,11.793615264892578,431,57.5,12.233333333333333
2017,7.854311065673828,432,58.43333333333333,11.733333333333333
2017,4.489168357849121,433,59.56666666666667,18.05
2017,4.397559814453125,434,59.083333333333336,17.633333333333333
2017,3.808203125,435,60.016666666666666,17.183333333333334
2017,4.870621719360352,436,58.95,16.983333333333334
2017,5.238119735717773,437,58.766666666666666,16.8
2017,4.811511840820312,438,59.03333333333333,16.25
2017,4.317004241943359,439,59.3,16.116666666666667
2017,4.877073516845703,440,58.15,15.416666666666666
2017,4.879297790527343,441,58.75,15.133333333333333
2017,5.500003890991211,442,57.86666666666667,14.75
2017,5.318811492919922,443,57.833333333333336,14.983333333333333
2017,5.546276779174804,444,57.5,15.333333333333334
2017,8.143253021240234,445,57.13333333333333,13.583333333333334
2017,6.800232467651367,446,56.88333333333333,15.1
2017,7.016210556030273,447,57.05,14.366666666666667
2017,7.045183334350586,448,56.833333333333336,13.733333333333333
2017,9.771520233154297,449,56.733333333333334,13.366666666666667
2017,4.7437268829345705,450,58.05,16.1
2017,6.608667526245117,451,56.63333333333333,15.616666666666667
2017,7.3697981262207035,452,56.85,16.316666666666666
2017,9.52172836303711,453,56.28333333333333,14.65
2017,8.367589721679687,454,56.4,15.3
2017,9.816243438720702,455,56.21666666666667,15.433333333333334
2017,8.643439788818359,456,56.38333333333333,14.533333333333331
2017,11.321747283935547,457,56.016666666666666,13.916666666666666
2017,11.453282165527344,458,56.1,13.516666666666667
2017,11.330449829101562,459,56.13333333333333,13.5
2017,11.4456201171875,460,55.916666666666664,13.583333333333334
2017,11.310509338378907,461,55.61666666666667,13.433333333333334
2017,14.340990753173829,462,57.06666666666667,12.55
2017,13.73197296142578,463,56.93333333333333,12.716666666666669
2017,11.747510528564453,464,56.766666666666666,13.133333333333333
2017,8.23555778503418,465,57,13.366666666666667
2017,12.517052459716798,466,56.68333333333333,13.15
2017,7.276725769042969,467,58.53333333333333,11.716666666666669
2017,8.452965698242188,468,57.4,13.1
2017,6.089053039550781,469,57.766666666666666,13.733333333333333
2017,5.666820678710938,470,58.71666666666667,11.966666666666669
2017,5.785290908813477,471,58.61666666666667,13.766666666666667
2017,5.078512268066406,472,59.65,13.8
2017,4.6512487030029295,473,59.81666666666667,12.9
2017,3.184028968811035,474,60.583333333333336,13.116666666666667
2017,4.180301094055176,475,59.583333333333336,14.866666666666667
2017,4.130719413757324,476,59.583333333333336,14.7
2017,3.655919704437256,477,59.86666666666667,14.416666666666666
2017,4.1418750381469724,478,59.083333333333336,15.5
2017,5.023277282714844,479,59.333333333333336,15.933333333333334
2017,2.6601259899139404,480,61.11666666666667,14.35
2017,3.28776309967041,481,60.4,15.266666666666667
2017,2.411515712738037,482,61.733333333333334,16.516666666666666
2017,2.968526725769043,483,60.65,16.283333333333335
2017,1.9626054191589355,484,62.266666666666666,16.333333333333332
2017,1.6894808578491212,485,62,14.416666666666666
2017,1.5548059797286988,486,63.06666666666667,16.733333333333334
2017,1.2301134634017945,487,64.48333333333333,18.466666666666665
2017,1.0037983286380767,488,65.4,18.1
2017,1.9047896575927734,489,65.95,23.25
2017,1.1584088754653932,490,66.06666666666666,20.616666666666667
2017,2.411515712738037,491,61.71666666666667,16.516666666666666
2017,16.32831787109375,492,48.11666666666667,16.033333333333335
2017,13.557944793701171,493,47.766666666666666,16.316666666666666
2017,10.466310272216797,494,47.483333333333334,16.55
2017,10.617590942382812,495,46.733333333333334,14.5
2017,8.67513053894043,496,46.766666666666666,13.166666666666666
2017,9.729179229736328,497,46.71666666666667,13.666666666666666
2017,14.401858978271484,498,48.35,15.2
2017,13.31052490234375,499,47.63333333333333,16.133333333333333
2017,13.090767669677735,500,48.916666666666664,15.183333333333334
2017,27.62543487548828,501,48.1,12.866666666666667
2017,26.708685607910155,502,47.86666666666667,13.35
2017,9.543674011230468,503,47.483333333333334,13.416666666666666
2017,11.518799896240234,504,46.61666666666667,15.5
2017,10.281606750488281,505,47.36666666666667,15.166666666666666
2017,9.666572570800781,506,47.63333333333333,15.65
2017,6.540147094726563,507,47.05,14.1
2017,9.407786483764648,508,47.31666666666667,12.4
2017,7.979693679809571,509,47.38333333333333,10.9
2017,17.366900482177734,510,47.36666666666667,11.883333333333333
2017,25.580628967285158,511,47.483333333333334,9.983333333333333
2017,0.6272801518440246,512,69.56666666666666,28.883333333333333
2017,0.8572028684616089,513,67.95,24.05
2017,0.8834036803245544,514,67.98333333333333,24.216666666666665
2017,1.0476860523223877,515,67.33333333333333,26.633333333333333
2017,1.3891691827774049,516,66.31666666666666,26.633333333333333
2017,1.3750373792648316,517,66.35,26.716666666666665
2017,1.173378267288208,518,66.28333333333333,29.45
2017,1.1776925706863404,519,66.33333333333333,29.35
2017,1.9961939525604249,520,64.96666666666667,26.383333333333333
2017,3.511673927307129,521,61.86666666666667,24.216666666666665
2017,3.511673927307129,522,61.85,24.3
2017,4.777719879150391,523,60.65,23.8
2017,4.658150520324707,524,60.61666666666667,23.833333333333332
2017,5.267791213989258,525,60.63333333333333,26.083333333333332
2017,5.659755096435547,526,60.65,26.116666666666667
2017,3.1322135734558105,527,61.766666666666666,29.333333333333332
2017,3.1322135734558105,528,61.8,29.316666666666663
2017,5.495800285339356,529,60.7,27.85
2017,4.07511604309082,530,61.233333333333334,25.05
2017,2.677284278869629,531,63.15,30.7
2017,1.173378267288208,532,66.3,29.483333333333334
2017,0.5757615613937378,533,69.73333333333333,26.95
2017,2.544379539489746,534,63.55,22.483333333333334
2017,3.2382241439819337,535,62.45,21.516666666666666
2017,3.1190048027038575,536,62.05,24.366666666666667
2017,3.3301651000976564,537,61.916666666666664,23.316666666666663
2017,6.601310958862305,538,60.03333333333333,23.033333333333335
2017,2.046939535140991,539,64.11666666666666,26.683333333333337
2017,1.3891691827774049,540,66.33333333333333,26.633333333333333
2017,3.709977874755859,541,61.81666666666667,29.3
2017,1.301464557647705,542,66.43333333333334,26.683333333333337
2017,4.637713661193848,543,60.983333333333334,27.266666666666666
2017,4.637713661193848,544,60.916666666666664,27.233333333333334
2017,16.126703796386717,545,46.583333333333336,6.65
2017,21.370451202392577,546,47.38333333333333,8.216666666666667
2017,22.244839706420898,547,47.03333333333333,8.7
2017,12.60751724243164,548,47.21666666666667,7.4
2017,10.745634002685547,549,46.21666666666667,6.283333333333333
2017,16.826177673339842,550,47.68333333333333,8.533333333333333
2017,20.311734161376954,551,46.016666666666666,8.833333333333334
2017,2.779613380432129,552,46.483333333333334,9.883333333333333
2017,7.364362564086914,553,46.43333333333333,8.8
2017,14.942167510986328,554,46.11666666666667,9
2017,8.174535903930664,555,46.266666666666666,7.433333333333334
2017,3.1153071212768553,556,46.65,10.216666666666669
2017,5.794888381958008,557,46.28333333333333,7.85
2017,20.381685180664064,558,47.266666666666666,7.883333333333333
2017,12.559149475097657,559,46.7,7.75
2017,25.645738677978514,560,47.15,9.066666666666666
2017,4.2929792404174805,561,46.8,9.85
2017,21.666824340820313,562,47.46666666666667,8.35
2017,10.986783752441406,563,47.88333333333333,19.95
2017,10.986783752441406,564,47.85,19.966666666666665
2017,11.027524108886718,565,47.55,19.383333333333333
2017,10.331035919189453,566,46.96666666666667,19.55
2017,10.331035919189453,567,46.95,19.533333333333335
2017,10.075230407714844,568,47.333333333333336,21.083333333333332
2017,13.85786102294922,569,47.65,16.483333333333334
2017,12.727012634277344,570,47.65,16.516666666666666
2017,13.85786102294922,571,47.666666666666664,16.5
2017,12.950035095214844,572,46.81666666666667,16.4
2017,10.646451721191406,573,46.583333333333336,16.733333333333334
2017,10.331035919189453,574,46.95,19.55
2017,10.331035919189453,575,46.93333333333333,19.533333333333335
2017,10.745234985351562,576,43.9,26
2017,10.138659515380859,577,44.06666666666667,26.05
2017,9.89075927734375,578,44.3,25.6
2017,10.984765472412109,579,44.5,26.166666666666668
2017,10.6665185546875,580,44.9,26.1
2017,10.008988647460937,581,45.1,25.7
2017,6.404226150512695,582,45.5,25.583333333333332
2017,5.697692260742188,583,45.416666666666664,25.266666666666666
2017,8.414165573120117,584,46.68333333333333,22.616666666666667
2017,9.815338134765625,585,45.016666666666666,24.983333333333334
2017,5.582793502807617,586,47.43333333333333,25.55
2017,6.751144638061524,587,45.333333333333336,25.55
2017,11.507707977294922,588,53.88333333333333,14.5
2017,9.836857147216797,589,54.8,17.933333333333334
2017,13.344893646240234,590,53.78333333333333,15.05
2017,12.410753784179688,591,53.18333333333333,14.483333333333333
2017,14.041663818359375,592,52.9,15.35
2017,14.947863159179688,593,52.766666666666666,14.9
2017,14.03109878540039,594,53.11666666666667,16.033333333333335
2017,12.13734161376953,595,53.766666666666666,15.483333333333333
2017,10.533634490966797,596,54.666666666666664,17.983333333333334
2017,10.725190887451172,597,53.8,16.35
2017,12.335464477539063,598,54.15,17.116666666666667
2017,10.931146392822265,599,54.2,17.216666666666665
2017,12.79166244506836,600,54.083333333333336,19.15
2017,12.79166244506836,601,54.083333333333336,19.2
2017,12.896895141601563,602,54.05,20.4
2017,21.82807891845703,603,54.15,20.166666666666668
2017,13.266724853515624,604,53.766666666666666,19.033333333333335
2017,17.119503173828125,605,53.45,19.416666666666668
2017,9.400704727172851,606,54.28333333333333,23
2017,10.023376235961914,607,54.266666666666666,22.833333333333332
2017,13.786439056396484,608,54.333333333333336,22.35
2017,14.708860473632813,609,53.65,20.15
2017,14.764939117431641,610,53.666666666666664,21.433333333333337
2017,12.337890167236328,611,53.96666666666667,23.116666666666667
2017,11.93149673461914,612,53.9,23.316666666666663
2017,11.485200958251953,613,53.2,23.15
2017,12.22739517211914,614,53.2,23.35
2017,11.71926971435547,615,52.666666666666664,23.716666666666665
2017,11.44996337890625,616,52.85,23.666666666666668
2017,16.21311721801758,617,53.43333333333333,21.816666666666663
2017,13.000623016357421,618,53.28333333333333,22.05
2017,12.678521881103515,619,53.81666666666667,17.85
2017,12.360762023925782,620,53.93333333333333,18.083333333333332
2017,16.19638885498047,621,53.483333333333334,16.383333333333333
2017,14.03916748046875,622,53.3,16.833333333333332
2017,13.369249572753906,623,53.6,16.95
2017,14.750015258789063,624,53.266666666666666,19.55
2017,15.813061981201171,625,52.983333333333334,19.233333333333334
2017,13.44539077758789,626,52.55,15.25
2017,13.752266235351563,627,52.516666666666666,14.95
2017,16.19356628417969,628,52.8,16.416666666666668
2017,20.190045471191407,629,52.95,18.516666666666666
2017,22.47861572265625,630,52.7,18.916666666666668
2017,12.868887329101563,631,51.86666666666667,15.533333333333331
2017,12.221712646484375,632,52.35,15.8
2017,13.647447967529297,633,52.25,16.316666666666666
2017,21.038929748535157,634,52,17.316666666666666
2017,12.768261108398438,635,51.8,16.5
2017,21.8948291015625,636,52.63333333333333,17.65
2017,18.894361572265623,637,51.95,17.2
2017,14.949649047851562,638,51.516666666666666,18.25
2017,20.317195739746094,639,51.6,16.916666666666668
2017,18.57406951904297,640,53.11666666666667,19.783333333333335
2017,15.831908264160155,641,52.71666666666667,20.6
2017,16.079339447021486,642,52.36666666666667,19.9
2017,13.458761596679688,643,52.016666666666666,21.1
2017,12.973140563964844,644,51.8,21.45
2017,13.413216857910156,645,53.3,21.616666666666667
2017,14.53057876586914,646,53.18333333333333,21.083333333333332
2017,11.96751708984375,647,52.766666666666666,22.666666666666668
2017,10.943023529052734,648,51.43333333333333,22.766666666666666
2017,11.900727386474609,649,51.96666666666667,22.983333333333334
2017,10.798443145751953,650,51.483333333333334,23.35
2017,11.03472671508789,651,51.233333333333334,23.5
2017,9.379259872436524,652,50.63333333333333,23.75
2017,12.938469696044923,653,51.36666666666667,15.683333333333334
2017,13.668066864013673,654,51.25,15.483333333333333
2017,11.242299346923827,655,51.35,16.5
2017,12.11461814880371,656,50.88333333333333,17.633333333333333
2017,10.720953369140625,657,50.63333333333333,16.933333333333334
2017,10.818881683349609,658,50.38333333333333,17.55
2017,12.317045440673828,659,50.43333333333333,17.95
2017,12.624441986083985,660,50.53333333333333,17.7
2017,12.825986022949218,661,50.8,18.166666666666668
2017,14.696192474365235,662,50.583333333333336,18.45
2017,13.872263946533202,663,50.233333333333334,18.316666666666663
2017,14.67155288696289,664,51.333333333333336,19.266666666666666
2017,13.012876892089844,665,51.1,20.416666666666668
2017,13.26586898803711,666,51.083333333333336,20.15
2017,10.93694610595703,667,50.7,20.766666666666666
2017,11.737676544189453,668,51.65,21.033333333333335
2017,10.84470718383789,669,51.2,21.383333333333333
2017,10.997353057861329,670,51.21666666666667,22.65
2017,10.814627532958985,671,51.166666666666664,21.866666666666667
2017,10.346162109375,672,50.38333333333333,23.45
2017,10.255834045410156,673,50.43333333333333,23.4
2017,12.862476501464844,674,50.75,18.666666666666668
2017,12.868399658203124,675,51,19.05
2017,15.760347137451172,676,50.2,19.4
2017,14.528209381103515,677,50.35,19.35
2017,14.08582763671875,678,50.333333333333336,19.65
2017,12.896902160644531,679,50.7,19.216666666666665
2017,12.388096008300781,680,50.71666666666667,20.3
2017,12.314716491699219,681,50.55,21.25
2017,12.314579315185547,682,50.46666666666667,22.116666666666667
2017,12.031498107910156,683,50.5,22.933333333333337
2017,11.135389404296875,684,50.416666666666664,22.75
2017,12.981535186767578,685,50.05,20.566666666666663
2017,13.867869110107423,686,50.06666666666667,20.8
2017,11.439917297363282,687,50.266666666666666,22.116666666666667
2017,13.28887466430664,688,50.833333333333336,15.416666666666666
2017,12.20478256225586,689,50.85,15.516666666666667
2017,10.791735000610352,690,50.266666666666666,16.633333333333333
2017,14.140443725585937,691,50.31666666666667,16.416666666666668
2017,12.084151458740234,692,50.25,16.983333333333334
2017,11.3314501953125,693,50.233333333333334,16.783333333333335
2017,15.002779846191407,694,49.666666666666664,18.966666666666665
2017,12.762635650634765,695,49.75,21.816666666666663
2017,12.220590515136719,696,49.61666666666667,22.466666666666665
2017,10.649013977050782,697,49.2,22.716666666666665
2017,10.167274017333984,698,49.06666666666667,22.85
2017,13.662844161987305,699,49.65,19.033333333333335
2017,12.05069351196289,700,49.6,19.083333333333332
2017,13.072623443603515,701,49.516666666666666,18.9
2017,12.609850006103516,702,49.75,19.8
2017,11.642840423583984,703,49.68333333333333,20.166666666666668
2017,10.907734680175782,704,49.416666666666664,20.816666666666663
2017,9.528096237182616,705,49.333333333333336,20.833333333333332
2017,13.246456451416016,706,49.483333333333334,21.616666666666667
2017,12.314989624023438,707,49.4,21.95
2017,10.58976791381836,708,49.45,19.983333333333334
2017,14.947863159179688,709,52.733333333333334,14.866666666666667
2017,13.113899841308594,710,52.86666666666667,15.716666666666669
2017,10.931472015380859,711,54.53333333333333,17.9
2017,11.118415069580077,712,54.55,18.266666666666666
2017,14.601034088134766,713,53.983333333333334,19.433333333333337
2017,13.058226013183594,714,53.85,20.533333333333335
2017,11.293013229370118,715,53.583333333333336,23.266666666666666
2017,11.04353012084961,716,53.68333333333333,16.766666666666666
2017,12.560086517333984,717,51.81666666666667,15.783333333333331
2017,18.067050323486328,718,51.766666666666666,17.566666666666666
2017,21.64159912109375,719,52.483333333333334,19.6
2017,11.188558197021484,720,52.333333333333336,22.65
2017,12.251429138183594,721,52.03333333333333,22.716666666666665
2017,13.668066864013673,722,51.3,15.416666666666666
2017,12.624441986083985,723,50.6,17.683333333333334
2017,10.926096343994141,724,50.61666666666667,17.25
2017,15.626161041259765,725,50.083333333333336,18.65
2017,15.460364227294923,726,50.3,18.483333333333334
2017,12.443546600341797,727,51.03333333333333,19.6
2017,9.449987182617187,728,50.5,23.466666666666665
2017,16.766749267578124,729,50.483333333333334,20.116666666666667
2017,11.747850036621093,730,51.05,15.866666666666667
2017,10.024443054199219,731,50.78333333333333,16.2
2017,11.807350311279297,732,49.85,22.6
2017,12.220590515136719,733,49.65,22.483333333333334
2017,11.142574310302734,734,49.45,22.283333333333335
2017,12.456174926757813,735,49.65,20.25
2017,11.361506958007812,736,48.2,18.383333333333333
2017,8.715304489135741,737,48.916666666666664,19.483333333333334
2017,9.617051620483398,738,48.63333333333333,19.533333333333335
2017,10.853324127197265,739,47.88333333333333,17.583333333333332
2017,9.94915916442871,740,48.61666666666667,19.033333333333335
2017,6.980598983764648,741,49.166666666666664,20.233333333333334
2017,10.85909309387207,742,49.18333333333333,22.083333333333332
2017,13.477103958129883,743,49.5,18.566666666666663
2017,13.477103958129883,744,49.483333333333334,18.566666666666663
2017,10.14847183227539,745,48.38333333333333,19
2017,9.034688110351562,746,48.95,19.383333333333333
2017,9.94915916442871,747,48.61666666666667,19.016666666666666
2017,8.514551982879638,748,58.38333333333333,8.233333333333333
2017,2.8194064807891848,749,59.03333333333333,7.566666666666666
2017,0.8928426766395569,750,65.88333333333334,13.8
2017,5.9849718475341795,751,58.96666666666667,11.516666666666667
2017,2.8002050018310545,752,60.6,6.516666666666667
2017,1.6257122230529786,753,64.65,12.266666666666667
2017,2.1882281494140625,754,61.266666666666666,11.85
2017,4.5859997367858885,755,59.43333333333333,9.866666666666667
2017,2.025836353302002,756,61,9.216666666666669
2017,1.9043366050720214,757,63.28333333333333,11.183333333333334
2017,1.1571643590927123,758,62.766666666666666,8.883333333333333
2017,3.84106351852417,759,60.36666666666667,11.066666666666666
2017,10.598270034790039,760,59.333333333333336,5.783333333333333
2017,2.1882281494140625,761,61.28333333333333,11.85
2017,1.1571643590927123,762,62.78333333333333,8.883333333333333
2017,4.5859997367858885,763,59.45,9.866666666666667
2017,8.256097030639648,764,56.35,24.95
2017,10.395472869873046,765,54.833333333333336,24.05
2017,10.879265747070313,766,54.85,23.533333333333335
2017,8.569211730957031,767,56.333333333333336,24.833333333333332
2017,10.250906524658204,768,54.416666666666664,24.95
2017,10.395472869873046,769,54.81666666666667,24.066666666666663
2017,8.645421295166015,770,54.78333333333333,24.066666666666663
2017,10.823528137207031,771,54.18333333333333,24.6
2017,7.845778121948242,772,55.8,25.516666666666666
2017,9.546876983642578,773,55.81666666666667,21.466666666666665
2017,10.395472869873046,774,54.833333333333336,24.033333333333335
2017,13.525030364990235,775,50.03333333333333,12.616666666666667
2017,11.573320770263672,776,50.166666666666664,17.066666666666666
2017,11.05566162109375,777,50.1,17.2
2017,13.629331970214844,778,49.45,15.766666666666667
2017,12.47565887451172,779,50.55,15.95
2017,14.191712646484374,780,49.666666666666664,15.216666666666669
2017,12.25102294921875,781,50.18333333333333,12.883333333333333
2017,13.298515014648437,782,49.25,15.7
2017,11.542156829833985,783,50.733333333333334,15.533333333333331
2017,14.514479064941407,784,49.06666666666667,17.266666666666666
2017,17.422154541015626,785,50.13333333333333,15.866666666666667
2017,14.443848266601563,786,49.9,14.533333333333331
2017,14.204552764892577,787,49.21666666666667,14.3
2017,13.450826416015625,788,49.016666666666666,14.966666666666669
2017,15.99163330078125,789,50.28333333333333,16.383333333333333
2017,12.071829833984374,790,49.733333333333334,12.85
2017,13.662836456298828,791,49,14.8
2017,13.564661712646485,792,50.63333333333333,14.6
2017,13.834367065429687,793,50.833333333333336,15.333333333333334
2017,13.780519409179687,794,49.7,17.133333333333333
2017,14.580275115966797,795,49.45,18.383333333333333
2017,4.873387756347657,796,59.55,26.033333333333335
2017,4.80894905090332,797,59.56666666666667,26.116666666666667
2017,5.657974395751953,798,58.05,26.1
2017,5.440706253051758,799,58.11666666666667,27.05
2017,4.961588211059571,800,58.35,26.966666666666665
2017,5.937311172485352,801,57.7,26.516666666666666
2017,4.768525924682617,802,59.516666666666666,26.4
2017,4.861834411621094,803,58.266666666666666,26.45
2017,10.379129180908203,804,46.36666666666667,13.933333333333334
2017,17.05575164794922,805,45.983333333333334,13.733333333333333
2017,15.69282699584961,806,45.666666666666664,13.85
2017,16.531177673339844,807,46.28333333333333,14.4
2017,9.368737106323243,808,45.53333333333333,14.8
2017,12.159766235351562,809,46.46666666666667,15.383333333333333
2017,12.153531799316406,810,46.36666666666667,15.233333333333333
2017,12.826225891113282,811,46.1,15.066666666666666
2017,10.425095520019532,812,45.63333333333333,14.633333333333333
2017,12.749466400146485,813,45.86666666666667,15.416666666666666
2017,10.371411590576171,814,46.483333333333334,16.516666666666666
2017,12.159766235351562,815,46.45,15.383333333333333
2017,2.154426679611206,816,64.13333333333334,32.233333333333334
2017,1.8253020286560058,817,64.11666666666666,32.88333333333333
2017,2.051547884941101,818,63.85,30.9
2017,2.126809558868408,819,63.85,31.55
2017,2.1033503341674806,820,63.833333333333336,32.85
2017,2.7068794059753416,821,63.56666666666667,30.883333333333333
2017,2.2464962863922118,822,63.56666666666667,31.533333333333335
2017,2.44976261138916,823,63.266666666666666,32.166666666666664
2017,2.385075149536133,824,63.25,32.8
2017,2.6933470344543458,825,62.96666666666667,32.78333333333333
2017,2.7275850772857666,826,62.93333333333333,34.03333333333333
2017,3.0502252769470215,827,62.916666666666664,34.666666666666664
2017,2.962115845680237,828,62.9,35.3
2017,2.653580360412598,829,62.86666666666667,35.916666666666664
2017,3.4969120025634766,830,62.583333333333336,35.86666666666667
2017,3.3162564849853515,831,62.28333333333333,36.43333333333333
2017,3.093649139404297,832,62.083333333333336,33.916666666666664
2017,3.7004439544677736,833,61.983333333333334,36.36666666666667
2017,3.4069935989379885,834,61.96666666666667,36.96666666666667
2017,3.1294117546081544,835,61.93333333333333,37.583333333333336
2017,4.306663589477539,836,61.85,30.833333333333332
2017,3.4777259063720702,837,61.81666666666667,33.266666666666666
2017,3.5557768630981443,838,61.8,33.88333333333333
2017,3.5259383964538573,839,61.666666666666664,36.916666666666664
2017,4.00539566040039,840,61.55,30.216666666666665
2017,4.58841905593872,841,61.55,32.03333333333333
2017,4.048182067871093,842,61.5,33.833333333333336
2017,3.7507951927185057,843,61.483333333333334,34.45
2017,3.8087788009643555,844,61.46666666666667,35.05
2017,4.24913387298584,845,61.266666666666666,29.633333333333333
2017,3.1770920753479004,846,61.266666666666666,30.216666666666665
2017,5.2816368675231935,847,61.25,32.61666666666667
2017,5.013318977355957,848,61.233333333333334,33.21666666666667
2017,4.151127090454102,849,61.2,34.4
2017,5.7589350509643555,850,60.95,33.18333333333333
2017,4.469698066711426,851,61.25,29.316666666666663
2017,4.810029907226562,852,61.11666666666667,29.033333333333335
2017,4.4523876190185545,853,61.11666666666667,29.333333333333332
2017,4.336427421569824,854,61.11666666666667,29.616666666666667
2017,3.8103279304504394,855,61.11666666666667,29.933333333333337
2017,1.6824352025985718,856,64.7,32.95
2017,4.937617073059082,857,60.96666666666667,29.033333333333335
2017,5.175100517272949,858,60.96666666666667,29.333333333333332
2017,4.903090324401855,859,60.96666666666667,29.633333333333333
2017,5.034040374755859,860,60.96666666666667,30.216666666666665
2017,5.0520860290527345,861,60.833333333333336,28.45
2017,5.360073394775391,862,60.833333333333336,28.75
2017,4.878541297912598,863,60.833333333333336,29.066666666666663
2017,4.124885597229004,864,60.833333333333336,29.35
2017,5.2041679382324215,865,60.81666666666667,29.633333333333333
2017,4.659616012573242,866,60.833333333333336,29.933333333333337
2017,4.00997615814209,867,60.81666666666667,30.233333333333334
2017,4.6909167861938474,868,60.68333333333333,29.933333333333337
2017,4.363098068237305,869,60.68333333333333,28.466666666666665
2017,5.716578979492187,870,60.68333333333333,29.05
2017,5.549671173095703,871,60.7,29.333333333333332
2017,5.047163314819336,872,60.68333333333333,29.65
2017,4.887367897033691,873,60.68333333333333,30.216666666666665
2017,4.798038673400879,874,60.68333333333333,30.483333333333334
2017,5.896963691711425,875,60.53333333333333,27.916666666666668
2017,5.019590377807617,876,60.55,28.216666666666665
2017,4.502210750579834,877,60.53333333333333,28.483333333333334
2017,6.961903305053711,878,60.53333333333333,28.766666666666666
2017,4.825848236083984,879,60.55,29.366666666666667
2017,4.5809619140625,880,60.55,29.633333333333333
2017,5.957847366333008,881,60.55,29.933333333333337
2017,4.783975067138672,882,60.55,30.516666666666666
2017,7.087560195922851,883,60.4,28.766666666666666
2017,6.3975372314453125,884,60.4,29.066666666666663
2017,6.689493789672851,885,60.4,29.35
2017,6.956927185058594,886,60.4,29.633333333333333
2017,6.591049423217774,887,60.4,29.933333333333337
2017,6.018906326293945,888,60.416666666666664,30.2
2017,7.3022943878173825,889,60.266666666666666,29.066666666666663
2017,6.52646354675293,890,60.266666666666666,29.35
2017,6.755536727905273,891,60.266666666666666,29.633333333333333
2017,7.731486511230469,892,60.266666666666666,29.933333333333337
2017,6.898776168823242,893,60.11666666666667,30.516666666666666
2017,7.170583572387695,894,60.11666666666667,30.8
2017,8.59119842529297,895,59.983333333333334,30.8
2017,5.854560127258301,896,59.983333333333334,31.083333333333332
2017,1.2947700786590577,897,66.43333333333334,32.43333333333333
2017,1.1840763330459594,898,66.41666666666667,33.15
2017,1.1791780805587768,899,66.15,31.683333333333337
2017,1.277686629295349,900,66.13333333333334,33.11666666666667
2017,1.2995619297027587,901,66.11666666666666,33.81666666666667
2017,1.3201973056793213,902,65.86666666666666,30.95
2017,1.3906861352920532,903,65.86666666666666,31.666666666666668
2017,1.2318674206733704,904,65.85,33.083333333333336
2017,1.1132142877578735,905,65.83333333333333,33.78333333333333
2017,1.1236023449897765,906,65.81666666666666,34.46666666666667
2017,1.3451411485671998,907,65.58333333333333,30.966666666666665
2017,1.2646323466300964,908,65.58333333333333,31.65
2017,1.291003384590149,909,65.56666666666666,32.35
2017,1.279659173488617,910,65.56666666666666,33.03333333333333
2017,1.5333555126190186,911,65.3,30.25
2017,1.5397349357604981,912,65.3,30.95
2017,1.5791158771514893,913,65.3,31.633333333333333
2017,1.2184464287757875,914,65.26666666666667,33.016666666666666
2017,1.2693538451194764,915,65.25,33.68333333333333
2017,1.3249590277671814,916,65.25,34.38333333333333
2017,1.6063830709457398,917,65.01666666666667,30.25
2017,1.5751218366622926,918,65,32.28333333333333
2017,1.4564938974380492,919,64.98333333333333,32.983333333333334
2017,1.5217364597320557,920,64.96666666666667,33.65
2017,1.4614512825012207,921,64.95,34.333333333333336
2017,1.6699339103698732,922,64.73333333333333,30.25
2017,1.6529382848739624,923,64.71666666666667,30.916666666666668
2017,1.633688406944275,924,64.71666666666667,31.6
2017,1.8509792375564575,925,64.41666666666667,32.9
2017,1.8971566820144654,926,64.4,33.583333333333336
2017,2.137377214431763,927,64.38333333333334,34.25
2017,1.9850927543640138,928,64.15,31.566666666666663
2017,2.1981334781646726,929,64.1,33.53333333333333
2017,2.11486243724823,930,64.08333333333333,34.2
2017,2.097219953536987,931,63.85,32.2
2017,1.9401690697669982,932,63.8,34.15
2017,2.7185841846466063,933,63.78333333333333,34.8
2017,2.036973533630371,934,63.55,32.833333333333336
2017,2.3779750537872313,935,63.53333333333333,33.46666666666667
2017,2.5279788875579836,936,63.21666666666667,34.71666666666667
2017,2.5569285774230956,937,63.18333333333333,35.35
2017,2.5964959716796874,938,63.166666666666664,35.983333333333334
2017,2.522322874069214,939,62.983333333333334,32.13333333333333
2017,2.7522935676574707,940,62.7,32.11666666666667
2017,2.9449114418029785,941,62.68333333333333,32.733333333333334
2017,2.9533226776123045,942,62.666666666666664,33.36666666666667
2017,3.1078145027160646,943,62.63333333333333,34.61666666666667
2017,3.020958213806152,944,62.416666666666664,31.466666666666665
2017,3.029863166809082,945,62.4,32.71666666666667
2017,2.8307440757751463,946,62.38333333333333,33.333333333333336
2017,2.6970293807983396,947,62.36666666666667,33.96666666666667
2017,3.0648364925384524,948,62.333333333333336,35.18333333333333
2017,4.126651420593261,949,62.13333333333333,30.85
2017,3.5031837463378905,950,62.13333333333333,31.45
2017,3.4879644393920897,951,62.11666666666667,32.06666666666667
2017,3.462556324005127,952,62.11666666666667,32.68333333333333
2017,3.1818709182739258,953,62.1,33.3
2017,3.408125705718994,954,62.05,35.15
2017,4.428520965576172,955,61.833333333333336,31.45
2017,3.9768279457092284,956,61.81666666666667,32.666666666666664
2017,4.929346427917481,957,61.55,31.433333333333337
2017,3.8390755081176757,958,61.53333333333333,32.63333333333333
2017,4.039814853668213,959,61.516666666666666,33.233333333333334
2017,5.152742805480957,960,60.93333333333333,33.78333333333333
2017,8.22404052734375,961,42.766666666666666,23.75
2017,9.275712890625,962,43.05,27.766666666666666
2017,5.398732833862304,963,42.06666666666667,23.8
2017,9.296341705322266,964,42.9,27.75
2017,5.341152114868164,965,41.68333333333333,24.733333333333334
2017,9.89802001953125,966,56.21666666666667,21.116666666666667
2017,5.655155487060547,967,57.166666666666664,25.7
2017,7.483225326538086,968,56.733333333333334,23.683333333333337
2017,5.1347783660888675,969,35,33.05
2017,4.960160293579102,970,34.95,32.81666666666667
2017,4.940526275634766,971,34.916666666666664,32.916666666666664
2017,6.153753814697265,972,35.016666666666666,32.61666666666667
2017,10.897917175292969,973,45.15,19.8
2017,6.587022857666016,974,43.28333333333333,20.8
2017,10.534161987304687,975,45.45,19.166666666666668
2017,11.140702514648437,976,44.11666666666667,21.966666666666665
2017,7.665787582397461,977,43.75,19.483333333333334
