survey_year;code_country;partner_code;code_plot;sample_id;survey_number;portal_use;darq;free_files;plv;vem
1988;2;102;11;1101;1;1;0;1;1;1
1988;2;102;12;1201;1;1;0;1;1;1
1988;2;102;13;1301;1;1;0;1;1;1
1988;2;102;14;1401;1;1;0;1;1;1
1988;2;102;15;1501;1;1;0;1;1;1
1988;2;102;16;1601;1;1;0;1;1;1
1988;2;102;17;1701;1;1;0;1;1;1
1988;2;102;18;1801;1;1;0;1;1;1
1988;2;102;19;1901;1;1;0;1;1;1
1988;2;102;20;2001;1;1;0;1;1;1
1990;4;3004;301;1;1;1;0;0;1;1
1990;4;3004;302;1;1;1;0;0;1;1
1990;4;3004;303;1;1;1;0;0;1;1
1990;4;3004;304;1;1;1;0;0;1;1
1990;4;3004;305;1;1;1;0;0;1;1
1990;4;3004;306;1;1;1;0;0;1;1
1990;4;3004;308;1;1;1;0;0;1;1
1991;4;3004;302;1;1;1;0;0;1;1
1991;4;3004;303;1;1;1;0;0;1;1
1991;4;3004;304;1;1;1;0;0;1;1
1991;4;3004;305;1;1;1;0;0;1;1
1991;4;3004;306;1;1;1;0;0;1;1
1991;4;3004;306;1;2;1;0;0;1;1
1991;4;3004;308;1;1;1;0;0;1;1
1991;55;55;1;1991;2;1;0;0;1;1
1991;55;55;18;1991;2;1;0;0;1;1
1992;2;102;21;2101;1;1;0;1;1;1
1992;2;102;22;2201;1;1;0;1;1;1
1992;4;3004;306;1;1;1;0;0;1;1
1992;55;55;8;1992;2;1;0;0;1;1
1993;4;3004;304;1;1;1;0;0;1;1
1993;4;3004;305;1;1;1;0;0;1;1
1993;4;3004;306;1;1;1;0;0;1;1
1993;4;3004;306;1;2;1;0;0;1;1
1993;4;3004;308;1;1;1;0;0;1;1
1994;1;1;8;1;3;1;0;0;1;1
1994;1;1;8;2;3;1;0;0;1;1
1994;1;1;8;3;3;1;0;0;1;1
1994;1;1;8;4;3;1;0;0;1;1
1994;1;1;8;5;3;1;0;0;1;1
1994;1;1;8;6;3;1;0;0;1;1
1994;1;1;8;7;3;1;0;0;1;1
1994;1;1;8;8;3;1;0;0;1;1
1994;1;1;9;1;3;1;0;0;1;1
1994;1;1;9;2;3;1;0;0;1;1
1994;1;1;9;3;3;1;0;0;1;1
1994;1;1;9;4;3;1;0;0;1;1
1994;1;1;9;5;3;1;0;0;1;1
1994;1;1;9;6;3;1;0;0;1;1
1994;1;1;9;7;3;1;0;0;1;1
1994;1;1;9;8;3;1;0;0;1;1
1994;1;1;10;1;2;1;0;0;1;1
1994;1;1;10;1;3;1;0;0;1;1
1994;1;1;10;2;2;1;0;0;1;1
1994;1;1;10;2;3;1;0;0;1;1
1994;1;1;10;3;2;1;0;0;1;1
1994;1;1;10;3;3;1;0;0;1;1
1994;1;1;10;4;2;1;0;0;1;1
1994;1;1;10;4;3;1;0;0;1;1
1994;1;1;10;5;2;1;0;0;1;1
1994;1;1;10;5;3;1;0;0;1;1
1994;1;1;10;6;2;1;0;0;1;1
1994;1;1;10;6;3;1;0;0;1;1
1994;1;1;10;7;2;1;0;0;1;1
1994;1;1;10;7;3;1;0;0;1;1
1994;1;1;10;8;2;1;0;0;1;1
1994;1;1;10;8;3;1;0;0;1;1
1994;1;1;14;1;3;1;0;0;1;1
1994;1;1;14;2;3;1;0;0;1;1
1994;1;1;14;3;3;1;0;0;1;1
1994;1;1;14;4;3;1;0;0;1;1
1994;1;1;14;5;3;1;0;0;1;1
1994;1;1;14;6;3;1;0;0;1;1
1994;1;1;14;7;3;1;0;0;1;1
1994;1;1;14;8;3;1;0;0;1;1
1994;1;1;16;1;3;1;0;0;1;1
1994;1;1;16;2;3;1;0;0;1;1
1994;1;1;16;3;3;1;0;0;1;1
1994;1;1;16;4;3;1;0;0;1;1
1994;1;1;16;5;3;1;0;0;1;1
1994;1;1;16;6;3;1;0;0;1;1
1994;1;1;16;7;3;1;0;0;1;1
1994;1;1;16;8;3;1;0;0;1;1
1994;1;1;35;1;2;1;0;0;1;1
1994;1;1;35;1;3;1;0;0;1;1
1994;1;1;35;2;2;1;0;0;1;1
1994;1;1;35;2;3;1;0;0;1;1
1994;1;1;35;3;2;1;0;0;1;1
1994;1;1;35;3;3;1;0;0;1;1
1994;1;1;35;4;2;1;0;0;1;1
1994;1;1;35;4;3;1;0;0;1;1
1994;1;1;35;5;2;1;0;0;1;1
1994;1;1;35;5;3;1;0;0;1;1
1994;1;1;35;6;2;1;0;0;1;1
1994;1;1;35;6;3;1;0;0;1;1
1994;1;1;35;7;2;1;0;0;1;1
1994;1;1;35;7;3;1;0;0;1;1
1994;1;1;35;8;2;1;0;0;1;1
1994;1;1;35;8;3;1;0;0;1;1
1994;1;1;36;1;3;1;0;0;1;1
1994;1;1;36;2;3;1;0;0;1;1
1994;1;1;36;3;3;1;0;0;1;1
1994;1;1;36;4;3;1;0;0;1;1
1994;1;1;36;5;3;1;0;0;1;1
1994;1;1;36;6;3;1;0;0;1;1
1994;1;1;36;7;3;1;0;0;1;1
1994;1;1;36;8;3;1;0;0;1;1
1994;1;1;39;1;3;1;0;0;1;1
1994;1;1;39;2;3;1;0;0;1;1
1994;1;1;39;3;3;1;0;0;1;1
1994;1;1;39;4;3;1;0;0;1;1
1994;1;1;39;5;3;1;0;0;1;1
1994;1;1;39;6;3;1;0;0;1;1
1994;1;1;39;7;3;1;0;0;1;1
1994;1;1;39;8;3;1;0;0;1;1
1994;1;1;40;1;3;1;0;0;1;1
1994;1;1;40;2;3;1;0;0;1;1
1994;1;1;40;3;3;1;0;0;1;1
1994;1;1;40;4;3;1;0;0;1;1
1994;1;1;40;5;3;1;0;0;1;1
1994;1;1;40;6;3;1;0;0;1;1
1994;1;1;40;7;3;1;0;0;1;1
1994;1;1;40;8;3;1;0;0;1;1
1994;1;1;43;1;2;1;0;0;1;1
1994;1;1;43;1;3;1;0;0;1;1
1994;1;1;43;2;2;1;0;0;1;1
1994;1;1;43;2;3;1;0;0;1;1
1994;1;1;43;3;2;1;0;0;1;1
1994;1;1;43;3;3;1;0;0;1;1
1994;1;1;43;4;2;1;0;0;1;1
1994;1;1;43;4;3;1;0;0;1;1
1994;1;1;43;5;2;1;0;0;1;1
1994;1;1;43;5;3;1;0;0;1;1
1994;1;1;43;6;2;1;0;0;1;1
1994;1;1;43;6;3;1;0;0;1;1
1994;1;1;43;7;2;1;0;0;1;1
1994;1;1;43;7;3;1;0;0;1;1
1994;1;1;43;8;2;1;0;0;1;1
1994;1;1;43;8;3;1;0;0;1;1
1994;1;1;44;1;3;1;0;0;1;1
1994;1;1;44;2;3;1;0;0;1;1
1994;1;1;44;3;3;1;0;0;1;1
1994;1;1;44;4;3;1;0;0;1;1
1994;1;1;44;5;3;1;0;0;1;1
1994;1;1;44;6;3;1;0;0;1;1
1994;1;1;44;7;3;1;0;0;1;1
1994;1;1;44;8;3;1;0;0;1;1
1994;1;1;50;1;2;1;0;0;1;1
1994;1;1;50;1;3;1;0;0;1;1
1994;1;1;50;2;2;1;0;0;1;1
1994;1;1;50;2;3;1;0;0;1;1
1994;1;1;50;3;2;1;0;0;1;1
1994;1;1;50;3;3;1;0;0;1;1
1994;1;1;50;4;2;1;0;0;1;1
1994;1;1;50;4;3;1;0;0;1;1
1994;1;1;50;5;2;1;0;0;1;1
1994;1;1;50;5;3;1;0;0;1;1
1994;1;1;50;6;2;1;0;0;1;1
1994;1;1;50;6;3;1;0;0;1;1
1994;1;1;50;7;2;1;0;0;1;1
1994;1;1;50;7;3;1;0;0;1;1
1994;1;1;50;8;2;1;0;0;1;1
1994;1;1;50;8;3;1;0;0;1;1
1994;1;1;53;1;3;1;0;0;1;1
1994;1;1;53;2;3;1;0;0;1;1
1994;1;1;53;3;3;1;0;0;1;1
1994;1;1;53;4;3;1;0;0;1;1
1994;1;1;53;5;3;1;0;0;1;1
1994;1;1;53;6;3;1;0;0;1;1
1994;1;1;53;7;3;1;0;0;1;1
1994;1;1;53;8;3;1;0;0;1;1
1994;1;1;54;1;3;1;0;0;1;1
1994;1;1;54;2;3;1;0;0;1;1
1994;1;1;54;3;3;1;0;0;1;1
1994;1;1;54;4;3;1;0;0;1;1
1994;1;1;54;5;3;1;0;0;1;1
1994;1;1;54;6;3;1;0;0;1;1
1994;1;1;54;7;3;1;0;0;1;1
1994;1;1;54;8;3;1;0;0;1;1
1994;1;1;55;1;2;1;0;0;1;1
1994;1;1;55;1;3;1;0;0;1;1
1994;1;1;55;2;2;1;0;0;1;1
1994;1;1;55;2;3;1;0;0;1;1
1994;1;1;55;3;2;1;0;0;1;1
1994;1;1;55;3;3;1;0;0;1;1
1994;1;1;55;4;2;1;0;0;1;1
1994;1;1;55;4;3;1;0;0;1;1
1994;1;1;55;5;2;1;0;0;1;1
1994;1;1;55;5;3;1;0;0;1;1
1994;1;1;55;6;2;1;0;0;1;1
1994;1;1;55;6;3;1;0;0;1;1
1994;1;1;55;7;2;1;0;0;1;1
1994;1;1;55;7;3;1;0;0;1;1
1994;1;1;55;8;2;1;0;0;1;1
1994;1;1;55;8;3;1;0;0;1;1
1994;1;1;58;1;3;1;0;0;1;1
1994;1;1;58;2;3;1;0;0;1;1
1994;1;1;58;3;3;1;0;0;1;1
1994;1;1;58;4;3;1;0;0;1;1
1994;1;1;58;5;3;1;0;0;1;1
1994;1;1;58;6;3;1;0;0;1;1
1994;1;1;58;7;3;1;0;0;1;1
1994;1;1;58;8;3;1;0;0;1;1
1994;1;1;60;1;2;1;0;0;1;1
1994;1;1;60;2;2;1;0;0;1;1
1994;1;1;60;3;2;1;0;0;1;1
1994;1;1;60;4;2;1;0;0;1;1
1994;1;1;60;5;2;1;0;0;1;1
1994;1;1;60;6;2;1;0;0;1;1
1994;1;1;60;7;2;1;0;0;1;1
1994;1;1;60;8;2;1;0;0;1;1
1994;1;1;68;1;2;1;0;0;1;1
1994;1;1;68;1;3;1;0;0;1;1
1994;1;1;68;2;2;1;0;0;1;1
1994;1;1;68;2;3;1;0;0;1;1
1994;1;1;68;3;2;1;0;0;1;1
1994;1;1;68;3;3;1;0;0;1;1
1994;1;1;68;4;2;1;0;0;1;1
1994;1;1;68;4;3;1;0;0;1;1
1994;1;1;68;5;2;1;0;0;1;1
1994;1;1;68;5;3;1;0;0;1;1
1994;1;1;68;6;2;1;0;0;1;1
1994;1;1;68;6;3;1;0;0;1;1
1994;1;1;68;7;2;1;0;0;1;1
1994;1;1;68;7;3;1;0;0;1;1
1994;1;1;68;8;2;1;0;0;1;1
1994;1;1;68;8;3;1;0;0;1;1
1994;1;1;76;1;2;1;0;0;1;1
1994;1;1;76;1;3;1;0;0;1;1
1994;1;1;76;2;2;1;0;0;1;1
1994;1;1;76;2;3;1;0;0;1;1
1994;1;1;76;3;2;1;0;0;1;1
1994;1;1;76;3;3;1;0;0;1;1
1994;1;1;76;4;2;1;0;0;1;1
1994;1;1;76;4;3;1;0;0;1;1
1994;1;1;76;5;2;1;0;0;1;1
1994;1;1;76;5;3;1;0;0;1;1
1994;1;1;76;6;2;1;0;0;1;1
1994;1;1;76;6;3;1;0;0;1;1
1994;1;1;76;7;2;1;0;0;1;1
1994;1;1;76;7;3;1;0;0;1;1
1994;1;1;76;8;2;1;0;0;1;1
1994;1;1;76;8;3;1;0;0;1;1
1994;1;1;78;1;3;1;0;0;1;1
1994;1;1;78;2;3;1;0;0;1;1
1994;1;1;78;3;3;1;0;0;1;1
1994;1;1;78;4;3;1;0;0;1;1
1994;1;1;78;5;3;1;0;0;1;1
1994;1;1;78;6;3;1;0;0;1;1
1994;1;1;78;7;3;1;0;0;1;1
1994;1;1;78;8;3;1;0;0;1;1
1994;1;1;89;1;3;1;0;0;1;1
1994;1;1;89;2;3;1;0;0;1;1
1994;1;1;89;3;3;1;0;0;1;1
1994;1;1;89;4;3;1;0;0;1;1
1994;1;1;89;5;3;1;0;0;1;1
1994;1;1;89;6;3;1;0;0;1;1
1994;1;1;89;7;3;1;0;0;1;1
1994;1;1;89;8;3;1;0;0;1;1
1994;1;1;90;1;2;1;0;0;1;1
1994;1;1;90;1;3;1;0;0;1;1
1994;1;1;90;2;2;1;0;0;1;1
1994;1;1;90;2;3;1;0;0;1;1
1994;1;1;90;3;2;1;0;0;1;1
1994;1;1;90;3;3;1;0;0;1;1
1994;1;1;90;4;2;1;0;0;1;1
1994;1;1;90;4;3;1;0;0;1;1
1994;1;1;90;5;2;1;0;0;1;1
1994;1;1;90;5;3;1;0;0;1;1
1994;1;1;90;6;2;1;0;0;1;1
1994;1;1;90;6;3;1;0;0;1;1
1994;1;1;90;7;2;1;0;0;1;1
1994;1;1;90;7;3;1;0;0;1;1
1994;1;1;90;8;2;1;0;0;1;1
1994;1;1;90;8;3;1;0;0;1;1
1994;1;1;94;1;3;1;0;0;1;1
1994;1;1;94;2;3;1;0;0;1;1
1994;1;1;94;3;3;1;0;0;1;1
1994;1;1;94;4;3;1;0;0;1;1
1994;1;1;94;5;3;1;0;0;1;1
1994;1;1;94;6;3;1;0;0;1;1
1994;1;1;94;7;3;1;0;0;1;1
1994;1;1;94;8;3;1;0;0;1;1
1994;1;1;95;1;2;1;0;0;1;1
1994;1;1;95;1;3;1;0;0;1;1
1994;1;1;95;2;2;1;0;0;1;1
1994;1;1;95;2;3;1;0;0;1;1
1994;1;1;95;3;2;1;0;0;1;1
1994;1;1;95;3;3;1;0;0;1;1
1994;1;1;95;4;2;1;0;0;1;1
1994;1;1;95;4;3;1;0;0;1;1
1994;1;1;95;5;2;1;0;0;1;1
1994;1;1;95;5;3;1;0;0;1;1
1994;1;1;95;6;2;1;0;0;1;1
1994;1;1;95;6;3;1;0;0;1;1
1994;1;1;95;7;2;1;0;0;1;1
1994;1;1;95;7;3;1;0;0;1;1
1994;1;1;95;8;2;1;0;0;1;1
1994;1;1;95;8;3;1;0;0;1;1
1994;1;1;96;1;3;1;0;0;1;1
1994;1;1;96;2;3;1;0;0;1;1
1994;1;1;96;3;3;1;0;0;1;1
1994;1;1;96;4;3;1;0;0;1;1
1994;1;1;96;5;3;1;0;0;1;1
1994;1;1;96;6;3;1;0;0;1;1
1994;1;1;96;7;3;1;0;0;1;1
1994;1;1;96;8;3;1;0;0;1;1
1994;1;1;97;1;3;1;0;0;1;1
1994;1;1;97;2;3;1;0;0;1;1
1994;1;1;97;3;3;1;0;0;1;1
1994;1;1;97;4;3;1;0;0;1;1
1994;1;1;97;5;3;1;0;0;1;1
1994;1;1;97;6;3;1;0;0;1;1
1994;1;1;97;7;3;1;0;0;1;1
1994;1;1;97;8;3;1;0;0;1;1
1994;4;3004;301;1;1;1;0;0;1;1
1994;4;3004;302;1;1;1;0;0;1;1
1994;4;3004;303;1;1;1;0;0;1;1
1994;4;3004;304;1;1;1;0;0;1;1
1994;4;3004;305;1;1;1;0;0;1;1
1994;4;3004;306;1;1;1;0;0;1;1
1994;4;3004;306;1;2;1;0;0;1;1
1994;4;3004;307;1;1;1;0;0;1;1
1994;50;50;8;1;1;1;0;1;1;1
1994;50;50;8;2;1;1;0;1;1;1
1994;50;50;8;4;1;1;0;1;1;1
1994;50;50;8;5;1;1;0;1;1;1
1994;50;50;8;6;1;1;0;1;1;1
1994;50;50;8;8;1;1;0;1;1;1
1994;50;50;13;1;1;1;0;1;1;1
1994;50;50;13;2;1;1;0;1;1;1
1994;50;50;13;4;1;1;0;1;1;1
1994;50;50;13;5;1;1;0;1;1;1
1994;50;50;13;6;1;1;0;1;1;1
1994;50;50;13;8;1;1;0;1;1;1
1995;1;1;1;1;1;1;0;0;1;1
1995;1;1;1;1;2;1;0;0;1;1
1995;1;1;1;1;3;1;0;0;1;1
1995;1;1;1;2;1;1;0;0;1;1
1995;1;1;1;2;2;1;0;0;1;1
1995;1;1;1;2;3;1;0;0;1;1
1995;1;1;1;3;1;1;0;0;1;1
1995;1;1;1;3;2;1;0;0;1;1
1995;1;1;1;3;3;1;0;0;1;1
1995;1;1;1;4;1;1;0;0;1;1
1995;1;1;1;4;2;1;0;0;1;1
1995;1;1;1;4;3;1;0;0;1;1
1995;1;1;1;5;1;1;0;0;1;1
1995;1;1;1;5;2;1;0;0;1;1
1995;1;1;1;5;3;1;0;0;1;1
1995;1;1;1;6;1;1;0;0;1;1
1995;1;1;1;6;2;1;0;0;1;1
1995;1;1;1;6;3;1;0;0;1;1
1995;1;1;1;7;1;1;0;0;1;1
1995;1;1;1;7;2;1;0;0;1;1
1995;1;1;1;7;3;1;0;0;1;1
1995;1;1;1;8;1;1;0;0;1;1
1995;1;1;1;8;2;1;0;0;1;1
1995;1;1;1;8;3;1;0;0;1;1
1995;1;1;2;1;1;1;0;0;1;1
1995;1;1;2;1;2;1;0;0;1;1
1995;1;1;2;1;3;1;0;0;1;1
1995;1;1;2;2;1;1;0;0;1;1
1995;1;1;2;2;2;1;0;0;1;1
1995;1;1;2;2;3;1;0;0;1;1
1995;1;1;2;3;1;1;0;0;1;1
1995;1;1;2;3;2;1;0;0;1;1
1995;1;1;2;3;3;1;0;0;1;1
1995;1;1;2;4;1;1;0;0;1;1
1995;1;1;2;4;2;1;0;0;1;1
1995;1;1;2;4;3;1;0;0;1;1
1995;1;1;2;5;1;1;0;0;1;1
1995;1;1;2;5;2;1;0;0;1;1
1995;1;1;2;5;3;1;0;0;1;1
1995;1;1;2;6;1;1;0;0;1;1
1995;1;1;2;6;2;1;0;0;1;1
1995;1;1;2;6;3;1;0;0;1;1
1995;1;1;2;7;1;1;0;0;1;1
1995;1;1;2;7;2;1;0;0;1;1
1995;1;1;2;7;3;1;0;0;1;1
1995;1;1;2;8;1;1;0;0;1;1
1995;1;1;2;8;2;1;0;0;1;1
1995;1;1;2;8;3;1;0;0;1;1
1995;1;1;3;1;1;1;0;0;1;1
1995;1;1;3;1;2;1;0;0;1;1
1995;1;1;3;1;6;1;0;0;1;1
1995;1;1;3;2;1;1;0;0;1;1
1995;1;1;3;2;2;1;0;0;1;1
1995;1;1;3;2;6;1;0;0;1;1
1995;1;1;3;3;1;1;0;0;1;1
1995;1;1;3;3;2;1;0;0;1;1
1995;1;1;3;3;6;1;0;0;1;1
1995;1;1;3;4;1;1;0;0;1;1
1995;1;1;3;4;2;1;0;0;1;1
1995;1;1;3;4;6;1;0;0;1;1
1995;1;1;3;5;1;1;0;0;1;1
1995;1;1;3;5;2;1;0;0;1;1
1995;1;1;3;5;6;1;0;0;1;1
1995;1;1;3;6;1;1;0;0;1;1
1995;1;1;3;6;2;1;0;0;1;1
1995;1;1;3;6;6;1;0;0;1;1
1995;1;1;3;7;1;1;0;0;1;1
1995;1;1;3;7;2;1;0;0;1;1
1995;1;1;3;7;6;1;0;0;1;1
1995;1;1;3;8;1;1;0;0;1;1
1995;1;1;3;8;2;1;0;0;1;1
1995;1;1;3;8;6;1;0;0;1;1
1995;1;1;4;1;1;1;0;0;1;1
1995;1;1;4;1;2;1;0;0;1;1
1995;1;1;4;1;3;1;0;0;1;1
1995;1;1;4;2;1;1;0;0;1;1
1995;1;1;4;2;2;1;0;0;1;1
1995;1;1;4;2;3;1;0;0;1;1
1995;1;1;4;3;1;1;0;0;1;1
1995;1;1;4;3;2;1;0;0;1;1
1995;1;1;4;3;3;1;0;0;1;1
1995;1;1;4;4;1;1;0;0;1;1
1995;1;1;4;4;2;1;0;0;1;1
1995;1;1;4;4;3;1;0;0;1;1
1995;1;1;4;5;1;1;0;0;1;1
1995;1;1;4;5;2;1;0;0;1;1
1995;1;1;4;5;3;1;0;0;1;1
1995;1;1;4;6;1;1;0;0;1;1
1995;1;1;4;6;2;1;0;0;1;1
1995;1;1;4;6;3;1;0;0;1;1
1995;1;1;4;7;1;1;0;0;1;1
1995;1;1;4;7;2;1;0;0;1;1
1995;1;1;4;7;3;1;0;0;1;1
1995;1;1;4;8;1;1;0;0;1;1
1995;1;1;4;8;2;1;0;0;1;1
1995;1;1;4;8;3;1;0;0;1;1
1995;1;1;5;1;1;1;0;0;1;1
1995;1;1;5;1;2;1;0;0;1;1
1995;1;1;5;1;3;1;0;0;1;1
1995;1;1;5;2;1;1;0;0;1;1
1995;1;1;5;2;2;1;0;0;1;1
1995;1;1;5;2;3;1;0;0;1;1
1995;1;1;5;3;1;1;0;0;1;1
1995;1;1;5;3;2;1;0;0;1;1
1995;1;1;5;3;3;1;0;0;1;1
1995;1;1;5;4;1;1;0;0;1;1
1995;1;1;5;4;2;1;0;0;1;1
1995;1;1;5;4;3;1;0;0;1;1
1995;1;1;5;5;1;1;0;0;1;1
1995;1;1;5;5;2;1;0;0;1;1
1995;1;1;5;5;3;1;0;0;1;1
1995;1;1;5;6;1;1;0;0;1;1
1995;1;1;5;6;2;1;0;0;1;1
1995;1;1;5;6;3;1;0;0;1;1
1995;1;1;5;7;1;1;0;0;1;1
1995;1;1;5;7;2;1;0;0;1;1
1995;1;1;5;7;3;1;0;0;1;1
1995;1;1;5;8;1;1;0;0;1;1
1995;1;1;5;8;2;1;0;0;1;1
1995;1;1;5;8;3;1;0;0;1;1
1995;1;1;6;1;1;1;0;0;1;1
1995;1;1;6;1;2;1;0;0;1;1
1995;1;1;6;1;3;1;0;0;1;1
1995;1;1;6;2;1;1;0;0;1;1
1995;1;1;6;2;2;1;0;0;1;1
1995;1;1;6;2;3;1;0;0;1;1
1995;1;1;6;3;1;1;0;0;1;1
1995;1;1;6;3;2;1;0;0;1;1
1995;1;1;6;3;3;1;0;0;1;1
1995;1;1;6;4;1;1;0;0;1;1
1995;1;1;6;4;2;1;0;0;1;1
1995;1;1;6;4;3;1;0;0;1;1
1995;1;1;6;5;1;1;0;0;1;1
1995;1;1;6;5;2;1;0;0;1;1
1995;1;1;6;5;3;1;0;0;1;1
1995;1;1;6;6;1;1;0;0;1;1
1995;1;1;6;6;2;1;0;0;1;1
1995;1;1;6;6;3;1;0;0;1;1
1995;1;1;6;7;1;1;0;0;1;1
1995;1;1;6;7;2;1;0;0;1;1
1995;1;1;6;7;3;1;0;0;1;1
1995;1;1;6;8;1;1;0;0;1;1
1995;1;1;6;8;2;1;0;0;1;1
1995;1;1;6;8;3;1;0;0;1;1
1995;1;1;7;1;1;1;0;0;1;1
1995;1;1;7;1;2;1;0;0;1;1
1995;1;1;7;1;3;1;0;0;1;1
1995;1;1;7;2;1;1;0;0;1;1
1995;1;1;7;2;2;1;0;0;1;1
1995;1;1;7;2;3;1;0;0;1;1
1995;1;1;7;3;1;1;0;0;1;1
1995;1;1;7;3;2;1;0;0;1;1
1995;1;1;7;3;3;1;0;0;1;1
1995;1;1;7;4;1;1;0;0;1;1
1995;1;1;7;4;2;1;0;0;1;1
1995;1;1;7;4;3;1;0;0;1;1
1995;1;1;7;5;1;1;0;0;1;1
1995;1;1;7;5;2;1;0;0;1;1
1995;1;1;7;5;3;1;0;0;1;1
1995;1;1;7;6;1;1;0;0;1;1
1995;1;1;7;6;2;1;0;0;1;1
1995;1;1;7;6;3;1;0;0;1;1
1995;1;1;7;7;1;1;0;0;1;1
1995;1;1;7;7;2;1;0;0;1;1
1995;1;1;7;7;3;1;0;0;1;1
1995;1;1;7;8;1;1;0;0;1;1
1995;1;1;7;8;2;1;0;0;1;1
1995;1;1;7;8;3;1;0;0;1;1
1995;1;1;8;1;1;1;0;0;1;1
1995;1;1;8;1;2;1;0;0;1;1
1995;1;1;8;2;1;1;0;0;1;1
1995;1;1;8;2;2;1;0;0;1;1
1995;1;1;8;3;1;1;0;0;1;1
1995;1;1;8;3;2;1;0;0;1;1
1995;1;1;8;4;1;1;0;0;1;1
1995;1;1;8;4;2;1;0;0;1;1
1995;1;1;8;5;1;1;0;0;1;1
1995;1;1;8;5;2;1;0;0;1;1
1995;1;1;8;6;1;1;0;0;1;1
1995;1;1;8;6;2;1;0;0;1;1
1995;1;1;8;7;1;1;0;0;1;1
1995;1;1;8;7;2;1;0;0;1;1
1995;1;1;8;8;1;1;0;0;1;1
1995;1;1;8;8;2;1;0;0;1;1
1995;1;1;9;1;1;1;0;0;1;1
1995;1;1;9;1;2;1;0;0;1;1
1995;1;1;9;2;1;1;0;0;1;1
1995;1;1;9;2;2;1;0;0;1;1
1995;1;1;9;3;1;1;0;0;1;1
1995;1;1;9;3;2;1;0;0;1;1
1995;1;1;9;4;1;1;0;0;1;1
1995;1;1;9;4;2;1;0;0;1;1
1995;1;1;9;5;1;1;0;0;1;1
1995;1;1;9;5;2;1;0;0;1;1
1995;1;1;9;6;1;1;0;0;1;1
1995;1;1;9;6;2;1;0;0;1;1
1995;1;1;9;7;1;1;0;0;1;1
1995;1;1;9;7;2;1;0;0;1;1
1995;1;1;9;8;1;1;0;0;1;1
1995;1;1;9;8;2;1;0;0;1;1
1995;1;1;10;1;1;1;0;0;1;1
1995;1;1;10;2;1;1;0;0;1;1
1995;1;1;10;3;1;1;0;0;1;1
1995;1;1;10;4;1;1;0;0;1;1
1995;1;1;10;5;1;1;0;0;1;1
1995;1;1;10;6;1;1;0;0;1;1
1995;1;1;10;7;1;1;0;0;1;1
1995;1;1;10;8;1;1;0;0;1;1
1995;1;1;11;1;1;1;0;0;1;1
1995;1;1;11;1;2;1;0;0;1;1
1995;1;1;11;1;3;1;0;0;1;1
1995;1;1;11;2;1;1;0;0;1;1
1995;1;1;11;2;2;1;0;0;1;1
1995;1;1;11;2;3;1;0;0;1;1
1995;1;1;11;3;1;1;0;0;1;1
1995;1;1;11;3;2;1;0;0;1;1
1995;1;1;11;3;3;1;0;0;1;1
1995;1;1;11;4;1;1;0;0;1;1
1995;1;1;11;4;2;1;0;0;1;1
1995;1;1;11;4;3;1;0;0;1;1
1995;1;1;11;5;1;1;0;0;1;1
1995;1;1;11;5;2;1;0;0;1;1
1995;1;1;11;5;3;1;0;0;1;1
1995;1;1;11;6;1;1;0;0;1;1
1995;1;1;11;6;2;1;0;0;1;1
1995;1;1;11;6;3;1;0;0;1;1
1995;1;1;11;7;1;1;0;0;1;1
1995;1;1;11;7;2;1;0;0;1;1
1995;1;1;11;7;3;1;0;0;1;1
1995;1;1;11;8;1;1;0;0;1;1
1995;1;1;11;8;2;1;0;0;1;1
1995;1;1;11;8;3;1;0;0;1;1
1995;1;1;12;1;1;1;0;0;1;1
1995;1;1;12;1;2;1;0;0;1;1
1995;1;1;12;1;3;1;0;0;1;1
1995;1;1;12;1;5;1;0;0;1;1
1995;1;1;12;1;6;1;0;0;1;1
1995;1;1;12;2;1;1;0;0;1;1
1995;1;1;12;2;2;1;0;0;1;1
1995;1;1;12;2;3;1;0;0;1;1
1995;1;1;12;2;5;1;0;0;1;1
1995;1;1;12;2;6;1;0;0;1;1
1995;1;1;12;3;1;1;0;0;1;1
1995;1;1;12;3;2;1;0;0;1;1
1995;1;1;12;3;3;1;0;0;1;1
1995;1;1;12;3;5;1;0;0;1;1
1995;1;1;12;3;6;1;0;0;1;1
1995;1;1;12;4;1;1;0;0;1;1
1995;1;1;12;4;2;1;0;0;1;1
1995;1;1;12;4;3;1;0;0;1;1
1995;1;1;12;4;5;1;0;0;1;1
1995;1;1;12;4;6;1;0;0;1;1
1995;1;1;12;5;1;1;0;0;1;1
1995;1;1;12;5;2;1;0;0;1;1
1995;1;1;12;5;3;1;0;0;1;1
1995;1;1;12;5;5;1;0;0;1;1
1995;1;1;12;5;6;1;0;0;1;1
1995;1;1;12;6;1;1;0;0;1;1
1995;1;1;12;6;2;1;0;0;1;1
1995;1;1;12;6;3;1;0;0;1;1
1995;1;1;12;6;5;1;0;0;1;1
1995;1;1;12;6;6;1;0;0;1;1
1995;1;1;12;7;1;1;0;0;1;1
1995;1;1;12;7;2;1;0;0;1;1
1995;1;1;12;7;3;1;0;0;1;1
1995;1;1;12;7;5;1;0;0;1;1
1995;1;1;12;7;6;1;0;0;1;1
1995;1;1;12;8;1;1;0;0;1;1
1995;1;1;12;8;2;1;0;0;1;1
1995;1;1;12;8;3;1;0;0;1;1
1995;1;1;12;8;5;1;0;0;1;1
1995;1;1;12;8;6;1;0;0;1;1
1995;1;1;13;1;1;1;0;0;1;1
1995;1;1;13;1;2;1;0;0;1;1
1995;1;1;13;1;3;1;0;0;1;1
1995;1;1;13;2;1;1;0;0;1;1
1995;1;1;13;2;2;1;0;0;1;1
1995;1;1;13;2;3;1;0;0;1;1
1995;1;1;13;3;1;1;0;0;1;1
1995;1;1;13;3;2;1;0;0;1;1
1995;1;1;13;3;3;1;0;0;1;1
1995;1;1;13;4;1;1;0;0;1;1
1995;1;1;13;4;2;1;0;0;1;1
1995;1;1;13;4;3;1;0;0;1;1
1995;1;1;13;5;1;1;0;0;1;1
1995;1;1;13;5;2;1;0;0;1;1
1995;1;1;13;5;3;1;0;0;1;1
1995;1;1;13;6;1;1;0;0;1;1
1995;1;1;13;6;2;1;0;0;1;1
1995;1;1;13;6;3;1;0;0;1;1
1995;1;1;13;7;1;1;0;0;1;1
1995;1;1;13;7;2;1;0;0;1;1
1995;1;1;13;7;3;1;0;0;1;1
1995;1;1;13;8;1;1;0;0;1;1
1995;1;1;13;8;2;1;0;0;1;1
1995;1;1;13;8;3;1;0;0;1;1
1995;1;1;14;1;1;1;0;0;1;1
1995;1;1;14;1;2;1;0;0;1;1
1995;1;1;14;2;1;1;0;0;1;1
1995;1;1;14;2;2;1;0;0;1;1
1995;1;1;14;3;1;1;0;0;1;1
1995;1;1;14;3;2;1;0;0;1;1
1995;1;1;14;4;1;1;0;0;1;1
1995;1;1;14;4;2;1;0;0;1;1
1995;1;1;14;5;1;1;0;0;1;1
1995;1;1;14;5;2;1;0;0;1;1
1995;1;1;14;6;1;1;0;0;1;1
1995;1;1;14;6;2;1;0;0;1;1
1995;1;1;14;7;1;1;0;0;1;1
1995;1;1;14;7;2;1;0;0;1;1
1995;1;1;14;8;1;1;0;0;1;1
1995;1;1;14;8;2;1;0;0;1;1
1995;1;1;15;1;1;1;0;0;1;1
1995;1;1;15;1;2;1;0;0;1;1
1995;1;1;15;1;3;1;0;0;1;1
1995;1;1;15;2;1;1;0;0;1;1
1995;1;1;15;2;2;1;0;0;1;1
1995;1;1;15;2;3;1;0;0;1;1
1995;1;1;15;3;1;1;0;0;1;1
1995;1;1;15;3;2;1;0;0;1;1
1995;1;1;15;3;3;1;0;0;1;1
1995;1;1;15;4;1;1;0;0;1;1
1995;1;1;15;4;2;1;0;0;1;1
1995;1;1;15;4;3;1;0;0;1;1
1995;1;1;15;5;1;1;0;0;1;1
1995;1;1;15;5;2;1;0;0;1;1
1995;1;1;15;5;3;1;0;0;1;1
1995;1;1;15;6;1;1;0;0;1;1
1995;1;1;15;6;2;1;0;0;1;1
1995;1;1;15;6;3;1;0;0;1;1
1995;1;1;15;7;1;1;0;0;1;1
1995;1;1;15;7;2;1;0;0;1;1
1995;1;1;15;7;3;1;0;0;1;1
1995;1;1;15;8;1;1;0;0;1;1
1995;1;1;15;8;2;1;0;0;1;1
1995;1;1;15;8;3;1;0;0;1;1
1995;1;1;16;1;1;1;0;0;1;1
1995;1;1;16;1;2;1;0;0;1;1
1995;1;1;16;2;1;1;0;0;1;1
1995;1;1;16;2;2;1;0;0;1;1
1995;1;1;16;3;1;1;0;0;1;1
1995;1;1;16;3;2;1;0;0;1;1
1995;1;1;16;4;1;1;0;0;1;1
1995;1;1;16;4;2;1;0;0;1;1
1995;1;1;16;5;1;1;0;0;1;1
1995;1;1;16;5;2;1;0;0;1;1
1995;1;1;16;6;1;1;0;0;1;1
1995;1;1;16;6;2;1;0;0;1;1
1995;1;1;16;7;1;1;0;0;1;1
1995;1;1;16;7;2;1;0;0;1;1
1995;1;1;16;8;1;1;0;0;1;1
1995;1;1;16;8;2;1;0;0;1;1
1995;1;1;17;1;1;1;0;0;1;1
1995;1;1;17;1;2;1;0;0;1;1
1995;1;1;17;1;3;1;0;0;1;1
1995;1;1;17;1;5;1;0;0;1;1
1995;1;1;17;2;1;1;0;0;1;1
1995;1;1;17;2;2;1;0;0;1;1
1995;1;1;17;2;3;1;0;0;1;1
1995;1;1;17;2;5;1;0;0;1;1
1995;1;1;17;3;1;1;0;0;1;1
1995;1;1;17;3;2;1;0;0;1;1
1995;1;1;17;3;3;1;0;0;1;1
1995;1;1;17;3;5;1;0;0;1;1
1995;1;1;17;4;1;1;0;0;1;1
1995;1;1;17;4;2;1;0;0;1;1
1995;1;1;17;4;3;1;0;0;1;1
1995;1;1;17;4;5;1;0;0;1;1
1995;1;1;17;5;1;1;0;0;1;1
1995;1;1;17;5;2;1;0;0;1;1
1995;1;1;17;5;3;1;0;0;1;1
1995;1;1;17;5;5;1;0;0;1;1
1995;1;1;17;6;1;1;0;0;1;1
1995;1;1;17;6;2;1;0;0;1;1
1995;1;1;17;6;3;1;0;0;1;1
1995;1;1;17;6;5;1;0;0;1;1
1995;1;1;17;7;1;1;0;0;1;1
1995;1;1;17;7;2;1;0;0;1;1
1995;1;1;17;7;3;1;0;0;1;1
1995;1;1;17;7;5;1;0;0;1;1
1995;1;1;17;8;1;1;0;0;1;1
1995;1;1;17;8;2;1;0;0;1;1
1995;1;1;17;8;3;1;0;0;1;1
1995;1;1;17;8;5;1;0;0;1;1
1995;1;1;18;1;1;1;0;0;1;1
1995;1;1;18;1;2;1;0;0;1;1
1995;1;1;18;1;3;1;0;0;1;1
1995;1;1;18;2;1;1;0;0;1;1
1995;1;1;18;2;2;1;0;0;1;1
1995;1;1;18;2;3;1;0;0;1;1
1995;1;1;18;3;1;1;0;0;1;1
1995;1;1;18;3;2;1;0;0;1;1
1995;1;1;18;3;3;1;0;0;1;1
1995;1;1;18;4;1;1;0;0;1;1
1995;1;1;18;4;2;1;0;0;1;1
1995;1;1;18;4;3;1;0;0;1;1
1995;1;1;18;5;1;1;0;0;1;1
1995;1;1;18;5;2;1;0;0;1;1
1995;1;1;18;5;3;1;0;0;1;1
1995;1;1;18;6;1;1;0;0;1;1
1995;1;1;18;6;2;1;0;0;1;1
1995;1;1;18;6;3;1;0;0;1;1
1995;1;1;18;7;1;1;0;0;1;1
1995;1;1;18;7;2;1;0;0;1;1
1995;1;1;18;7;3;1;0;0;1;1
1995;1;1;18;8;1;1;0;0;1;1
1995;1;1;18;8;2;1;0;0;1;1
1995;1;1;18;8;3;1;0;0;1;1
1995;1;1;19;1;1;1;0;0;1;1
1995;1;1;19;1;2;1;0;0;1;1
1995;1;1;19;1;3;1;0;0;1;1
1995;1;1;19;2;1;1;0;0;1;1
1995;1;1;19;2;2;1;0;0;1;1
1995;1;1;19;2;3;1;0;0;1;1
1995;1;1;19;3;1;1;0;0;1;1
1995;1;1;19;3;2;1;0;0;1;1
1995;1;1;19;3;3;1;0;0;1;1
1995;1;1;19;4;1;1;0;0;1;1
1995;1;1;19;4;2;1;0;0;1;1
1995;1;1;19;4;3;1;0;0;1;1
1995;1;1;19;5;1;1;0;0;1;1
1995;1;1;19;5;2;1;0;0;1;1
1995;1;1;19;5;3;1;0;0;1;1
1995;1;1;19;6;1;1;0;0;1;1
1995;1;1;19;6;2;1;0;0;1;1
1995;1;1;19;6;3;1;0;0;1;1
1995;1;1;19;7;1;1;0;0;1;1
1995;1;1;19;7;2;1;0;0;1;1
1995;1;1;19;7;3;1;0;0;1;1
1995;1;1;19;8;1;1;0;0;1;1
1995;1;1;19;8;2;1;0;0;1;1
1995;1;1;19;8;3;1;0;0;1;1
1995;1;1;20;1;2;1;0;0;1;1
1995;1;1;20;2;2;1;0;0;1;1
1995;1;1;20;3;2;1;0;0;1;1
1995;1;1;20;4;2;1;0;0;1;1
1995;1;1;20;5;2;1;0;0;1;1
1995;1;1;20;6;2;1;0;0;1;1
1995;1;1;20;7;2;1;0;0;1;1
1995;1;1;20;8;2;1;0;0;1;1
1995;1;1;21;1;1;1;0;0;1;1
1995;1;1;21;1;2;1;0;0;1;1
1995;1;1;21;1;3;1;0;0;1;1
1995;1;1;21;2;1;1;0;0;1;1
1995;1;1;21;2;2;1;0;0;1;1
1995;1;1;21;2;3;1;0;0;1;1
1995;1;1;21;3;1;1;0;0;1;1
1995;1;1;21;3;2;1;0;0;1;1
1995;1;1;21;3;3;1;0;0;1;1
1995;1;1;21;4;1;1;0;0;1;1
1995;1;1;21;4;2;1;0;0;1;1
1995;1;1;21;4;3;1;0;0;1;1
1995;1;1;21;5;1;1;0;0;1;1
1995;1;1;21;5;2;1;0;0;1;1
1995;1;1;21;5;3;1;0;0;1;1
1995;1;1;21;6;1;1;0;0;1;1
1995;1;1;21;6;2;1;0;0;1;1
1995;1;1;21;6;3;1;0;0;1;1
1995;1;1;21;7;1;1;0;0;1;1
1995;1;1;21;7;2;1;0;0;1;1
1995;1;1;21;7;3;1;0;0;1;1
1995;1;1;21;8;1;1;0;0;1;1
1995;1;1;21;8;2;1;0;0;1;1
1995;1;1;21;8;3;1;0;0;1;1
1995;1;1;22;1;1;1;0;0;1;1
1995;1;1;22;1;2;1;0;0;1;1
1995;1;1;22;1;3;1;0;0;1;1
1995;1;1;22;2;1;1;0;0;1;1
1995;1;1;22;2;2;1;0;0;1;1
1995;1;1;22;2;3;1;0;0;1;1
1995;1;1;22;3;1;1;0;0;1;1
1995;1;1;22;3;2;1;0;0;1;1
1995;1;1;22;3;3;1;0;0;1;1
1995;1;1;22;4;1;1;0;0;1;1
1995;1;1;22;4;2;1;0;0;1;1
1995;1;1;22;4;3;1;0;0;1;1
1995;1;1;22;5;1;1;0;0;1;1
1995;1;1;22;5;2;1;0;0;1;1
1995;1;1;22;5;3;1;0;0;1;1
1995;1;1;22;6;1;1;0;0;1;1
1995;1;1;22;6;2;1;0;0;1;1
1995;1;1;22;6;3;1;0;0;1;1
1995;1;1;22;7;1;1;0;0;1;1
1995;1;1;22;7;2;1;0;0;1;1
1995;1;1;22;7;3;1;0;0;1;1
1995;1;1;22;8;1;1;0;0;1;1
1995;1;1;22;8;2;1;0;0;1;1
1995;1;1;22;8;3;1;0;0;1;1
1995;1;1;23;1;1;1;0;0;1;1
1995;1;1;23;1;2;1;0;0;1;1
1995;1;1;23;1;3;1;0;0;1;1
1995;1;1;23;2;1;1;0;0;1;1
1995;1;1;23;2;2;1;0;0;1;1
1995;1;1;23;2;3;1;0;0;1;1
1995;1;1;23;3;1;1;0;0;1;1
1995;1;1;23;3;2;1;0;0;1;1
1995;1;1;23;3;3;1;0;0;1;1
1995;1;1;23;4;1;1;0;0;1;1
1995;1;1;23;4;2;1;0;0;1;1
1995;1;1;23;4;3;1;0;0;1;1
1995;1;1;23;5;1;1;0;0;1;1
1995;1;1;23;5;2;1;0;0;1;1
1995;1;1;23;5;3;1;0;0;1;1
1995;1;1;23;6;1;1;0;0;1;1
1995;1;1;23;6;2;1;0;0;1;1
1995;1;1;23;6;3;1;0;0;1;1
1995;1;1;23;7;1;1;0;0;1;1
1995;1;1;23;7;2;1;0;0;1;1
1995;1;1;23;7;3;1;0;0;1;1
1995;1;1;23;8;1;1;0;0;1;1
1995;1;1;23;8;2;1;0;0;1;1
1995;1;1;23;8;3;1;0;0;1;1
1995;1;1;24;1;1;1;0;0;1;1
1995;1;1;24;2;1;1;0;0;1;1
1995;1;1;24;3;1;1;0;0;1;1
1995;1;1;24;4;1;1;0;0;1;1
1995;1;1;24;5;1;1;0;0;1;1
1995;1;1;24;6;1;1;0;0;1;1
1995;1;1;24;7;1;1;0;0;1;1
1995;1;1;24;8;1;1;0;0;1;1
1995;1;1;25;1;1;1;0;0;1;1
1995;1;1;25;1;2;1;0;0;1;1
1995;1;1;25;1;3;1;0;0;1;1
1995;1;1;25;1;5;1;0;0;1;1
1995;1;1;25;1;6;1;0;0;1;1
1995;1;1;25;1;7;1;0;0;1;1
1995;1;1;25;2;1;1;0;0;1;1
1995;1;1;25;2;2;1;0;0;1;1
1995;1;1;25;2;3;1;0;0;1;1
1995;1;1;25;2;5;1;0;0;1;1
1995;1;1;25;2;6;1;0;0;1;1
1995;1;1;25;2;7;1;0;0;1;1
1995;1;1;25;3;1;1;0;0;1;1
1995;1;1;25;3;2;1;0;0;1;1
1995;1;1;25;3;3;1;0;0;1;1
1995;1;1;25;3;5;1;0;0;1;1
1995;1;1;25;3;6;1;0;0;1;1
1995;1;1;25;3;7;1;0;0;1;1
1995;1;1;25;4;1;1;0;0;1;1
1995;1;1;25;4;2;1;0;0;1;1
1995;1;1;25;4;3;1;0;0;1;1
1995;1;1;25;4;5;1;0;0;1;1
1995;1;1;25;4;6;1;0;0;1;1
1995;1;1;25;4;7;1;0;0;1;1
1995;1;1;25;5;1;1;0;0;1;1
1995;1;1;25;5;2;1;0;0;1;1
1995;1;1;25;5;3;1;0;0;1;1
1995;1;1;25;5;5;1;0;0;1;1
1995;1;1;25;5;6;1;0;0;1;1
1995;1;1;25;5;7;1;0;0;1;1
1995;1;1;25;6;1;1;0;0;1;1
1995;1;1;25;6;2;1;0;0;1;1
1995;1;1;25;6;3;1;0;0;1;1
1995;1;1;25;6;5;1;0;0;1;1
1995;1;1;25;6;6;1;0;0;1;1
1995;1;1;25;6;7;1;0;0;1;1
1995;1;1;25;7;1;1;0;0;1;1
1995;1;1;25;7;2;1;0;0;1;1
1995;1;1;25;7;3;1;0;0;1;1
1995;1;1;25;7;5;1;0;0;1;1
1995;1;1;25;7;6;1;0;0;1;1
1995;1;1;25;7;7;1;0;0;1;1
1995;1;1;25;8;1;1;0;0;1;1
1995;1;1;25;8;2;1;0;0;1;1
1995;1;1;25;8;3;1;0;0;1;1
1995;1;1;25;8;5;1;0;0;1;1
1995;1;1;25;8;6;1;0;0;1;1
1995;1;1;25;8;7;1;0;0;1;1
1995;1;1;26;1;1;1;0;0;1;1
1995;1;1;26;1;2;1;0;0;1;1
1995;1;1;26;1;3;1;0;0;1;1
1995;1;1;26;1;6;1;0;0;1;1
1995;1;1;26;2;1;1;0;0;1;1
1995;1;1;26;2;2;1;0;0;1;1
1995;1;1;26;2;3;1;0;0;1;1
1995;1;1;26;2;6;1;0;0;1;1
1995;1;1;26;3;1;1;0;0;1;1
1995;1;1;26;3;2;1;0;0;1;1
1995;1;1;26;3;3;1;0;0;1;1
1995;1;1;26;3;6;1;0;0;1;1
1995;1;1;26;4;1;1;0;0;1;1
1995;1;1;26;4;2;1;0;0;1;1
1995;1;1;26;4;3;1;0;0;1;1
1995;1;1;26;4;6;1;0;0;1;1
1995;1;1;26;5;1;1;0;0;1;1
1995;1;1;26;5;2;1;0;0;1;1
1995;1;1;26;5;3;1;0;0;1;1
1995;1;1;26;5;6;1;0;0;1;1
1995;1;1;26;6;1;1;0;0;1;1
1995;1;1;26;6;2;1;0;0;1;1
1995;1;1;26;6;3;1;0;0;1;1
1995;1;1;26;6;6;1;0;0;1;1
1995;1;1;26;7;1;1;0;0;1;1
1995;1;1;26;7;2;1;0;0;1;1
1995;1;1;26;7;3;1;0;0;1;1
1995;1;1;26;7;6;1;0;0;1;1
1995;1;1;26;8;1;1;0;0;1;1
1995;1;1;26;8;2;1;0;0;1;1
1995;1;1;26;8;3;1;0;0;1;1
1995;1;1;26;8;6;1;0;0;1;1
1995;1;1;27;1;1;1;0;0;1;1
1995;1;1;27;1;2;1;0;0;1;1
1995;1;1;27;1;3;1;0;0;1;1
1995;1;1;27;2;1;1;0;0;1;1
1995;1;1;27;2;2;1;0;0;1;1
1995;1;1;27;2;3;1;0;0;1;1
1995;1;1;27;3;1;1;0;0;1;1
1995;1;1;27;3;2;1;0;0;1;1
1995;1;1;27;3;3;1;0;0;1;1
1995;1;1;27;4;1;1;0;0;1;1
1995;1;1;27;4;2;1;0;0;1;1
1995;1;1;27;4;3;1;0;0;1;1
1995;1;1;27;5;1;1;0;0;1;1
1995;1;1;27;5;2;1;0;0;1;1
1995;1;1;27;5;3;1;0;0;1;1
1995;1;1;27;6;1;1;0;0;1;1
1995;1;1;27;6;2;1;0;0;1;1
1995;1;1;27;6;3;1;0;0;1;1
1995;1;1;27;7;1;1;0;0;1;1
1995;1;1;27;7;2;1;0;0;1;1
1995;1;1;27;7;3;1;0;0;1;1
1995;1;1;27;8;1;1;0;0;1;1
1995;1;1;27;8;2;1;0;0;1;1
1995;1;1;27;8;3;1;0;0;1;1
1995;1;1;28;1;1;1;0;0;1;1
1995;1;1;28;1;2;1;0;0;1;1
1995;1;1;28;1;3;1;0;0;1;1
1995;1;1;28;1;5;1;0;0;1;1
1995;1;1;28;2;1;1;0;0;1;1
1995;1;1;28;2;2;1;0;0;1;1
1995;1;1;28;2;3;1;0;0;1;1
1995;1;1;28;2;5;1;0;0;1;1
1995;1;1;28;3;1;1;0;0;1;1
1995;1;1;28;3;2;1;0;0;1;1
1995;1;1;28;3;3;1;0;0;1;1
1995;1;1;28;3;5;1;0;0;1;1
1995;1;1;28;4;1;1;0;0;1;1
1995;1;1;28;4;2;1;0;0;1;1
1995;1;1;28;4;3;1;0;0;1;1
1995;1;1;28;4;5;1;0;0;1;1
1995;1;1;28;5;1;1;0;0;1;1
1995;1;1;28;5;2;1;0;0;1;1
1995;1;1;28;5;3;1;0;0;1;1
1995;1;1;28;5;5;1;0;0;1;1
1995;1;1;28;6;1;1;0;0;1;1
1995;1;1;28;6;2;1;0;0;1;1
1995;1;1;28;6;3;1;0;0;1;1
1995;1;1;28;6;5;1;0;0;1;1
1995;1;1;28;7;1;1;0;0;1;1
1995;1;1;28;7;2;1;0;0;1;1
1995;1;1;28;7;3;1;0;0;1;1
1995;1;1;28;7;5;1;0;0;1;1
1995;1;1;28;8;1;1;0;0;1;1
1995;1;1;28;8;2;1;0;0;1;1
1995;1;1;28;8;3;1;0;0;1;1
1995;1;1;28;8;5;1;0;0;1;1
1995;1;1;29;1;2;1;0;0;1;1
1995;1;1;29;2;2;1;0;0;1;1
1995;1;1;29;3;2;1;0;0;1;1
1995;1;1;29;4;2;1;0;0;1;1
1995;1;1;29;5;2;1;0;0;1;1
1995;1;1;29;6;2;1;0;0;1;1
1995;1;1;29;7;2;1;0;0;1;1
1995;1;1;29;8;2;1;0;0;1;1
1995;1;1;30;1;1;1;0;0;1;1
1995;1;1;30;1;2;1;0;0;1;1
1995;1;1;30;1;3;1;0;0;1;1
1995;1;1;30;2;1;1;0;0;1;1
1995;1;1;30;2;2;1;0;0;1;1
1995;1;1;30;2;3;1;0;0;1;1
1995;1;1;30;3;1;1;0;0;1;1
1995;1;1;30;3;2;1;0;0;1;1
1995;1;1;30;3;3;1;0;0;1;1
1995;1;1;30;4;1;1;0;0;1;1
1995;1;1;30;4;2;1;0;0;1;1
1995;1;1;30;4;3;1;0;0;1;1
1995;1;1;30;5;1;1;0;0;1;1
1995;1;1;30;5;2;1;0;0;1;1
1995;1;1;30;5;3;1;0;0;1;1
1995;1;1;30;6;1;1;0;0;1;1
1995;1;1;30;6;2;1;0;0;1;1
1995;1;1;30;6;3;1;0;0;1;1
1995;1;1;30;7;1;1;0;0;1;1
1995;1;1;30;7;2;1;0;0;1;1
1995;1;1;30;7;3;1;0;0;1;1
1995;1;1;30;8;1;1;0;0;1;1
1995;1;1;30;8;2;1;0;0;1;1
1995;1;1;30;8;3;1;0;0;1;1
1995;1;1;31;1;1;1;0;0;1;1
1995;1;1;31;1;2;1;0;0;1;1
1995;1;1;31;1;3;1;0;0;1;1
1995;1;1;31;2;1;1;0;0;1;1
1995;1;1;31;2;2;1;0;0;1;1
1995;1;1;31;2;3;1;0;0;1;1
1995;1;1;31;3;1;1;0;0;1;1
1995;1;1;31;3;2;1;0;0;1;1
1995;1;1;31;3;3;1;0;0;1;1
1995;1;1;31;4;1;1;0;0;1;1
1995;1;1;31;4;2;1;0;0;1;1
1995;1;1;31;4;3;1;0;0;1;1
1995;1;1;31;5;1;1;0;0;1;1
1995;1;1;31;5;2;1;0;0;1;1
1995;1;1;31;5;3;1;0;0;1;1
1995;1;1;31;6;1;1;0;0;1;1
1995;1;1;31;6;2;1;0;0;1;1
1995;1;1;31;6;3;1;0;0;1;1
1995;1;1;31;7;1;1;0;0;1;1
1995;1;1;31;7;2;1;0;0;1;1
1995;1;1;31;7;3;1;0;0;1;1
1995;1;1;31;8;1;1;0;0;1;1
1995;1;1;31;8;2;1;0;0;1;1
1995;1;1;31;8;3;1;0;0;1;1
1995;1;1;32;1;1;1;0;0;1;1
1995;1;1;32;1;2;1;0;0;1;1
1995;1;1;32;1;3;1;0;0;1;1
1995;1;1;32;2;1;1;0;0;1;1
1995;1;1;32;2;2;1;0;0;1;1
1995;1;1;32;2;3;1;0;0;1;1
1995;1;1;32;3;1;1;0;0;1;1
1995;1;1;32;3;2;1;0;0;1;1
1995;1;1;32;3;3;1;0;0;1;1
1995;1;1;32;4;1;1;0;0;1;1
1995;1;1;32;4;2;1;0;0;1;1
1995;1;1;32;4;3;1;0;0;1;1
1995;1;1;32;5;1;1;0;0;1;1
1995;1;1;32;5;2;1;0;0;1;1
1995;1;1;32;5;3;1;0;0;1;1
1995;1;1;32;6;1;1;0;0;1;1
1995;1;1;32;6;2;1;0;0;1;1
1995;1;1;32;6;3;1;0;0;1;1
1995;1;1;32;7;1;1;0;0;1;1
1995;1;1;32;7;2;1;0;0;1;1
1995;1;1;32;7;3;1;0;0;1;1
1995;1;1;32;8;1;1;0;0;1;1
1995;1;1;32;8;2;1;0;0;1;1
1995;1;1;32;8;3;1;0;0;1;1
1995;1;1;33;1;1;1;0;0;1;1
1995;1;1;33;1;2;1;0;0;1;1
1995;1;1;33;1;3;1;0;0;1;1
1995;1;1;33;2;1;1;0;0;1;1
1995;1;1;33;2;2;1;0;0;1;1
1995;1;1;33;2;3;1;0;0;1;1
1995;1;1;33;3;1;1;0;0;1;1
1995;1;1;33;3;2;1;0;0;1;1
1995;1;1;33;3;3;1;0;0;1;1
1995;1;1;33;4;1;1;0;0;1;1
1995;1;1;33;4;2;1;0;0;1;1
1995;1;1;33;4;3;1;0;0;1;1
1995;1;1;33;5;1;1;0;0;1;1
1995;1;1;33;5;2;1;0;0;1;1
1995;1;1;33;5;3;1;0;0;1;1
1995;1;1;33;6;1;1;0;0;1;1
1995;1;1;33;6;2;1;0;0;1;1
1995;1;1;33;6;3;1;0;0;1;1
1995;1;1;33;7;1;1;0;0;1;1
1995;1;1;33;7;2;1;0;0;1;1
1995;1;1;33;7;3;1;0;0;1;1
1995;1;1;33;8;1;1;0;0;1;1
1995;1;1;33;8;2;1;0;0;1;1
1995;1;1;33;8;3;1;0;0;1;1
1995;1;1;34;1;1;1;0;0;1;1
1995;1;1;34;1;2;1;0;0;1;1
1995;1;1;34;1;3;1;0;0;1;1
1995;1;1;34;2;1;1;0;0;1;1
1995;1;1;34;2;2;1;0;0;1;1
1995;1;1;34;2;3;1;0;0;1;1
1995;1;1;34;3;1;1;0;0;1;1
1995;1;1;34;3;2;1;0;0;1;1
1995;1;1;34;3;3;1;0;0;1;1
1995;1;1;34;4;1;1;0;0;1;1
1995;1;1;34;4;2;1;0;0;1;1
1995;1;1;34;4;3;1;0;0;1;1
1995;1;1;34;5;1;1;0;0;1;1
1995;1;1;34;5;2;1;0;0;1;1
1995;1;1;34;5;3;1;0;0;1;1
1995;1;1;34;6;1;1;0;0;1;1
1995;1;1;34;6;2;1;0;0;1;1
1995;1;1;34;6;3;1;0;0;1;1
1995;1;1;34;7;1;1;0;0;1;1
1995;1;1;34;7;2;1;0;0;1;1
1995;1;1;34;7;3;1;0;0;1;1
1995;1;1;34;8;1;1;0;0;1;1
1995;1;1;34;8;2;1;0;0;1;1
1995;1;1;34;8;3;1;0;0;1;1
1995;1;1;35;1;1;1;0;0;1;1
1995;1;1;35;2;1;1;0;0;1;1
1995;1;1;35;3;1;1;0;0;1;1
1995;1;1;35;4;1;1;0;0;1;1
1995;1;1;35;5;1;1;0;0;1;1
1995;1;1;35;6;1;1;0;0;1;1
1995;1;1;35;7;1;1;0;0;1;1
1995;1;1;35;8;1;1;0;0;1;1
1995;1;1;36;1;1;1;0;0;1;1
1995;1;1;36;1;2;1;0;0;1;1
1995;1;1;36;2;1;1;0;0;1;1
1995;1;1;36;2;2;1;0;0;1;1
1995;1;1;36;3;1;1;0;0;1;1
1995;1;1;36;3;2;1;0;0;1;1
1995;1;1;36;4;1;1;0;0;1;1
1995;1;1;36;4;2;1;0;0;1;1
1995;1;1;36;5;1;1;0;0;1;1
1995;1;1;36;5;2;1;0;0;1;1
1995;1;1;36;6;1;1;0;0;1;1
1995;1;1;36;6;2;1;0;0;1;1
1995;1;1;36;7;1;1;0;0;1;1
1995;1;1;36;7;2;1;0;0;1;1
1995;1;1;36;8;1;1;0;0;1;1
1995;1;1;36;8;2;1;0;0;1;1
1995;1;1;37;1;1;1;0;0;1;1
1995;1;1;37;1;2;1;0;0;1;1
1995;1;1;37;1;3;1;0;0;1;1
1995;1;1;37;2;1;1;0;0;1;1
1995;1;1;37;2;2;1;0;0;1;1
1995;1;1;37;2;3;1;0;0;1;1
1995;1;1;37;3;1;1;0;0;1;1
1995;1;1;37;3;2;1;0;0;1;1
1995;1;1;37;3;3;1;0;0;1;1
1995;1;1;37;4;1;1;0;0;1;1
1995;1;1;37;4;2;1;0;0;1;1
1995;1;1;37;4;3;1;0;0;1;1
1995;1;1;37;5;1;1;0;0;1;1
1995;1;1;37;5;2;1;0;0;1;1
1995;1;1;37;5;3;1;0;0;1;1
1995;1;1;37;6;1;1;0;0;1;1
1995;1;1;37;6;2;1;0;0;1;1
1995;1;1;37;6;3;1;0;0;1;1
1995;1;1;37;7;1;1;0;0;1;1
1995;1;1;37;7;2;1;0;0;1;1
1995;1;1;37;7;3;1;0;0;1;1
1995;1;1;37;8;1;1;0;0;1;1
1995;1;1;37;8;2;1;0;0;1;1
1995;1;1;37;8;3;1;0;0;1;1
1995;1;1;38;1;1;1;0;0;1;1
1995;1;1;38;1;2;1;0;0;1;1
1995;1;1;38;1;3;1;0;0;1;1
1995;1;1;38;2;1;1;0;0;1;1
1995;1;1;38;2;2;1;0;0;1;1
1995;1;1;38;2;3;1;0;0;1;1
1995;1;1;38;3;1;1;0;0;1;1
1995;1;1;38;3;2;1;0;0;1;1
1995;1;1;38;3;3;1;0;0;1;1
1995;1;1;38;4;1;1;0;0;1;1
1995;1;1;38;4;2;1;0;0;1;1
1995;1;1;38;4;3;1;0;0;1;1
1995;1;1;38;5;1;1;0;0;1;1
1995;1;1;38;5;2;1;0;0;1;1
1995;1;1;38;5;3;1;0;0;1;1
1995;1;1;38;6;1;1;0;0;1;1
1995;1;1;38;6;2;1;0;0;1;1
1995;1;1;38;6;3;1;0;0;1;1
1995;1;1;38;7;1;1;0;0;1;1
1995;1;1;38;7;2;1;0;0;1;1
1995;1;1;38;7;3;1;0;0;1;1
1995;1;1;38;8;1;1;0;0;1;1
1995;1;1;38;8;2;1;0;0;1;1
1995;1;1;38;8;3;1;0;0;1;1
1995;1;1;39;1;1;1;0;0;1;1
1995;1;1;39;1;2;1;0;0;1;1
1995;1;1;39;2;1;1;0;0;1;1
1995;1;1;39;2;2;1;0;0;1;1
1995;1;1;39;3;1;1;0;0;1;1
1995;1;1;39;3;2;1;0;0;1;1
1995;1;1;39;4;1;1;0;0;1;1
1995;1;1;39;4;2;1;0;0;1;1
1995;1;1;39;5;1;1;0;0;1;1
1995;1;1;39;5;2;1;0;0;1;1
1995;1;1;39;6;1;1;0;0;1;1
1995;1;1;39;6;2;1;0;0;1;1
1995;1;1;39;7;1;1;0;0;1;1
1995;1;1;39;7;2;1;0;0;1;1
1995;1;1;39;8;1;1;0;0;1;1
1995;1;1;39;8;2;1;0;0;1;1
1995;1;1;40;1;1;1;0;0;1;1
1995;1;1;40;1;2;1;0;0;1;1
1995;1;1;40;2;1;1;0;0;1;1
1995;1;1;40;2;2;1;0;0;1;1
1995;1;1;40;3;1;1;0;0;1;1
1995;1;1;40;3;2;1;0;0;1;1
1995;1;1;40;4;1;1;0;0;1;1
1995;1;1;40;4;2;1;0;0;1;1
1995;1;1;40;5;1;1;0;0;1;1
1995;1;1;40;5;2;1;0;0;1;1
1995;1;1;40;6;1;1;0;0;1;1
1995;1;1;40;6;2;1;0;0;1;1
1995;1;1;40;7;1;1;0;0;1;1
1995;1;1;40;7;2;1;0;0;1;1
1995;1;1;40;8;1;1;0;0;1;1
1995;1;1;40;8;2;1;0;0;1;1
1995;1;1;41;1;1;1;0;0;1;1
1995;1;1;41;1;2;1;0;0;1;1
1995;1;1;41;1;3;1;0;0;1;1
1995;1;1;41;2;1;1;0;0;1;1
1995;1;1;41;2;2;1;0;0;1;1
1995;1;1;41;2;3;1;0;0;1;1
1995;1;1;41;3;1;1;0;0;1;1
1995;1;1;41;3;2;1;0;0;1;1
1995;1;1;41;3;3;1;0;0;1;1
1995;1;1;41;4;1;1;0;0;1;1
1995;1;1;41;4;2;1;0;0;1;1
1995;1;1;41;4;3;1;0;0;1;1
1995;1;1;41;5;1;1;0;0;1;1
1995;1;1;41;5;2;1;0;0;1;1
1995;1;1;41;5;3;1;0;0;1;1
1995;1;1;41;6;1;1;0;0;1;1
1995;1;1;41;6;2;1;0;0;1;1
1995;1;1;41;6;3;1;0;0;1;1
1995;1;1;41;7;1;1;0;0;1;1
1995;1;1;41;7;2;1;0;0;1;1
1995;1;1;41;7;3;1;0;0;1;1
1995;1;1;41;8;1;1;0;0;1;1
1995;1;1;41;8;2;1;0;0;1;1
1995;1;1;41;8;3;1;0;0;1;1
1995;1;1;42;1;1;1;0;0;1;1
1995;1;1;42;1;2;1;0;0;1;1
1995;1;1;42;1;3;1;0;0;1;1
1995;1;1;42;2;1;1;0;0;1;1
1995;1;1;42;2;2;1;0;0;1;1
1995;1;1;42;2;3;1;0;0;1;1
1995;1;1;42;3;1;1;0;0;1;1
1995;1;1;42;3;2;1;0;0;1;1
1995;1;1;42;3;3;1;0;0;1;1
1995;1;1;42;4;1;1;0;0;1;1
1995;1;1;42;4;2;1;0;0;1;1
1995;1;1;42;4;3;1;0;0;1;1
1995;1;1;42;5;1;1;0;0;1;1
1995;1;1;42;5;2;1;0;0;1;1
1995;1;1;42;5;3;1;0;0;1;1
1995;1;1;42;6;1;1;0;0;1;1
1995;1;1;42;6;2;1;0;0;1;1
1995;1;1;42;6;3;1;0;0;1;1
1995;1;1;42;7;1;1;0;0;1;1
1995;1;1;42;7;2;1;0;0;1;1
1995;1;1;42;7;3;1;0;0;1;1
1995;1;1;42;8;1;1;0;0;1;1
1995;1;1;42;8;2;1;0;0;1;1
1995;1;1;42;8;3;1;0;0;1;1
1995;1;1;43;1;1;1;0;0;1;1
1995;1;1;43;2;1;1;0;0;1;1
1995;1;1;43;3;1;1;0;0;1;1
1995;1;1;43;4;1;1;0;0;1;1
1995;1;1;43;5;1;1;0;0;1;1
1995;1;1;43;6;1;1;0;0;1;1
1995;1;1;43;7;1;1;0;0;1;1
1995;1;1;43;8;1;1;0;0;1;1
1995;1;1;44;1;1;1;0;0;1;1
1995;1;1;44;1;2;1;0;0;1;1
1995;1;1;44;1;7;1;0;0;1;1
1995;1;1;44;2;1;1;0;0;1;1
1995;1;1;44;2;2;1;0;0;1;1
1995;1;1;44;2;7;1;0;0;1;1
1995;1;1;44;3;1;1;0;0;1;1
1995;1;1;44;3;2;1;0;0;1;1
1995;1;1;44;3;7;1;0;0;1;1
1995;1;1;44;4;1;1;0;0;1;1
1995;1;1;44;4;2;1;0;0;1;1
1995;1;1;44;4;7;1;0;0;1;1
1995;1;1;44;5;1;1;0;0;1;1
1995;1;1;44;5;2;1;0;0;1;1
1995;1;1;44;5;7;1;0;0;1;1
1995;1;1;44;6;1;1;0;0;1;1
1995;1;1;44;6;2;1;0;0;1;1
1995;1;1;44;6;7;1;0;0;1;1
1995;1;1;44;7;1;1;0;0;1;1
1995;1;1;44;7;2;1;0;0;1;1
1995;1;1;44;7;7;1;0;0;1;1
1995;1;1;44;8;1;1;0;0;1;1
1995;1;1;44;8;2;1;0;0;1;1
1995;1;1;44;8;7;1;0;0;1;1
1995;1;1;45;1;1;1;0;0;1;1
1995;1;1;45;1;2;1;0;0;1;1
1995;1;1;45;1;3;1;0;0;1;1
1995;1;1;45;1;6;1;0;0;1;1
1995;1;1;45;2;1;1;0;0;1;1
1995;1;1;45;2;2;1;0;0;1;1
1995;1;1;45;2;3;1;0;0;1;1
1995;1;1;45;2;6;1;0;0;1;1
1995;1;1;45;3;1;1;0;0;1;1
1995;1;1;45;3;2;1;0;0;1;1
1995;1;1;45;3;3;1;0;0;1;1
1995;1;1;45;3;6;1;0;0;1;1
1995;1;1;45;4;1;1;0;0;1;1
1995;1;1;45;4;2;1;0;0;1;1
1995;1;1;45;4;3;1;0;0;1;1
1995;1;1;45;4;6;1;0;0;1;1
1995;1;1;45;5;1;1;0;0;1;1
1995;1;1;45;5;2;1;0;0;1;1
1995;1;1;45;5;3;1;0;0;1;1
1995;1;1;45;5;6;1;0;0;1;1
1995;1;1;45;6;1;1;0;0;1;1
1995;1;1;45;6;2;1;0;0;1;1
1995;1;1;45;6;3;1;0;0;1;1
1995;1;1;45;6;6;1;0;0;1;1
1995;1;1;45;7;1;1;0;0;1;1
1995;1;1;45;7;2;1;0;0;1;1
1995;1;1;45;7;3;1;0;0;1;1
1995;1;1;45;7;6;1;0;0;1;1
1995;1;1;45;8;1;1;0;0;1;1
1995;1;1;45;8;2;1;0;0;1;1
1995;1;1;45;8;3;1;0;0;1;1
1995;1;1;45;8;6;1;0;0;1;1
1995;1;1;46;1;1;1;0;0;1;1
1995;1;1;46;1;2;1;0;0;1;1
1995;1;1;46;2;1;1;0;0;1;1
1995;1;1;46;2;2;1;0;0;1;1
1995;1;1;46;3;1;1;0;0;1;1
1995;1;1;46;3;2;1;0;0;1;1
1995;1;1;46;4;1;1;0;0;1;1
1995;1;1;46;4;2;1;0;0;1;1
1995;1;1;46;5;1;1;0;0;1;1
1995;1;1;46;5;2;1;0;0;1;1
1995;1;1;46;6;1;1;0;0;1;1
1995;1;1;46;6;2;1;0;0;1;1
1995;1;1;46;7;1;1;0;0;1;1
1995;1;1;46;7;2;1;0;0;1;1
1995;1;1;46;8;1;1;0;0;1;1
1995;1;1;46;8;2;1;0;0;1;0
1995;1;1;47;1;1;1;0;0;1;1
1995;1;1;47;1;2;1;0;0;1;1
1995;1;1;47;1;3;1;0;0;1;1
1995;1;1;47;2;1;1;0;0;1;1
1995;1;1;47;2;2;1;0;0;1;1
1995;1;1;47;2;3;1;0;0;1;1
1995;1;1;47;3;1;1;0;0;1;1
1995;1;1;47;3;2;1;0;0;1;1
1995;1;1;47;3;3;1;0;0;1;1
1995;1;1;47;4;1;1;0;0;1;1
1995;1;1;47;4;2;1;0;0;1;1
1995;1;1;47;4;3;1;0;0;1;1
1995;1;1;47;5;1;1;0;0;1;1
1995;1;1;47;5;2;1;0;0;1;1
1995;1;1;47;5;3;1;0;0;1;1
1995;1;1;47;6;1;1;0;0;1;1
1995;1;1;47;6;2;1;0;0;1;1
1995;1;1;47;6;3;1;0;0;1;1
1995;1;1;47;7;1;1;0;0;1;1
1995;1;1;47;7;2;1;0;0;1;1
1995;1;1;47;7;3;1;0;0;1;1
1995;1;1;47;8;1;1;0;0;1;1
1995;1;1;47;8;2;1;0;0;1;1
1995;1;1;47;8;3;1;0;0;1;1
1995;1;1;48;1;1;1;0;0;1;1
1995;1;1;48;1;2;1;0;0;1;1
1995;1;1;48;1;3;1;0;0;1;1
1995;1;1;48;2;1;1;0;0;1;1
1995;1;1;48;2;2;1;0;0;1;1
1995;1;1;48;2;3;1;0;0;1;1
1995;1;1;48;3;1;1;0;0;1;1
1995;1;1;48;3;2;1;0;0;1;1
1995;1;1;48;3;3;1;0;0;1;1
1995;1;1;48;4;1;1;0;0;1;1
1995;1;1;48;4;2;1;0;0;1;1
1995;1;1;48;4;3;1;0;0;1;1
1995;1;1;48;5;1;1;0;0;1;1
1995;1;1;48;5;2;1;0;0;1;1
1995;1;1;48;5;3;1;0;0;1;1
1995;1;1;48;6;1;1;0;0;1;1
1995;1;1;48;6;2;1;0;0;1;1
1995;1;1;48;6;3;1;0;0;1;1
1995;1;1;48;7;1;1;0;0;1;1
1995;1;1;48;7;2;1;0;0;1;1
1995;1;1;48;7;3;1;0;0;1;1
1995;1;1;48;8;1;1;0;0;1;1
1995;1;1;48;8;2;1;0;0;1;1
1995;1;1;48;8;3;1;0;0;1;1
1995;1;1;50;1;1;1;0;0;1;1
1995;1;1;50;2;1;1;0;0;1;1
1995;1;1;50;3;1;1;0;0;1;1
1995;1;1;50;4;1;1;0;0;1;1
1995;1;1;50;5;1;1;0;0;1;1
1995;1;1;50;6;1;1;0;0;1;1
1995;1;1;50;7;1;1;0;0;1;1
1995;1;1;50;8;1;1;0;0;1;1
1995;1;1;51;1;1;1;0;0;1;1
1995;1;1;51;1;2;1;0;0;1;1
1995;1;1;51;1;3;1;0;0;1;1
1995;1;1;51;2;1;1;0;0;1;1
1995;1;1;51;2;2;1;0;0;1;1
1995;1;1;51;2;3;1;0;0;1;1
1995;1;1;51;3;1;1;0;0;1;1
1995;1;1;51;3;2;1;0;0;1;1
1995;1;1;51;3;3;1;0;0;1;1
1995;1;1;51;4;1;1;0;0;1;1
1995;1;1;51;4;2;1;0;0;1;1
1995;1;1;51;4;3;1;0;0;1;1
1995;1;1;51;5;1;1;0;0;1;1
1995;1;1;51;5;2;1;0;0;1;1
1995;1;1;51;5;3;1;0;0;1;1
1995;1;1;51;6;1;1;0;0;1;1
1995;1;1;51;6;2;1;0;0;1;1
1995;1;1;51;6;3;1;0;0;1;1
1995;1;1;51;7;1;1;0;0;1;1
1995;1;1;51;7;2;1;0;0;1;1
1995;1;1;51;7;3;1;0;0;1;1
1995;1;1;51;8;1;1;0;0;1;1
1995;1;1;51;8;2;1;0;0;1;1
1995;1;1;51;8;3;1;0;0;1;1
1995;1;1;52;1;1;1;0;0;1;1
1995;1;1;52;1;2;1;0;0;1;1
1995;1;1;52;1;3;1;0;0;1;1
1995;1;1;52;2;1;1;0;0;1;1
1995;1;1;52;2;2;1;0;0;1;1
1995;1;1;52;2;3;1;0;0;1;1
1995;1;1;52;3;1;1;0;0;1;1
1995;1;1;52;3;2;1;0;0;1;1
1995;1;1;52;3;3;1;0;0;1;1
1995;1;1;52;4;1;1;0;0;1;1
1995;1;1;52;4;2;1;0;0;1;1
1995;1;1;52;4;3;1;0;0;1;1
1995;1;1;52;5;1;1;0;0;1;1
1995;1;1;52;5;2;1;0;0;1;1
1995;1;1;52;5;3;1;0;0;1;1
1995;1;1;52;6;1;1;0;0;1;1
1995;1;1;52;6;2;1;0;0;1;1
1995;1;1;52;6;3;1;0;0;1;1
1995;1;1;52;7;1;1;0;0;1;1
1995;1;1;52;7;2;1;0;0;1;1
1995;1;1;52;7;3;1;0;0;1;1
1995;1;1;52;8;1;1;0;0;1;1
1995;1;1;52;8;2;1;0;0;1;1
1995;1;1;52;8;3;1;0;0;1;1
1995;1;1;53;1;1;1;0;0;1;1
1995;1;1;53;1;2;1;0;0;1;1
1995;1;1;53;2;1;1;0;0;1;1
1995;1;1;53;2;2;1;0;0;1;1
1995;1;1;53;3;1;1;0;0;1;1
1995;1;1;53;3;2;1;0;0;1;1
1995;1;1;53;4;1;1;0;0;1;1
1995;1;1;53;4;2;1;0;0;1;1
1995;1;1;53;5;1;1;0;0;1;1
1995;1;1;53;5;2;1;0;0;1;1
1995;1;1;53;6;1;1;0;0;1;1
1995;1;1;53;6;2;1;0;0;1;1
1995;1;1;53;7;1;1;0;0;1;1
1995;1;1;53;7;2;1;0;0;1;1
1995;1;1;53;8;1;1;0;0;1;1
1995;1;1;53;8;2;1;0;0;1;1
1995;1;1;54;1;1;1;0;0;1;1
1995;1;1;54;1;2;1;0;0;1;1
1995;1;1;54;2;1;1;0;0;1;1
1995;1;1;54;2;2;1;0;0;1;1
1995;1;1;54;3;1;1;0;0;1;1
1995;1;1;54;3;2;1;0;0;1;1
1995;1;1;54;4;1;1;0;0;1;1
1995;1;1;54;4;2;1;0;0;1;1
1995;1;1;54;5;1;1;0;0;1;1
1995;1;1;54;5;2;1;0;0;1;1
1995;1;1;54;6;1;1;0;0;1;1
1995;1;1;54;6;2;1;0;0;1;1
1995;1;1;54;7;1;1;0;0;1;1
1995;1;1;54;7;2;1;0;0;1;1
1995;1;1;54;8;1;1;0;0;1;1
1995;1;1;54;8;2;1;0;0;1;1
1995;1;1;55;1;1;1;0;0;1;1
1995;1;1;55;2;1;1;0;0;1;1
1995;1;1;55;3;1;1;0;0;1;1
1995;1;1;55;4;1;1;0;0;1;1
1995;1;1;55;5;1;1;0;0;1;1
1995;1;1;55;6;1;1;0;0;1;1
1995;1;1;55;7;1;1;0;0;1;1
1995;1;1;55;8;1;1;0;0;1;1
1995;1;1;56;1;1;1;0;0;1;1
1995;1;1;56;1;2;1;0;0;1;1
1995;1;1;56;1;3;1;0;0;1;1
1995;1;1;56;2;1;1;0;0;1;1
1995;1;1;56;2;2;1;0;0;1;1
1995;1;1;56;2;3;1;0;0;1;1
1995;1;1;56;3;1;1;0;0;1;1
1995;1;1;56;3;2;1;0;0;1;1
1995;1;1;56;3;3;1;0;0;1;1
1995;1;1;56;4;1;1;0;0;1;1
1995;1;1;56;4;2;1;0;0;1;1
1995;1;1;56;4;3;1;0;0;1;1
1995;1;1;56;5;1;1;0;0;1;1
1995;1;1;56;5;2;1;0;0;1;1
1995;1;1;56;5;3;1;0;0;1;1
1995;1;1;56;6;1;1;0;0;1;1
1995;1;1;56;6;2;1;0;0;1;1
1995;1;1;56;6;3;1;0;0;1;1
1995;1;1;56;7;1;1;0;0;1;1
1995;1;1;56;7;2;1;0;0;1;1
1995;1;1;56;7;3;1;0;0;1;1
1995;1;1;56;8;1;1;0;0;1;1
1995;1;1;56;8;2;1;0;0;1;1
1995;1;1;56;8;3;1;0;0;1;1
1995;1;1;57;1;1;1;0;0;1;1
1995;1;1;57;1;2;1;0;0;1;1
1995;1;1;57;1;3;1;0;0;1;1
1995;1;1;57;2;1;1;0;0;1;1
1995;1;1;57;2;2;1;0;0;1;1
1995;1;1;57;2;3;1;0;0;1;1
1995;1;1;57;3;1;1;0;0;1;1
1995;1;1;57;3;2;1;0;0;1;1
1995;1;1;57;3;3;1;0;0;1;1
1995;1;1;57;4;1;1;0;0;1;1
1995;1;1;57;4;2;1;0;0;1;1
1995;1;1;57;4;3;1;0;0;1;1
1995;1;1;57;5;1;1;0;0;1;1
1995;1;1;57;5;2;1;0;0;1;1
1995;1;1;57;5;3;1;0;0;1;1
1995;1;1;57;6;1;1;0;0;1;1
1995;1;1;57;6;2;1;0;0;1;1
1995;1;1;57;6;3;1;0;0;1;1
1995;1;1;57;7;1;1;0;0;1;1
1995;1;1;57;7;2;1;0;0;1;1
1995;1;1;57;7;3;1;0;0;1;1
1995;1;1;57;8;1;1;0;0;1;1
1995;1;1;57;8;2;1;0;0;1;1
1995;1;1;57;8;3;1;0;0;1;1
1995;1;1;58;1;1;1;0;0;1;1
1995;1;1;58;1;2;1;0;0;1;1
1995;1;1;58;2;1;1;0;0;1;1
1995;1;1;58;2;2;1;0;0;1;1
1995;1;1;58;3;1;1;0;0;1;1
1995;1;1;58;3;2;1;0;0;1;1
1995;1;1;58;4;1;1;0;0;1;1
1995;1;1;58;4;2;1;0;0;1;1
1995;1;1;58;5;1;1;0;0;1;1
1995;1;1;58;5;2;1;0;0;1;1
1995;1;1;58;6;1;1;0;0;1;1
1995;1;1;58;6;2;1;0;0;1;1
1995;1;1;58;7;1;1;0;0;1;1
1995;1;1;58;7;2;1;0;0;1;1
1995;1;1;58;8;1;1;0;0;1;1
1995;1;1;58;8;2;1;0;0;1;1
1995;1;1;59;1;1;1;0;0;1;1
1995;1;1;59;1;2;1;0;0;1;1
1995;1;1;59;1;3;1;0;0;1;1
1995;1;1;59;2;1;1;0;0;1;1
1995;1;1;59;2;2;1;0;0;1;1
1995;1;1;59;2;3;1;0;0;1;1
1995;1;1;59;3;1;1;0;0;1;1
1995;1;1;59;3;2;1;0;0;1;1
1995;1;1;59;3;3;1;0;0;1;1
1995;1;1;59;4;1;1;0;0;1;1
1995;1;1;59;4;2;1;0;0;1;1
1995;1;1;59;4;3;1;0;0;1;1
1995;1;1;59;5;1;1;0;0;1;1
1995;1;1;59;5;2;1;0;0;1;1
1995;1;1;59;5;3;1;0;0;1;1
1995;1;1;59;6;1;1;0;0;1;1
1995;1;1;59;6;2;1;0;0;1;1
1995;1;1;59;6;3;1;0;0;1;1
1995;1;1;59;7;1;1;0;0;1;1
1995;1;1;59;7;2;1;0;0;1;1
1995;1;1;59;7;3;1;0;0;1;1
1995;1;1;59;8;1;1;0;0;1;1
1995;1;1;59;8;2;1;0;0;1;1
1995;1;1;59;8;3;1;0;0;1;1
1995;1;1;60;1;1;1;0;0;1;1
1995;1;1;60;1;2;1;0;0;1;1
1995;1;1;60;1;3;1;0;0;1;1
1995;1;1;60;2;1;1;0;0;1;1
1995;1;1;60;2;2;1;0;0;1;1
1995;1;1;60;2;3;1;0;0;1;1
1995;1;1;60;3;1;1;0;0;1;1
1995;1;1;60;3;2;1;0;0;1;1
1995;1;1;60;3;3;1;0;0;1;1
1995;1;1;60;4;1;1;0;0;1;1
1995;1;1;60;4;2;1;0;0;1;1
1995;1;1;60;4;3;1;0;0;1;1
1995;1;1;60;5;1;1;0;0;1;1
1995;1;1;60;5;2;1;0;0;1;1
1995;1;1;60;5;3;1;0;0;1;1
1995;1;1;60;6;1;1;0;0;1;1
1995;1;1;60;6;2;1;0;0;1;1
1995;1;1;60;6;3;1;0;0;1;1
1995;1;1;60;7;1;1;0;0;1;1
1995;1;1;60;7;2;1;0;0;1;1
1995;1;1;60;7;3;1;0;0;1;1
1995;1;1;60;8;1;1;0;0;1;1
1995;1;1;60;8;2;1;0;0;1;1
1995;1;1;60;8;3;1;0;0;1;1
1995;1;1;61;1;1;1;0;0;1;1
1995;1;1;61;1;2;1;0;0;1;1
1995;1;1;61;1;3;1;0;0;1;1
1995;1;1;61;2;1;1;0;0;1;1
1995;1;1;61;2;2;1;0;0;1;1
1995;1;1;61;2;3;1;0;0;1;1
1995;1;1;61;3;1;1;0;0;1;1
1995;1;1;61;3;2;1;0;0;1;1
1995;1;1;61;3;3;1;0;0;1;1
1995;1;1;61;4;1;1;0;0;1;1
1995;1;1;61;4;2;1;0;0;1;1
1995;1;1;61;4;3;1;0;0;1;1
1995;1;1;61;5;1;1;0;0;1;1
1995;1;1;61;5;2;1;0;0;1;1
1995;1;1;61;5;3;1;0;0;1;1
1995;1;1;61;6;1;1;0;0;1;1
1995;1;1;61;6;2;1;0;0;1;1
1995;1;1;61;6;3;1;0;0;1;1
1995;1;1;61;7;1;1;0;0;1;1
1995;1;1;61;7;2;1;0;0;1;1
1995;1;1;61;7;3;1;0;0;1;1
1995;1;1;61;8;1;1;0;0;1;1
1995;1;1;61;8;2;1;0;0;1;1
1995;1;1;61;8;3;1;0;0;1;1
1995;1;1;62;1;1;1;0;0;1;1
1995;1;1;62;1;2;1;0;0;1;1
1995;1;1;62;1;3;1;0;0;1;1
1995;1;1;62;2;1;1;0;0;1;1
1995;1;1;62;2;2;1;0;0;1;1
1995;1;1;62;2;3;1;0;0;1;1
1995;1;1;62;3;1;1;0;0;1;1
1995;1;1;62;3;2;1;0;0;1;1
1995;1;1;62;3;3;1;0;0;1;1
1995;1;1;62;4;1;1;0;0;1;1
1995;1;1;62;4;2;1;0;0;1;1
1995;1;1;62;4;3;1;0;0;1;1
1995;1;1;62;5;1;1;0;0;1;1
1995;1;1;62;5;2;1;0;0;1;1
1995;1;1;62;5;3;1;0;0;1;1
1995;1;1;62;6;1;1;0;0;1;1
1995;1;1;62;6;2;1;0;0;1;1
1995;1;1;62;6;3;1;0;0;1;1
1995;1;1;62;7;1;1;0;0;1;1
1995;1;1;62;7;2;1;0;0;1;1
1995;1;1;62;7;3;1;0;0;1;1
1995;1;1;62;8;1;1;0;0;1;1
1995;1;1;62;8;2;1;0;0;1;1
1995;1;1;62;8;3;1;0;0;1;1
1995;1;1;63;1;1;1;0;0;1;1
1995;1;1;63;1;2;1;0;0;1;1
1995;1;1;63;1;3;1;0;0;1;1
1995;1;1;63;2;1;1;0;0;1;1
1995;1;1;63;2;2;1;0;0;1;1
1995;1;1;63;2;3;1;0;0;1;1
1995;1;1;63;3;1;1;0;0;1;1
1995;1;1;63;3;2;1;0;0;1;1
1995;1;1;63;3;3;1;0;0;1;1
1995;1;1;63;4;1;1;0;0;1;1
1995;1;1;63;4;2;1;0;0;1;1
1995;1;1;63;4;3;1;0;0;1;1
1995;1;1;63;5;1;1;0;0;1;1
1995;1;1;63;5;2;1;0;0;1;1
1995;1;1;63;5;3;1;0;0;1;1
1995;1;1;63;6;1;1;0;0;1;1
1995;1;1;63;6;2;1;0;0;1;1
1995;1;1;63;6;3;1;0;0;1;1
1995;1;1;63;7;1;1;0;0;1;1
1995;1;1;63;7;2;1;0;0;1;1
1995;1;1;63;7;3;1;0;0;1;1
1995;1;1;63;8;1;1;0;0;1;1
1995;1;1;63;8;2;1;0;0;1;1
1995;1;1;63;8;3;1;0;0;1;1
1995;1;1;64;1;2;1;0;0;1;1
1995;1;1;64;1;3;1;0;0;1;1
1995;1;1;64;2;2;1;0;0;1;1
1995;1;1;64;2;3;1;0;0;1;1
1995;1;1;64;3;2;1;0;0;1;1
1995;1;1;64;3;3;1;0;0;1;1
1995;1;1;64;4;2;1;0;0;1;1
1995;1;1;64;4;3;1;0;0;1;1
1995;1;1;64;5;2;1;0;0;1;1
1995;1;1;64;5;3;1;0;0;1;1
1995;1;1;64;6;2;1;0;0;1;1
1995;1;1;64;6;3;1;0;0;1;1
1995;1;1;64;7;2;1;0;0;1;1
1995;1;1;64;7;3;1;0;0;1;1
1995;1;1;64;8;2;1;0;0;1;1
1995;1;1;64;8;3;1;0;0;1;1
1995;1;1;65;1;1;1;0;0;1;1
1995;1;1;65;1;2;1;0;0;1;1
1995;1;1;65;1;3;1;0;0;1;1
1995;1;1;65;2;1;1;0;0;1;1
1995;1;1;65;2;2;1;0;0;1;1
1995;1;1;65;2;3;1;0;0;1;1
1995;1;1;65;3;1;1;0;0;1;1
1995;1;1;65;3;2;1;0;0;1;1
1995;1;1;65;3;3;1;0;0;1;1
1995;1;1;65;4;1;1;0;0;1;1
1995;1;1;65;4;2;1;0;0;1;1
1995;1;1;65;4;3;1;0;0;1;1
1995;1;1;65;5;1;1;0;0;1;1
1995;1;1;65;5;2;1;0;0;1;1
1995;1;1;65;5;3;1;0;0;1;1
1995;1;1;65;6;1;1;0;0;1;1
1995;1;1;65;6;2;1;0;0;1;1
1995;1;1;65;6;3;1;0;0;1;1
1995;1;1;65;7;1;1;0;0;1;1
1995;1;1;65;7;2;1;0;0;1;1
1995;1;1;65;7;3;1;0;0;1;1
1995;1;1;65;8;1;1;0;0;1;1
1995;1;1;65;8;2;1;0;0;1;1
1995;1;1;65;8;3;1;0;0;1;1
1995;1;1;66;1;1;1;0;0;1;1
1995;1;1;66;1;2;1;0;0;1;1
1995;1;1;66;1;3;1;0;0;1;1
1995;1;1;66;2;1;1;0;0;1;1
1995;1;1;66;2;2;1;0;0;1;1
1995;1;1;66;2;3;1;0;0;1;1
1995;1;1;66;3;1;1;0;0;1;1
1995;1;1;66;3;2;1;0;0;1;1
1995;1;1;66;3;3;1;0;0;1;1
1995;1;1;66;4;1;1;0;0;1;1
1995;1;1;66;4;2;1;0;0;1;1
1995;1;1;66;4;3;1;0;0;1;1
1995;1;1;66;5;1;1;0;0;1;1
1995;1;1;66;5;2;1;0;0;1;1
1995;1;1;66;5;3;1;0;0;1;1
1995;1;1;66;6;1;1;0;0;1;1
1995;1;1;66;6;2;1;0;0;1;1
1995;1;1;66;6;3;1;0;0;1;1
1995;1;1;66;7;1;1;0;0;1;1
1995;1;1;66;7;2;1;0;0;1;1
1995;1;1;66;7;3;1;0;0;1;1
1995;1;1;66;8;1;1;0;0;1;1
1995;1;1;66;8;2;1;0;0;1;1
1995;1;1;66;8;3;1;0;0;1;1
1995;1;1;67;1;1;1;0;0;1;1
1995;1;1;67;1;2;1;0;0;1;1
1995;1;1;67;1;3;1;0;0;1;1
1995;1;1;67;2;1;1;0;0;1;1
1995;1;1;67;2;2;1;0;0;1;1
1995;1;1;67;2;3;1;0;0;1;1
1995;1;1;67;3;1;1;0;0;1;1
1995;1;1;67;3;2;1;0;0;1;1
1995;1;1;67;3;3;1;0;0;1;1
1995;1;1;67;4;1;1;0;0;1;1
1995;1;1;67;4;2;1;0;0;1;1
1995;1;1;67;4;3;1;0;0;1;1
1995;1;1;67;5;1;1;0;0;1;1
1995;1;1;67;5;2;1;0;0;1;1
1995;1;1;67;5;3;1;0;0;1;1
1995;1;1;67;6;1;1;0;0;1;1
1995;1;1;67;6;2;1;0;0;1;1
1995;1;1;67;6;3;1;0;0;1;1
1995;1;1;67;7;1;1;0;0;1;1
1995;1;1;67;7;2;1;0;0;1;1
1995;1;1;67;7;3;1;0;0;1;1
1995;1;1;67;8;1;1;0;0;1;1
1995;1;1;67;8;2;1;0;0;1;1
1995;1;1;67;8;3;1;0;0;1;1
1995;1;1;68;1;1;1;0;0;1;1
1995;1;1;68;2;1;1;0;0;1;1
1995;1;1;68;3;1;1;0;0;1;1
1995;1;1;68;4;1;1;0;0;1;1
1995;1;1;68;5;1;1;0;0;1;1
1995;1;1;68;6;1;1;0;0;1;1
1995;1;1;68;7;1;1;0;0;1;1
1995;1;1;68;8;1;1;0;0;1;1
1995;1;1;69;1;1;1;0;0;1;1
1995;1;1;69;1;2;1;0;0;1;1
1995;1;1;69;1;3;1;0;0;1;1
1995;1;1;69;2;1;1;0;0;1;1
1995;1;1;69;2;2;1;0;0;1;1
1995;1;1;69;2;3;1;0;0;1;1
1995;1;1;69;3;1;1;0;0;1;1
1995;1;1;69;3;2;1;0;0;1;1
1995;1;1;69;3;3;1;0;0;1;1
1995;1;1;69;4;1;1;0;0;1;1
1995;1;1;69;4;2;1;0;0;1;1
1995;1;1;69;4;3;1;0;0;1;1
1995;1;1;69;5;1;1;0;0;1;1
1995;1;1;69;5;2;1;0;0;1;1
1995;1;1;69;5;3;1;0;0;1;1
1995;1;1;69;6;1;1;0;0;1;1
1995;1;1;69;6;2;1;0;0;1;1
1995;1;1;69;6;3;1;0;0;1;1
1995;1;1;69;7;1;1;0;0;1;1
1995;1;1;69;7;2;1;0;0;1;1
1995;1;1;69;7;3;1;0;0;1;1
1995;1;1;69;8;1;1;0;0;1;1
1995;1;1;69;8;2;1;0;0;1;1
1995;1;1;69;8;3;1;0;0;1;1
1995;1;1;70;1;1;1;0;0;1;1
1995;1;1;70;1;2;1;0;0;1;1
1995;1;1;70;1;3;1;0;0;1;1
1995;1;1;70;2;1;1;0;0;1;1
1995;1;1;70;2;2;1;0;0;1;1
1995;1;1;70;2;3;1;0;0;1;1
1995;1;1;70;3;1;1;0;0;1;1
1995;1;1;70;3;2;1;0;0;1;1
1995;1;1;70;3;3;1;0;0;1;1
1995;1;1;70;4;1;1;0;0;1;1
1995;1;1;70;4;2;1;0;0;1;1
1995;1;1;70;4;3;1;0;0;1;1
1995;1;1;70;5;1;1;0;0;1;1
1995;1;1;70;5;2;1;0;0;1;1
1995;1;1;70;5;3;1;0;0;1;1
1995;1;1;70;6;1;1;0;0;1;1
1995;1;1;70;6;2;1;0;0;1;1
1995;1;1;70;6;3;1;0;0;1;1
1995;1;1;70;7;1;1;0;0;1;1
1995;1;1;70;7;2;1;0;0;1;1
1995;1;1;70;7;3;1;0;0;1;1
1995;1;1;70;8;1;1;0;0;1;1
1995;1;1;70;8;2;1;0;0;1;1
1995;1;1;70;8;3;1;0;0;1;1
1995;1;1;71;1;1;1;0;0;1;1
1995;1;1;71;1;2;1;0;0;1;1
1995;1;1;71;1;3;1;0;0;1;1
1995;1;1;71;2;1;1;0;0;1;1
1995;1;1;71;2;2;1;0;0;1;1
1995;1;1;71;2;3;1;0;0;1;1
1995;1;1;71;3;1;1;0;0;1;1
1995;1;1;71;3;2;1;0;0;1;1
1995;1;1;71;3;3;1;0;0;1;1
1995;1;1;71;4;1;1;0;0;1;1
1995;1;1;71;4;2;1;0;0;1;1
1995;1;1;71;4;3;1;0;0;1;1
1995;1;1;71;5;1;1;0;0;1;1
1995;1;1;71;5;2;1;0;0;1;1
1995;1;1;71;5;3;1;0;0;1;1
1995;1;1;71;6;1;1;0;0;1;1
1995;1;1;71;6;2;1;0;0;1;1
1995;1;1;71;6;3;1;0;0;1;1
1995;1;1;71;7;1;1;0;0;1;1
1995;1;1;71;7;2;1;0;0;1;1
1995;1;1;71;7;3;1;0;0;1;1
1995;1;1;71;8;1;1;0;0;1;1
1995;1;1;71;8;2;1;0;0;1;1
1995;1;1;71;8;3;1;0;0;1;1
1995;1;1;72;1;2;1;0;0;1;1
1995;1;1;72;1;6;1;0;0;1;1
1995;1;1;72;2;2;1;0;0;1;1
1995;1;1;72;2;6;1;0;0;1;1
1995;1;1;72;3;2;1;0;0;1;1
1995;1;1;72;3;6;1;0;0;1;1
1995;1;1;72;4;2;1;0;0;1;1
1995;1;1;72;4;6;1;0;0;1;1
1995;1;1;72;5;2;1;0;0;1;1
1995;1;1;72;5;6;1;0;0;1;1
1995;1;1;72;6;2;1;0;0;1;1
1995;1;1;72;6;6;1;0;0;1;1
1995;1;1;72;7;2;1;0;0;1;1
1995;1;1;72;7;6;1;0;0;1;1
1995;1;1;72;8;2;1;0;0;1;1
1995;1;1;72;8;6;1;0;0;1;1
1995;1;1;73;1;1;1;0;0;1;1
1995;1;1;73;1;2;1;0;0;1;1
1995;1;1;73;2;1;1;0;0;1;1
1995;1;1;73;2;2;1;0;0;1;1
1995;1;1;73;3;1;1;0;0;1;1
1995;1;1;73;3;2;1;0;0;1;1
1995;1;1;73;4;1;1;0;0;1;1
1995;1;1;73;4;2;1;0;0;1;1
1995;1;1;73;5;1;1;0;0;1;1
1995;1;1;73;5;2;1;0;0;1;1
1995;1;1;73;6;1;1;0;0;1;1
1995;1;1;73;6;2;1;0;0;1;1
1995;1;1;73;7;1;1;0;0;1;1
1995;1;1;73;7;2;1;0;0;1;1
1995;1;1;73;8;1;1;0;0;1;1
1995;1;1;73;8;2;1;0;0;1;1
1995;1;1;74;1;1;1;0;0;1;1
1995;1;1;74;1;2;1;0;0;1;1
1995;1;1;74;2;1;1;0;0;1;1
1995;1;1;74;2;2;1;0;0;1;1
1995;1;1;74;3;1;1;0;0;1;1
1995;1;1;74;3;2;1;0;0;1;1
1995;1;1;74;4;1;1;0;0;1;1
1995;1;1;74;4;2;1;0;0;1;1
1995;1;1;74;5;1;1;0;0;1;1
1995;1;1;74;5;2;1;0;0;1;1
1995;1;1;74;6;1;1;0;0;1;1
1995;1;1;74;6;2;1;0;0;1;1
1995;1;1;74;7;1;1;0;0;1;1
1995;1;1;74;7;2;1;0;0;1;1
1995;1;1;74;8;1;1;0;0;1;1
1995;1;1;74;8;2;1;0;0;1;1
1995;1;1;75;1;1;1;0;0;1;1
1995;1;1;75;1;2;1;0;0;1;1
1995;1;1;75;1;3;1;0;0;1;1
1995;1;1;75;1;5;1;0;0;1;1
1995;1;1;75;1;6;1;0;0;1;1
1995;1;1;75;1;7;1;0;0;1;1
1995;1;1;75;2;1;1;0;0;1;1
1995;1;1;75;2;2;1;0;0;1;1
1995;1;1;75;2;3;1;0;0;1;1
1995;1;1;75;2;5;1;0;0;1;1
1995;1;1;75;2;6;1;0;0;1;1
1995;1;1;75;2;7;1;0;0;1;1
1995;1;1;75;3;1;1;0;0;1;1
1995;1;1;75;3;2;1;0;0;1;1
1995;1;1;75;3;3;1;0;0;1;1
1995;1;1;75;3;5;1;0;0;1;1
1995;1;1;75;3;6;1;0;0;1;1
1995;1;1;75;3;7;1;0;0;1;1
1995;1;1;75;4;1;1;0;0;1;1
1995;1;1;75;4;2;1;0;0;1;1
1995;1;1;75;4;3;1;0;0;1;1
1995;1;1;75;4;5;1;0;0;1;1
1995;1;1;75;4;6;1;0;0;1;1
1995;1;1;75;4;7;1;0;0;1;1
1995;1;1;75;5;1;1;0;0;1;1
1995;1;1;75;5;2;1;0;0;1;1
1995;1;1;75;5;3;1;0;0;1;1
1995;1;1;75;5;5;1;0;0;1;1
1995;1;1;75;5;6;1;0;0;1;1
1995;1;1;75;5;7;1;0;0;1;1
1995;1;1;75;6;1;1;0;0;1;1
1995;1;1;75;6;2;1;0;0;1;1
1995;1;1;75;6;3;1;0;0;1;1
1995;1;1;75;6;5;1;0;0;1;1
1995;1;1;75;6;6;1;0;0;1;1
1995;1;1;75;6;7;1;0;0;1;1
1995;1;1;75;7;1;1;0;0;1;1
1995;1;1;75;7;2;1;0;0;1;1
1995;1;1;75;7;3;1;0;0;1;1
1995;1;1;75;7;5;1;0;0;1;1
1995;1;1;75;7;6;1;0;0;1;1
1995;1;1;75;7;7;1;0;0;1;1
1995;1;1;75;8;1;1;0;0;1;1
1995;1;1;75;8;2;1;0;0;1;1
1995;1;1;75;8;3;1;0;0;1;1
1995;1;1;75;8;5;1;0;0;1;1
1995;1;1;75;8;6;1;0;0;1;1
1995;1;1;75;8;7;1;0;0;1;1
1995;1;1;76;1;1;1;0;0;1;1
1995;1;1;76;2;1;1;0;0;1;1
1995;1;1;76;3;1;1;0;0;1;1
1995;1;1;76;4;1;1;0;0;1;1
1995;1;1;76;5;1;1;0;0;1;1
1995;1;1;76;6;1;1;0;0;1;1
1995;1;1;76;7;1;1;0;0;1;1
1995;1;1;76;8;1;1;0;0;1;1
1995;1;1;77;1;1;1;0;0;1;1
1995;1;1;77;1;2;1;0;0;1;1
1995;1;1;77;1;3;1;0;0;1;1
1995;1;1;77;2;1;1;0;0;1;1
1995;1;1;77;2;2;1;0;0;1;1
1995;1;1;77;2;3;1;0;0;1;1
1995;1;1;77;3;1;1;0;0;1;1
1995;1;1;77;3;2;1;0;0;1;1
1995;1;1;77;3;3;1;0;0;1;1
1995;1;1;77;4;1;1;0;0;1;1
1995;1;1;77;4;2;1;0;0;1;1
1995;1;1;77;4;3;1;0;0;1;1
1995;1;1;77;5;1;1;0;0;1;1
1995;1;1;77;5;2;1;0;0;1;1
1995;1;1;77;5;3;1;0;0;1;1
1995;1;1;77;6;1;1;0;0;1;1
1995;1;1;77;6;2;1;0;0;1;1
1995;1;1;77;6;3;1;0;0;1;1
1995;1;1;77;7;1;1;0;0;1;1
1995;1;1;77;7;2;1;0;0;1;1
1995;1;1;77;7;3;1;0;0;1;1
1995;1;1;77;8;1;1;0;0;1;1
1995;1;1;77;8;2;1;0;0;1;1
1995;1;1;77;8;3;1;0;0;1;1
1995;1;1;78;1;1;1;0;0;1;1
1995;1;1;78;1;2;1;0;0;1;1
1995;1;1;78;2;1;1;0;0;1;1
1995;1;1;78;2;2;1;0;0;1;1
1995;1;1;78;3;1;1;0;0;1;1
1995;1;1;78;3;2;1;0;0;1;1
1995;1;1;78;4;1;1;0;0;1;1
1995;1;1;78;4;2;1;0;0;1;1
1995;1;1;78;5;1;1;0;0;1;1
1995;1;1;78;5;2;1;0;0;1;1
1995;1;1;78;6;1;1;0;0;1;1
1995;1;1;78;6;2;1;0;0;1;1
1995;1;1;78;7;1;1;0;0;1;1
1995;1;1;78;7;2;1;0;0;1;1
1995;1;1;78;8;1;1;0;0;1;1
1995;1;1;78;8;2;1;0;0;1;1
1995;1;1;79;1;1;1;0;0;1;1
1995;1;1;79;1;2;1;0;0;1;1
1995;1;1;79;1;3;1;0;0;1;1
1995;1;1;79;1;6;1;0;0;1;1
1995;1;1;79;2;1;1;0;0;1;1
1995;1;1;79;2;2;1;0;0;1;1
1995;1;1;79;2;3;1;0;0;1;1
1995;1;1;79;2;6;1;0;0;1;1
1995;1;1;79;3;1;1;0;0;1;1
1995;1;1;79;3;2;1;0;0;1;1
1995;1;1;79;3;3;1;0;0;1;1
1995;1;1;79;3;6;1;0;0;1;1
1995;1;1;79;4;1;1;0;0;1;1
1995;1;1;79;4;2;1;0;0;1;1
1995;1;1;79;4;3;1;0;0;1;1
1995;1;1;79;4;6;1;0;0;1;1
1995;1;1;79;5;1;1;0;0;1;1
1995;1;1;79;5;2;1;0;0;1;1
1995;1;1;79;5;3;1;0;0;1;1
1995;1;1;79;5;6;1;0;0;1;1
1995;1;1;79;6;1;1;0;0;1;1
1995;1;1;79;6;2;1;0;0;1;1
1995;1;1;79;6;3;1;0;0;1;1
1995;1;1;79;6;6;1;0;0;1;1
1995;1;1;79;7;1;1;0;0;1;1
1995;1;1;79;7;2;1;0;0;1;1
1995;1;1;79;7;3;1;0;0;1;1
1995;1;1;79;7;6;1;0;0;1;1
1995;1;1;79;8;1;1;0;0;1;1
1995;1;1;79;8;2;1;0;0;1;1
1995;1;1;79;8;3;1;0;0;1;1
1995;1;1;79;8;6;1;0;0;1;1
1995;1;1;80;1;1;1;0;0;1;1
1995;1;1;80;1;2;1;0;0;1;1
1995;1;1;80;1;3;1;0;0;1;1
1995;1;1;80;2;1;1;0;0;1;1
1995;1;1;80;2;2;1;0;0;1;1
1995;1;1;80;2;3;1;0;0;1;1
1995;1;1;80;3;1;1;0;0;1;1
1995;1;1;80;3;2;1;0;0;1;1
1995;1;1;80;3;3;1;0;0;1;1
1995;1;1;80;4;1;1;0;0;1;1
1995;1;1;80;4;2;1;0;0;1;1
1995;1;1;80;4;3;1;0;0;1;1
1995;1;1;80;5;1;1;0;0;1;1
1995;1;1;80;5;2;1;0;0;1;1
1995;1;1;80;5;3;1;0;0;1;1
1995;1;1;80;6;1;1;0;0;1;1
1995;1;1;80;6;2;1;0;0;1;1
1995;1;1;80;6;3;1;0;0;1;1
1995;1;1;80;7;1;1;0;0;1;1
1995;1;1;80;7;2;1;0;0;1;1
1995;1;1;80;7;3;1;0;0;1;1
1995;1;1;80;8;1;1;0;0;1;1
1995;1;1;80;8;2;1;0;0;1;1
1995;1;1;80;8;3;1;0;0;1;1
1995;1;1;81;1;1;1;0;0;1;1
1995;1;1;81;1;2;1;0;0;1;1
1995;1;1;81;1;3;1;0;0;1;1
1995;1;1;81;2;1;1;0;0;1;1
1995;1;1;81;2;2;1;0;0;1;1
1995;1;1;81;2;3;1;0;0;1;1
1995;1;1;81;3;1;1;0;0;1;1
1995;1;1;81;3;2;1;0;0;1;1
1995;1;1;81;3;3;1;0;0;1;1
1995;1;1;81;4;1;1;0;0;1;1
1995;1;1;81;4;2;1;0;0;1;1
1995;1;1;81;4;3;1;0;0;1;1
1995;1;1;81;5;1;1;0;0;1;1
1995;1;1;81;5;2;1;0;0;1;1
1995;1;1;81;5;3;1;0;0;1;1
1995;1;1;81;6;1;1;0;0;1;1
1995;1;1;81;6;2;1;0;0;1;1
1995;1;1;81;6;3;1;0;0;1;1
1995;1;1;81;7;1;1;0;0;1;1
1995;1;1;81;7;2;1;0;0;1;1
1995;1;1;81;7;3;1;0;0;1;1
1995;1;1;81;8;1;1;0;0;1;1
1995;1;1;81;8;2;1;0;0;1;1
1995;1;1;81;8;3;1;0;0;1;1
1995;1;1;82;1;1;1;0;0;1;1
1995;1;1;82;1;2;1;0;0;1;1
1995;1;1;82;1;3;1;0;0;1;1
1995;1;1;82;2;1;1;0;0;1;1
1995;1;1;82;2;2;1;0;0;1;1
1995;1;1;82;2;3;1;0;0;1;1
1995;1;1;82;3;1;1;0;0;1;1
1995;1;1;82;3;2;1;0;0;1;1
1995;1;1;82;3;3;1;0;0;1;1
1995;1;1;82;4;1;1;0;0;1;1
1995;1;1;82;4;2;1;0;0;1;1
1995;1;1;82;4;3;1;0;0;1;1
1995;1;1;82;5;1;1;0;0;1;1
1995;1;1;82;5;2;1;0;0;1;1
1995;1;1;82;5;3;1;0;0;1;1
1995;1;1;82;6;1;1;0;0;1;1
1995;1;1;82;6;2;1;0;0;1;1
1995;1;1;82;6;3;1;0;0;1;1
1995;1;1;82;7;1;1;0;0;1;1
1995;1;1;82;7;2;1;0;0;1;1
1995;1;1;82;7;3;1;0;0;1;1
1995;1;1;82;8;1;1;0;0;1;1
1995;1;1;82;8;2;1;0;0;1;1
1995;1;1;82;8;3;1;0;0;1;1
1995;1;1;83;1;1;1;0;0;1;1
1995;1;1;83;1;2;1;0;0;1;1
1995;1;1;83;1;3;1;0;0;1;1
1995;1;1;83;2;1;1;0;0;1;1
1995;1;1;83;2;2;1;0;0;1;1
1995;1;1;83;2;3;1;0;0;1;1
1995;1;1;83;3;1;1;0;0;1;1
1995;1;1;83;3;2;1;0;0;1;1
1995;1;1;83;3;3;1;0;0;1;1
1995;1;1;83;4;1;1;0;0;1;1
1995;1;1;83;4;2;1;0;0;1;1
1995;1;1;83;4;3;1;0;0;1;1
1995;1;1;83;5;1;1;0;0;1;1
1995;1;1;83;5;2;1;0;0;1;1
1995;1;1;83;5;3;1;0;0;1;1
1995;1;1;83;6;1;1;0;0;1;1
1995;1;1;83;6;2;1;0;0;1;1
1995;1;1;83;6;3;1;0;0;1;1
1995;1;1;83;7;1;1;0;0;1;1
1995;1;1;83;7;2;1;0;0;1;1
1995;1;1;83;7;3;1;0;0;1;1
1995;1;1;83;8;1;1;0;0;1;1
1995;1;1;83;8;2;1;0;0;1;1
1995;1;1;83;8;3;1;0;0;1;1
1995;1;1;84;1;2;1;0;0;1;1
1995;1;1;84;2;2;1;0;0;1;1
1995;1;1;84;3;2;1;0;0;1;1
1995;1;1;84;4;2;1;0;0;1;1
1995;1;1;84;5;2;1;0;0;1;1
1995;1;1;84;6;2;1;0;0;1;1
1995;1;1;84;7;2;1;0;0;1;1
1995;1;1;84;8;2;1;0;0;1;1
1995;1;1;85;1;2;1;0;0;1;1
1995;1;1;85;1;3;1;0;0;1;1
1995;1;1;85;2;2;1;0;0;1;1
1995;1;1;85;2;3;1;0;0;1;1
1995;1;1;85;3;2;1;0;0;1;1
1995;1;1;85;3;3;1;0;0;1;1
1995;1;1;85;4;2;1;0;0;1;1
1995;1;1;85;4;3;1;0;0;1;1
1995;1;1;85;5;2;1;0;0;1;1
1995;1;1;85;5;3;1;0;0;1;1
1995;1;1;85;6;2;1;0;0;1;1
1995;1;1;85;6;3;1;0;0;1;1
1995;1;1;85;7;2;1;0;0;1;1
1995;1;1;85;7;3;1;0;0;1;1
1995;1;1;85;8;2;1;0;0;1;1
1995;1;1;85;8;3;1;0;0;1;1
1995;1;1;86;1;1;1;0;0;1;1
1995;1;1;86;1;2;1;0;0;1;1
1995;1;1;86;1;3;1;0;0;1;1
1995;1;1;86;2;1;1;0;0;1;1
1995;1;1;86;2;2;1;0;0;1;1
1995;1;1;86;2;3;1;0;0;1;1
1995;1;1;86;3;1;1;0;0;1;1
1995;1;1;86;3;2;1;0;0;1;1
1995;1;1;86;3;3;1;0;0;1;1
1995;1;1;86;4;1;1;0;0;1;1
1995;1;1;86;4;2;1;0;0;1;1
1995;1;1;86;4;3;1;0;0;1;1
1995;1;1;86;5;1;1;0;0;1;1
1995;1;1;86;5;2;1;0;0;1;1
1995;1;1;86;5;3;1;0;0;1;1
1995;1;1;86;6;1;1;0;0;1;1
1995;1;1;86;6;2;1;0;0;1;1
1995;1;1;86;6;3;1;0;0;1;1
1995;1;1;86;7;1;1;0;0;1;1
1995;1;1;86;7;2;1;0;0;1;1
1995;1;1;86;7;3;1;0;0;1;1
1995;1;1;86;8;1;1;0;0;1;1
1995;1;1;86;8;2;1;0;0;1;1
1995;1;1;86;8;3;1;0;0;1;1
1995;1;1;87;1;1;1;0;0;1;1
1995;1;1;87;1;2;1;0;0;1;1
1995;1;1;87;1;3;1;0;0;1;1
1995;1;1;87;2;1;1;0;0;1;1
1995;1;1;87;2;2;1;0;0;1;1
1995;1;1;87;2;3;1;0;0;1;1
1995;1;1;87;3;1;1;0;0;1;1
1995;1;1;87;3;2;1;0;0;1;1
1995;1;1;87;3;3;1;0;0;1;1
1995;1;1;87;4;1;1;0;0;1;1
1995;1;1;87;4;2;1;0;0;1;1
1995;1;1;87;4;3;1;0;0;1;1
1995;1;1;87;5;1;1;0;0;1;1
1995;1;1;87;5;2;1;0;0;1;1
1995;1;1;87;5;3;1;0;0;1;1
1995;1;1;87;6;1;1;0;0;1;1
1995;1;1;87;6;2;1;0;0;1;1
1995;1;1;87;6;3;1;0;0;1;1
1995;1;1;87;7;1;1;0;0;1;1
1995;1;1;87;7;2;1;0;0;1;1
1995;1;1;87;7;3;1;0;0;1;1
1995;1;1;87;8;1;1;0;0;1;1
1995;1;1;87;8;2;1;0;0;1;1
1995;1;1;87;8;3;1;0;0;1;1
1995;1;1;88;1;1;1;0;0;1;1
1995;1;1;88;1;2;1;0;0;1;1
1995;1;1;88;1;3;1;0;0;1;1
1995;1;1;88;2;1;1;0;0;1;1
1995;1;1;88;2;2;1;0;0;1;1
1995;1;1;88;2;3;1;0;0;1;1
1995;1;1;88;3;1;1;0;0;1;1
1995;1;1;88;3;2;1;0;0;1;1
1995;1;1;88;3;3;1;0;0;1;1
1995;1;1;88;4;1;1;0;0;1;1
1995;1;1;88;4;2;1;0;0;1;1
1995;1;1;88;4;3;1;0;0;1;1
1995;1;1;88;5;1;1;0;0;1;1
1995;1;1;88;5;2;1;0;0;1;1
1995;1;1;88;5;3;1;0;0;1;1
1995;1;1;88;6;1;1;0;0;1;1
1995;1;1;88;6;2;1;0;0;1;1
1995;1;1;88;6;3;1;0;0;1;1
1995;1;1;88;7;1;1;0;0;1;1
1995;1;1;88;7;2;1;0;0;1;1
1995;1;1;88;7;3;1;0;0;1;1
1995;1;1;88;8;1;1;0;0;1;1
1995;1;1;88;8;2;1;0;0;1;1
1995;1;1;88;8;3;1;0;0;1;1
1995;1;1;89;1;1;1;0;0;1;1
1995;1;1;89;1;2;1;0;0;1;1
1995;1;1;89;2;1;1;0;0;1;1
1995;1;1;89;2;2;1;0;0;1;1
1995;1;1;89;3;1;1;0;0;1;1
1995;1;1;89;3;2;1;0;0;1;1
1995;1;1;89;4;1;1;0;0;1;1
1995;1;1;89;4;2;1;0;0;1;1
1995;1;1;89;5;1;1;0;0;1;1
1995;1;1;89;5;2;1;0;0;1;1
1995;1;1;89;6;1;1;0;0;1;1
1995;1;1;89;6;2;1;0;0;1;1
1995;1;1;89;7;1;1;0;0;1;1
1995;1;1;89;7;2;1;0;0;1;1
1995;1;1;89;8;1;1;0;0;1;1
1995;1;1;89;8;2;1;0;0;1;1
1995;1;1;90;1;1;1;0;0;1;1
1995;1;1;90;2;1;1;0;0;1;1
1995;1;1;90;3;1;1;0;0;1;1
1995;1;1;90;4;1;1;0;0;1;1
1995;1;1;90;5;1;1;0;0;1;1
1995;1;1;90;6;1;1;0;0;1;1
1995;1;1;90;7;1;1;0;0;1;1
1995;1;1;90;8;1;1;0;0;1;1
1995;1;1;91;1;1;1;0;0;1;1
1995;1;1;91;1;2;1;0;0;1;1
1995;1;1;91;1;3;1;0;0;1;1
1995;1;1;91;1;6;1;0;0;1;1
1995;1;1;91;2;1;1;0;0;1;1
1995;1;1;91;2;2;1;0;0;1;1
1995;1;1;91;2;3;1;0;0;1;1
1995;1;1;91;2;6;1;0;0;1;1
1995;1;1;91;3;1;1;0;0;1;1
1995;1;1;91;3;2;1;0;0;1;1
1995;1;1;91;3;3;1;0;0;1;1
1995;1;1;91;3;6;1;0;0;1;1
1995;1;1;91;4;1;1;0;0;1;1
1995;1;1;91;4;2;1;0;0;1;1
1995;1;1;91;4;3;1;0;0;1;1
1995;1;1;91;4;6;1;0;0;1;1
1995;1;1;91;5;1;1;0;0;1;1
1995;1;1;91;5;2;1;0;0;1;1
1995;1;1;91;5;3;1;0;0;1;1
1995;1;1;91;5;6;1;0;0;1;1
1995;1;1;91;6;1;1;0;0;1;1
1995;1;1;91;6;2;1;0;0;1;1
1995;1;1;91;6;3;1;0;0;1;1
1995;1;1;91;6;6;1;0;0;1;1
1995;1;1;91;7;1;1;0;0;1;1
1995;1;1;91;7;2;1;0;0;1;1
1995;1;1;91;7;3;1;0;0;1;1
1995;1;1;91;7;6;1;0;0;1;1
1995;1;1;91;8;1;1;0;0;1;1
1995;1;1;91;8;2;1;0;0;1;1
1995;1;1;91;8;3;1;0;0;1;1
1995;1;1;91;8;6;1;0;0;1;1
1995;1;1;92;1;1;1;0;0;1;1
1995;1;1;92;1;2;1;0;0;1;1
1995;1;1;92;1;3;1;0;0;1;1
1995;1;1;92;2;1;1;0;0;1;1
1995;1;1;92;2;2;1;0;0;1;1
1995;1;1;92;2;3;1;0;0;1;1
1995;1;1;92;3;1;1;0;0;1;1
1995;1;1;92;3;2;1;0;0;1;1
1995;1;1;92;3;3;1;0;0;1;1
1995;1;1;92;4;1;1;0;0;1;1
1995;1;1;92;4;2;1;0;0;1;1
1995;1;1;92;4;3;1;0;0;1;1
1995;1;1;92;5;1;1;0;0;1;1
1995;1;1;92;5;2;1;0;0;1;1
1995;1;1;92;5;3;1;0;0;1;1
1995;1;1;92;6;1;1;0;0;1;1
1995;1;1;92;6;2;1;0;0;1;1
1995;1;1;92;6;3;1;0;0;1;1
1995;1;1;92;7;1;1;0;0;1;1
1995;1;1;92;7;2;1;0;0;1;1
1995;1;1;92;7;3;1;0;0;1;1
1995;1;1;92;8;1;1;0;0;1;1
1995;1;1;92;8;2;1;0;0;1;1
1995;1;1;92;8;3;1;0;0;1;1
1995;1;1;93;1;1;1;0;0;1;1
1995;1;1;93;1;2;1;0;0;1;1
1995;1;1;93;1;3;1;0;0;1;1
1995;1;1;93;2;1;1;0;0;1;1
1995;1;1;93;2;2;1;0;0;1;1
1995;1;1;93;2;3;1;0;0;1;1
1995;1;1;93;3;1;1;0;0;1;1
1995;1;1;93;3;2;1;0;0;1;1
1995;1;1;93;3;3;1;0;0;1;1
1995;1;1;93;4;1;1;0;0;1;1
1995;1;1;93;4;2;1;0;0;1;1
1995;1;1;93;4;3;1;0;0;1;1
1995;1;1;93;5;1;1;0;0;1;1
1995;1;1;93;5;2;1;0;0;1;1
1995;1;1;93;5;3;1;0;0;1;1
1995;1;1;93;6;1;1;0;0;1;1
1995;1;1;93;6;2;1;0;0;1;1
1995;1;1;93;6;3;1;0;0;1;1
1995;1;1;93;7;1;1;0;0;1;1
1995;1;1;93;7;2;1;0;0;1;1
1995;1;1;93;7;3;1;0;0;1;1
1995;1;1;93;8;1;1;0;0;1;1
1995;1;1;93;8;2;1;0;0;1;1
1995;1;1;93;8;3;1;0;0;1;1
1995;1;1;94;1;1;1;0;0;1;1
1995;1;1;94;1;2;1;0;0;1;1
1995;1;1;94;2;1;1;0;0;1;1
1995;1;1;94;2;2;1;0;0;1;1
1995;1;1;94;3;1;1;0;0;1;1
1995;1;1;94;3;2;1;0;0;1;1
1995;1;1;94;4;1;1;0;0;1;1
1995;1;1;94;4;2;1;0;0;1;1
1995;1;1;94;5;1;1;0;0;1;1
1995;1;1;94;5;2;1;0;0;1;1
1995;1;1;94;6;1;1;0;0;1;1
1995;1;1;94;6;2;1;0;0;1;1
1995;1;1;94;7;1;1;0;0;1;1
1995;1;1;94;7;2;1;0;0;1;1
1995;1;1;94;8;1;1;0;0;1;1
1995;1;1;94;8;2;1;0;0;1;1
1995;1;1;95;1;1;1;0;0;1;1
1995;1;1;95;2;1;1;0;0;1;1
1995;1;1;95;3;1;1;0;0;1;1
1995;1;1;95;4;1;1;0;0;1;1
1995;1;1;95;5;1;1;0;0;1;1
1995;1;1;95;6;1;1;0;0;1;1
1995;1;1;95;7;1;1;0;0;1;1
1995;1;1;95;8;1;1;0;0;1;1
1995;1;1;96;1;1;1;0;0;1;1
1995;1;1;96;1;2;1;0;0;1;1
1995;1;1;96;2;1;1;0;0;1;1
1995;1;1;96;2;2;1;0;0;1;1
1995;1;1;96;3;1;1;0;0;1;1
1995;1;1;96;3;2;1;0;0;1;1
1995;1;1;96;4;1;1;0;0;1;1
1995;1;1;96;4;2;1;0;0;1;1
1995;1;1;96;5;1;1;0;0;1;1
1995;1;1;96;5;2;1;0;0;1;1
1995;1;1;96;6;1;1;0;0;1;1
1995;1;1;96;6;2;1;0;0;1;1
1995;1;1;96;7;1;1;0;0;1;1
1995;1;1;96;7;2;1;0;0;1;1
1995;1;1;96;8;1;1;0;0;1;1
1995;1;1;96;8;2;1;0;0;1;1
1995;1;1;97;1;1;1;0;0;1;1
1995;1;1;97;1;2;1;0;0;1;1
1995;1;1;97;2;1;1;0;0;1;1
1995;1;1;97;2;2;1;0;0;1;1
1995;1;1;97;3;1;1;0;0;1;1
1995;1;1;97;3;2;1;0;0;1;1
1995;1;1;97;4;1;1;0;0;1;1
1995;1;1;97;4;2;1;0;0;1;1
1995;1;1;97;5;1;1;0;0;1;1
1995;1;1;97;5;2;1;0;0;1;1
1995;1;1;97;6;1;1;0;0;1;1
1995;1;1;97;6;2;1;0;0;1;1
1995;1;1;97;7;1;1;0;0;1;1
1995;1;1;97;7;2;1;0;0;1;1
1995;1;1;97;8;1;1;0;0;1;1
1995;1;1;97;8;2;1;0;0;1;1
1995;1;1;98;1;1;1;0;0;1;1
1995;1;1;98;1;2;1;0;0;1;1
1995;1;1;98;1;3;1;0;0;1;1
1995;1;1;98;2;1;1;0;0;1;1
1995;1;1;98;2;2;1;0;0;1;1
1995;1;1;98;2;3;1;0;0;1;1
1995;1;1;98;3;1;1;0;0;1;1
1995;1;1;98;3;2;1;0;0;1;1
1995;1;1;98;3;3;1;0;0;1;1
1995;1;1;98;4;1;1;0;0;1;1
1995;1;1;98;4;2;1;0;0;1;1
1995;1;1;98;4;3;1;0;0;1;1
1995;1;1;98;5;1;1;0;0;1;1
1995;1;1;98;5;2;1;0;0;1;1
1995;1;1;98;5;3;1;0;0;1;1
1995;1;1;98;6;1;1;0;0;1;1
1995;1;1;98;6;2;1;0;0;1;1
1995;1;1;98;6;3;1;0;0;1;1
1995;1;1;98;7;1;1;0;0;1;1
1995;1;1;98;7;2;1;0;0;1;1
1995;1;1;98;7;3;1;0;0;1;1
1995;1;1;98;8;1;1;0;0;1;1
1995;1;1;98;8;2;1;0;0;1;1
1995;1;1;98;8;3;1;0;0;1;1
1995;1;1;99;1;1;1;0;0;1;1
1995;1;1;99;1;2;1;0;0;1;1
1995;1;1;99;1;3;1;0;0;1;1
1995;1;1;99;2;1;1;0;0;1;1
1995;1;1;99;2;2;1;0;0;1;1
1995;1;1;99;2;3;1;0;0;1;1
1995;1;1;99;3;1;1;0;0;1;1
1995;1;1;99;3;2;1;0;0;1;1
1995;1;1;99;3;3;1;0;0;1;1
1995;1;1;99;4;1;1;0;0;1;1
1995;1;1;99;4;2;1;0;0;1;1
1995;1;1;99;4;3;1;0;0;1;1
1995;1;1;99;5;1;1;0;0;1;1
1995;1;1;99;5;2;1;0;0;1;1
1995;1;1;99;5;3;1;0;0;1;1
1995;1;1;99;6;1;1;0;0;1;1
1995;1;1;99;6;2;1;0;0;1;1
1995;1;1;99;6;3;1;0;0;1;1
1995;1;1;99;7;1;1;0;0;1;1
1995;1;1;99;7;2;1;0;0;1;1
1995;1;1;99;7;3;1;0;0;1;1
1995;1;1;99;8;1;1;0;0;1;1
1995;1;1;99;8;2;1;0;0;1;1
1995;1;1;99;8;3;1;0;0;1;1
1995;1;1;100;1;2;1;0;0;1;1
1995;1;1;100;2;2;1;0;0;1;1
1995;1;1;100;3;2;1;0;0;1;1
1995;1;1;100;4;2;1;0;0;1;1
1995;1;1;100;5;2;1;0;0;1;1
1995;1;1;100;6;2;1;0;0;1;1
1995;1;1;100;7;2;1;0;0;1;1
1995;1;1;100;8;2;1;0;0;1;1
1995;1;1;101;1;1;1;0;0;1;1
1995;1;1;101;1;2;1;0;0;1;1
1995;1;1;101;2;1;1;0;0;1;1
1995;1;1;101;2;2;1;0;0;1;1
1995;1;1;101;3;1;1;0;0;1;1
1995;1;1;101;3;2;1;0;0;1;1
1995;1;1;101;4;1;1;0;0;1;1
1995;1;1;101;4;2;1;0;0;1;1
1995;1;1;101;5;1;1;0;0;1;1
1995;1;1;101;5;2;1;0;0;1;1
1995;1;1;101;6;1;1;0;0;1;1
1995;1;1;101;6;2;1;0;0;1;1
1995;1;1;101;7;1;1;0;0;1;1
1995;1;1;101;7;2;1;0;0;1;1
1995;1;1;101;8;1;1;0;0;1;1
1995;1;1;101;8;2;1;0;0;1;1
1995;1;1;102;1;1;1;0;0;1;1
1995;1;1;102;1;2;1;0;0;1;1
1995;1;1;102;1;3;1;0;0;1;1
1995;1;1;102;2;1;1;0;0;1;1
1995;1;1;102;2;2;1;0;0;1;1
1995;1;1;102;2;3;1;0;0;1;1
1995;1;1;102;3;1;1;0;0;1;1
1995;1;1;102;3;2;1;0;0;1;1
1995;1;1;102;3;3;1;0;0;1;1
1995;1;1;102;4;1;1;0;0;1;1
1995;1;1;102;4;2;1;0;0;1;1
1995;1;1;102;4;3;1;0;0;1;1
1995;1;1;102;5;1;1;0;0;1;1
1995;1;1;102;5;2;1;0;0;1;1
1995;1;1;102;5;3;1;0;0;1;1
1995;1;1;102;6;1;1;0;0;1;1
1995;1;1;102;6;2;1;0;0;1;1
1995;1;1;102;6;3;1;0;0;1;1
1995;1;1;102;7;1;1;0;0;1;1
1995;1;1;102;7;2;1;0;0;1;1
1995;1;1;102;7;3;1;0;0;1;1
1995;1;1;102;8;1;1;0;0;1;1
1995;1;1;102;8;2;1;0;0;1;1
1995;1;1;102;8;3;1;0;0;1;1
1995;4;3004;308;1;1;1;0;0;1;1
1995;12;12;1;-9999;11;0;0;0;1;1
1995;12;12;1;-9999;12;0;0;0;1;1
1995;12;12;1;-9999;13;0;0;0;1;1
1995;12;12;1;-9999;14;0;0;0;1;1
1995;12;12;1;-9999;15;0;0;0;1;1
1995;12;12;1;-9999;16;0;0;0;1;1
1995;12;12;1;-9999;17;0;0;0;1;1
1995;12;12;1;-9999;18;0;0;0;1;1
1995;12;12;1;-9999;21;0;0;0;1;1
1995;12;12;1;-9999;22;0;0;0;1;1
1995;12;12;1;-9999;23;0;0;0;1;1
1995;12;12;1;-9999;24;0;0;0;1;1
1995;12;12;1;-9999;25;0;0;0;1;1
1995;12;12;1;-9999;26;0;0;0;1;1
1995;12;12;1;-9999;27;0;0;0;1;1
1995;12;12;1;-9999;28;0;0;0;1;1
1995;12;12;1;-9999;31;0;0;0;1;1
1995;12;12;1;-9999;32;0;0;0;1;1
1995;12;12;1;-9999;33;0;0;0;1;1
1995;12;12;1;-9999;34;0;0;0;1;1
1995;12;12;1;-9999;35;0;0;0;1;1
1995;12;12;1;-9999;36;0;0;0;1;1
1995;12;12;1;-9999;37;0;0;0;1;1
1995;12;12;1;-9999;38;0;0;0;1;1
1995;12;12;2;-9999;11;0;0;0;1;1
1995;12;12;2;-9999;12;0;0;0;1;1
1995;12;12;2;-9999;13;0;0;0;1;1
1995;12;12;2;-9999;14;0;0;0;1;1
1995;12;12;2;-9999;15;0;0;0;1;1
1995;12;12;2;-9999;16;0;0;0;1;1
1995;12;12;2;-9999;17;0;0;0;1;1
1995;12;12;2;-9999;18;0;0;0;1;1
1995;12;12;2;-9999;21;0;0;0;1;1
1995;12;12;2;-9999;22;0;0;0;1;1
1995;12;12;2;-9999;23;0;0;0;1;1
1995;12;12;2;-9999;24;0;0;0;1;1
1995;12;12;2;-9999;25;0;0;0;1;1
1995;12;12;2;-9999;26;0;0;0;1;1
1995;12;12;2;-9999;27;0;0;0;1;1
1995;12;12;2;-9999;28;0;0;0;1;1
1995;12;12;2;-9999;31;0;0;0;1;1
1995;12;12;2;-9999;32;0;0;0;1;1
1995;12;12;2;-9999;33;0;0;0;1;1
1995;12;12;2;-9999;34;0;0;0;1;1
1995;12;12;2;-9999;35;0;0;0;1;1
1995;12;12;2;-9999;36;0;0;0;1;1
1995;12;12;2;-9999;37;0;0;0;1;1
1995;12;12;2;-9999;38;0;0;0;1;1
1995;14;14;9;-9999;1;0;0;0;1;1
1995;14;14;9;-9999;2;0;0;0;1;1
1995;14;14;9;-9999;3;0;0;0;1;1
1995;14;14;9;-9999;4;0;0;0;1;1
1995;50;50;1;1;1;1;0;1;1;1
1995;50;50;1;2;1;1;0;1;1;1
1995;50;50;1;4;1;1;0;1;1;1
1995;50;50;1;5;1;1;0;1;1;1
1995;50;50;1;6;1;1;0;1;1;1
1995;50;50;1;7;1;1;0;1;1;1
1995;50;50;1;8;1;1;0;1;1;1
1995;50;50;1;9;1;1;0;1;1;1
1995;50;50;1;10;1;1;0;1;1;1
1995;50;50;1;11;1;1;0;1;1;1
1995;50;50;1;12;1;1;0;1;1;1
1995;50;50;1;13;1;1;0;1;1;1
1995;50;50;1;14;1;1;0;1;1;1
1995;50;50;1;15;1;1;0;1;1;1
1995;50;50;1;16;1;1;0;1;1;1
1995;50;50;1;17;1;1;0;1;1;1
1995;50;50;1;18;1;1;0;1;1;1
1995;50;50;1;19;1;1;0;1;1;1
1995;50;50;1;20;1;1;0;1;1;1
1995;50;50;3;1;1;1;0;1;1;1
1995;50;50;3;2;1;1;0;1;1;1
1995;50;50;3;4;1;1;0;1;1;1
1995;50;50;3;5;1;1;0;1;1;1
1995;50;50;3;6;1;1;0;1;1;1
1995;50;50;3;7;1;1;0;1;1;1
1995;50;50;3;8;1;1;0;1;1;1
1995;50;50;3;9;1;1;0;1;1;1
1995;50;50;3;10;1;1;0;1;1;1
1995;50;50;3;11;1;1;0;1;1;1
1995;50;50;3;12;1;1;0;1;1;1
1995;50;50;3;13;1;1;0;1;1;1
1995;50;50;3;14;1;1;0;1;1;1
1995;50;50;3;15;1;1;0;1;1;1
1995;50;50;3;16;1;1;0;1;1;1
1995;50;50;3;17;1;1;0;1;1;1
1995;50;50;3;18;1;1;0;1;1;1
1995;50;50;3;19;1;1;0;1;1;1
1995;50;50;3;20;1;1;0;1;1;1
1995;50;50;7;1;1;1;0;1;1;1
1995;50;50;7;2;1;1;0;1;1;1
1995;50;50;7;4;1;1;0;1;1;1
1995;50;50;7;5;1;1;0;1;1;1
1995;50;50;7;6;1;1;0;1;1;1
1995;50;50;7;8;1;1;0;1;1;1
1995;50;50;7;9;1;1;0;1;1;1
1995;50;50;7;10;1;1;0;1;1;1
1995;50;50;7;11;1;1;0;1;1;1
1995;50;50;7;12;1;1;0;1;1;1
1995;50;50;7;13;1;1;0;1;1;1
1995;50;50;7;14;1;1;0;1;1;1
1995;50;50;7;15;1;1;0;1;1;1
1995;50;50;7;16;1;1;0;1;1;1
1995;50;50;7;17;1;1;0;1;1;1
1995;50;50;7;18;1;1;0;1;1;1
1995;50;50;7;19;1;1;0;1;1;1
1995;50;50;7;20;1;1;0;1;1;1
1995;50;50;7;21;1;1;0;1;1;1
1995;50;50;7;22;1;1;0;1;1;1
1995;50;50;7;23;1;1;0;1;1;1
1995;50;50;7;24;1;1;0;1;1;1
1995;50;50;11;1;1;1;0;1;1;1
1995;50;50;11;2;1;1;0;1;1;1
1995;50;50;11;4;1;1;0;1;1;1
1995;50;50;11;5;1;1;0;1;1;1
1995;50;50;11;6;1;1;0;1;1;1
1995;50;50;11;7;1;1;0;1;1;1
1995;50;50;11;8;1;1;0;1;1;1
1995;50;50;11;9;1;1;0;1;1;1
1995;50;50;11;10;1;1;0;1;1;1
1995;50;50;11;11;1;1;0;1;1;1
1995;50;50;11;12;1;1;0;1;1;1
1995;50;50;11;13;1;1;0;1;1;1
1995;50;50;11;14;1;1;0;1;1;1
1995;50;50;11;15;1;1;0;1;1;1
1995;50;50;11;16;1;1;0;1;1;1
1995;50;50;11;17;1;1;0;1;1;1
1995;50;50;11;18;1;1;0;1;1;1
1995;50;50;11;19;1;1;0;1;1;1
1995;50;50;11;20;1;1;0;1;1;1
1995;50;50;12;1;1;1;0;1;1;1
1995;50;50;12;2;1;1;0;1;1;1
1995;50;50;12;4;1;1;0;1;1;1
1995;50;50;12;5;1;1;0;1;1;1
1995;50;50;12;6;1;1;0;1;1;1
1995;50;50;12;7;1;1;0;1;1;1
1995;50;50;12;8;1;1;0;1;1;1
1995;50;50;12;9;1;1;0;1;1;1
1995;50;50;12;10;1;1;0;1;1;1
1995;50;50;12;11;1;1;0;1;1;1
1995;50;50;12;12;1;1;0;1;1;1
1995;50;50;12;13;1;1;0;1;1;1
1995;50;50;12;14;1;1;0;1;1;1
1995;50;50;12;15;1;1;0;1;1;1
1995;50;50;12;16;1;1;0;1;1;1
1995;50;50;12;17;1;1;0;1;1;1
1995;50;50;12;18;1;1;0;1;1;1
1995;50;50;12;19;1;1;0;1;1;1
1995;50;50;12;20;1;1;0;1;1;1
1995;55;55;11;1995;2;1;0;0;1;1
1995;58;58;521;-9999;1;0;0;0;1;1
1995;58;58;531;-9999;1;0;0;0;1;1
1995;58;58;541;-9999;1;0;0;0;1;1
1995;58;58;551;-9999;1;0;0;0;1;1
1995;58;58;2029;-9999;1;0;0;0;1;1
1995;58;58;2161;-9999;1;0;0;0;1;1
1996;1;1;16;1;1;1;0;0;1;1
1996;1;1;16;1;2;1;0;0;1;1
1996;1;1;16;2;1;1;0;0;1;1
1996;1;1;16;2;2;1;0;0;1;1
1996;1;1;16;3;1;1;0;0;1;1
1996;1;1;16;3;2;1;0;0;1;1
1996;1;1;16;4;1;1;0;0;1;1
1996;1;1;16;4;2;1;0;0;1;1
1996;1;1;16;5;1;1;0;0;1;1
1996;1;1;16;5;2;1;0;0;1;1
1996;1;1;16;6;1;1;0;0;1;1
1996;1;1;16;6;2;1;0;0;1;1
1996;1;1;16;7;1;1;0;0;1;1
1996;1;1;16;7;2;1;0;0;1;1
1996;1;1;16;8;1;1;0;0;1;1
1996;1;1;16;8;2;1;0;0;1;1
1996;1;1;19;1;1;1;0;0;1;1
1996;1;1;19;1;2;1;0;0;1;1
1996;1;1;19;2;1;1;0;0;1;1
1996;1;1;19;2;2;1;0;0;1;1
1996;1;1;19;3;1;1;0;0;1;1
1996;1;1;19;3;2;1;0;0;1;1
1996;1;1;19;4;1;1;0;0;1;1
1996;1;1;19;4;2;1;0;0;1;1
1996;1;1;19;5;1;1;0;0;1;1
1996;1;1;19;5;2;1;0;0;1;1
1996;1;1;19;6;1;1;0;0;1;1
1996;1;1;19;6;2;1;0;0;1;1
1996;1;1;19;7;1;1;0;0;1;1
1996;1;1;19;7;2;1;0;0;1;1
1996;1;1;19;8;1;1;0;0;1;1
1996;1;1;19;8;2;1;0;0;1;1
1996;1;1;25;1;1;1;0;0;1;1
1996;1;1;25;1;2;1;0;0;1;1
1996;1;1;25;2;1;1;0;0;1;1
1996;1;1;25;2;2;1;0;0;1;1
1996;1;1;25;3;1;1;0;0;1;1
1996;1;1;25;3;2;1;0;0;1;1
1996;1;1;25;4;1;1;0;0;1;1
1996;1;1;25;4;2;1;0;0;1;1
1996;1;1;25;5;1;1;0;0;1;1
1996;1;1;25;5;2;1;0;0;1;1
1996;1;1;25;6;1;1;0;0;1;1
1996;1;1;25;6;2;1;0;0;1;1
1996;1;1;25;7;1;1;0;0;1;1
1996;1;1;25;7;2;1;0;0;1;1
1996;1;1;25;8;1;1;0;0;1;1
1996;1;1;25;8;2;1;0;0;1;1
1996;1;1;28;1;1;1;0;0;1;1
1996;1;1;28;1;2;1;0;0;1;1
1996;1;1;28;2;1;1;0;0;1;1
1996;1;1;28;2;2;1;0;0;1;1
1996;1;1;28;3;1;1;0;0;1;1
1996;1;1;28;3;2;1;0;0;1;1
1996;1;1;28;4;1;1;0;0;1;1
1996;1;1;28;4;2;1;0;0;1;1
1996;1;1;28;5;1;1;0;0;1;1
1996;1;1;28;5;2;1;0;0;1;1
1996;1;1;28;6;1;1;0;0;1;1
1996;1;1;28;6;2;1;0;0;1;1
1996;1;1;28;7;1;1;0;0;1;1
1996;1;1;28;7;2;1;0;0;1;1
1996;1;1;28;8;1;1;0;0;1;1
1996;1;1;28;8;2;1;0;0;1;1
1996;1;1;43;1;1;1;0;0;1;1
1996;1;1;43;1;2;1;0;0;1;1
1996;1;1;43;1;3;1;0;0;1;1
1996;1;1;43;2;1;1;0;0;1;1
1996;1;1;43;2;2;1;0;0;1;1
1996;1;1;43;2;3;1;0;0;1;1
1996;1;1;43;3;1;1;0;0;1;1
1996;1;1;43;3;2;1;0;0;1;1
1996;1;1;43;3;3;1;0;0;1;1
1996;1;1;43;4;1;1;0;0;1;1
1996;1;1;43;4;2;1;0;0;1;1
1996;1;1;43;4;3;1;0;0;1;1
1996;1;1;43;5;1;1;0;0;1;1
1996;1;1;43;5;2;1;0;0;1;1
1996;1;1;43;5;3;1;0;0;1;1
1996;1;1;43;6;1;1;0;0;1;1
1996;1;1;43;6;2;1;0;0;1;1
1996;1;1;43;6;3;1;0;0;1;1
1996;1;1;43;7;1;1;0;0;1;1
1996;1;1;43;7;2;1;0;0;1;1
1996;1;1;43;7;3;1;0;0;1;1
1996;1;1;43;8;1;1;0;0;1;1
1996;1;1;43;8;2;1;0;0;1;1
1996;1;1;43;8;3;1;0;0;1;1
1996;1;1;44;1;1;1;0;0;1;1
1996;1;1;44;1;2;1;0;0;1;1
1996;1;1;44;2;1;1;0;0;1;1
1996;1;1;44;2;2;1;0;0;1;1
1996;1;1;44;3;1;1;0;0;1;1
1996;1;1;44;3;2;1;0;0;1;1
1996;1;1;44;4;1;1;0;0;1;1
1996;1;1;44;4;2;1;0;0;1;1
1996;1;1;44;5;1;1;0;0;1;1
1996;1;1;44;5;2;1;0;0;1;1
1996;1;1;44;6;1;1;0;0;1;1
1996;1;1;44;6;2;1;0;0;1;1
1996;1;1;44;7;1;1;0;0;1;1
1996;1;1;44;7;2;1;0;0;1;1
1996;1;1;44;8;1;1;0;0;1;1
1996;1;1;44;8;2;1;0;0;1;1
1996;1;1;52;1;1;1;0;0;1;1
1996;1;1;52;1;2;1;0;0;1;1
1996;1;1;52;2;1;1;0;0;1;1
1996;1;1;52;2;2;1;0;0;1;1
1996;1;1;52;3;1;1;0;0;1;1
1996;1;1;52;3;2;1;0;0;1;1
1996;1;1;52;4;1;1;0;0;1;1
1996;1;1;52;4;2;1;0;0;1;1
1996;1;1;52;5;1;1;0;0;1;1
1996;1;1;52;5;2;1;0;0;1;1
1996;1;1;52;6;1;1;0;0;1;1
1996;1;1;52;6;2;1;0;0;1;1
1996;1;1;52;7;1;1;0;0;1;1
1996;1;1;52;7;2;1;0;0;1;1
1996;1;1;52;8;1;1;0;0;1;1
1996;1;1;52;8;2;1;0;0;1;1
1996;1;1;55;1;1;1;0;0;1;1
1996;1;1;55;1;2;1;0;0;1;1
1996;1;1;55;2;1;1;0;0;1;1
1996;1;1;55;2;2;1;0;0;1;1
1996;1;1;55;3;1;1;0;0;1;1
1996;1;1;55;3;2;1;0;0;1;1
1996;1;1;55;4;1;1;0;0;1;1
1996;1;1;55;4;2;1;0;0;1;1
1996;1;1;55;5;1;1;0;0;1;1
1996;1;1;55;5;2;1;0;0;1;1
1996;1;1;55;6;1;1;0;0;1;1
1996;1;1;55;6;2;1;0;0;1;1
1996;1;1;55;7;1;1;0;0;1;1
1996;1;1;55;7;2;1;0;0;1;1
1996;1;1;55;8;1;1;0;0;1;1
1996;1;1;55;8;2;1;0;0;1;1
1996;1;1;56;1;1;1;0;0;1;1
1996;1;1;56;1;2;1;0;0;1;1
1996;1;1;56;2;1;1;0;0;1;1
1996;1;1;56;2;2;1;0;0;1;1
1996;1;1;56;3;1;1;0;0;1;1
1996;1;1;56;3;2;1;0;0;1;1
1996;1;1;56;4;1;1;0;0;1;1
1996;1;1;56;4;2;1;0;0;1;1
1996;1;1;56;5;1;1;0;0;1;1
1996;1;1;56;5;2;1;0;0;1;1
1996;1;1;56;6;1;1;0;0;1;1
1996;1;1;56;6;2;1;0;0;1;1
1996;1;1;56;7;1;1;0;0;1;1
1996;1;1;56;7;2;1;0;0;1;1
1996;1;1;56;8;1;1;0;0;1;1
1996;1;1;56;8;2;1;0;0;1;1
1996;1;1;59;1;1;1;0;0;1;1
1996;1;1;59;1;2;1;0;0;1;1
1996;1;1;59;2;1;1;0;0;1;1
1996;1;1;59;2;2;1;0;0;1;1
1996;1;1;59;3;1;1;0;0;1;1
1996;1;1;59;3;2;1;0;0;1;1
1996;1;1;59;4;1;1;0;0;1;1
1996;1;1;59;4;2;1;0;0;1;1
1996;1;1;59;5;1;1;0;0;1;1
1996;1;1;59;5;2;1;0;0;1;1
1996;1;1;59;6;1;1;0;0;1;1
1996;1;1;59;6;2;1;0;0;1;1
1996;1;1;59;7;1;1;0;0;1;1
1996;1;1;59;7;2;1;0;0;1;1
1996;1;1;59;8;1;1;0;0;1;1
1996;1;1;59;8;2;1;0;0;1;1
1996;1;1;60;1;1;1;0;0;1;1
1996;1;1;60;1;2;1;0;0;1;1
1996;1;1;60;2;1;1;0;0;1;1
1996;1;1;60;2;2;1;0;0;1;1
1996;1;1;60;3;1;1;0;0;1;1
1996;1;1;60;3;2;1;0;0;1;1
1996;1;1;60;4;1;1;0;0;1;1
1996;1;1;60;4;2;1;0;0;1;1
1996;1;1;60;5;1;1;0;0;1;1
1996;1;1;60;5;2;1;0;0;1;1
1996;1;1;60;6;1;1;0;0;1;1
1996;1;1;60;6;2;1;0;0;1;1
1996;1;1;60;7;1;1;0;0;1;1
1996;1;1;60;7;2;1;0;0;1;1
1996;1;1;60;8;1;1;0;0;1;1
1996;1;1;60;8;2;1;0;0;1;1
1996;1;1;64;1;1;1;0;0;1;1
1996;1;1;64;2;1;1;0;0;1;1
1996;1;1;64;3;1;1;0;0;1;1
1996;1;1;64;4;1;1;0;0;1;1
1996;1;1;64;5;1;1;0;0;1;1
1996;1;1;64;6;1;1;0;0;1;1
1996;1;1;64;7;1;1;0;0;1;1
1996;1;1;64;8;1;1;0;0;1;1
1996;1;1;67;1;1;1;0;0;1;1
1996;1;1;67;1;2;1;0;0;1;1
1996;1;1;67;2;1;1;0;0;1;1
1996;1;1;67;2;2;1;0;0;1;1
1996;1;1;67;3;1;1;0;0;1;1
1996;1;1;67;3;2;1;0;0;1;1
1996;1;1;67;4;1;1;0;0;1;1
1996;1;1;67;4;2;1;0;0;1;1
1996;1;1;67;5;1;1;0;0;1;1
1996;1;1;67;5;2;1;0;0;1;1
1996;1;1;67;6;1;1;0;0;1;1
1996;1;1;67;6;2;1;0;0;1;1
1996;1;1;67;7;1;1;0;0;1;1
1996;1;1;67;7;2;1;0;0;1;1
1996;1;1;67;8;1;1;0;0;1;1
1996;1;1;67;8;2;1;0;0;1;1
1996;1;1;90;1;1;1;0;0;1;1
1996;1;1;90;1;2;1;0;0;1;1
1996;1;1;90;1;3;1;0;0;1;1
1996;1;1;90;2;1;1;0;0;1;1
1996;1;1;90;2;2;1;0;0;1;1
1996;1;1;90;2;3;1;0;0;1;1
1996;1;1;90;3;1;1;0;0;1;1
1996;1;1;90;3;2;1;0;0;1;1
1996;1;1;90;3;3;1;0;0;1;1
1996;1;1;90;4;1;1;0;0;1;1
1996;1;1;90;4;2;1;0;0;1;1
1996;1;1;90;4;3;1;0;0;1;1
1996;1;1;90;5;1;1;0;0;1;1
1996;1;1;90;5;2;1;0;0;1;1
1996;1;1;90;5;3;1;0;0;1;1
1996;1;1;90;6;1;1;0;0;1;1
1996;1;1;90;6;2;1;0;0;1;1
1996;1;1;90;6;3;1;0;0;1;1
1996;1;1;90;7;1;1;0;0;1;1
1996;1;1;90;7;2;1;0;0;1;1
1996;1;1;90;7;3;1;0;0;1;1
1996;1;1;90;8;1;1;0;0;1;1
1996;1;1;90;8;2;1;0;0;1;1
1996;1;1;90;8;3;1;0;0;1;1
1996;1;1;95;1;1;1;0;0;1;1
1996;1;1;95;1;2;1;0;0;1;1
1996;1;1;95;1;3;1;0;0;1;1
1996;1;1;95;2;1;1;0;0;1;1
1996;1;1;95;2;2;1;0;0;1;1
1996;1;1;95;2;3;1;0;0;1;1
1996;1;1;95;3;1;1;0;0;1;1
1996;1;1;95;3;2;1;0;0;1;1
1996;1;1;95;3;3;1;0;0;1;1
1996;1;1;95;4;1;1;0;0;1;1
1996;1;1;95;4;2;1;0;0;1;1
1996;1;1;95;4;3;1;0;0;1;1
1996;1;1;95;5;1;1;0;0;1;1
1996;1;1;95;5;2;1;0;0;1;1
1996;1;1;95;5;3;1;0;0;1;1
1996;1;1;95;6;1;1;0;0;1;1
1996;1;1;95;6;2;1;0;0;1;1
1996;1;1;95;6;3;1;0;0;1;1
1996;1;1;95;7;1;1;0;0;1;1
1996;1;1;95;7;2;1;0;0;1;1
1996;1;1;95;7;3;1;0;0;1;1
1996;1;1;95;8;1;1;0;0;1;1
1996;1;1;95;8;2;1;0;0;1;1
1996;1;1;95;8;3;1;0;0;1;1
1996;1;1;100;1;1;1;0;0;1;1
1996;1;1;100;2;1;1;0;0;1;1
1996;1;1;100;3;1;1;0;0;1;1
1996;1;1;100;4;1;1;0;0;1;1
1996;1;1;100;5;1;1;0;0;1;1
1996;1;1;100;6;1;1;0;0;1;1
1996;1;1;100;7;1;1;0;0;1;1
1996;1;1;100;8;1;1;0;0;1;1
1996;2;102;11;111;1;1;0;1;1;1
1996;2;102;11;112;1;1;0;1;1;1
1996;2;102;12;121;1;1;0;1;1;1
1996;2;102;12;122;1;1;0;1;1;1
1996;2;102;13;131;1;1;0;1;1;1
1996;2;102;13;132;1;1;0;1;1;1
1996;2;102;14;141;1;1;0;1;1;1
1996;2;102;14;142;1;1;0;1;1;1
1996;2;102;15;151;1;1;0;1;1;1
1996;2;102;15;152;1;1;0;1;1;1
1996;2;102;16;161;1;1;0;1;1;1
1996;2;102;16;162;1;1;0;1;1;1
1996;2;102;17;171;1;1;0;1;1;1
1996;2;102;17;172;1;1;0;1;1;1
1996;2;102;18;181;1;1;0;1;1;1
1996;2;102;18;182;1;1;0;1;1;1
1996;2;102;19;191;1;1;0;1;1;1
1996;2;102;19;192;1;1;0;1;1;1
1996;2;102;20;201;1;1;0;1;1;1
1996;2;102;20;202;1;1;0;1;1;1
1996;2;102;21;211;1;1;0;1;1;1
1996;2;102;21;212;1;1;0;1;1;1
1996;2;102;22;221;1;1;0;1;1;1
1996;2;102;22;222;1;1;0;1;1;1
1996;3;3;39;-9999;1;0;0;0;1;1
1996;3;3;58;-9999;1;0;0;0;1;1
1996;3;3;61;-9999;1;0;0;0;1;1
1996;3;3;82;-9999;1;0;0;0;1;1
1996;3;3;106;-9999;1;0;0;0;1;1
1996;3;3;129;-9999;1;0;0;0;1;1
1996;3;3;174;-9999;1;0;0;0;1;1
1996;3;3;175;-9999;1;0;0;0;1;1
1996;3;3;226;-9999;1;0;0;0;1;1
1996;3;3;1012;-9999;1;0;0;0;1;1
1996;3;3;1040;-9999;1;0;0;0;1;1
1996;3;3;2080;-9999;1;0;0;0;1;1
1996;3;3;2085;-9999;1;0;0;0;1;1
1996;4;3004;301;1;1;1;0;0;1;1
1996;4;3004;302;1;1;1;0;0;1;1
1996;4;3004;303;1;1;1;0;0;1;1
1996;4;3004;304;1;1;1;0;0;1;1
1996;4;3004;305;1;1;1;0;0;1;1
1996;4;3004;306;1;1;1;0;0;1;1
1996;4;3004;306;1;2;1;0;0;1;1
1996;4;3004;307;1;1;1;0;0;1;1
1996;4;2804;801;-9999;1;0;0;0;1;1
1996;4;2804;801;-9999;2;0;0;0;1;1
1996;4;2804;801;-9999;3;0;0;0;1;1
1996;4;2804;801;-9999;4;0;0;0;1;1
1996;4;2804;801;-9999;5;0;0;0;1;1
1996;4;2804;802;-9999;1;0;0;0;1;1
1996;4;2804;802;-9999;2;0;0;0;1;1
1996;4;2804;802;-9999;3;0;0;0;1;1
1996;4;2804;802;-9999;4;0;0;0;1;1
1996;4;2804;802;-9999;5;0;0;0;1;1
1996;4;2804;803;-9999;1;0;0;0;1;1
1996;4;2804;803;-9999;2;0;0;0;1;1
1996;4;2804;803;-9999;3;0;0;0;1;1
1996;4;2804;803;-9999;4;0;0;0;1;1
1996;4;2804;803;-9999;5;0;0;0;1;1
1996;4;2804;804;-9999;1;0;0;0;1;1
1996;4;2804;804;-9999;2;0;0;0;1;1
1996;4;2804;804;-9999;3;0;0;0;1;1
1996;4;2804;804;-9999;4;0;0;0;1;1
1996;4;2804;804;-9999;5;0;0;0;1;1
1996;4;2804;805;-9999;1;0;0;0;1;1
1996;4;2804;805;-9999;2;0;0;0;1;1
1996;4;2804;805;-9999;3;0;0;0;1;1
1996;4;2804;805;-9999;4;0;0;0;1;1
1996;4;2804;805;-9999;5;0;0;0;1;1
1996;4;2804;806;-9999;1;0;0;0;1;1
1996;4;2804;806;-9999;2;0;0;0;1;1
1996;4;2804;806;-9999;3;0;0;0;1;1
1996;4;2804;806;-9999;4;0;0;0;1;1
1996;4;2804;806;-9999;5;0;0;0;1;1
1996;4;2804;808;-9999;1;0;0;0;1;1
1996;4;2804;808;-9999;2;0;0;0;1;1
1996;4;2804;808;-9999;3;0;0;0;1;1
1996;4;2804;808;-9999;4;0;0;0;1;1
1996;4;2804;808;-9999;5;0;0;0;1;1
1996;4;2804;809;-9999;1;0;0;0;1;1
1996;4;2804;809;-9999;2;0;0;0;1;1
1996;4;2804;809;-9999;3;0;0;0;1;1
1996;4;2804;809;-9999;4;0;0;0;1;1
1996;4;2804;809;-9999;5;0;0;0;1;1
1996;4;2804;810;-9999;1;0;0;0;1;1
1996;4;2804;810;-9999;2;0;0;0;1;1
1996;4;2804;810;-9999;3;0;0;0;1;1
1996;4;2804;810;-9999;4;0;0;0;1;1
1996;4;2804;810;-9999;5;0;0;0;1;1
1996;4;2804;811;-9999;1;0;0;0;1;1
1996;4;2804;811;-9999;2;0;0;0;1;1
1996;4;2804;811;-9999;3;0;0;0;1;1
1996;4;2804;811;-9999;4;0;0;0;1;1
1996;4;2804;811;-9999;5;0;0;0;1;1
1996;9;9;1;-9999;1;0;0;0;1;1
1996;9;9;1;-9999;2;0;0;0;1;1
1996;9;9;2;-9999;1;0;0;0;1;1
1996;9;9;2;-9999;2;0;0;0;1;1
1996;9;9;3;-9999;1;0;0;0;1;1
1996;9;9;3;-9999;2;0;0;0;1;1
1996;9;9;4;-9999;1;0;0;0;1;1
1996;9;9;4;-9999;2;0;0;0;1;1
1996;14;14;1;-9999;1;0;0;0;1;1
1996;14;14;1;-9999;2;0;0;0;1;1
1996;14;14;1;-9999;3;0;0;0;1;1
1996;14;14;1;-9999;4;0;0;0;1;1
1996;14;14;2;-9999;1;0;0;0;1;1
1996;14;14;2;-9999;2;0;0;0;1;1
1996;14;14;2;-9999;3;0;0;0;1;1
1996;14;14;2;-9999;4;0;0;0;1;1
1996;14;14;3;-9999;1;0;0;0;1;1
1996;14;14;3;-9999;2;0;0;0;1;1
1996;14;14;4;-9999;1;0;0;0;1;1
1996;14;14;4;-9999;2;0;0;0;1;1
1996;14;14;5;-9999;1;0;0;0;1;1
1996;14;14;5;-9999;2;0;0;0;1;1
1996;14;14;6;-9999;1;0;0;0;1;1
1996;14;14;6;-9999;2;0;0;0;1;1
1996;14;14;6;-9999;3;0;0;0;1;1
1996;14;14;6;-9999;4;0;0;0;1;1
1996;14;14;7;-9999;1;0;0;0;1;1
1996;14;14;7;-9999;2;0;0;0;1;1
1996;14;14;7;-9999;3;0;0;0;1;1
1996;14;14;7;-9999;4;0;0;0;1;1
1996;14;14;8;-9999;1;0;0;0;1;1
1996;14;14;8;-9999;2;0;0;0;1;1
1996;14;14;10;-9999;1;0;0;0;1;1
1996;14;14;10;-9999;2;0;0;0;1;1
1996;14;14;11;-9999;1;0;0;0;1;1
1996;14;14;11;-9999;2;0;0;0;1;1
1996;14;14;11;-9999;3;0;0;0;1;1
1996;14;14;11;-9999;4;0;0;0;1;1
1996;14;14;12;-9999;1;0;0;0;1;1
1996;14;14;12;-9999;2;0;0;0;1;1
1996;14;14;13;-9999;1;0;0;0;1;1
1996;14;14;13;-9999;2;0;0;0;1;1
1996;14;14;13;-9999;4;0;0;0;1;1
1996;14;14;14;-9999;1;0;0;0;1;1
1996;14;14;14;-9999;2;0;0;0;1;1
1996;14;14;14;-9999;3;0;0;0;1;1
1996;14;14;14;-9999;4;0;0;0;1;1
1996;14;14;15;-9999;1;0;0;0;1;1
1996;14;14;15;-9999;2;0;0;0;1;1
1996;14;14;15;-9999;3;0;0;0;1;1
1996;14;14;15;-9999;4;0;0;0;1;1
1996;14;14;16;-9999;1;0;0;0;1;1
1996;14;14;16;-9999;2;0;0;0;1;1
1996;14;14;17;-9999;1;0;0;0;1;1
1996;14;14;17;-9999;2;0;0;0;1;1
1996;14;14;17;-9999;3;0;0;0;1;1
1996;14;14;17;-9999;4;0;0;0;1;1
1996;14;14;18;-9999;1;0;0;0;1;1
1996;14;14;18;-9999;2;0;0;0;1;1
1996;14;14;19;-9999;1;0;0;0;1;1
1996;14;14;19;-9999;2;0;0;0;1;1
1996;14;14;20;-9999;1;0;0;0;1;1
1996;14;14;20;-9999;2;0;0;0;1;1
1996;50;50;1;1;1;1;0;1;1;1
1996;50;50;1;2;1;1;0;1;1;1
1996;50;50;1;4;1;1;0;1;1;1
1996;50;50;1;5;1;1;0;1;1;1
1996;50;50;1;6;1;1;0;1;1;1
1996;50;50;1;7;1;1;0;1;1;1
1996;50;50;1;8;1;1;0;1;1;1
1996;50;50;1;9;1;1;0;1;1;1
1996;50;50;1;10;1;1;0;1;1;1
1996;50;50;1;11;1;1;0;1;1;1
1996;50;50;1;12;1;1;0;1;1;1
1996;50;50;1;13;1;1;0;1;1;1
1996;50;50;1;14;1;1;0;1;1;1
1996;50;50;1;15;1;1;0;1;1;1
1996;50;50;1;16;1;1;0;1;1;1
1996;50;50;1;17;1;1;0;1;1;1
1996;50;50;1;18;1;1;0;1;1;1
1996;50;50;1;19;1;1;0;1;1;1
1996;50;50;1;20;1;1;0;1;1;1
1996;50;50;3;1;1;1;0;1;1;1
1996;50;50;3;2;1;1;0;1;1;1
1996;50;50;3;4;1;1;0;1;1;1
1996;50;50;3;5;1;1;0;1;1;1
1996;50;50;3;6;1;1;0;1;1;1
1996;50;50;3;7;1;1;0;1;1;1
1996;50;50;3;8;1;1;0;1;1;1
1996;50;50;3;9;1;1;0;1;1;1
1996;50;50;3;10;1;1;0;1;1;1
1996;50;50;3;11;1;1;0;1;1;1
1996;50;50;3;12;1;1;0;1;1;1
1996;50;50;3;13;1;1;0;1;1;1
1996;50;50;3;14;1;1;0;1;1;1
1996;50;50;3;15;1;1;0;1;1;1
1996;50;50;3;16;1;1;0;1;1;1
1996;50;50;3;17;1;1;0;1;1;1
1996;50;50;3;18;1;1;0;1;1;1
1996;50;50;3;19;1;1;0;1;1;1
1996;50;50;3;20;1;1;0;1;1;1
1996;50;50;4;1;1;1;0;1;1;1
1996;50;50;4;2;1;1;0;1;1;1
1996;50;50;4;4;1;1;0;1;1;1
1996;50;50;4;5;1;1;0;1;1;1
1996;50;50;4;6;1;1;0;1;1;1
1996;50;50;4;7;1;1;0;1;1;1
1996;50;50;4;8;1;1;0;1;1;1
1996;50;50;4;9;1;1;0;1;1;1
1996;50;50;4;10;1;1;0;1;1;1
1996;50;50;4;11;1;1;0;1;1;1
1996;50;50;4;12;1;1;0;1;1;1
1996;50;50;4;13;1;1;0;1;1;1
1996;50;50;4;14;1;1;0;1;1;1
1996;50;50;4;15;1;1;0;1;1;1
1996;50;50;4;16;1;1;0;1;1;1
1996;50;50;4;17;1;1;0;1;1;1
1996;50;50;4;18;1;1;0;1;1;1
1996;50;50;4;19;1;1;0;1;1;1
1996;50;50;4;20;1;1;0;1;1;1
1996;50;50;5;1;1;1;0;1;1;1
1996;50;50;5;2;1;1;0;1;1;1
1996;50;50;5;4;1;1;0;1;1;1
1996;50;50;5;5;1;1;0;1;1;1
1996;50;50;5;6;1;1;0;1;1;1
1996;50;50;5;7;1;1;0;1;1;1
1996;50;50;5;8;1;1;0;1;1;1
1996;50;50;5;9;1;1;0;1;1;1
1996;50;50;5;10;1;1;0;1;1;1
1996;50;50;5;11;1;1;0;1;1;1
1996;50;50;5;12;1;1;0;1;1;1
1996;50;50;5;13;1;1;0;1;1;1
1996;50;50;5;14;1;1;0;1;1;1
1996;50;50;5;15;1;1;0;1;1;1
1996;50;50;5;16;1;1;0;1;1;1
1996;50;50;5;17;1;1;0;1;1;1
1996;50;50;5;18;1;1;0;1;1;1
1996;50;50;5;19;1;1;0;1;1;1
1996;50;50;5;20;1;1;0;1;1;1
1996;50;50;6;1;1;1;0;1;1;1
1996;50;50;6;2;1;1;0;1;1;1
1996;50;50;6;4;1;1;0;1;1;1
1996;50;50;6;5;1;1;0;1;1;1
1996;50;50;6;6;1;1;0;1;1;1
1996;50;50;6;7;1;1;0;1;1;1
1996;50;50;6;8;1;1;0;1;1;1
1996;50;50;6;9;1;1;0;1;1;1
1996;50;50;6;10;1;1;0;1;1;1
1996;50;50;6;11;1;1;0;1;1;1
1996;50;50;6;12;1;1;0;1;1;1
1996;50;50;6;13;1;1;0;1;1;1
1996;50;50;6;14;1;1;0;1;1;1
1996;50;50;6;15;1;1;0;1;1;1
1996;50;50;6;16;1;1;0;1;1;1
1996;50;50;6;17;1;1;0;1;1;1
1996;50;50;6;18;1;1;0;1;1;1
1996;50;50;6;19;1;1;0;1;1;1
1996;50;50;6;20;1;1;0;1;1;1
1996;50;50;7;1;1;1;0;1;1;1
1996;50;50;7;2;1;1;0;1;1;1
1996;50;50;7;4;1;1;0;1;1;1
1996;50;50;7;5;1;1;0;1;1;1
1996;50;50;7;6;1;1;0;1;1;1
1996;50;50;7;8;1;1;0;1;1;1
1996;50;50;7;9;1;1;0;1;1;1
1996;50;50;7;10;1;1;0;1;1;1
1996;50;50;7;11;1;1;0;1;1;1
1996;50;50;7;12;1;1;0;1;1;1
1996;50;50;7;13;1;1;0;1;1;1
1996;50;50;7;14;1;1;0;1;1;1
1996;50;50;7;15;1;1;0;1;1;1
1996;50;50;7;16;1;1;0;1;1;1
1996;50;50;7;17;1;1;0;1;1;1
1996;50;50;7;18;1;1;0;1;1;1
1996;50;50;7;19;1;1;0;1;1;1
1996;50;50;7;20;1;1;0;1;1;1
1996;50;50;7;21;1;1;0;1;1;1
1996;50;50;7;22;1;1;0;1;1;1
1996;50;50;7;23;1;1;0;1;1;1
1996;50;50;7;24;1;1;0;1;1;1
1996;50;50;8;1;1;1;0;1;1;1
1996;50;50;8;2;1;1;0;1;1;1
1996;50;50;8;4;1;1;0;1;1;1
1996;50;50;8;5;1;1;0;1;1;1
1996;50;50;8;6;1;1;0;1;1;1
1996;50;50;8;8;1;1;0;1;1;1
1996;50;50;8;9;1;1;0;1;1;1
1996;50;50;8;9;2;1;0;1;1;1
1996;50;50;8;10;1;1;0;1;1;1
1996;50;50;8;10;2;1;0;1;1;1
1996;50;50;8;11;1;1;0;1;1;1
1996;50;50;8;11;2;1;0;1;1;1
1996;50;50;8;12;1;1;0;1;1;1
1996;50;50;8;12;2;1;0;1;1;1
1996;50;50;8;13;1;1;0;1;1;1
1996;50;50;8;13;2;1;0;1;1;1
1996;50;50;8;14;1;1;0;1;1;1
1996;50;50;8;14;2;1;0;1;1;1
1996;50;50;8;15;1;1;0;1;1;1
1996;50;50;8;15;2;1;0;1;1;1
1996;50;50;8;16;1;1;0;1;1;1
1996;50;50;8;16;2;1;0;1;1;1
1996;50;50;8;17;1;1;0;1;1;1
1996;50;50;8;17;2;1;0;1;1;1
1996;50;50;8;18;1;1;0;1;1;1
1996;50;50;8;18;2;1;0;1;1;1
1996;50;50;8;19;1;1;0;1;1;1
1996;50;50;8;19;2;1;0;1;1;1
1996;50;50;8;20;1;1;0;1;1;1
1996;50;50;8;20;2;1;0;1;1;1
1996;50;50;8;21;1;1;0;1;1;1
1996;50;50;8;21;2;1;0;1;1;1
1996;50;50;8;22;1;1;0;1;1;1
1996;50;50;8;22;2;1;0;1;1;1
1996;50;50;8;23;1;1;0;1;1;1
1996;50;50;8;23;2;1;0;1;1;1
1996;50;50;8;24;1;1;0;1;1;1
1996;50;50;8;24;2;1;0;1;1;1
1996;50;50;9;1;1;1;0;1;1;1
1996;50;50;9;2;1;1;0;1;1;1
1996;50;50;9;4;1;1;0;1;1;1
1996;50;50;9;5;1;1;0;1;1;1
1996;50;50;9;6;1;1;0;1;1;1
1996;50;50;9;7;1;1;0;1;1;1
1996;50;50;9;8;1;1;0;1;1;1
1996;50;50;9;9;1;1;0;1;1;1
1996;50;50;9;10;1;1;0;1;1;1
1996;50;50;9;11;1;1;0;1;1;1
1996;50;50;9;12;1;1;0;1;1;1
1996;50;50;9;13;1;1;0;1;1;1
1996;50;50;9;14;1;1;0;1;1;1
1996;50;50;9;15;1;1;0;1;1;1
1996;50;50;9;16;1;1;0;1;1;1
1996;50;50;9;17;1;1;0;1;1;1
1996;50;50;9;18;1;1;0;1;1;1
1996;50;50;9;19;1;1;0;1;1;1
1996;50;50;9;20;1;1;0;1;1;1
1996;50;50;10;1;1;1;0;1;1;1
1996;50;50;10;2;1;1;0;1;1;1
1996;50;50;10;4;1;1;0;1;1;1
1996;50;50;10;5;1;1;0;1;1;1
1996;50;50;10;6;1;1;0;1;1;1
1996;50;50;10;7;1;1;0;1;1;1
1996;50;50;10;8;1;1;0;1;1;1
1996;50;50;10;9;1;1;0;1;1;1
1996;50;50;10;10;1;1;0;1;1;1
1996;50;50;10;11;1;1;0;1;1;1
1996;50;50;10;12;1;1;0;1;1;1
1996;50;50;10;13;1;1;0;1;1;1
1996;50;50;10;14;1;1;0;1;1;1
1996;50;50;10;15;1;1;0;1;1;1
1996;50;50;10;16;1;1;0;1;1;1
1996;50;50;10;17;1;1;0;1;1;1
1996;50;50;10;18;1;1;0;1;1;1
1996;50;50;10;19;1;1;0;1;1;1
1996;50;50;10;20;1;1;0;1;1;1
1996;50;50;11;1;1;1;0;1;1;1
1996;50;50;11;2;1;1;0;1;1;1
1996;50;50;11;4;1;1;0;1;1;1
1996;50;50;11;5;1;1;0;1;1;1
1996;50;50;11;6;1;1;0;1;1;1
1996;50;50;11;7;1;1;0;1;1;1
1996;50;50;11;8;1;1;0;1;1;1
1996;50;50;11;9;1;1;0;1;1;1
1996;50;50;11;10;1;1;0;1;1;1
1996;50;50;11;11;1;1;0;1;1;1
1996;50;50;11;12;1;1;0;1;1;1
1996;50;50;11;13;1;1;0;1;1;1
1996;50;50;11;14;1;1;0;1;1;1
1996;50;50;11;15;1;1;0;1;1;1
1996;50;50;11;16;1;1;0;1;1;1
1996;50;50;11;17;1;1;0;1;1;1
1996;50;50;11;18;1;1;0;1;1;1
1996;50;50;11;19;1;1;0;1;1;1
1996;50;50;11;20;1;1;0;1;1;1
1996;50;50;12;1;1;1;0;1;1;1
1996;50;50;12;2;1;1;0;1;1;1
1996;50;50;12;4;1;1;0;1;1;1
1996;50;50;12;5;1;1;0;1;1;1
1996;50;50;12;6;1;1;0;1;1;1
1996;50;50;12;7;1;1;0;1;1;1
1996;50;50;12;8;1;1;0;1;1;1
1996;50;50;12;9;1;1;0;1;1;1
1996;50;50;12;10;1;1;0;1;1;1
1996;50;50;12;11;1;1;0;1;1;1
1996;50;50;12;12;1;1;0;1;1;1
1996;50;50;12;13;1;1;0;1;1;1
1996;50;50;12;14;1;1;0;1;1;1
1996;50;50;12;15;1;1;0;1;1;1
1996;50;50;12;16;1;1;0;1;1;1
1996;50;50;12;17;1;1;0;1;1;1
1996;50;50;12;18;1;1;0;1;1;1
1996;50;50;12;19;1;1;0;1;1;1
1996;50;50;12;20;1;1;0;1;1;1
1996;50;50;14;1;1;1;0;1;1;1
1996;50;50;14;2;1;1;0;1;1;1
1996;50;50;14;4;1;1;0;1;1;1
1996;50;50;14;5;1;1;0;1;1;1
1996;50;50;14;6;1;1;0;1;1;1
1996;50;50;14;7;1;1;0;1;1;1
1996;50;50;14;8;1;1;0;1;1;1
1996;50;50;14;9;1;1;0;1;1;1
1996;50;50;14;10;1;1;0;1;1;1
1996;50;50;14;11;1;1;0;1;1;1
1996;50;50;14;12;1;1;0;1;1;1
1996;50;50;14;13;1;1;0;1;1;1
1996;50;50;14;14;1;1;0;1;1;1
1996;50;50;14;15;1;1;0;1;1;1
1996;50;50;14;16;1;1;0;1;1;1
1996;50;50;14;17;1;1;0;1;1;1
1996;50;50;14;18;1;1;0;1;1;1
1996;50;50;14;19;1;1;0;1;1;1
1996;50;50;14;20;1;1;0;1;1;1
1996;50;50;15;1;1;1;0;1;1;1
1996;50;50;15;2;1;1;0;1;1;1
1996;50;50;15;4;1;1;0;1;1;1
1996;50;50;15;5;1;1;0;1;1;1
1996;50;50;15;6;1;1;0;1;1;1
1996;50;50;15;7;1;1;0;1;1;1
1996;50;50;15;8;1;1;0;1;1;1
1996;50;50;15;9;1;1;0;1;1;1
1996;50;50;15;10;1;1;0;1;1;1
1996;50;50;15;11;1;1;0;1;1;1
1996;50;50;15;12;1;1;0;1;1;1
1996;50;50;15;13;1;1;0;1;1;1
1996;50;50;15;14;1;1;0;1;1;1
1996;50;50;15;15;1;1;0;1;1;1
1996;50;50;15;16;1;1;0;1;1;1
1996;50;50;15;17;1;1;0;1;1;1
1996;50;50;15;18;1;1;0;1;1;1
1996;50;50;15;19;1;1;0;1;1;1
1996;50;50;15;20;1;1;0;1;1;1
1996;58;58;511;-9999;1;0;0;0;1;1
1996;58;58;561;-9999;1;0;0;0;1;1
1997;1;1;3;1;1;1;0;0;1;1
1997;1;1;3;1;2;1;0;0;1;1
1997;1;1;3;2;1;1;0;0;1;1
1997;1;1;3;2;2;1;0;0;1;1
1997;1;1;3;3;1;1;0;0;1;1
1997;1;1;3;3;2;1;0;0;1;1
1997;1;1;3;4;1;1;0;0;1;1
1997;1;1;3;4;2;1;0;0;1;1
1997;1;1;3;5;1;1;0;0;1;1
1997;1;1;3;5;2;1;0;0;1;1
1997;1;1;3;6;1;1;0;0;1;1
1997;1;1;3;6;2;1;0;0;1;1
1997;1;1;3;7;1;1;0;0;1;1
1997;1;1;3;7;2;1;0;0;1;1
1997;1;1;3;8;1;1;0;0;1;1
1997;1;1;3;8;2;1;0;0;1;1
1997;1;1;5;1;1;1;0;0;1;1
1997;1;1;5;1;2;1;0;0;1;1
1997;1;1;5;2;1;1;0;0;1;1
1997;1;1;5;2;2;1;0;0;1;1
1997;1;1;5;3;1;1;0;0;1;1
1997;1;1;5;3;2;1;0;0;1;1
1997;1;1;5;4;1;1;0;0;1;1
1997;1;1;5;4;2;1;0;0;1;1
1997;1;1;5;5;1;1;0;0;1;1
1997;1;1;5;5;2;1;0;0;1;1
1997;1;1;5;6;1;1;0;0;1;1
1997;1;1;5;6;2;1;0;0;1;1
1997;1;1;5;7;1;1;0;0;1;1
1997;1;1;5;7;2;1;0;0;1;1
1997;1;1;5;8;1;1;0;0;1;1
1997;1;1;5;8;2;1;0;0;1;1
1997;1;1;8;1;1;1;0;0;1;1
1997;1;1;8;1;2;1;0;0;1;1
1997;1;1;8;2;1;1;0;0;1;1
1997;1;1;8;2;2;1;0;0;1;1
1997;1;1;8;3;1;1;0;0;1;1
1997;1;1;8;3;2;1;0;0;1;1
1997;1;1;8;4;1;1;0;0;1;1
1997;1;1;8;4;2;1;0;0;1;1
1997;1;1;8;5;1;1;0;0;1;1
1997;1;1;8;5;2;1;0;0;1;1
1997;1;1;8;6;1;1;0;0;1;1
1997;1;1;8;6;2;1;0;0;1;1
1997;1;1;8;7;1;1;0;0;1;1
1997;1;1;8;7;2;1;0;0;1;1
1997;1;1;8;8;1;1;0;0;1;1
1997;1;1;8;8;2;1;0;0;1;1
1997;1;1;16;1;1;1;0;0;1;1
1997;1;1;16;1;2;1;0;0;1;1
1997;1;1;16;2;1;1;0;0;1;1
1997;1;1;16;2;2;1;0;0;1;1
1997;1;1;16;3;1;1;0;0;1;1
1997;1;1;16;3;2;1;0;0;1;1
1997;1;1;16;4;1;1;0;0;1;1
1997;1;1;16;4;2;1;0;0;1;1
1997;1;1;16;5;1;1;0;0;1;1
1997;1;1;16;5;2;1;0;0;1;1
1997;1;1;16;6;1;1;0;0;1;1
1997;1;1;16;6;2;1;0;0;1;1
1997;1;1;16;7;1;1;0;0;1;1
1997;1;1;16;7;2;1;0;0;1;1
1997;1;1;16;8;1;1;0;0;1;1
1997;1;1;16;8;2;1;0;0;1;1
1997;1;1;19;1;1;1;0;0;1;1
1997;1;1;19;1;2;1;0;0;1;1
1997;1;1;19;2;1;1;0;0;1;1
1997;1;1;19;2;2;1;0;0;1;1
1997;1;1;19;3;1;1;0;0;1;1
1997;1;1;19;3;2;1;0;0;1;1
1997;1;1;19;4;1;1;0;0;1;1
1997;1;1;19;4;2;1;0;0;1;1
1997;1;1;19;5;1;1;0;0;1;1
1997;1;1;19;5;2;1;0;0;1;1
1997;1;1;19;6;1;1;0;0;1;1
1997;1;1;19;6;2;1;0;0;1;1
1997;1;1;19;7;1;1;0;0;1;1
1997;1;1;19;7;2;1;0;0;1;1
1997;1;1;19;8;1;1;0;0;1;1
1997;1;1;19;8;2;1;0;0;1;1
1997;1;1;24;1;1;1;0;0;1;1
1997;1;1;24;1;3;1;0;0;1;1
1997;1;1;24;2;1;1;0;0;1;1
1997;1;1;24;2;3;1;0;0;1;1
1997;1;1;24;3;1;1;0;0;1;1
1997;1;1;24;3;3;1;0;0;1;1
1997;1;1;24;4;1;1;0;0;1;1
1997;1;1;24;4;3;1;0;0;1;1
1997;1;1;24;5;1;1;0;0;1;1
1997;1;1;24;5;3;1;0;0;1;1
1997;1;1;24;6;1;1;0;0;1;1
1997;1;1;24;6;3;1;0;0;1;1
1997;1;1;24;7;1;1;0;0;1;1
1997;1;1;24;7;3;1;0;0;1;1
1997;1;1;24;8;1;1;0;0;1;1
1997;1;1;24;8;3;1;0;0;1;1
1997;1;1;25;1;1;1;0;0;1;1
1997;1;1;25;1;2;1;0;0;1;1
1997;1;1;25;2;1;1;0;0;1;1
1997;1;1;25;2;2;1;0;0;1;1
1997;1;1;25;3;1;1;0;0;1;1
1997;1;1;25;3;2;1;0;0;1;1
1997;1;1;25;4;1;1;0;0;1;1
1997;1;1;25;4;2;1;0;0;1;1
1997;1;1;25;5;1;1;0;0;1;1
1997;1;1;25;5;2;1;0;0;1;1
1997;1;1;25;6;1;1;0;0;1;1
1997;1;1;25;6;2;1;0;0;1;1
1997;1;1;25;7;1;1;0;0;1;1
1997;1;1;25;7;2;1;0;0;1;1
1997;1;1;25;8;1;1;0;0;1;1
1997;1;1;25;8;2;1;0;0;1;1
1997;1;1;28;1;1;1;0;0;1;1
1997;1;1;28;1;2;1;0;0;1;1
1997;1;1;28;2;1;1;0;0;1;1
1997;1;1;28;2;2;1;0;0;1;1
1997;1;1;28;3;1;1;0;0;1;1
1997;1;1;28;3;2;1;0;0;1;1
1997;1;1;28;4;1;1;0;0;1;1
1997;1;1;28;4;2;1;0;0;1;1
1997;1;1;28;5;1;1;0;0;1;1
1997;1;1;28;5;2;1;0;0;1;1
1997;1;1;28;6;1;1;0;0;1;1
1997;1;1;28;6;2;1;0;0;1;1
1997;1;1;28;7;1;1;0;0;1;1
1997;1;1;28;7;2;1;0;0;1;1
1997;1;1;28;8;1;1;0;0;1;1
1997;1;1;28;8;2;1;0;0;1;1
1997;1;1;32;1;1;1;0;0;1;1
1997;1;1;32;1;2;1;0;0;1;1
1997;1;1;32;2;1;1;0;0;1;1
1997;1;1;32;2;2;1;0;0;1;1
1997;1;1;32;3;1;1;0;0;1;1
1997;1;1;32;3;2;1;0;0;1;1
1997;1;1;32;4;1;1;0;0;1;1
1997;1;1;32;4;2;1;0;0;1;1
1997;1;1;32;5;1;1;0;0;1;1
1997;1;1;32;5;2;1;0;0;1;1
1997;1;1;32;6;1;1;0;0;1;1
1997;1;1;32;6;2;1;0;0;1;1
1997;1;1;32;7;1;1;0;0;1;1
1997;1;1;32;7;2;1;0;0;1;1
1997;1;1;32;8;1;1;0;0;1;1
1997;1;1;32;8;2;1;0;0;1;1
1997;1;1;33;1;1;1;0;0;1;1
1997;1;1;33;2;1;1;0;0;1;1
1997;1;1;33;3;1;1;0;0;1;1
1997;1;1;33;4;1;1;0;0;1;1
1997;1;1;33;5;1;1;0;0;1;1
1997;1;1;33;6;1;1;0;0;1;1
1997;1;1;33;7;1;1;0;0;1;1
1997;1;1;33;8;1;1;0;0;1;1
1997;1;1;43;1;1;1;0;0;1;1
1997;1;1;43;1;2;1;0;0;1;1
1997;1;1;43;2;1;1;0;0;1;1
1997;1;1;43;2;2;1;0;0;1;1
1997;1;1;43;3;1;1;0;0;1;1
1997;1;1;43;3;2;1;0;0;1;1
1997;1;1;43;4;1;1;0;0;1;1
1997;1;1;43;4;2;1;0;0;1;1
1997;1;1;43;5;1;1;0;0;1;1
1997;1;1;43;5;2;1;0;0;1;1
1997;1;1;43;6;1;1;0;0;1;1
1997;1;1;43;6;2;1;0;0;1;1
1997;1;1;43;7;1;1;0;0;1;1
1997;1;1;43;7;2;1;0;0;1;1
1997;1;1;43;8;1;1;0;0;1;1
1997;1;1;43;8;2;1;0;0;1;1
1997;1;1;44;1;1;1;0;0;1;1
1997;1;1;44;1;2;1;0;0;1;1
1997;1;1;44;2;1;1;0;0;1;1
1997;1;1;44;2;2;1;0;0;1;1
1997;1;1;44;3;1;1;0;0;1;1
1997;1;1;44;3;2;1;0;0;1;1
1997;1;1;44;4;1;1;0;0;1;1
1997;1;1;44;4;2;1;0;0;1;1
1997;1;1;44;5;1;1;0;0;1;1
1997;1;1;44;5;2;1;0;0;1;1
1997;1;1;44;6;1;1;0;0;1;1
1997;1;1;44;6;2;1;0;0;1;1
1997;1;1;44;7;1;1;0;0;1;1
1997;1;1;44;7;2;1;0;0;1;1
1997;1;1;44;8;1;1;0;0;1;1
1997;1;1;44;8;2;1;0;0;1;1
1997;1;1;52;1;1;1;0;0;1;1
1997;1;1;52;1;2;1;0;0;1;1
1997;1;1;52;2;1;1;0;0;1;1
1997;1;1;52;2;2;1;0;0;1;1
1997;1;1;52;3;1;1;0;0;1;1
1997;1;1;52;3;2;1;0;0;1;1
1997;1;1;52;4;1;1;0;0;1;1
1997;1;1;52;4;2;1;0;0;1;1
1997;1;1;52;5;1;1;0;0;1;1
1997;1;1;52;5;2;1;0;0;1;1
1997;1;1;52;6;1;1;0;0;1;1
1997;1;1;52;6;2;1;0;0;1;1
1997;1;1;52;7;1;1;0;0;1;1
1997;1;1;52;7;2;1;0;0;1;1
1997;1;1;52;8;1;1;0;0;1;1
1997;1;1;52;8;2;1;0;0;1;1
1997;1;1;55;1;2;1;0;0;1;1
1997;1;1;55;1;3;1;0;0;1;1
1997;1;1;55;2;2;1;0;0;1;1
1997;1;1;55;2;3;1;0;0;1;1
1997;1;1;55;3;2;1;0;0;1;1
1997;1;1;55;3;3;1;0;0;1;1
1997;1;1;55;4;2;1;0;0;1;1
1997;1;1;55;4;3;1;0;0;1;1
1997;1;1;55;5;2;1;0;0;1;1
1997;1;1;55;5;3;1;0;0;1;1
1997;1;1;55;6;2;1;0;0;1;1
1997;1;1;55;6;3;1;0;0;1;1
1997;1;1;55;7;2;1;0;0;1;1
1997;1;1;55;7;3;1;0;0;1;1
1997;1;1;55;8;2;1;0;0;1;1
1997;1;1;55;8;3;1;0;0;1;1
1997;1;1;56;1;1;1;0;0;1;1
1997;1;1;56;1;2;1;0;0;1;1
1997;1;1;56;2;1;1;0;0;1;1
1997;1;1;56;2;2;1;0;0;1;1
1997;1;1;56;3;1;1;0;0;1;1
1997;1;1;56;3;2;1;0;0;1;1
1997;1;1;56;4;1;1;0;0;1;1
1997;1;1;56;4;2;1;0;0;1;1
1997;1;1;56;5;1;1;0;0;1;1
1997;1;1;56;5;2;1;0;0;1;1
1997;1;1;56;6;1;1;0;0;1;1
1997;1;1;56;6;2;1;0;0;1;1
1997;1;1;56;7;1;1;0;0;1;1
1997;1;1;56;7;2;1;0;0;1;1
1997;1;1;56;8;1;1;0;0;1;1
1997;1;1;56;8;2;1;0;0;1;1
1997;1;1;59;1;1;1;0;0;1;1
1997;1;1;59;1;2;1;0;0;1;1
1997;1;1;59;2;1;1;0;0;1;1
1997;1;1;59;2;2;1;0;0;1;1
1997;1;1;59;3;1;1;0;0;1;1
1997;1;1;59;3;2;1;0;0;1;1
1997;1;1;59;4;1;1;0;0;1;1
1997;1;1;59;4;2;1;0;0;1;1
1997;1;1;59;5;1;1;0;0;1;1
1997;1;1;59;5;2;1;0;0;1;1
1997;1;1;59;6;1;1;0;0;1;1
1997;1;1;59;6;2;1;0;0;1;1
1997;1;1;59;7;1;1;0;0;1;1
1997;1;1;59;7;2;1;0;0;1;1
1997;1;1;59;8;1;1;0;0;1;1
1997;1;1;59;8;2;1;0;0;1;1
1997;1;1;60;1;1;1;0;0;1;1
1997;1;1;60;1;2;1;0;0;1;1
1997;1;1;60;2;1;1;0;0;1;1
1997;1;1;60;2;2;1;0;0;1;1
1997;1;1;60;3;1;1;0;0;1;1
1997;1;1;60;3;2;1;0;0;1;1
1997;1;1;60;4;1;1;0;0;1;1
1997;1;1;60;4;2;1;0;0;1;1
1997;1;1;60;5;1;1;0;0;1;1
1997;1;1;60;5;2;1;0;0;1;1
1997;1;1;60;6;1;1;0;0;1;1
1997;1;1;60;6;2;1;0;0;1;1
1997;1;1;60;7;1;1;0;0;1;1
1997;1;1;60;7;2;1;0;0;1;1
1997;1;1;60;8;1;1;0;0;1;1
1997;1;1;60;8;2;1;0;0;1;1
1997;1;1;63;1;1;1;0;0;1;1
1997;1;1;63;1;2;1;0;0;1;1
1997;1;1;63;2;1;1;0;0;1;1
1997;1;1;63;2;2;1;0;0;1;1
1997;1;1;63;3;1;1;0;0;1;1
1997;1;1;63;3;2;1;0;0;1;1
1997;1;1;63;4;1;1;0;0;1;1
1997;1;1;63;4;2;1;0;0;1;1
1997;1;1;63;5;1;1;0;0;1;1
1997;1;1;63;5;2;1;0;0;1;1
1997;1;1;63;6;1;1;0;0;1;1
1997;1;1;63;6;2;1;0;0;1;1
1997;1;1;63;7;1;1;0;0;1;1
1997;1;1;63;7;2;1;0;0;1;1
1997;1;1;63;8;1;1;0;0;1;1
1997;1;1;63;8;2;1;0;0;1;1
1997;1;1;64;1;1;1;0;0;1;1
1997;1;1;64;1;2;1;0;0;1;1
1997;1;1;64;2;1;1;0;0;1;1
1997;1;1;64;2;2;1;0;0;1;1
1997;1;1;64;3;1;1;0;0;1;1
1997;1;1;64;3;2;1;0;0;1;1
1997;1;1;64;4;1;1;0;0;1;1
1997;1;1;64;4;2;1;0;0;1;1
1997;1;1;64;5;1;1;0;0;1;1
1997;1;1;64;5;2;1;0;0;1;1
1997;1;1;64;6;1;1;0;0;1;1
1997;1;1;64;6;2;1;0;0;1;1
1997;1;1;64;7;1;1;0;0;1;1
1997;1;1;64;7;2;1;0;0;1;1
1997;1;1;64;8;1;1;0;0;1;1
1997;1;1;64;8;2;1;0;0;1;1
1997;1;1;67;1;1;1;0;0;1;1
1997;1;1;67;1;2;1;0;0;1;1
1997;1;1;67;2;1;1;0;0;1;1
1997;1;1;67;2;2;1;0;0;1;1
1997;1;1;67;3;1;1;0;0;1;1
1997;1;1;67;3;2;1;0;0;1;1
1997;1;1;67;4;1;1;0;0;1;1
1997;1;1;67;4;2;1;0;0;1;1
1997;1;1;67;5;1;1;0;0;1;1
1997;1;1;67;5;2;1;0;0;1;1
1997;1;1;67;6;1;1;0;0;1;1
1997;1;1;67;6;2;1;0;0;1;1
1997;1;1;67;7;1;1;0;0;1;1
1997;1;1;67;7;2;1;0;0;1;1
1997;1;1;67;8;1;1;0;0;1;1
1997;1;1;67;8;2;1;0;0;1;1
1997;1;1;68;1;2;1;0;0;1;1
1997;1;1;68;1;3;1;0;0;1;1
1997;1;1;68;2;2;1;0;0;1;1
1997;1;1;68;2;3;1;0;0;1;1
1997;1;1;68;3;2;1;0;0;1;1
1997;1;1;68;3;3;1;0;0;1;1
1997;1;1;68;4;2;1;0;0;1;1
1997;1;1;68;4;3;1;0;0;1;1
1997;1;1;68;5;2;1;0;0;1;1
1997;1;1;68;5;3;1;0;0;1;1
1997;1;1;68;6;2;1;0;0;1;1
1997;1;1;68;6;3;1;0;0;1;1
1997;1;1;68;7;2;1;0;0;1;1
1997;1;1;68;7;3;1;0;0;1;1
1997;1;1;68;8;2;1;0;0;1;1
1997;1;1;68;8;3;1;0;0;1;1
1997;1;1;88;1;1;1;0;0;1;1
1997;1;1;88;1;2;1;0;0;1;1
1997;1;1;88;2;1;1;0;0;1;1
1997;1;1;88;2;2;1;0;0;1;1
1997;1;1;88;3;1;1;0;0;1;1
1997;1;1;88;3;2;1;0;0;1;1
1997;1;1;88;4;1;1;0;0;1;1
1997;1;1;88;4;2;1;0;0;1;1
1997;1;1;88;5;1;1;0;0;1;1
1997;1;1;88;5;2;1;0;0;1;1
1997;1;1;88;6;1;1;0;0;1;1
1997;1;1;88;6;2;1;0;0;1;1
1997;1;1;88;7;1;1;0;0;1;1
1997;1;1;88;7;2;1;0;0;1;1
1997;1;1;88;8;1;1;0;0;1;1
1997;1;1;88;8;2;1;0;0;1;1
1997;1;1;90;1;2;1;0;0;1;1
1997;1;1;90;1;3;1;0;0;1;1
1997;1;1;90;2;2;1;0;0;1;1
1997;1;1;90;2;3;1;0;0;1;1
1997;1;1;90;3;2;1;0;0;1;1
1997;1;1;90;3;3;1;0;0;1;1
1997;1;1;90;4;2;1;0;0;1;1
1997;1;1;90;4;3;1;0;0;1;1
1997;1;1;90;5;2;1;0;0;1;1
1997;1;1;90;5;3;1;0;0;1;1
1997;1;1;90;6;2;1;0;0;1;1
1997;1;1;90;6;3;1;0;0;1;1
1997;1;1;90;7;2;1;0;0;1;1
1997;1;1;90;7;3;1;0;0;1;1
1997;1;1;90;8;2;1;0;0;1;1
1997;1;1;90;8;3;1;0;0;1;1
1997;1;1;95;1;2;1;0;0;1;1
1997;1;1;95;1;3;1;0;0;1;1
1997;1;1;95;2;2;1;0;0;1;1
1997;1;1;95;2;3;1;0;0;1;1
1997;1;1;95;3;2;1;0;0;1;1
1997;1;1;95;3;3;1;0;0;1;1
1997;1;1;95;4;2;1;0;0;1;1
1997;1;1;95;4;3;1;0;0;1;1
1997;1;1;95;5;2;1;0;0;1;1
1997;1;1;95;5;3;1;0;0;1;1
1997;1;1;95;6;2;1;0;0;1;1
1997;1;1;95;6;3;1;0;0;1;1
1997;1;1;95;7;2;1;0;0;1;1
1997;1;1;95;7;3;1;0;0;1;1
1997;1;1;95;8;2;1;0;0;1;1
1997;1;1;95;8;3;1;0;0;1;1
1997;1;1;100;1;1;1;0;0;1;1
1997;1;1;100;1;3;1;0;0;1;1
1997;1;1;100;2;1;1;0;0;1;1
1997;1;1;100;2;3;1;0;0;1;1
1997;1;1;100;3;1;1;0;0;1;1
1997;1;1;100;3;3;1;0;0;1;1
1997;1;1;100;4;1;1;0;0;1;1
1997;1;1;100;4;3;1;0;0;1;1
1997;1;1;100;5;1;1;0;0;1;1
1997;1;1;100;5;3;1;0;0;1;1
1997;1;1;100;6;1;1;0;0;1;1
1997;1;1;100;6;3;1;0;0;1;1
1997;1;1;100;7;1;1;0;0;1;1
1997;1;1;100;7;3;1;0;0;1;1
1997;1;1;100;8;1;1;0;0;1;1
1997;1;1;100;8;3;1;0;0;1;1
1997;1;1;101;1;1;1;0;0;1;1
1997;1;1;101;1;2;1;0;0;1;1
1997;1;1;101;2;1;1;0;0;1;1
1997;1;1;101;2;2;1;0;0;1;1
1997;1;1;101;3;1;1;0;0;1;1
1997;1;1;101;3;2;1;0;0;1;1
1997;1;1;101;4;1;1;0;0;1;1
1997;1;1;101;4;2;1;0;0;1;1
1997;1;1;101;5;1;1;0;0;1;1
1997;1;1;101;5;2;1;0;0;1;1
1997;1;1;101;6;1;1;0;0;1;1
1997;1;1;101;6;2;1;0;0;1;1
1997;1;1;101;7;1;1;0;0;1;1
1997;1;1;101;7;2;1;0;0;1;1
1997;1;1;101;8;1;1;0;0;1;1
1997;1;1;101;8;2;1;0;0;1;1
1997;4;3004;304;1;1;1;0;0;1;1
1997;4;3004;305;1;1;1;0;0;1;1
1997;4;3004;306;1;1;1;0;0;1;1
1997;4;3004;306;1;2;1;0;0;1;1
1997;4;3004;307;1;1;1;0;0;1;1
1997;4;3004;308;1;1;1;0;0;1;1
1997;7;7;1;-9999;1;0;0;0;1;1
1997;7;7;2;-9999;1;0;0;0;1;1
1997;7;7;3;-9999;1;0;0;0;1;1
1997;7;7;6;-9999;1;0;0;0;1;1
1997;7;7;7;-9999;1;0;0;0;1;1
1997;7;7;9;-9999;1;0;0;0;1;1
1997;7;7;12;-9999;1;0;0;0;1;1
1997;7;7;14;-9999;1;0;0;0;1;1
1997;7;7;15;-9999;1;0;0;0;1;1
1997;50;50;1;1;1;1;0;1;1;1
1997;50;50;1;2;1;1;0;1;1;1
1997;50;50;1;4;1;1;0;1;1;1
1997;50;50;1;5;1;1;0;1;1;1
1997;50;50;1;6;1;1;0;1;1;1
1997;50;50;1;7;1;1;0;1;1;1
1997;50;50;1;8;1;1;0;1;1;1
1997;50;50;1;9;1;1;0;1;1;1
1997;50;50;1;10;1;1;0;1;1;1
1997;50;50;1;11;1;1;0;1;1;1
1997;50;50;1;12;1;1;0;1;1;1
1997;50;50;1;13;1;1;0;1;1;1
1997;50;50;1;14;1;1;0;1;1;1
1997;50;50;1;15;1;1;0;1;1;1
1997;50;50;1;16;1;1;0;1;1;1
1997;50;50;1;17;1;1;0;1;1;1
1997;50;50;1;18;1;1;0;1;1;1
1997;50;50;1;19;1;1;0;1;1;1
1997;50;50;1;20;1;1;0;1;1;1
1997;50;50;2;1;1;1;0;1;1;1
1997;50;50;2;2;1;1;0;1;1;1
1997;50;50;2;4;1;1;0;1;1;1
1997;50;50;2;5;1;1;0;1;1;1
1997;50;50;2;6;1;1;0;1;1;1
1997;50;50;2;7;1;1;0;1;1;1
1997;50;50;2;8;1;1;0;1;1;1
1997;50;50;2;9;1;1;0;1;1;1
1997;50;50;2;10;1;1;0;1;1;1
1997;50;50;2;11;1;1;0;1;1;1
1997;50;50;2;12;1;1;0;1;1;1
1997;50;50;2;13;1;1;0;1;1;1
1997;50;50;2;14;1;1;0;1;1;1
1997;50;50;2;15;1;1;0;1;1;1
1997;50;50;2;16;1;1;0;1;1;1
1997;50;50;2;17;1;1;0;1;1;1
1997;50;50;2;18;1;1;0;1;1;1
1997;50;50;2;19;1;1;0;1;1;1
1997;50;50;2;20;1;1;0;1;1;1
1997;50;50;3;1;1;1;0;1;1;1
1997;50;50;3;2;1;1;0;1;1;1
1997;50;50;3;4;1;1;0;1;1;1
1997;50;50;3;5;1;1;0;1;1;1
1997;50;50;3;6;1;1;0;1;1;1
1997;50;50;3;7;1;1;0;1;1;1
1997;50;50;3;8;1;1;0;1;1;1
1997;50;50;3;9;1;1;0;1;1;1
1997;50;50;3;10;1;1;0;1;1;1
1997;50;50;3;11;1;1;0;1;1;1
1997;50;50;3;12;1;1;0;1;1;1
1997;50;50;3;13;1;1;0;1;1;1
1997;50;50;3;14;1;1;0;1;1;1
1997;50;50;3;15;1;1;0;1;1;1
1997;50;50;3;16;1;1;0;1;1;1
1997;50;50;3;17;1;1;0;1;1;1
1997;50;50;3;18;1;1;0;1;1;1
1997;50;50;3;19;1;1;0;1;1;1
1997;50;50;3;20;1;1;0;1;1;1
1997;50;50;4;1;1;1;0;1;1;1
1997;50;50;4;2;1;1;0;1;1;1
1997;50;50;4;4;1;1;0;1;1;1
1997;50;50;4;5;1;1;0;1;1;1
1997;50;50;4;6;1;1;0;1;1;1
1997;50;50;4;7;1;1;0;1;1;1
1997;50;50;4;8;1;1;0;1;1;1
1997;50;50;4;9;1;1;0;1;1;1
1997;50;50;4;10;1;1;0;1;1;1
1997;50;50;4;11;1;1;0;1;1;1
1997;50;50;4;12;1;1;0;1;1;1
1997;50;50;4;13;1;1;0;1;1;1
1997;50;50;4;14;1;1;0;1;1;1
1997;50;50;4;15;1;1;0;1;1;1
1997;50;50;4;16;1;1;0;1;1;1
1997;50;50;4;17;1;1;0;1;1;1
1997;50;50;4;18;1;1;0;1;1;1
1997;50;50;4;19;1;1;0;1;1;1
1997;50;50;4;20;1;1;0;1;1;1
1997;50;50;5;1;1;1;0;1;1;1
1997;50;50;5;2;1;1;0;1;1;1
1997;50;50;5;4;1;1;0;1;1;1
1997;50;50;5;5;1;1;0;1;1;1
1997;50;50;5;6;1;1;0;1;1;1
1997;50;50;5;7;1;1;0;1;1;1
1997;50;50;5;8;1;1;0;1;1;1
1997;50;50;5;9;1;1;0;1;1;1
1997;50;50;5;10;1;1;0;1;1;1
1997;50;50;5;11;1;1;0;1;1;1
1997;50;50;5;12;1;1;0;1;1;1
1997;50;50;5;13;1;1;0;1;1;1
1997;50;50;5;14;1;1;0;1;1;1
1997;50;50;5;15;1;1;0;1;1;1
1997;50;50;5;16;1;1;0;1;1;1
1997;50;50;5;17;1;1;0;1;1;1
1997;50;50;5;18;1;1;0;1;1;1
1997;50;50;5;19;1;1;0;1;1;1
1997;50;50;5;20;1;1;0;1;1;1
1997;50;50;7;1;1;1;0;1;1;1
1997;50;50;7;1;2;1;0;1;1;1
1997;50;50;7;2;1;1;0;1;1;1
1997;50;50;7;2;2;1;0;1;1;1
1997;50;50;7;4;1;1;0;1;1;1
1997;50;50;7;4;2;1;0;1;1;1
1997;50;50;7;5;1;1;0;1;1;1
1997;50;50;7;5;2;1;0;1;1;1
1997;50;50;7;6;1;1;0;1;1;1
1997;50;50;7;6;2;1;0;1;1;1
1997;50;50;7;8;1;1;0;1;1;1
1997;50;50;7;8;2;1;0;1;1;1
1997;50;50;7;9;1;1;0;1;1;1
1997;50;50;7;9;2;1;0;1;1;1
1997;50;50;7;10;1;1;0;1;1;1
1997;50;50;7;10;2;1;0;1;1;1
1997;50;50;7;11;1;1;0;1;1;1
1997;50;50;7;11;2;1;0;1;1;1
1997;50;50;7;12;1;1;0;1;1;1
1997;50;50;7;12;2;1;0;1;1;1
1997;50;50;7;13;1;1;0;1;1;1
1997;50;50;7;13;2;1;0;1;1;1
1997;50;50;7;14;1;1;0;1;1;1
1997;50;50;7;14;2;1;0;1;1;1
1997;50;50;7;15;1;1;0;1;1;1
1997;50;50;7;15;2;1;0;1;1;1
1997;50;50;7;16;1;1;0;1;1;1
1997;50;50;7;16;2;1;0;1;1;1
1997;50;50;7;17;1;1;0;1;1;1
1997;50;50;7;17;2;1;0;1;1;1
1997;50;50;7;18;1;1;0;1;1;1
1997;50;50;7;18;2;1;0;1;1;1
1997;50;50;7;19;1;1;0;1;1;1
1997;50;50;7;19;2;1;0;1;1;1
1997;50;50;7;20;1;1;0;1;1;1
1997;50;50;7;20;2;1;0;1;1;1
1997;50;50;7;21;1;1;0;1;1;1
1997;50;50;7;21;2;1;0;1;1;1
1997;50;50;7;22;1;1;0;1;1;1
1997;50;50;7;22;2;1;0;1;1;1
1997;50;50;7;23;1;1;0;1;1;1
1997;50;50;7;23;2;1;0;1;1;1
1997;50;50;7;24;1;1;0;1;1;1
1997;50;50;7;24;2;1;0;1;1;1
1997;50;50;8;1;1;1;0;1;1;1
1997;50;50;8;2;1;1;0;1;1;1
1997;50;50;8;4;1;1;0;1;1;1
1997;50;50;8;5;1;1;0;1;1;1
1997;50;50;8;6;1;1;0;1;1;1
1997;50;50;8;8;1;1;0;1;1;1
1997;50;50;8;9;1;1;0;1;1;1
1997;50;50;8;10;1;1;0;1;1;1
1997;50;50;8;11;1;1;0;1;1;1
1997;50;50;8;12;1;1;0;1;1;1
1997;50;50;8;13;1;1;0;1;1;1
1997;50;50;8;14;1;1;0;1;1;1
1997;50;50;8;15;1;1;0;1;1;1
1997;50;50;8;16;1;1;0;1;1;1
1997;50;50;8;17;1;1;0;1;1;1
1997;50;50;8;18;1;1;0;1;1;1
1997;50;50;8;19;1;1;0;1;1;1
1997;50;50;8;20;1;1;0;1;1;1
1997;50;50;8;21;1;1;0;1;1;1
1997;50;50;8;22;1;1;0;1;1;1
1997;50;50;8;23;1;1;0;1;1;1
1997;50;50;8;24;1;1;0;1;1;1
1997;50;50;11;1;1;1;0;1;1;1
1997;50;50;11;2;1;1;0;1;1;1
1997;50;50;11;4;1;1;0;1;1;1
1997;50;50;11;5;1;1;0;1;1;1
1997;50;50;11;6;1;1;0;1;1;1
1997;50;50;11;7;1;1;0;1;1;1
1997;50;50;11;8;1;1;0;1;1;1
1997;50;50;11;9;1;1;0;1;1;1
1997;50;50;11;10;1;1;0;1;1;1
1997;50;50;11;11;1;1;0;1;1;1
1997;50;50;11;12;1;1;0;1;1;1
1997;50;50;11;13;1;1;0;1;1;1
1997;50;50;11;14;1;1;0;1;1;1
1997;50;50;11;15;1;1;0;1;1;1
1997;50;50;11;16;1;1;0;1;1;1
1997;50;50;11;17;1;1;0;1;1;1
1997;50;50;11;18;1;1;0;1;1;1
1997;50;50;11;19;1;1;0;1;1;1
1997;50;50;11;20;1;1;0;1;1;1
1997;50;50;12;1;1;1;0;1;1;1
1997;50;50;12;2;1;1;0;1;1;1
1997;50;50;12;4;1;1;0;1;1;1
1997;50;50;12;5;1;1;0;1;1;1
1997;50;50;12;6;1;1;0;1;1;1
1997;50;50;12;7;1;1;0;1;1;1
1997;50;50;12;8;1;1;0;1;1;1
1997;50;50;12;9;1;1;0;1;1;1
1997;50;50;12;10;1;1;0;1;1;1
1997;50;50;12;11;1;1;0;1;1;1
1997;50;50;12;12;1;1;0;1;1;1
1997;50;50;12;13;1;1;0;1;1;1
1997;50;50;12;14;1;1;0;1;1;1
1997;50;50;12;15;1;1;0;1;1;1
1997;50;50;12;16;1;1;0;1;1;1
1997;50;50;12;17;1;1;0;1;1;1
1997;50;50;12;18;1;1;0;1;1;1
1997;50;50;12;19;1;1;0;1;1;1
1997;50;50;12;20;1;1;0;1;1;1
1997;50;50;13;1;1;1;0;1;1;1
1997;50;50;13;2;1;1;0;1;1;1
1997;50;50;13;4;1;1;0;1;1;1
1997;50;50;13;5;1;1;0;1;1;1
1997;50;50;13;6;1;1;0;1;1;1
1997;50;50;13;8;1;1;0;1;1;1
1997;50;50;15;1;1;1;0;1;1;1
1997;50;50;15;2;1;1;0;1;1;1
1997;50;50;15;4;1;1;0;1;1;1
1997;50;50;15;5;1;1;0;1;1;1
1997;50;50;15;6;1;1;0;1;1;1
1997;50;50;15;7;1;1;0;1;1;1
1997;50;50;15;8;1;1;0;1;1;1
1997;50;50;15;9;1;1;0;1;1;1
1997;50;50;15;10;1;1;0;1;1;1
1997;50;50;15;11;1;1;0;1;1;1
1997;50;50;15;12;1;1;0;1;1;1
1997;50;50;15;13;1;1;0;1;1;1
1997;50;50;15;14;1;1;0;1;1;1
1997;50;50;15;15;1;1;0;1;1;1
1997;50;50;15;16;1;1;0;1;1;1
1997;50;50;15;17;1;1;0;1;1;1
1997;50;50;15;18;1;1;0;1;1;1
1997;50;50;15;19;1;1;0;1;1;1
1997;50;50;15;20;1;1;0;1;1;1
1997;58;58;2015;-9999;1;0;0;0;1;1
1997;59;59;1;-9999;1;0;0;0;1;1
1997;59;59;1;-9999;2;0;0;0;1;1
1997;59;59;1;-9999;3;0;0;0;1;1
1997;59;59;2;-9999;1;0;0;0;1;1
1997;59;59;2;-9999;2;0;0;0;1;1
1997;59;59;2;-9999;3;0;0;0;1;1
1997;59;59;3;-9999;1;0;0;0;1;1
1997;59;59;3;-9999;2;0;0;0;1;1
1997;59;59;3;-9999;3;0;0;0;1;1
1997;59;59;3;-9999;4;0;0;0;1;1
1997;59;59;4;-9999;1;0;0;0;1;1
1997;59;59;4;-9999;2;0;0;0;1;1
1997;59;59;4;-9999;3;0;0;0;1;1
1997;59;59;4;-9999;4;0;0;0;1;1
1997;59;59;5;-9999;1;0;0;0;1;1
1997;59;59;5;-9999;2;0;0;0;1;1
1997;59;59;5;-9999;3;0;0;0;1;1
1997;59;59;5;-9999;4;0;0;0;1;1
1997;59;59;6;-9999;1;0;0;0;1;1
1997;59;59;6;-9999;2;0;0;0;1;1
1997;59;59;6;-9999;3;0;0;0;1;1
1997;59;59;7;-9999;1;0;0;0;1;1
1997;59;59;7;-9999;2;0;0;0;1;1
1997;59;59;7;-9999;3;0;0;0;1;1
1998;2;202;1;1;1;1;0;0;1;1
1998;2;202;1;1;2;1;0;0;1;1
1998;2;202;1;1;3;1;0;0;1;1
1998;2;202;1;2;1;1;0;0;1;1
1998;2;202;1;2;2;1;0;0;1;1
1998;2;202;1;2;3;1;0;0;1;1
1998;2;202;2;1;1;1;0;0;1;1
1998;2;202;2;1;2;1;0;0;1;1
1998;2;202;2;1;3;1;0;0;1;1
1998;2;202;2;2;1;1;0;0;1;1
1998;2;202;2;2;2;1;0;0;1;1
1998;2;202;2;2;3;1;0;0;1;1
1998;2;202;3;1;1;1;0;0;1;1
1998;2;202;3;1;2;1;0;0;1;1
1998;2;202;3;1;3;1;0;0;1;1
1998;2;202;3;2;1;1;0;0;1;1
1998;2;202;3;2;2;1;0;0;1;1
1998;2;202;3;2;3;1;0;0;1;1
1998;2;202;4;1;1;1;0;0;1;1
1998;2;202;4;1;2;1;0;0;1;1
1998;2;202;4;1;3;1;0;0;1;0
1998;2;202;4;2;1;1;0;0;1;1
1998;2;202;4;2;2;1;0;0;1;1
1998;2;202;4;2;3;1;0;0;1;0
1998;2;202;5;1;2;1;0;0;1;1
1998;2;202;5;1;3;1;0;0;1;1
1998;2;202;5;2;2;1;0;0;1;1
1998;2;202;5;2;3;1;0;0;1;1
1998;2;202;6;1;1;1;0;0;1;1
1998;2;202;6;1;2;1;0;0;1;1
1998;2;202;6;1;3;1;0;0;1;1
1998;2;202;6;2;1;1;0;0;1;1
1998;2;202;6;2;2;1;0;0;1;1
1998;2;202;6;2;3;1;0;0;1;1
1998;2;202;7;1;1;1;0;0;1;1
1998;2;202;7;1;2;1;0;0;1;1
1998;2;202;7;1;3;1;0;0;1;1
1998;2;202;7;2;1;1;0;0;1;1
1998;2;202;7;2;2;1;0;0;1;1
1998;2;202;7;2;3;1;0;0;1;1
1998;2;202;8;1;1;1;0;0;1;1
1998;2;202;8;1;2;1;0;0;1;1
1998;2;202;8;1;3;1;0;0;1;0
1998;2;202;8;2;1;1;0;0;1;1
1998;2;202;8;2;2;1;0;0;1;1
1998;2;202;8;2;3;1;0;0;1;1
1998;4;3004;302;1;1;1;0;0;1;1
1998;4;3004;303;1;1;1;0;0;1;1
1998;4;3004;304;1;1;1;0;0;1;1
1998;4;3004;305;1;1;1;0;0;1;1
1998;4;3004;306;1;1;1;0;0;1;1
1998;4;3004;306;1;2;1;0;0;1;1
1998;4;3004;307;1;1;1;0;0;1;1
1998;4;3204;501;-9999;98;0;0;0;1;1
1998;4;3204;502;-9999;98;0;0;0;1;1
1998;4;3204;503;-9999;98;0;0;0;1;1
1998;4;3204;504;-9999;98;0;0;0;1;1
1998;4;3204;505;-9999;98;0;0;0;1;1
1998;4;3204;506;-9999;98;0;0;0;1;1
1998;4;3204;507;-9999;98;0;0;0;1;1
1998;4;3304;701;-9999;5;0;0;0;1;1
1998;4;3304;701;-9999;6;0;0;0;1;1
1998;4;3304;702;-9999;15;0;0;0;1;1
1998;4;3304;702;-9999;16;0;0;0;1;1
1998;4;3304;703;-9999;21;0;0;0;1;1
1998;4;3304;703;-9999;22;0;0;0;1;1
1998;4;3304;704;-9999;29;0;0;0;1;1
1998;4;3304;704;-9999;30;0;0;0;1;1
1998;4;3304;705;-9999;37;0;0;0;1;1
1998;4;3304;705;-9999;38;0;0;0;1;1
1998;4;3304;706;-9999;43;0;0;0;1;1
1998;4;3304;706;-9999;44;0;0;0;1;1
1998;4;3304;707;-9999;51;0;0;0;1;1
1998;4;3304;707;-9999;52;0;0;0;1;1
1998;4;2904;901;-9999;1;1;0;0;1;1
1998;4;2904;906;-9999;2;1;0;0;1;1
1998;4;2904;908;-9999;3;1;0;0;1;1
1998;4;2904;911;-9999;4;1;0;0;1;1
1998;4;2904;913;-9999;5;1;0;0;1;1
1998;4;2904;919;-9999;6;1;0;0;1;1
1998;4;2704;1101;-9999;9;0;0;0;1;1
1998;4;2704;1102;-9999;9;0;0;0;1;1
1998;4;2704;1103;-9999;4;0;0;0;1;1
1998;4;2704;1201;-9999;1;0;0;0;1;1
1998;4;2704;1201;-9999;2;0;0;0;1;1
1998;4;2704;1202;-9999;1;0;0;0;1;1
1998;4;2704;1202;-9999;2;0;0;0;1;1
1998;4;2704;1203;-9999;1;0;0;0;1;1
1998;4;2704;1203;-9999;2;0;0;0;1;1
1998;4;2704;1204;-9999;1;0;0;0;1;1
1998;4;2704;1204;-9999;2;0;0;0;1;1
1998;4;2704;1205;-9999;1;0;0;0;1;1
1998;4;2704;1205;-9999;2;0;0;0;1;1
1998;4;2704;1206;-9999;1;0;0;0;1;1
1998;4;2704;1206;-9999;2;0;0;0;1;1
1998;4;3604;1401;11;1;1;0;0;1;1
1998;4;3604;1402;21;1;1;0;0;1;1
1998;4;3604;1402;26;1;1;0;0;1;1
1998;4;3604;1403;31;1;1;0;0;1;1
1998;4;3604;1403;36;1;1;0;0;1;1
1998;4;3604;1404;41;1;1;0;0;1;1
1998;4;3604;1404;46;1;1;0;0;1;1
1998;4;3604;1405;51;1;1;0;0;1;1
1998;4;3604;1405;56;1;1;0;0;1;1
1998;4;3604;1406;61;1;1;0;0;1;1
1998;6;6;512;1;1;1;0;0;1;1
1998;6;6;512;2;1;1;0;0;1;1
1998;6;6;512;3;1;1;0;0;1;1
1998;6;6;512;4;1;1;0;0;1;1
1998;6;6;512;5;1;1;0;0;1;1
1998;6;6;512;6;1;1;0;0;1;1
1998;6;6;512;7;1;1;0;0;1;1
1998;6;6;512;8;1;1;0;0;1;1
1998;6;6;512;9;1;1;0;0;1;1
1998;6;6;512;10;1;1;0;0;1;1
1998;6;6;516;11;1;1;0;0;1;1
1998;6;6;516;12;1;1;0;0;1;1
1998;6;6;516;13;1;1;0;0;1;1
1998;6;6;516;14;1;1;0;0;1;1
1998;6;6;516;15;1;1;0;0;1;1
1998;6;6;516;16;1;1;0;0;1;1
1998;6;6;516;17;1;1;0;0;1;1
1998;6;6;516;18;1;1;0;0;1;1
1998;6;6;516;19;1;1;0;0;1;1
1998;6;6;516;20;1;1;0;0;1;1
1998;6;6;517;21;1;1;0;0;1;1
1998;6;6;517;22;1;1;0;0;1;1
1998;6;6;517;23;1;1;0;0;1;1
1998;6;6;517;24;1;1;0;0;1;1
1998;6;6;517;25;1;1;0;0;1;1
1998;6;6;517;26;1;1;0;0;1;1
1998;6;6;517;27;1;1;0;0;1;1
1998;6;6;517;28;1;1;0;0;1;1
1998;6;6;517;29;1;1;0;0;1;1
1998;6;6;517;30;1;1;0;0;1;1
1998;6;6;715;31;1;1;0;0;1;1
1998;6;6;715;32;1;1;0;0;1;1
1998;6;6;715;33;1;1;0;0;1;1
1998;6;6;715;34;1;1;0;0;1;1
1998;6;6;715;35;1;1;0;0;1;1
1998;6;6;715;36;1;1;0;0;1;1
1998;6;6;715;37;1;1;0;0;1;1
1998;6;6;715;38;1;1;0;0;1;1
1998;6;6;715;39;1;1;0;0;1;1
1998;6;6;715;40;1;1;0;0;1;1
1998;6;6;716;41;1;1;0;0;1;1
1998;6;6;716;42;1;1;0;0;1;1
1998;6;6;716;43;1;1;0;0;1;1
1998;6;6;716;44;1;1;0;0;1;1
1998;6;6;716;45;1;1;0;0;1;1
1998;6;6;716;46;1;1;0;0;1;1
1998;6;6;716;47;1;1;0;0;1;1
1998;6;6;716;48;1;1;0;0;1;1
1998;6;6;716;49;1;1;0;0;1;1
1998;6;6;716;50;1;1;0;0;1;1
1998;6;6;717;51;1;1;0;0;1;1
1998;6;6;717;52;1;1;0;0;1;1
1998;6;6;717;53;1;1;0;0;1;1
1998;6;6;717;54;1;1;0;0;1;1
1998;6;6;717;55;1;1;0;0;1;1
1998;6;6;717;56;1;1;0;0;1;1
1998;6;6;717;57;1;1;0;0;1;1
1998;6;6;717;58;1;1;0;0;1;1
1998;6;6;717;59;1;1;0;0;1;1
1998;6;6;717;60;1;1;0;0;1;1
1998;6;6;919;61;1;1;0;0;1;1
1998;6;6;919;62;1;1;0;0;1;1
1998;6;6;919;63;1;1;0;0;1;1
1998;6;6;919;64;1;1;0;0;1;1
1998;6;6;919;65;1;1;0;0;1;1
1998;6;6;919;66;1;1;0;0;1;1
1998;6;6;919;67;1;1;0;0;1;1
1998;6;6;919;68;1;1;0;0;1;1
1998;6;6;919;69;1;1;0;0;1;1
1998;6;6;919;70;1;1;0;0;1;1
1998;6;6;920;71;1;1;0;0;1;1
1998;6;6;920;72;1;1;0;0;1;1
1998;6;6;920;73;1;1;0;0;1;1
1998;6;6;920;74;1;1;0;0;1;1
1998;6;6;920;75;1;1;0;0;1;1
1998;6;6;920;76;1;1;0;0;1;1
1998;6;6;920;77;1;1;0;0;1;1
1998;6;6;920;78;1;1;0;0;1;1
1998;6;6;920;79;1;1;0;0;1;1
1998;6;6;920;80;1;1;0;0;1;1
1998;6;6;921;81;1;1;0;0;1;1
1998;6;6;921;82;1;1;0;0;1;1
1998;6;6;921;83;1;1;0;0;1;1
1998;6;6;921;84;1;1;0;0;1;1
1998;6;6;921;85;1;1;0;0;1;1
1998;6;6;921;86;1;1;0;0;1;1
1998;6;6;921;87;1;1;0;0;1;1
1998;6;6;921;88;1;1;0;0;1;1
1998;6;6;921;89;1;1;0;0;1;1
1998;6;6;921;90;1;1;0;0;1;1
1998;6;6;922;91;1;1;0;0;1;1
1998;6;6;922;92;1;1;0;0;1;1
1998;6;6;922;93;1;1;0;0;1;1
1998;6;6;922;94;1;1;0;0;1;1
1998;6;6;922;95;1;1;0;0;1;1
1998;6;6;922;96;1;1;0;0;1;1
1998;6;6;922;97;1;1;0;0;1;1
1998;6;6;922;98;1;1;0;0;1;1
1998;6;6;922;99;1;1;0;0;1;1
1998;6;6;922;100;1;1;0;0;1;1
1998;8;8;11;-9999;1;0;0;0;1;0
1998;8;8;12;-9999;1;0;0;0;1;1
1998;8;8;13;-9999;1;0;0;0;1;1
1998;8;8;14;-9999;1;0;0;0;1;1
1998;8;8;15;-9999;1;0;0;0;1;1
1998;8;8;21;-9999;1;0;0;0;1;1
1998;8;8;22;-9999;1;0;0;0;1;1
1998;8;8;23;-9999;1;0;0;0;1;1
1998;8;8;24;-9999;1;0;0;0;1;1
1998;8;8;25;-9999;1;0;0;0;1;1
1998;8;8;31;-9999;1;0;0;0;1;1
1998;8;8;32;-9999;1;0;0;0;1;1
1998;8;8;33;-9999;1;0;0;0;1;1
1998;8;8;34;-9999;1;0;0;0;1;1
1998;8;8;35;-9999;1;0;0;0;1;1
1998;10;10;1;-9999;1;0;0;0;1;1
1998;10;10;2;-9999;1;0;0;0;1;1
1998;10;10;2;-9999;2;0;0;0;1;1
1998;10;10;3;-9999;1;0;0;0;1;1
1998;10;10;3;-9999;2;0;0;0;1;1
1998;10;10;4;-9999;1;0;0;0;1;1
1998;10;10;4;-9999;2;0;0;0;1;1
1998;10;10;5;-9999;1;0;0;0;1;1
1998;10;10;6;-9999;1;0;0;0;1;1
1998;10;10;6;-9999;2;0;0;0;1;1
1998;10;10;7;-9999;1;0;0;0;1;1
1998;10;10;8;-9999;1;0;0;0;1;1
1998;10;10;9;-9999;1;0;0;0;1;1
1998;10;10;9;-9999;2;0;0;0;1;1
1998;15;15;1;-99;1;0;0;0;1;1
1998;15;15;2;-99;1;0;0;0;1;1
1998;15;15;3;-99;1;0;0;0;1;1
1998;15;15;4;-99;1;0;0;0;1;1
1998;15;15;5;-99;1;0;0;0;1;1
1998;15;15;6;-99;1;0;0;0;1;1
1998;15;15;7;-99;1;0;0;0;1;1
1998;15;15;8;-99;1;0;0;0;1;1
1998;15;15;9;-99;1;0;0;0;1;1
1998;15;15;10;-99;1;0;0;0;1;1
1998;15;15;11;-99;1;0;0;0;1;1
1998;15;15;12;-99;1;0;0;0;1;1
1998;15;15;13;-99;1;0;0;0;1;1
1998;15;15;14;-99;1;0;0;0;1;1
1998;15;15;15;-99;1;0;0;0;1;1
1998;15;15;16;-99;1;0;0;0;1;1
1998;15;15;17;-99;1;0;0;0;1;1
1998;15;15;18;-99;1;0;0;0;1;1
1998;15;15;19;-99;1;0;0;0;1;1
1998;15;15;20;-99;1;0;0;0;1;1
1998;15;15;21;-99;1;0;0;0;1;1
1998;15;15;22;-99;1;0;0;0;1;1
1998;15;15;23;-99;1;0;0;0;1;1
1998;15;15;24;-99;1;0;0;0;1;1
1998;15;15;25;-99;1;0;0;0;1;1
1998;15;15;26;-99;1;0;0;0;1;1
1998;15;15;27;-99;1;0;0;0;1;1
1998;15;15;28;-99;1;0;0;0;1;1
1998;15;15;29;-99;1;0;0;0;1;1
1998;15;15;30;-99;1;0;0;0;1;1
1998;15;15;31;-99;1;0;0;0;1;1
1998;50;50;2;1;1;1;0;1;1;1
1998;50;50;2;2;1;1;0;1;1;1
1998;50;50;2;4;1;1;0;1;1;1
1998;50;50;2;5;1;1;0;1;1;1
1998;50;50;2;6;1;1;0;1;1;1
1998;50;50;2;7;1;1;0;1;1;1
1998;50;50;2;8;1;1;0;1;1;1
1998;50;50;2;9;1;1;0;1;1;1
1998;50;50;2;10;1;1;0;1;1;1
1998;50;50;2;11;1;1;0;1;1;1
1998;50;50;2;12;1;1;0;1;1;1
1998;50;50;2;13;1;1;0;1;1;1
1998;50;50;2;14;1;1;0;1;1;1
1998;50;50;2;15;1;1;0;1;1;1
1998;50;50;2;16;1;1;0;1;1;1
1998;50;50;2;17;1;1;0;1;1;1
1998;50;50;2;18;1;1;0;1;1;1
1998;50;50;2;19;1;1;0;1;1;1
1998;50;50;2;20;1;1;0;1;1;1
1998;50;50;6;1;1;1;0;1;1;1
1998;50;50;6;2;1;1;0;1;1;1
1998;50;50;6;4;1;1;0;1;1;1
1998;50;50;6;5;1;1;0;1;1;1
1998;50;50;6;6;1;1;0;1;1;1
1998;50;50;6;7;1;1;0;1;1;1
1998;50;50;6;8;1;1;0;1;1;1
1998;50;50;6;9;1;1;0;1;1;1
1998;50;50;6;10;1;1;0;1;1;1
1998;50;50;6;11;1;1;0;1;1;1
1998;50;50;6;12;1;1;0;1;1;1
1998;50;50;6;13;1;1;0;1;1;1
1998;50;50;6;14;1;1;0;1;1;1
1998;50;50;6;15;1;1;0;1;1;1
1998;50;50;6;16;1;1;0;1;1;1
1998;50;50;6;17;1;1;0;1;1;1
1998;50;50;6;18;1;1;0;1;1;1
1998;50;50;6;19;1;1;0;1;1;1
1998;50;50;6;20;1;1;0;1;1;1
1998;50;50;9;1;1;1;0;1;1;1
1998;50;50;9;2;1;1;0;1;1;1
1998;50;50;9;4;1;1;0;1;1;1
1998;50;50;9;5;1;1;0;1;1;1
1998;50;50;9;6;1;1;0;1;1;1
1998;50;50;9;7;1;1;0;1;1;1
1998;50;50;9;8;1;1;0;1;1;1
1998;50;50;9;9;1;1;0;1;1;1
1998;50;50;9;10;1;1;0;1;1;1
1998;50;50;9;11;1;1;0;1;1;1
1998;50;50;9;12;1;1;0;1;1;1
1998;50;50;9;13;1;1;0;1;1;1
1998;50;50;9;14;1;1;0;1;1;1
1998;50;50;9;15;1;1;0;1;1;1
1998;50;50;9;16;1;1;0;1;1;1
1998;50;50;9;17;1;1;0;1;1;1
1998;50;50;9;18;1;1;0;1;1;1
1998;50;50;9;19;1;1;0;1;1;1
1998;50;50;9;20;1;1;0;1;1;1
1998;50;50;10;1;1;1;0;1;1;1
1998;50;50;10;2;1;1;0;1;1;1
1998;50;50;10;4;1;1;0;1;1;1
1998;50;50;10;5;1;1;0;1;1;1
1998;50;50;10;6;1;1;0;1;1;1
1998;50;50;10;7;1;1;0;1;1;1
1998;50;50;10;8;1;1;0;1;1;1
1998;50;50;10;9;1;1;0;1;1;1
1998;50;50;10;10;1;1;0;1;1;1
1998;50;50;10;11;1;1;0;1;1;1
1998;50;50;10;12;1;1;0;1;1;1
1998;50;50;10;13;1;1;0;1;1;1
1998;50;50;10;14;1;1;0;1;1;1
1998;50;50;10;15;1;1;0;1;1;1
1998;50;50;10;16;1;1;0;1;1;1
1998;50;50;10;17;1;1;0;1;1;1
1998;50;50;10;18;1;1;0;1;1;1
1998;50;50;10;19;1;1;0;1;1;1
1998;50;50;10;20;1;1;0;1;1;1
1998;50;50;13;1;1;1;0;1;1;1
1998;50;50;13;2;1;1;0;1;1;1
1998;50;50;13;4;1;1;0;1;1;1
1998;50;50;13;5;1;1;0;1;1;1
1998;50;50;13;6;1;1;0;1;1;1
1998;50;50;13;8;1;1;0;1;1;1
1998;50;50;13;9;1;1;0;1;1;1
1998;50;50;13;10;1;1;0;1;1;1
1998;50;50;13;11;1;1;0;1;1;1
1998;50;50;13;12;1;1;0;1;1;1
1998;50;50;13;13;1;1;0;1;1;1
1998;50;50;13;14;1;1;0;1;1;1
1998;50;50;13;15;1;1;0;1;1;1
1998;50;50;13;16;1;1;0;1;1;1
1998;50;50;13;17;1;1;0;1;1;1
1998;50;50;13;18;1;1;0;1;1;1
1998;50;50;13;19;1;1;0;1;1;1
1998;50;50;13;20;1;1;0;1;1;1
1998;50;50;13;21;1;1;0;1;1;1
1998;50;50;13;22;1;1;0;1;1;1
1998;50;50;13;23;1;1;0;1;1;1
1998;50;50;13;24;1;1;0;1;1;1
1998;50;50;14;1;1;1;0;1;1;1
1998;50;50;14;2;1;1;0;1;1;1
1998;50;50;14;4;1;1;0;1;1;1
1998;50;50;14;5;1;1;0;1;1;1
1998;50;50;14;6;1;1;0;1;1;1
1998;50;50;14;7;1;1;0;1;1;1
1998;50;50;14;8;1;1;0;1;1;1
1998;50;50;14;9;1;1;0;1;1;1
1998;50;50;14;10;1;1;0;1;1;1
1998;50;50;14;11;1;1;0;1;1;1
1998;50;50;14;12;1;1;0;1;1;1
1998;50;50;14;13;1;1;0;1;1;1
1998;50;50;14;14;1;1;0;1;1;1
1998;50;50;14;15;1;1;0;1;1;1
1998;50;50;14;16;1;1;0;1;1;1
1998;50;50;14;17;1;1;0;1;1;1
1998;50;50;14;18;1;1;0;1;1;1
1998;50;50;14;19;1;1;0;1;1;1
1998;50;50;14;20;1;1;0;1;1;1
1998;50;50;16;1;1;1;0;1;1;1
1998;50;50;16;1;2;1;0;1;1;1
1998;50;50;16;2;1;1;0;1;1;1
1998;50;50;16;2;2;1;0;1;1;1
1998;50;50;16;4;1;1;0;1;1;1
1998;50;50;16;4;2;1;0;1;1;1
1998;50;50;16;5;1;1;0;1;1;1
1998;50;50;16;5;2;1;0;1;1;1
1998;50;50;16;6;1;1;0;1;1;1
1998;50;50;16;6;2;1;0;1;1;1
1998;50;50;16;8;1;1;0;1;1;1
1998;50;50;16;8;2;1;0;1;1;1
1998;50;50;16;9;1;1;0;1;1;1
1998;50;50;16;9;2;1;0;1;1;1
1998;50;50;16;10;1;1;0;1;1;1
1998;50;50;16;10;2;1;0;1;1;1
1998;50;50;16;11;1;1;0;1;1;1
1998;50;50;16;11;2;1;0;1;1;1
1998;50;50;16;12;1;1;0;1;1;1
1998;50;50;16;12;2;1;0;1;1;1
1998;50;50;16;13;1;1;0;1;1;1
1998;50;50;16;13;2;1;0;1;1;1
1998;50;50;16;14;1;1;0;1;1;1
1998;50;50;16;14;2;1;0;1;1;1
1998;50;50;16;15;1;1;0;1;1;1
1998;50;50;16;15;2;1;0;1;1;1
1998;50;50;16;16;1;1;0;1;1;1
1998;50;50;16;16;2;1;0;1;1;1
1998;50;50;16;17;1;1;0;1;1;1
1998;50;50;16;17;2;1;0;1;1;1
1998;50;50;16;18;1;1;0;1;1;1
1998;50;50;16;18;2;1;0;1;1;1
1998;50;50;16;19;1;1;0;1;1;1
1998;50;50;16;19;2;1;0;1;1;1
1998;50;50;16;20;1;1;0;1;1;1
1998;50;50;16;20;2;1;0;1;1;1
1998;50;50;16;21;1;1;0;1;1;1
1998;50;50;16;21;2;1;0;1;1;1
1998;50;50;16;22;1;1;0;1;1;1
1998;50;50;16;22;2;1;0;1;1;1
1998;50;50;16;23;1;1;0;1;1;1
1998;50;50;16;23;2;1;0;1;1;1
1998;50;50;16;24;1;1;0;1;1;1
1998;50;50;16;24;2;1;0;1;1;1
1998;53;53;101;1;2;1;0;0;1;1
1998;53;53;102;1;2;1;0;0;1;1
1998;53;53;103;1;2;1;0;0;1;1
1998;53;53;104;1;2;1;0;0;1;1
1998;53;53;105;1;2;1;0;0;1;1
1998;53;53;106;1;2;1;0;0;1;1
1998;53;53;109;1;2;1;0;0;1;1
1998;53;53;110;1;2;1;0;0;1;1
1998;53;53;111;1;2;1;0;0;1;1
1998;53;53;112;1;2;1;0;0;1;1
1998;53;53;113;1;2;1;0;0;1;1
1998;53;53;114;1;2;1;0;0;1;1
1998;53;53;117;1;2;1;0;0;1;1
1998;53;53;118;1;2;1;0;0;1;1
1998;53;53;119;1;2;1;0;0;1;1
1998;53;53;120;1;2;1;0;0;1;1
1998;53;53;122;1;2;1;0;0;1;1
1998;53;53;123;1;2;1;0;0;1;1
1998;53;53;202;1;2;1;0;0;1;1
1998;53;53;203;1;2;1;0;0;1;1
1998;53;53;204;1;2;1;0;0;1;1
1998;53;53;205;1;2;1;0;0;1;1
1998;53;53;206;1;2;1;0;0;1;1
1998;53;53;207;1;2;1;0;0;1;1
1998;53;53;208;1;2;1;0;0;1;1
1998;53;53;210;1;2;1;0;0;1;1
1998;53;53;211;1;2;1;0;0;1;1
1998;53;53;212;1;2;1;0;0;1;1
1998;53;53;213;1;2;1;0;0;1;1
1998;53;53;214;1;2;1;0;0;1;1
1998;53;53;215;1;2;1;0;0;1;1
1998;53;53;302;1;2;1;0;0;1;1
1998;53;53;303;1;2;1;0;0;1;1
1998;53;53;304;1;2;1;0;0;1;1
1998;53;53;305;1;2;1;0;0;1;1
1998;53;53;306;1;2;1;0;0;1;1
1998;53;53;307;1;2;1;0;0;1;1
1998;53;53;309;1;2;1;0;0;1;1
1998;53;53;310;1;2;1;0;0;1;1
1998;53;53;311;1;2;1;0;0;1;1
1998;53;53;312;1;2;1;0;0;1;1
1998;53;53;313;1;2;1;0;0;1;1
1998;53;53;314;1;2;1;0;0;1;1
1998;53;53;315;1;2;1;0;0;1;1
1998;53;53;316;1;2;1;0;0;1;1
1998;53;53;318;1;2;1;0;0;1;1
1998;53;53;319;1;2;1;0;0;1;1
1998;53;53;320;1;2;1;0;0;1;1
1998;53;53;321;1;2;1;0;0;1;1
1998;53;53;323;1;2;1;0;0;1;1
1998;53;53;324;1;2;1;0;0;1;1
1998;53;53;325;1;2;1;0;0;1;1
1998;53;53;401;1;2;1;0;0;1;1
1998;53;53;402;1;2;1;0;0;1;1
1998;53;53;403;1;2;1;0;0;1;1
1998;53;53;405;1;2;1;0;0;1;1
1998;53;53;406;1;2;1;0;0;1;1
1998;53;53;407;1;2;1;0;0;1;1
1998;53;53;410;1;2;1;0;0;1;1
1998;53;53;411;1;2;1;0;0;1;1
1998;53;53;413;1;2;1;0;0;1;1
1998;53;53;415;1;2;1;0;0;1;1
1998;53;53;416;1;2;1;0;0;1;1
1998;53;53;417;1;2;1;0;0;1;1
1998;53;53;418;1;2;1;0;0;1;1
1998;53;53;501;1;2;1;0;0;1;1
1998;53;53;502;1;2;1;0;0;1;1
1998;53;53;504;1;2;1;0;0;1;1
1998;53;53;505;1;2;1;0;0;1;1
1998;53;53;506;1;2;1;0;0;1;1
1998;53;53;507;1;2;1;0;0;1;1
1998;53;53;508;1;2;1;0;0;1;1
1998;53;53;509;1;2;1;0;0;1;1
1998;53;53;512;1;2;1;0;0;1;1
1998;53;53;513;1;2;1;0;0;1;1
1998;53;53;516;1;2;1;0;0;1;1
1998;53;53;601;1;2;1;0;0;1;1
1998;53;53;603;1;2;1;0;0;1;1
1998;53;53;604;1;2;1;0;0;1;1
1998;53;53;605;1;2;1;0;0;1;1
1998;53;53;606;1;2;1;0;0;1;1
1998;53;53;607;1;2;1;0;0;1;1
1998;53;53;608;1;2;1;0;0;1;1
1998;53;53;609;1;2;1;0;0;1;1
1998;53;53;610;1;2;1;0;0;1;1
1998;53;53;611;1;2;1;0;0;1;1
1998;53;53;613;1;2;1;0;0;1;1
1998;53;53;614;1;2;1;0;0;1;1
1998;53;53;615;1;2;1;0;0;1;1
1998;53;53;616;1;2;1;0;0;1;1
1998;53;53;617;1;2;1;0;0;1;1
1998;53;53;618;1;2;1;0;0;1;1
1998;53;53;619;1;2;1;0;0;1;1
1998;53;53;621;1;2;1;0;0;1;1
1998;53;53;622;1;2;1;0;0;1;1
1998;53;53;623;1;2;1;0;0;1;1
1998;53;53;624;1;2;1;0;0;1;1
1998;53;53;625;1;2;1;0;0;1;1
1998;53;53;626;1;2;1;0;0;1;1
1998;53;53;627;1;2;1;0;0;1;1
1998;53;53;701;1;2;1;0;0;1;1
1998;53;53;702;1;2;1;0;0;1;1
1998;53;53;705;1;2;1;0;0;1;1
1998;53;53;706;1;2;1;0;0;1;1
1998;53;53;707;1;2;1;0;0;1;1
1998;53;53;708;1;2;1;0;0;1;1
1998;53;53;801;1;2;1;0;0;1;1
1998;53;53;802;1;2;1;0;0;1;1
1998;53;53;805;1;2;1;0;0;1;1
1998;53;53;806;1;2;1;0;0;1;1
1998;53;53;807;1;2;1;0;0;1;1
1998;53;53;809;1;2;1;0;0;1;1
1998;53;53;810;1;2;1;0;0;1;1
1998;53;53;811;1;2;1;0;0;1;1
1998;53;53;813;1;2;1;0;0;1;1
1998;53;53;814;1;2;1;0;0;1;1
1998;53;53;815;1;2;1;0;0;1;1
1998;53;53;816;1;2;1;0;0;1;1
1998;53;53;817;1;2;1;0;0;1;1
1998;53;53;818;1;2;1;0;0;1;1
1998;53;53;819;1;2;1;0;0;1;1
1998;55;55;1;1998;3;1;0;0;1;1
1998;55;55;3;1998;2;1;0;0;1;1
1998;55;55;4;1998;2;1;0;0;1;1
1998;55;55;6;1998;2;1;0;0;1;1
1998;55;55;8;1998;3;1;0;0;1;1
1998;55;55;16;1998;2;1;0;0;1;1
1998;58;58;2361;-9999;1;0;0;0;1;1
1999;4;3004;301;1;1;1;0;0;1;1
1999;4;3004;304;1;1;1;0;0;1;1
1999;4;3004;305;1;1;1;0;0;1;1
1999;4;3004;306;1;1;1;0;0;1;1
1999;4;3004;306;1;2;1;0;0;1;1
1999;4;3004;307;1;1;1;0;0;1;1
1999;4;3304;701;-9999;53;0;0;0;1;1
1999;4;3304;701;-9999;54;0;0;0;1;1
1999;4;3304;702;-9999;55;0;0;0;1;1
1999;4;3304;702;-9999;56;0;0;0;1;1
1999;4;3304;703;-9999;57;0;0;0;1;1
1999;4;3304;703;-9999;58;0;0;0;1;1
1999;4;3304;704;-9999;59;0;0;0;1;1
1999;4;3304;704;-9999;60;0;0;0;1;1
1999;4;3304;705;-9999;61;0;0;0;1;1
1999;4;3304;705;-9999;62;0;0;0;1;1
1999;4;3304;706;-9999;63;0;0;0;1;1
1999;4;3304;706;-9999;64;0;0;0;1;1
1999;4;3304;707;-9999;65;0;0;0;1;1
1999;4;3304;707;-9999;66;0;0;0;1;1
1999;4;2904;901;-9999;1;0;0;0;1;1
1999;4;2904;906;-9999;2;0;0;0;1;1
1999;4;2904;908;-9999;3;0;0;0;1;1
1999;4;2904;911;-9999;4;0;0;0;1;1
1999;4;2904;913;-9999;5;0;0;0;1;1
1999;4;2904;919;-9999;6;0;0;0;1;1
1999;4;2704;1201;-9999;1;0;0;0;1;1
1999;4;2704;1201;-9999;2;0;0;0;1;1
1999;4;2704;1202;-9999;1;0;0;0;1;1
1999;4;2704;1202;-9999;2;0;0;0;1;1
1999;4;2704;1203;-9999;1;0;0;0;1;1
1999;4;2704;1203;-9999;2;0;0;0;1;1
1999;4;2704;1204;-9999;1;0;0;0;1;1
1999;4;2704;1204;-9999;2;0;0;0;1;1
1999;4;2704;1205;-9999;1;0;0;0;1;1
1999;4;2704;1205;-9999;2;0;0;0;1;1
1999;4;2704;1206;-9999;1;0;0;0;1;1
1999;4;2704;1206;-9999;2;0;0;0;1;1
1999;4;3604;1401;11;1;1;0;0;1;1
1999;4;3604;1402;21;1;1;0;0;1;1
1999;4;3604;1402;26;1;1;0;0;1;1
1999;4;3604;1403;31;1;1;0;0;1;1
1999;4;3604;1403;36;1;1;0;0;1;1
1999;4;3604;1404;41;1;1;0;0;1;1
1999;4;3604;1404;46;1;1;0;0;1;1
1999;4;3604;1405;51;1;1;0;0;1;1
1999;4;3604;1405;56;1;1;0;0;1;1
1999;4;3604;1406;61;1;1;0;0;1;1
1999;5;5;1;-9999;3;0;0;0;1;1
1999;5;5;1;-9999;4;0;0;0;1;1
1999;5;5;2;-9999;3;0;0;0;1;1
1999;5;5;2;-9999;4;0;0;0;1;1
1999;5;5;3;-9999;3;0;0;0;1;1
1999;5;5;3;-9999;4;0;0;0;1;1
1999;5;5;4;-9999;3;0;0;0;1;1
1999;5;5;4;-9999;4;0;0;0;1;1
1999;5;5;5;-9999;3;0;0;0;1;1
1999;5;5;5;-9999;4;0;0;0;1;1
1999;5;5;6;-9999;3;0;0;0;1;1
1999;5;5;6;-9999;4;0;0;0;1;1
1999;5;5;7;-9999;3;0;0;0;1;1
1999;5;5;7;-9999;4;0;0;0;1;1
1999;5;5;8;-9999;3;0;0;0;1;1
1999;5;5;8;-9999;4;0;0;0;1;1
1999;5;5;9;-9999;3;0;0;0;1;1
1999;5;5;9;-9999;4;0;0;0;1;1
1999;5;5;10;-9999;3;0;0;0;1;1
1999;5;5;10;-9999;4;0;0;0;1;1
1999;5;5;11;-9999;3;0;0;0;1;1
1999;5;5;11;-9999;4;0;0;0;1;1
1999;5;5;12;-9999;3;0;0;0;1;1
1999;5;5;12;-9999;4;0;0;0;1;1
1999;5;5;13;-9999;3;0;0;0;1;1
1999;5;5;13;-9999;4;0;0;0;1;1
1999;5;5;14;-9999;3;0;0;0;1;1
1999;5;5;14;-9999;4;0;0;0;1;1
1999;5;5;16;-9999;3;0;0;0;1;1
1999;5;5;16;-9999;4;0;0;0;1;1
1999;5;5;17;-9999;3;0;0;0;1;1
1999;5;5;17;-9999;4;0;0;0;1;1
1999;5;5;18;-9999;3;0;0;0;1;1
1999;5;5;18;-9999;4;0;0;0;1;1
1999;5;5;19;-9999;3;0;0;0;1;1
1999;5;5;19;-9999;4;0;0;0;1;1
1999;5;5;20;-9999;3;0;0;0;1;1
1999;5;5;20;-9999;4;0;0;0;1;1
1999;8;8;11;-9999;1;0;0;0;1;0
1999;8;8;12;-9999;1;0;0;0;1;1
1999;8;8;13;-9999;1;0;0;0;1;1
1999;8;8;14;-9999;1;0;0;0;1;1
1999;8;8;15;-9999;1;0;0;0;1;1
1999;8;8;21;-9999;1;0;0;0;1;1
1999;8;8;22;-9999;1;0;0;0;1;1
1999;8;8;23;-9999;1;0;0;0;1;1
1999;8;8;24;-9999;1;0;0;0;1;1
1999;8;8;25;-9999;1;0;0;0;1;1
1999;8;8;31;-9999;1;0;0;0;1;1
1999;8;8;32;-9999;1;0;0;0;1;1
1999;8;8;33;-9999;1;0;0;0;1;1
1999;8;8;34;-9999;1;0;0;0;1;1
1999;8;8;35;-9999;1;0;0;0;1;1
1999;11;11;1;-9999;1;0;0;0;1;1
1999;11;11;3;-9999;1;0;0;0;1;1
1999;11;11;4;-9999;1;0;0;0;1;1
1999;11;11;5;-9999;1;0;0;0;1;1
1999;11;11;6;-9999;1;0;0;0;1;1
1999;11;11;7;-9999;1;0;0;0;1;1
1999;11;11;10;-9999;1;0;0;0;1;1
1999;11;11;11;-9999;1;0;0;0;1;1
1999;11;11;12;-9999;1;0;0;0;1;1
1999;11;11;13;-9999;1;0;0;0;1;1
1999;11;11;14;-9999;1;0;0;0;1;1
1999;11;11;15;-9999;1;0;0;0;1;1
1999;11;11;16;-9999;1;0;0;0;1;1
1999;11;11;17;-9999;1;0;0;0;1;1
1999;11;11;18;-9999;1;0;0;0;1;1
1999;11;11;19;-9999;1;0;0;0;1;1
1999;11;11;20;-9999;1;0;0;0;1;1
1999;11;11;21;-9999;1;0;0;0;1;1
1999;11;11;22;-9999;1;0;0;0;1;1
1999;11;11;23;-9999;1;0;0;0;1;1
1999;11;11;24;-9999;1;0;0;0;1;1
1999;11;11;25;-9999;1;0;0;0;1;1
1999;11;11;26;-9999;1;0;0;0;1;1
1999;11;11;27;-9999;1;0;0;0;1;1
1999;11;11;28;-9999;1;0;0;0;1;1
1999;11;11;29;-9999;1;0;0;0;1;1
1999;11;11;30;-9999;1;0;0;0;1;1
1999;11;11;31;-9999;1;0;0;0;1;1
1999;11;11;32;-9999;1;0;0;0;1;1
1999;11;11;33;-9999;1;0;0;0;1;1
1999;11;11;34;-9999;1;0;0;0;1;1
1999;11;11;35;-9999;1;0;0;0;1;1
1999;11;11;36;-9999;1;0;0;0;1;1
1999;11;11;37;-9999;1;0;0;0;1;1
1999;11;11;38;-9999;1;0;0;0;1;1
1999;11;11;39;-9999;1;0;0;0;1;1
1999;11;11;40;-9999;1;0;0;0;1;1
1999;11;11;41;-9999;1;0;0;0;1;1
1999;11;11;42;-9999;1;0;0;0;1;1
1999;11;11;43;-9999;1;0;0;0;1;1
1999;11;11;44;-9999;1;0;0;0;1;1
1999;11;11;45;-9999;1;0;0;0;1;1
1999;11;11;46;-9999;1;0;0;0;1;1
1999;11;11;47;-9999;1;0;0;0;1;1
1999;11;11;48;-9999;1;0;0;0;1;1
1999;11;11;49;-9999;1;0;0;0;1;1
1999;11;11;50;-9999;1;0;0;0;1;0
1999;11;11;51;-9999;1;0;0;0;1;1
1999;11;11;52;-9999;1;0;0;0;1;1
1999;11;11;53;-9999;1;0;0;0;1;1
1999;11;11;102;-9999;1;0;0;0;1;1
1999;11;11;108;-9999;1;0;0;0;1;1
1999;11;11;109;-9999;1;0;0;0;1;1
1999;15;15;2;-99;2;0;0;0;1;1
1999;15;15;3;-99;2;0;0;0;1;1
1999;15;15;7;-99;2;0;0;0;1;1
1999;15;15;8;-99;2;0;0;0;1;1
1999;15;15;12;-99;2;0;0;0;1;1
1999;15;15;13;-99;2;0;0;0;1;1
1999;50;50;1;1;1;1;0;1;1;1
1999;50;50;1;2;1;1;0;1;1;1
1999;50;50;1;4;1;1;0;1;1;1
1999;50;50;1;5;1;1;0;1;1;1
1999;50;50;1;6;1;1;0;1;1;1
1999;50;50;1;7;1;1;0;1;1;1
1999;50;50;1;8;1;1;0;1;1;1
1999;50;50;1;9;1;1;0;1;1;1
1999;50;50;1;10;1;1;0;1;1;1
1999;50;50;1;11;1;1;0;1;1;1
1999;50;50;1;12;1;1;0;1;1;1
1999;50;50;1;13;1;1;0;1;1;1
1999;50;50;1;14;1;1;0;1;1;1
1999;50;50;1;15;1;1;0;1;1;1
1999;50;50;1;16;1;1;0;1;1;1
1999;50;50;1;17;1;1;0;1;1;1
1999;50;50;1;18;1;1;0;1;1;1
1999;50;50;1;19;1;1;0;1;1;1
1999;50;50;1;20;1;1;0;1;1;1
1999;50;50;2;1;1;1;0;1;1;1
1999;50;50;2;2;1;1;0;1;1;1
1999;50;50;2;4;1;1;0;1;1;1
1999;50;50;2;5;1;1;0;1;1;1
1999;50;50;2;6;1;1;0;1;1;1
1999;50;50;2;7;1;1;0;1;1;1
1999;50;50;2;8;1;1;0;1;1;1
1999;50;50;2;9;1;1;0;1;1;1
1999;50;50;2;10;1;1;0;1;1;1
1999;50;50;2;11;1;1;0;1;1;1
1999;50;50;2;12;1;1;0;1;1;1
1999;50;50;2;13;1;1;0;1;1;1
1999;50;50;2;14;1;1;0;1;1;1
1999;50;50;2;15;1;1;0;1;1;1
1999;50;50;2;16;1;1;0;1;1;1
1999;50;50;2;17;1;1;0;1;1;1
1999;50;50;2;18;1;1;0;1;1;1
1999;50;50;2;19;1;1;0;1;1;1
1999;50;50;2;20;1;1;0;1;1;1
1999;50;50;3;1;1;1;0;1;1;1
1999;50;50;3;2;1;1;0;1;1;1
1999;50;50;3;4;1;1;0;1;1;1
1999;50;50;3;5;1;1;0;1;1;1
1999;50;50;3;6;1;1;0;1;1;1
1999;50;50;3;7;1;1;0;1;1;1
1999;50;50;3;8;1;1;0;1;1;1
1999;50;50;3;9;1;1;0;1;1;1
1999;50;50;3;10;1;1;0;1;1;1
1999;50;50;3;11;1;1;0;1;1;1
1999;50;50;3;12;1;1;0;1;1;1
1999;50;50;3;13;1;1;0;1;1;1
1999;50;50;3;14;1;1;0;1;1;1
1999;50;50;3;15;1;1;0;1;1;1
1999;50;50;3;16;1;1;0;1;1;1
1999;50;50;3;17;1;1;0;1;1;1
1999;50;50;3;18;1;1;0;1;1;1
1999;50;50;3;19;1;1;0;1;1;1
1999;50;50;3;20;1;1;0;1;1;1
1999;50;50;4;1;1;1;0;1;1;1
1999;50;50;4;2;1;1;0;1;1;1
1999;50;50;4;4;1;1;0;1;1;1
1999;50;50;4;5;1;1;0;1;1;1
1999;50;50;4;6;1;1;0;1;1;1
1999;50;50;4;7;1;1;0;1;1;1
1999;50;50;4;8;1;1;0;1;1;1
1999;50;50;4;9;1;1;0;1;1;1
1999;50;50;4;10;1;1;0;1;1;1
1999;50;50;4;11;1;1;0;1;1;1
1999;50;50;4;12;1;1;0;1;1;1
1999;50;50;4;13;1;1;0;1;1;1
1999;50;50;4;14;1;1;0;1;1;1
1999;50;50;4;15;1;1;0;1;1;1
1999;50;50;4;16;1;1;0;1;1;1
1999;50;50;4;17;1;1;0;1;1;1
1999;50;50;4;18;1;1;0;1;1;1
1999;50;50;4;19;1;1;0;1;1;1
1999;50;50;4;20;1;1;0;1;1;1
1999;50;50;5;1;1;1;0;1;1;1
1999;50;50;5;2;1;1;0;1;1;1
1999;50;50;5;4;1;1;0;1;1;1
1999;50;50;5;5;1;1;0;1;1;1
1999;50;50;5;6;1;1;0;1;1;1
1999;50;50;5;7;1;1;0;1;1;1
1999;50;50;5;8;1;1;0;1;1;1
1999;50;50;5;9;1;1;0;1;1;1
1999;50;50;5;10;1;1;0;1;1;1
1999;50;50;5;11;1;1;0;1;1;1
1999;50;50;5;12;1;1;0;1;1;1
1999;50;50;5;13;1;1;0;1;1;1
1999;50;50;5;14;1;1;0;1;1;1
1999;50;50;5;15;1;1;0;1;1;1
1999;50;50;5;16;1;1;0;1;1;1
1999;50;50;5;17;1;1;0;1;1;1
1999;50;50;5;18;1;1;0;1;1;1
1999;50;50;5;19;1;1;0;1;1;1
1999;50;50;5;20;1;1;0;1;1;1
1999;50;50;6;1;1;1;0;1;1;1
1999;50;50;6;2;1;1;0;1;1;1
1999;50;50;6;4;1;1;0;1;1;1
1999;50;50;6;5;1;1;0;1;1;1
1999;50;50;6;6;1;1;0;1;1;1
1999;50;50;6;7;1;1;0;1;1;1
1999;50;50;6;8;1;1;0;1;1;1
1999;50;50;6;9;1;1;0;1;1;1
1999;50;50;6;10;1;1;0;1;1;1
1999;50;50;6;11;1;1;0;1;1;1
1999;50;50;6;12;1;1;0;1;1;1
1999;50;50;6;13;1;1;0;1;1;1
1999;50;50;6;14;1;1;0;1;1;1
1999;50;50;6;15;1;1;0;1;1;1
1999;50;50;6;16;1;1;0;1;1;1
1999;50;50;6;17;1;1;0;1;1;1
1999;50;50;6;18;1;1;0;1;1;1
1999;50;50;6;19;1;1;0;1;1;1
1999;50;50;6;20;1;1;0;1;1;1
1999;50;50;7;1;1;1;0;1;1;1
1999;50;50;7;1;2;1;0;1;1;1
1999;50;50;7;2;1;1;0;1;1;1
1999;50;50;7;2;2;1;0;1;1;1
1999;50;50;7;4;1;1;0;1;1;1
1999;50;50;7;4;2;1;0;1;1;1
1999;50;50;7;5;1;1;0;1;1;1
1999;50;50;7;5;2;1;0;1;1;1
1999;50;50;7;6;1;1;0;1;1;1
1999;50;50;7;6;2;1;0;1;1;1
1999;50;50;7;8;1;1;0;1;1;1
1999;50;50;7;8;2;1;0;1;1;1
1999;50;50;7;9;1;1;0;1;1;1
1999;50;50;7;9;2;1;0;1;1;1
1999;50;50;7;10;1;1;0;1;1;1
1999;50;50;7;10;2;1;0;1;1;1
1999;50;50;7;11;1;1;0;1;1;1
1999;50;50;7;11;2;1;0;1;1;1
1999;50;50;7;12;1;1;0;1;1;1
1999;50;50;7;12;2;1;0;1;1;1
1999;50;50;7;13;1;1;0;1;1;1
1999;50;50;7;13;2;1;0;1;1;1
1999;50;50;7;14;1;1;0;1;1;1
1999;50;50;7;14;2;1;0;1;1;1
1999;50;50;7;15;1;1;0;1;1;1
1999;50;50;7;15;2;1;0;1;1;1
1999;50;50;7;16;1;1;0;1;1;1
1999;50;50;7;16;2;1;0;1;1;1
1999;50;50;7;17;1;1;0;1;1;1
1999;50;50;7;17;2;1;0;1;1;1
1999;50;50;7;18;1;1;0;1;1;1
1999;50;50;7;18;2;1;0;1;1;1
1999;50;50;7;19;1;1;0;1;1;1
1999;50;50;7;19;2;1;0;1;1;1
1999;50;50;7;20;1;1;0;1;1;1
1999;50;50;7;20;2;1;0;1;1;1
1999;50;50;7;21;1;1;0;1;1;1
1999;50;50;7;21;2;1;0;1;1;1
1999;50;50;7;22;1;1;0;1;1;1
1999;50;50;7;22;2;1;0;1;1;1
1999;50;50;7;23;1;1;0;1;1;1
1999;50;50;7;23;2;1;0;1;1;1
1999;50;50;7;24;1;1;0;1;1;1
1999;50;50;7;24;2;1;0;1;1;1
1999;50;50;8;1;1;1;0;1;1;1
1999;50;50;8;2;1;1;0;1;1;1
1999;50;50;8;4;1;1;0;1;1;1
1999;50;50;8;5;1;1;0;1;1;1
1999;50;50;8;6;1;1;0;1;1;1
1999;50;50;8;8;1;1;0;1;1;1
1999;50;50;8;9;1;1;0;1;1;1
1999;50;50;8;10;1;1;0;1;1;1
1999;50;50;8;11;1;1;0;1;1;1
1999;50;50;8;12;1;1;0;1;1;1
1999;50;50;8;13;1;1;0;1;1;1
1999;50;50;8;14;1;1;0;1;1;1
1999;50;50;8;15;1;1;0;1;1;1
1999;50;50;8;16;1;1;0;1;1;1
1999;50;50;8;17;1;1;0;1;1;1
1999;50;50;8;18;1;1;0;1;1;1
1999;50;50;8;19;1;1;0;1;1;1
1999;50;50;8;20;1;1;0;1;1;1
1999;50;50;8;21;1;1;0;1;1;1
1999;50;50;8;22;1;1;0;1;1;1
1999;50;50;8;23;1;1;0;1;1;1
1999;50;50;8;24;1;1;0;1;1;1
1999;50;50;9;1;1;1;0;1;1;1
1999;50;50;9;2;1;1;0;1;1;1
1999;50;50;9;4;1;1;0;1;1;1
1999;50;50;9;5;1;1;0;1;1;1
1999;50;50;9;6;1;1;0;1;1;1
1999;50;50;9;7;1;1;0;1;1;1
1999;50;50;9;8;1;1;0;1;1;1
1999;50;50;9;9;1;1;0;1;1;1
1999;50;50;9;10;1;1;0;1;1;1
1999;50;50;9;11;1;1;0;1;1;1
1999;50;50;9;12;1;1;0;1;1;1
1999;50;50;9;13;1;1;0;1;1;1
1999;50;50;9;14;1;1;0;1;1;1
1999;50;50;9;15;1;1;0;1;1;1
1999;50;50;9;16;1;1;0;1;1;1
1999;50;50;9;17;1;1;0;1;1;1
1999;50;50;9;18;1;1;0;1;1;1
1999;50;50;9;19;1;1;0;1;1;1
1999;50;50;9;20;1;1;0;1;1;1
1999;50;50;10;1;1;1;0;1;1;1
1999;50;50;10;2;1;1;0;1;1;1
1999;50;50;10;4;1;1;0;1;1;1
1999;50;50;10;5;1;1;0;1;1;1
1999;50;50;10;6;1;1;0;1;1;1
1999;50;50;10;7;1;1;0;1;1;1
1999;50;50;10;8;1;1;0;1;1;1
1999;50;50;10;9;1;1;0;1;1;1
1999;50;50;10;10;1;1;0;1;1;1
1999;50;50;10;11;1;1;0;1;1;1
1999;50;50;10;12;1;1;0;1;1;1
1999;50;50;10;13;1;1;0;1;1;1
1999;50;50;10;14;1;1;0;1;1;1
1999;50;50;10;15;1;1;0;1;1;1
1999;50;50;10;16;1;1;0;1;1;1
1999;50;50;10;17;1;1;0;1;1;1
1999;50;50;10;18;1;1;0;1;1;1
1999;50;50;10;19;1;1;0;1;1;1
1999;50;50;10;20;1;1;0;1;1;1
1999;50;50;11;1;1;1;0;1;1;1
1999;50;50;11;2;1;1;0;1;1;1
1999;50;50;11;4;1;1;0;1;1;1
1999;50;50;11;5;1;1;0;1;1;1
1999;50;50;11;6;1;1;0;1;1;1
1999;50;50;11;7;1;1;0;1;1;1
1999;50;50;11;8;1;1;0;1;1;1
1999;50;50;11;9;1;1;0;1;1;1
1999;50;50;11;10;1;1;0;1;1;1
1999;50;50;11;11;1;1;0;1;1;1
1999;50;50;11;12;1;1;0;1;1;1
1999;50;50;11;13;1;1;0;1;1;1
1999;50;50;11;14;1;1;0;1;1;1
1999;50;50;11;15;1;1;0;1;1;1
1999;50;50;11;16;1;1;0;1;1;1
1999;50;50;11;17;1;1;0;1;1;1
1999;50;50;11;18;1;1;0;1;1;1
1999;50;50;11;19;1;1;0;1;1;1
1999;50;50;11;20;1;1;0;1;1;1
1999;50;50;12;1;1;1;0;1;1;1
1999;50;50;12;2;1;1;0;1;1;1
1999;50;50;12;4;1;1;0;1;1;1
1999;50;50;12;5;1;1;0;1;1;1
1999;50;50;12;6;1;1;0;1;1;1
1999;50;50;12;7;1;1;0;1;1;1
1999;50;50;12;8;1;1;0;1;1;1
1999;50;50;12;9;1;1;0;1;1;1
1999;50;50;12;10;1;1;0;1;1;1
1999;50;50;12;11;1;1;0;1;1;1
1999;50;50;12;12;1;1;0;1;1;1
1999;50;50;12;13;1;1;0;1;1;1
1999;50;50;12;14;1;1;0;1;1;1
1999;50;50;12;15;1;1;0;1;1;1
1999;50;50;12;16;1;1;0;1;1;1
1999;50;50;12;17;1;1;0;1;1;1
1999;50;50;12;18;1;1;0;1;1;1
1999;50;50;12;19;1;1;0;1;1;1
1999;50;50;12;20;1;1;0;1;1;1
1999;50;50;13;1;1;1;0;1;1;1
1999;50;50;13;2;1;1;0;1;1;1
1999;50;50;13;4;1;1;0;1;1;1
1999;50;50;13;5;1;1;0;1;1;1
1999;50;50;13;6;1;1;0;1;1;1
1999;50;50;13;8;1;1;0;1;1;1
1999;50;50;13;9;1;1;0;1;1;1
1999;50;50;13;10;1;1;0;1;1;1
1999;50;50;13;11;1;1;0;1;1;1
1999;50;50;13;12;1;1;0;1;1;1
1999;50;50;13;13;1;1;0;1;1;1
1999;50;50;13;14;1;1;0;1;1;1
1999;50;50;13;15;1;1;0;1;1;1
1999;50;50;13;16;1;1;0;1;1;1
1999;50;50;13;17;1;1;0;1;1;1
1999;50;50;13;18;1;1;0;1;1;1
1999;50;50;13;19;1;1;0;1;1;1
1999;50;50;13;20;1;1;0;1;1;1
1999;50;50;13;21;1;1;0;1;1;1
1999;50;50;13;22;1;1;0;1;1;1
1999;50;50;13;23;1;1;0;1;1;1
1999;50;50;13;24;1;1;0;1;1;1
1999;50;50;14;1;1;1;0;1;1;1
1999;50;50;14;2;1;1;0;1;1;1
1999;50;50;14;4;1;1;0;1;1;1
1999;50;50;14;5;1;1;0;1;1;1
1999;50;50;14;6;1;1;0;1;1;1
1999;50;50;14;7;1;1;0;1;1;1
1999;50;50;14;8;1;1;0;1;1;1
1999;50;50;14;9;1;1;0;1;1;1
1999;50;50;14;10;1;1;0;1;1;1
1999;50;50;14;11;1;1;0;1;1;1
1999;50;50;14;12;1;1;0;1;1;1
1999;50;50;14;13;1;1;0;1;1;1
1999;50;50;14;14;1;1;0;1;1;1
1999;50;50;14;15;1;1;0;1;1;1
1999;50;50;14;16;1;1;0;1;1;1
1999;50;50;14;17;1;1;0;1;1;1
1999;50;50;14;18;1;1;0;1;1;1
1999;50;50;14;19;1;1;0;1;1;1
1999;50;50;14;20;1;1;0;1;1;1
1999;50;50;15;1;1;1;0;1;1;1
1999;50;50;15;2;1;1;0;1;1;1
1999;50;50;15;4;1;1;0;1;1;1
1999;50;50;15;5;1;1;0;1;1;1
1999;50;50;15;6;1;1;0;1;1;1
1999;50;50;15;7;1;1;0;1;1;1
1999;50;50;15;8;1;1;0;1;1;1
1999;50;50;15;9;1;1;0;1;1;1
1999;50;50;15;10;1;1;0;1;1;1
1999;50;50;15;11;1;1;0;1;1;1
1999;50;50;15;12;1;1;0;1;1;1
1999;50;50;15;13;1;1;0;1;1;1
1999;50;50;15;14;1;1;0;1;1;1
1999;50;50;15;15;1;1;0;1;1;1
1999;50;50;15;16;1;1;0;1;1;1
1999;50;50;15;17;1;1;0;1;1;1
1999;50;50;15;18;1;1;0;1;1;1
1999;50;50;15;19;1;1;0;1;1;1
1999;50;50;15;20;1;1;0;1;1;1
1999;50;50;16;1;1;1;0;1;1;1
1999;50;50;16;1;2;1;0;1;1;1
1999;50;50;16;2;1;1;0;1;1;1
1999;50;50;16;2;2;1;0;1;1;1
1999;50;50;16;4;1;1;0;1;1;1
1999;50;50;16;4;2;1;0;1;1;1
1999;50;50;16;5;1;1;0;1;1;1
1999;50;50;16;5;2;1;0;1;1;1
1999;50;50;16;6;1;1;0;1;1;1
1999;50;50;16;6;2;1;0;1;1;1
1999;50;50;16;8;1;1;0;1;1;1
1999;50;50;16;8;2;1;0;1;1;1
1999;50;50;16;9;1;1;0;1;1;1
1999;50;50;16;9;2;1;0;1;1;1
1999;50;50;16;10;1;1;0;1;1;1
1999;50;50;16;10;2;1;0;1;1;1
1999;50;50;16;11;1;1;0;1;1;1
1999;50;50;16;11;2;1;0;1;1;1
1999;50;50;16;12;1;1;0;1;1;1
1999;50;50;16;12;2;1;0;1;1;1
1999;50;50;16;13;1;1;0;1;1;1
1999;50;50;16;13;2;1;0;1;1;1
1999;50;50;16;14;1;1;0;1;1;1
1999;50;50;16;14;2;1;0;1;1;1
1999;50;50;16;15;1;1;0;1;1;1
1999;50;50;16;15;2;1;0;1;1;1
1999;50;50;16;16;1;1;0;1;1;1
1999;50;50;16;16;2;1;0;1;1;1
1999;50;50;16;17;1;1;0;1;1;1
1999;50;50;16;17;2;1;0;1;1;1
1999;50;50;16;18;1;1;0;1;1;1
1999;50;50;16;18;2;1;0;1;1;1
1999;50;50;16;19;1;1;0;1;1;1
1999;50;50;16;19;2;1;0;1;1;1
1999;50;50;16;20;1;1;0;1;1;1
1999;50;50;16;20;2;1;0;1;1;1
1999;50;50;16;21;1;1;0;1;1;1
1999;50;50;16;21;2;1;0;1;1;1
1999;50;50;16;22;1;1;0;1;1;1
1999;50;50;16;22;2;1;0;1;1;1
1999;50;50;16;23;1;1;0;1;1;1
1999;50;50;16;23;2;1;0;1;1;1
1999;50;50;16;24;1;1;0;1;1;1
1999;50;50;16;24;2;1;0;1;1;1
1999;53;53;107;1;1;1;0;0;1;1
1999;53;53;107;1;2;1;0;0;1;1
1999;53;53;108;1;1;1;0;0;1;1
1999;53;53;108;1;2;1;0;0;1;1
1999;53;53;115;1;1;1;0;0;1;1
1999;53;53;115;1;2;1;0;0;1;1
1999;53;53;116;1;1;1;0;0;1;1
1999;53;53;116;1;2;1;0;0;1;1
1999;53;53;121;1;1;1;0;0;1;1
1999;53;53;121;1;2;1;0;0;1;1
1999;53;53;201;1;1;1;0;0;1;1
1999;53;53;201;1;2;1;0;0;1;1
1999;53;53;209;1;1;1;0;0;1;1
1999;53;53;209;1;2;1;0;0;1;1
1999;53;53;301;1;1;1;0;0;1;1
1999;53;53;301;1;2;1;0;0;1;1
1999;53;53;317;1;1;1;0;0;1;1
1999;53;53;317;1;2;1;0;0;1;1
1999;53;53;322;1;1;1;0;0;1;1
1999;53;53;322;1;2;1;0;0;1;1
1999;53;53;326;1;1;1;0;0;1;1
1999;53;53;326;1;2;1;0;0;1;1
1999;53;53;412;1;1;1;0;0;1;1
1999;53;53;412;1;2;1;0;0;1;1
1999;53;53;414;1;1;1;0;0;1;1
1999;53;53;414;1;2;1;0;0;1;1
1999;53;53;503;1;1;1;0;0;1;1
1999;53;53;503;1;2;1;0;0;1;1
1999;53;53;510;1;1;1;0;0;1;1
1999;53;53;510;1;2;1;0;0;1;1
1999;53;53;511;1;1;1;0;0;1;1
1999;53;53;511;1;2;1;0;0;1;1
1999;53;53;514;1;2;1;0;0;1;1
1999;53;53;515;1;1;1;0;0;1;1
1999;53;53;515;1;2;1;0;0;1;1
1999;53;53;602;1;1;1;0;0;1;1
1999;53;53;602;1;2;1;0;0;1;1
1999;53;53;612;1;1;1;0;0;1;1
1999;53;53;612;1;2;1;0;0;1;1
1999;53;53;620;1;1;1;0;0;1;1
1999;53;53;620;1;2;1;0;0;1;1
1999;53;53;703;1;1;1;0;0;1;1
1999;53;53;703;1;2;1;0;0;1;1
1999;53;53;704;1;1;1;0;0;1;1
1999;53;53;704;1;2;1;0;0;1;1
1999;53;53;803;1;1;1;0;0;1;1
1999;53;53;803;1;2;1;0;0;1;1
1999;53;53;804;1;1;1;0;0;1;1
1999;53;53;804;1;2;1;0;0;1;1
1999;53;53;808;1;1;1;0;0;1;1
1999;53;53;808;1;2;1;0;0;1;1
1999;53;53;812;1;1;1;0;0;1;1
1999;53;53;812;1;2;1;0;0;1;1
1999;54;54;201;-9999;1;1;0;0;1;1
1999;54;54;201;-9999;2;1;0;0;1;1
1999;54;54;203;-9999;1;1;0;0;1;1
1999;54;54;204;-9999;1;1;0;0;1;1
1999;54;54;204;-9999;2;1;0;0;1;1
1999;54;54;205;-9999;1;1;0;0;1;1
1999;54;54;205;-9999;2;1;0;0;1;1
1999;54;54;206;-9999;1;1;0;0;1;1
1999;54;54;206;-9999;2;1;0;0;1;1
1999;54;54;207;-9999;1;1;0;0;1;1
1999;54;54;208;-9999;1;1;0;0;1;1
1999;54;54;208;-9999;2;1;0;0;1;1
1999;55;55;2;1999;3;1;0;0;1;1
1999;55;55;7;1999;2;1;0;0;1;1
1999;55;55;9;1999;2;1;0;0;1;1
1999;55;55;10;1999;2;1;0;0;1;1
1999;55;55;15;1999;2;1;0;0;1;1
1999;55;55;18;1999;4;1;0;0;1;1
1999;55;55;19;1999;1;1;0;0;1;1
1999;58;58;2171;-9999;1;0;0;0;1;1
1999;64;64;3;-9999;1;0;0;0;1;1
1999;64;64;4;-9999;1;0;0;0;1;1
2000;1;1;1;1;1;1;0;0;1;1
2000;1;1;1;1;2;1;0;0;1;1
2000;1;1;1;2;1;1;0;0;1;1
2000;1;1;1;2;2;1;0;0;1;1
2000;1;1;1;3;1;1;0;0;1;1
2000;1;1;1;3;2;1;0;0;1;1
2000;1;1;1;4;1;1;0;0;1;1
2000;1;1;1;4;2;1;0;0;1;1
2000;1;1;1;5;1;1;0;0;1;1
2000;1;1;1;5;2;1;0;0;1;1
2000;1;1;1;6;1;1;0;0;1;1
2000;1;1;1;6;2;1;0;0;1;1
2000;1;1;1;7;1;1;0;0;1;1
2000;1;1;1;7;2;1;0;0;1;1
2000;1;1;1;8;1;1;0;0;1;1
2000;1;1;1;8;2;1;0;0;1;1
2000;1;1;2;1;1;1;0;0;1;1
2000;1;1;2;1;2;1;0;0;1;1
2000;1;1;2;2;1;1;0;0;1;1
2000;1;1;2;2;2;1;0;0;1;1
2000;1;1;2;3;1;1;0;0;1;1
2000;1;1;2;3;2;1;0;0;1;1
2000;1;1;2;4;1;1;0;0;1;1
2000;1;1;2;4;2;1;0;0;1;1
2000;1;1;2;5;1;1;0;0;1;1
2000;1;1;2;5;2;1;0;0;1;1
2000;1;1;2;6;1;1;0;0;1;1
2000;1;1;2;6;2;1;0;0;1;1
2000;1;1;2;7;1;1;0;0;1;1
2000;1;1;2;7;2;1;0;0;1;1
2000;1;1;2;8;1;1;0;0;1;1
2000;1;1;2;8;2;1;0;0;1;1
2000;1;1;3;1;1;1;0;0;1;1
2000;1;1;3;1;2;1;0;0;1;1
2000;1;1;3;2;1;1;0;0;1;1
2000;1;1;3;2;2;1;0;0;1;1
2000;1;1;3;3;1;1;0;0;1;1
2000;1;1;3;3;2;1;0;0;1;1
2000;1;1;3;4;1;1;0;0;1;1
2000;1;1;3;4;2;1;0;0;1;1
2000;1;1;3;5;1;1;0;0;1;1
2000;1;1;3;5;2;1;0;0;1;1
2000;1;1;3;6;1;1;0;0;1;1
2000;1;1;3;6;2;1;0;0;1;1
2000;1;1;3;7;1;1;0;0;1;1
2000;1;1;3;7;2;1;0;0;1;1
2000;1;1;3;8;1;1;0;0;1;1
2000;1;1;3;8;2;1;0;0;1;1
2000;1;1;4;1;1;1;0;0;1;1
2000;1;1;4;1;2;1;0;0;1;1
2000;1;1;4;1;6;1;0;0;1;1
2000;1;1;4;2;1;1;0;0;1;1
2000;1;1;4;2;2;1;0;0;1;1
2000;1;1;4;2;6;1;0;0;1;1
2000;1;1;4;3;1;1;0;0;1;1
2000;1;1;4;3;2;1;0;0;1;1
2000;1;1;4;3;6;1;0;0;1;1
2000;1;1;4;4;1;1;0;0;1;1
2000;1;1;4;4;2;1;0;0;1;1
2000;1;1;4;4;6;1;0;0;1;1
2000;1;1;4;5;1;1;0;0;1;1
2000;1;1;4;5;2;1;0;0;1;1
2000;1;1;4;5;6;1;0;0;1;1
2000;1;1;4;6;1;1;0;0;1;1
2000;1;1;4;6;2;1;0;0;1;1
2000;1;1;4;6;6;1;0;0;1;1
2000;1;1;4;7;1;1;0;0;1;1
2000;1;1;4;7;2;1;0;0;1;1
2000;1;1;4;7;6;1;0;0;1;1
2000;1;1;4;8;1;1;0;0;1;1
2000;1;1;4;8;2;1;0;0;1;1
2000;1;1;4;8;6;1;0;0;1;1
2000;1;1;5;1;1;1;0;0;1;1
2000;1;1;5;1;2;1;0;0;1;1
2000;1;1;5;2;1;1;0;0;1;1
2000;1;1;5;2;2;1;0;0;1;1
2000;1;1;5;3;1;1;0;0;1;1
2000;1;1;5;3;2;1;0;0;1;1
2000;1;1;5;4;1;1;0;0;1;1
2000;1;1;5;4;2;1;0;0;1;1
2000;1;1;5;5;1;1;0;0;1;1
2000;1;1;5;5;2;1;0;0;1;1
2000;1;1;5;6;1;1;0;0;1;1
2000;1;1;5;6;2;1;0;0;1;1
2000;1;1;5;7;1;1;0;0;1;1
2000;1;1;5;7;2;1;0;0;1;1
2000;1;1;5;8;1;1;0;0;1;1
2000;1;1;5;8;2;1;0;0;1;1
2000;1;1;6;1;1;1;0;0;1;1
2000;1;1;6;1;2;1;0;0;1;1
2000;1;1;6;1;6;1;0;0;1;1
2000;1;1;6;2;1;1;0;0;1;1
2000;1;1;6;2;2;1;0;0;1;1
2000;1;1;6;2;6;1;0;0;1;1
2000;1;1;6;3;1;1;0;0;1;1
2000;1;1;6;3;2;1;0;0;1;1
2000;1;1;6;3;6;1;0;0;1;1
2000;1;1;6;4;1;1;0;0;1;1
2000;1;1;6;4;2;1;0;0;1;1
2000;1;1;6;4;6;1;0;0;1;1
2000;1;1;6;5;1;1;0;0;1;1
2000;1;1;6;5;2;1;0;0;1;1
2000;1;1;6;5;6;1;0;0;1;1
2000;1;1;6;6;1;1;0;0;1;1
2000;1;1;6;6;2;1;0;0;1;1
2000;1;1;6;6;6;1;0;0;1;1
2000;1;1;6;7;1;1;0;0;1;1
2000;1;1;6;7;2;1;0;0;1;1
2000;1;1;6;7;6;1;0;0;1;1
2000;1;1;6;8;1;1;0;0;1;1
2000;1;1;6;8;2;1;0;0;1;1
2000;1;1;6;8;6;1;0;0;1;1
2000;1;1;7;1;1;1;0;0;1;1
2000;1;1;7;1;2;1;0;0;1;1
2000;1;1;7;2;1;1;0;0;1;1
2000;1;1;7;2;2;1;0;0;1;1
2000;1;1;7;3;1;1;0;0;1;1
2000;1;1;7;3;2;1;0;0;1;1
2000;1;1;7;4;1;1;0;0;1;1
2000;1;1;7;4;2;1;0;0;1;1
2000;1;1;7;5;1;1;0;0;1;1
2000;1;1;7;5;2;1;0;0;1;1
2000;1;1;7;6;1;1;0;0;1;1
2000;1;1;7;6;2;1;0;0;1;1
2000;1;1;7;7;1;1;0;0;1;1
2000;1;1;7;7;2;1;0;0;1;1
2000;1;1;7;8;1;1;0;0;1;1
2000;1;1;7;8;2;1;0;0;1;1
2000;1;1;8;1;1;1;0;0;1;1
2000;1;1;8;1;2;1;0;0;1;1
2000;1;1;8;2;1;1;0;0;1;1
2000;1;1;8;2;2;1;0;0;1;1
2000;1;1;8;3;1;1;0;0;1;1
2000;1;1;8;3;2;1;0;0;1;1
2000;1;1;8;4;1;1;0;0;1;1
2000;1;1;8;4;2;1;0;0;1;1
2000;1;1;8;5;1;1;0;0;1;1
2000;1;1;8;5;2;1;0;0;1;1
2000;1;1;8;6;1;1;0;0;1;1
2000;1;1;8;6;2;1;0;0;1;1
2000;1;1;8;7;1;1;0;0;1;1
2000;1;1;8;7;2;1;0;0;1;1
2000;1;1;8;8;1;1;0;0;1;1
2000;1;1;8;8;2;1;0;0;1;1
2000;1;1;9;1;1;1;0;0;1;1
2000;1;1;9;1;2;1;0;0;1;1
2000;1;1;9;2;1;1;0;0;1;1
2000;1;1;9;2;2;1;0;0;1;1
2000;1;1;9;3;1;1;0;0;1;1
2000;1;1;9;3;2;1;0;0;1;1
2000;1;1;9;4;1;1;0;0;1;1
2000;1;1;9;4;2;1;0;0;1;1
2000;1;1;9;5;1;1;0;0;1;1
2000;1;1;9;5;2;1;0;0;1;1
2000;1;1;9;6;1;1;0;0;1;1
2000;1;1;9;6;2;1;0;0;1;1
2000;1;1;9;7;1;1;0;0;1;1
2000;1;1;9;7;2;1;0;0;1;1
2000;1;1;9;8;1;1;0;0;1;1
2000;1;1;9;8;2;1;0;0;1;1
2000;1;1;10;1;1;1;0;0;1;1
2000;1;1;10;1;2;1;0;0;1;1
2000;1;1;10;1;6;1;0;0;1;1
2000;1;1;10;2;1;1;0;0;1;1
2000;1;1;10;2;2;1;0;0;1;1
2000;1;1;10;2;6;1;0;0;1;1
2000;1;1;10;3;1;1;0;0;1;1
2000;1;1;10;3;2;1;0;0;1;1
2000;1;1;10;3;6;1;0;0;1;1
2000;1;1;10;4;1;1;0;0;1;1
2000;1;1;10;4;2;1;0;0;1;1
2000;1;1;10;4;6;1;0;0;1;1
2000;1;1;10;5;1;1;0;0;1;1
2000;1;1;10;5;2;1;0;0;1;1
2000;1;1;10;5;6;1;0;0;1;1
2000;1;1;10;6;1;1;0;0;1;1
2000;1;1;10;6;2;1;0;0;1;1
2000;1;1;10;6;6;1;0;0;1;1
2000;1;1;10;7;1;1;0;0;1;1
2000;1;1;10;7;2;1;0;0;1;1
2000;1;1;10;7;6;1;0;0;1;1
2000;1;1;10;8;1;1;0;0;1;1
2000;1;1;10;8;2;1;0;0;1;1
2000;1;1;10;8;6;1;0;0;1;1
2000;1;1;11;1;1;1;0;0;1;1
2000;1;1;11;1;2;1;0;0;1;1
2000;1;1;11;2;1;1;0;0;1;1
2000;1;1;11;2;2;1;0;0;1;1
2000;1;1;11;3;1;1;0;0;1;1
2000;1;1;11;3;2;1;0;0;1;1
2000;1;1;11;4;1;1;0;0;1;1
2000;1;1;11;4;2;1;0;0;1;1
2000;1;1;11;5;1;1;0;0;1;1
2000;1;1;11;5;2;1;0;0;1;1
2000;1;1;11;6;1;1;0;0;1;1
2000;1;1;11;6;2;1;0;0;1;1
2000;1;1;11;7;1;1;0;0;1;1
2000;1;1;11;7;2;1;0;0;1;1
2000;1;1;11;8;1;1;0;0;1;1
2000;1;1;11;8;2;1;0;0;1;1
2000;1;1;12;1;1;1;0;0;1;1
2000;1;1;12;1;2;1;0;0;1;1
2000;1;1;12;2;1;1;0;0;1;1
2000;1;1;12;2;2;1;0;0;1;1
2000;1;1;12;3;1;1;0;0;1;1
2000;1;1;12;3;2;1;0;0;1;1
2000;1;1;12;4;1;1;0;0;1;1
2000;1;1;12;4;2;1;0;0;1;1
2000;1;1;12;5;1;1;0;0;1;1
2000;1;1;12;5;2;1;0;0;1;1
2000;1;1;12;6;1;1;0;0;1;1
2000;1;1;12;6;2;1;0;0;1;1
2000;1;1;12;7;1;1;0;0;1;1
2000;1;1;12;7;2;1;0;0;1;1
2000;1;1;12;8;1;1;0;0;1;1
2000;1;1;12;8;2;1;0;0;1;1
2000;1;1;13;1;1;1;0;0;1;1
2000;1;1;13;1;2;1;0;0;1;1
2000;1;1;13;1;6;1;0;0;1;1
2000;1;1;13;2;1;1;0;0;1;1
2000;1;1;13;2;2;1;0;0;1;1
2000;1;1;13;2;6;1;0;0;1;1
2000;1;1;13;3;1;1;0;0;1;1
2000;1;1;13;3;2;1;0;0;1;1
2000;1;1;13;3;6;1;0;0;1;1
2000;1;1;13;4;1;1;0;0;1;1
2000;1;1;13;4;2;1;0;0;1;1
2000;1;1;13;4;6;1;0;0;1;1
2000;1;1;13;5;1;1;0;0;1;1
2000;1;1;13;5;2;1;0;0;1;1
2000;1;1;13;5;6;1;0;0;1;1
2000;1;1;13;6;1;1;0;0;1;1
2000;1;1;13;6;2;1;0;0;1;1
2000;1;1;13;6;6;1;0;0;1;1
2000;1;1;13;7;1;1;0;0;1;1
2000;1;1;13;7;2;1;0;0;1;1
2000;1;1;13;7;6;1;0;0;1;1
2000;1;1;13;8;1;1;0;0;1;1
2000;1;1;13;8;2;1;0;0;1;1
2000;1;1;13;8;6;1;0;0;1;1
2000;1;1;14;1;1;1;0;0;1;1
2000;1;1;14;1;2;1;0;0;1;1
2000;1;1;14;2;1;1;0;0;1;1
2000;1;1;14;2;2;1;0;0;1;1
2000;1;1;14;3;1;1;0;0;1;1
2000;1;1;14;3;2;1;0;0;1;1
2000;1;1;14;4;1;1;0;0;1;1
2000;1;1;14;4;2;1;0;0;1;1
2000;1;1;14;5;1;1;0;0;1;1
2000;1;1;14;5;2;1;0;0;1;1
2000;1;1;14;6;1;1;0;0;1;1
2000;1;1;14;6;2;1;0;0;1;1
2000;1;1;14;7;1;1;0;0;1;1
2000;1;1;14;7;2;1;0;0;1;1
2000;1;1;14;8;1;1;0;0;1;1
2000;1;1;14;8;2;1;0;0;1;1
2000;1;1;15;1;1;1;0;0;1;1
2000;1;1;15;1;2;1;0;0;1;1
2000;1;1;15;2;1;1;0;0;1;1
2000;1;1;15;2;2;1;0;0;1;1
2000;1;1;15;3;1;1;0;0;1;1
2000;1;1;15;3;2;1;0;0;1;1
2000;1;1;15;4;1;1;0;0;1;1
2000;1;1;15;4;2;1;0;0;1;1
2000;1;1;15;5;1;1;0;0;1;1
2000;1;1;15;5;2;1;0;0;1;1
2000;1;1;15;6;1;1;0;0;1;1
2000;1;1;15;6;2;1;0;0;1;1
2000;1;1;15;7;1;1;0;0;1;1
2000;1;1;15;7;2;1;0;0;1;1
2000;1;1;15;8;1;1;0;0;1;1
2000;1;1;15;8;2;1;0;0;1;1
2000;1;1;16;1;1;1;0;0;1;1
2000;1;1;16;1;2;1;0;0;1;1
2000;1;1;16;2;1;1;0;0;1;1
2000;1;1;16;2;2;1;0;0;1;1
2000;1;1;16;3;1;1;0;0;1;1
2000;1;1;16;3;2;1;0;0;1;1
2000;1;1;16;4;1;1;0;0;1;1
2000;1;1;16;4;2;1;0;0;1;1
2000;1;1;16;5;1;1;0;0;1;1
2000;1;1;16;5;2;1;0;0;1;1
2000;1;1;16;6;1;1;0;0;1;1
2000;1;1;16;6;2;1;0;0;1;1
2000;1;1;16;7;1;1;0;0;1;1
2000;1;1;16;7;2;1;0;0;1;1
2000;1;1;16;8;1;1;0;0;1;1
2000;1;1;16;8;2;1;0;0;1;1
2000;1;1;17;1;1;1;0;0;1;1
2000;1;1;17;1;2;1;0;0;1;1
2000;1;1;17;2;1;1;0;0;1;1
2000;1;1;17;2;2;1;0;0;1;1
2000;1;1;17;3;1;1;0;0;1;1
2000;1;1;17;3;2;1;0;0;1;1
2000;1;1;17;4;1;1;0;0;1;1
2000;1;1;17;4;2;1;0;0;1;1
2000;1;1;17;5;1;1;0;0;1;1
2000;1;1;17;5;2;1;0;0;1;1
2000;1;1;17;6;1;1;0;0;1;1
2000;1;1;17;6;2;1;0;0;1;1
2000;1;1;17;7;1;1;0;0;1;1
2000;1;1;17;7;2;1;0;0;1;1
2000;1;1;17;8;1;1;0;0;1;1
2000;1;1;17;8;2;1;0;0;1;1
2000;1;1;19;1;1;1;0;0;1;1
2000;1;1;19;1;2;1;0;0;1;1
2000;1;1;19;1;6;1;0;0;1;1
2000;1;1;19;2;1;1;0;0;1;1
2000;1;1;19;2;2;1;0;0;1;1
2000;1;1;19;2;6;1;0;0;1;1
2000;1;1;19;3;1;1;0;0;1;1
2000;1;1;19;3;2;1;0;0;1;1
2000;1;1;19;3;6;1;0;0;1;1
2000;1;1;19;4;1;1;0;0;1;1
2000;1;1;19;4;2;1;0;0;1;1
2000;1;1;19;4;6;1;0;0;1;1
2000;1;1;19;5;1;1;0;0;1;1
2000;1;1;19;5;2;1;0;0;1;1
2000;1;1;19;5;6;1;0;0;1;1
2000;1;1;19;6;1;1;0;0;1;1
2000;1;1;19;6;2;1;0;0;1;1
2000;1;1;19;6;6;1;0;0;1;1
2000;1;1;19;7;1;1;0;0;1;1
2000;1;1;19;7;2;1;0;0;1;1
2000;1;1;19;7;6;1;0;0;1;1
2000;1;1;19;8;1;1;0;0;1;1
2000;1;1;19;8;2;1;0;0;1;1
2000;1;1;19;8;6;1;0;0;1;1
2000;1;1;20;1;1;1;0;0;1;1
2000;1;1;20;1;2;1;0;0;1;1
2000;1;1;20;2;1;1;0;0;1;1
2000;1;1;20;2;2;1;0;0;1;1
2000;1;1;20;3;1;1;0;0;1;1
2000;1;1;20;3;2;1;0;0;1;1
2000;1;1;20;4;1;1;0;0;1;1
2000;1;1;20;4;2;1;0;0;1;1
2000;1;1;20;5;1;1;0;0;1;1
2000;1;1;20;5;2;1;0;0;1;1
2000;1;1;20;6;1;1;0;0;1;1
2000;1;1;20;6;2;1;0;0;1;1
2000;1;1;20;7;1;1;0;0;1;1
2000;1;1;20;7;2;1;0;0;1;1
2000;1;1;20;8;1;1;0;0;1;1
2000;1;1;20;8;2;1;0;0;1;1
2000;1;1;21;1;1;1;0;0;1;1
2000;1;1;21;1;2;1;0;0;1;1
2000;1;1;21;2;1;1;0;0;1;1
2000;1;1;21;2;2;1;0;0;1;1
2000;1;1;21;3;1;1;0;0;1;1
2000;1;1;21;3;2;1;0;0;1;1
2000;1;1;21;4;1;1;0;0;1;1
2000;1;1;21;4;2;1;0;0;1;1
2000;1;1;21;5;1;1;0;0;1;1
2000;1;1;21;5;2;1;0;0;1;1
2000;1;1;21;6;1;1;0;0;1;1
2000;1;1;21;6;2;1;0;0;1;1
2000;1;1;21;7;1;1;0;0;1;1
2000;1;1;21;7;2;1;0;0;1;1
2000;1;1;21;8;1;1;0;0;1;1
2000;1;1;21;8;2;1;0;0;1;1
2000;1;1;22;1;1;1;0;0;1;1
2000;1;1;22;1;2;1;0;0;1;1
2000;1;1;22;2;1;1;0;0;1;1
2000;1;1;22;2;2;1;0;0;1;1
2000;1;1;22;3;1;1;0;0;1;1
2000;1;1;22;3;2;1;0;0;1;1
2000;1;1;22;4;1;1;0;0;1;1
2000;1;1;22;4;2;1;0;0;1;1
2000;1;1;22;5;1;1;0;0;1;1
2000;1;1;22;5;2;1;0;0;1;1
2000;1;1;22;6;1;1;0;0;1;1
2000;1;1;22;6;2;1;0;0;1;1
2000;1;1;22;7;1;1;0;0;1;1
2000;1;1;22;7;2;1;0;0;1;1
2000;1;1;22;8;1;1;0;0;1;1
2000;1;1;22;8;2;1;0;0;1;1
2000;1;1;23;1;1;1;0;0;1;1
2000;1;1;23;1;2;1;0;0;1;1
2000;1;1;23;1;6;1;0;0;1;1
2000;1;1;23;2;1;1;0;0;1;1
2000;1;1;23;2;2;1;0;0;1;1
2000;1;1;23;2;6;1;0;0;1;1
2000;1;1;23;3;1;1;0;0;1;1
2000;1;1;23;3;2;1;0;0;1;1
2000;1;1;23;3;6;1;0;0;1;1
2000;1;1;23;4;1;1;0;0;1;1
2000;1;1;23;4;2;1;0;0;1;1
2000;1;1;23;4;6;1;0;0;1;1
2000;1;1;23;5;1;1;0;0;1;1
2000;1;1;23;5;2;1;0;0;1;1
2000;1;1;23;5;6;1;0;0;1;1
2000;1;1;23;6;1;1;0;0;1;1
2000;1;1;23;6;2;1;0;0;1;1
2000;1;1;23;6;6;1;0;0;1;1
2000;1;1;23;7;1;1;0;0;1;1
2000;1;1;23;7;2;1;0;0;1;1
2000;1;1;23;7;6;1;0;0;1;1
2000;1;1;23;8;1;1;0;0;1;1
2000;1;1;23;8;2;1;0;0;1;1
2000;1;1;23;8;6;1;0;0;1;1
2000;1;1;24;1;1;1;0;0;1;1
2000;1;1;24;1;2;1;0;0;1;1
2000;1;1;24;2;1;1;0;0;1;1
2000;1;1;24;2;2;1;0;0;1;1
2000;1;1;24;3;1;1;0;0;1;1
2000;1;1;24;3;2;1;0;0;1;1
2000;1;1;24;4;1;1;0;0;1;1
2000;1;1;24;4;2;1;0;0;1;1
2000;1;1;24;5;1;1;0;0;1;1
2000;1;1;24;5;2;1;0;0;1;1
2000;1;1;24;6;1;1;0;0;1;1
2000;1;1;24;6;2;1;0;0;1;1
2000;1;1;24;7;1;1;0;0;1;1
2000;1;1;24;7;2;1;0;0;1;1
2000;1;1;24;8;1;1;0;0;1;1
2000;1;1;24;8;2;1;0;0;1;1
2000;1;1;25;1;1;1;0;0;1;1
2000;1;1;25;1;2;1;0;0;1;1
2000;1;1;25;2;1;1;0;0;1;1
2000;1;1;25;2;2;1;0;0;1;1
2000;1;1;25;3;1;1;0;0;1;1
2000;1;1;25;3;2;1;0;0;1;1
2000;1;1;25;4;1;1;0;0;1;1
2000;1;1;25;4;2;1;0;0;1;1
2000;1;1;25;5;1;1;0;0;1;1
2000;1;1;25;5;2;1;0;0;1;1
2000;1;1;25;6;1;1;0;0;1;1
2000;1;1;25;6;2;1;0;0;1;1
2000;1;1;25;7;1;1;0;0;1;1
2000;1;1;25;7;2;1;0;0;1;1
2000;1;1;25;8;1;1;0;0;1;1
2000;1;1;25;8;2;1;0;0;1;1
2000;1;1;26;1;1;1;0;0;1;1
2000;1;1;26;1;2;1;0;0;1;1
2000;1;1;26;2;1;1;0;0;1;1
2000;1;1;26;2;2;1;0;0;1;1
2000;1;1;26;3;1;1;0;0;1;1
2000;1;1;26;3;2;1;0;0;1;1
2000;1;1;26;4;1;1;0;0;1;1
2000;1;1;26;4;2;1;0;0;1;1
2000;1;1;26;5;1;1;0;0;1;1
2000;1;1;26;5;2;1;0;0;1;1
2000;1;1;26;6;1;1;0;0;1;1
2000;1;1;26;6;2;1;0;0;1;1
2000;1;1;26;7;1;1;0;0;1;1
2000;1;1;26;7;2;1;0;0;1;1
2000;1;1;26;8;1;1;0;0;1;1
2000;1;1;26;8;2;1;0;0;1;1
2000;1;1;27;1;1;1;0;0;1;1
2000;1;1;27;1;2;1;0;0;1;1
2000;1;1;27;2;1;1;0;0;1;1
2000;1;1;27;2;2;1;0;0;1;1
2000;1;1;27;3;1;1;0;0;1;1
2000;1;1;27;3;2;1;0;0;1;1
2000;1;1;27;4;1;1;0;0;1;1
2000;1;1;27;4;2;1;0;0;1;1
2000;1;1;27;5;1;1;0;0;1;1
2000;1;1;27;5;2;1;0;0;1;1
2000;1;1;27;6;1;1;0;0;1;1
2000;1;1;27;6;2;1;0;0;1;1
2000;1;1;27;7;1;1;0;0;1;1
2000;1;1;27;7;2;1;0;0;1;1
2000;1;1;27;8;1;1;0;0;1;1
2000;1;1;27;8;2;1;0;0;1;1
2000;1;1;28;1;1;1;0;0;1;1
2000;1;1;28;1;2;1;0;0;1;1
2000;1;1;28;2;1;1;0;0;1;1
2000;1;1;28;2;2;1;0;0;1;1
2000;1;1;28;3;1;1;0;0;1;1
2000;1;1;28;3;2;1;0;0;1;1
2000;1;1;28;4;1;1;0;0;1;1
2000;1;1;28;4;2;1;0;0;1;1
2000;1;1;28;5;1;1;0;0;1;1
2000;1;1;28;5;2;1;0;0;1;1
2000;1;1;28;6;1;1;0;0;1;1
2000;1;1;28;6;2;1;0;0;1;1
2000;1;1;28;7;1;1;0;0;1;1
2000;1;1;28;7;2;1;0;0;1;1
2000;1;1;28;8;1;1;0;0;1;1
2000;1;1;28;8;2;1;0;0;1;1
2000;1;1;29;1;1;1;0;0;1;1
2000;1;1;29;1;2;1;0;0;1;1
2000;1;1;29;2;1;1;0;0;1;1
2000;1;1;29;2;2;1;0;0;1;1
2000;1;1;29;3;1;1;0;0;1;1
2000;1;1;29;3;2;1;0;0;1;1
2000;1;1;29;4;1;1;0;0;1;1
2000;1;1;29;4;2;1;0;0;1;1
2000;1;1;29;5;1;1;0;0;1;1
2000;1;1;29;5;2;1;0;0;1;1
2000;1;1;29;6;1;1;0;0;1;1
2000;1;1;29;6;2;1;0;0;1;1
2000;1;1;29;7;1;1;0;0;1;1
2000;1;1;29;7;2;1;0;0;1;1
2000;1;1;29;8;1;1;0;0;1;1
2000;1;1;29;8;2;1;0;0;1;1
2000;1;1;30;1;1;1;0;0;1;1
2000;1;1;30;1;2;1;0;0;1;1
2000;1;1;30;2;1;1;0;0;1;1
2000;1;1;30;2;2;1;0;0;1;1
2000;1;1;30;3;1;1;0;0;1;1
2000;1;1;30;3;2;1;0;0;1;1
2000;1;1;30;4;1;1;0;0;1;1
2000;1;1;30;4;2;1;0;0;1;1
2000;1;1;30;5;1;1;0;0;1;1
2000;1;1;30;5;2;1;0;0;1;1
2000;1;1;30;6;1;1;0;0;1;1
2000;1;1;30;6;2;1;0;0;1;1
2000;1;1;30;7;1;1;0;0;1;1
2000;1;1;30;7;2;1;0;0;1;1
2000;1;1;30;8;1;1;0;0;1;1
2000;1;1;30;8;2;1;0;0;1;1
2000;1;1;31;1;1;1;0;0;1;1
2000;1;1;31;1;2;1;0;0;1;1
2000;1;1;31;2;1;1;0;0;1;1
2000;1;1;31;2;2;1;0;0;1;1
2000;1;1;31;3;1;1;0;0;1;0
2000;1;1;31;3;2;1;0;0;1;0
2000;1;1;31;4;1;1;0;0;1;1
2000;1;1;31;4;2;1;0;0;1;1
2000;1;1;31;5;1;1;0;0;1;1
2000;1;1;31;5;2;1;0;0;1;1
2000;1;1;31;6;1;1;0;0;1;1
2000;1;1;31;6;2;1;0;0;1;1
2000;1;1;31;7;1;1;0;0;1;1
2000;1;1;31;7;2;1;0;0;1;1
2000;1;1;31;8;1;1;0;0;1;1
2000;1;1;31;8;2;1;0;0;1;1
2000;1;1;32;1;1;1;0;0;1;1
2000;1;1;32;1;2;1;0;0;1;1
2000;1;1;32;2;1;1;0;0;1;1
2000;1;1;32;2;2;1;0;0;1;1
2000;1;1;32;3;1;1;0;0;1;1
2000;1;1;32;3;2;1;0;0;1;1
2000;1;1;32;4;1;1;0;0;1;1
2000;1;1;32;4;2;1;0;0;1;1
2000;1;1;32;5;1;1;0;0;1;1
2000;1;1;32;5;2;1;0;0;1;1
2000;1;1;32;6;1;1;0;0;1;1
2000;1;1;32;6;2;1;0;0;1;1
2000;1;1;32;7;1;1;0;0;1;1
2000;1;1;32;7;2;1;0;0;1;1
2000;1;1;32;8;1;1;0;0;1;1
2000;1;1;32;8;2;1;0;0;1;1
2000;1;1;33;1;1;1;0;0;1;1
2000;1;1;33;1;2;1;0;0;1;1
2000;1;1;33;2;1;1;0;0;1;1
2000;1;1;33;2;2;1;0;0;1;1
2000;1;1;33;3;1;1;0;0;1;1
2000;1;1;33;3;2;1;0;0;1;1
2000;1;1;33;4;1;1;0;0;1;1
2000;1;1;33;4;2;1;0;0;1;1
2000;1;1;33;5;1;1;0;0;1;1
2000;1;1;33;5;2;1;0;0;1;1
2000;1;1;33;6;1;1;0;0;1;1
2000;1;1;33;6;2;1;0;0;1;1
2000;1;1;33;7;1;1;0;0;1;1
2000;1;1;33;7;2;1;0;0;1;1
2000;1;1;33;8;1;1;0;0;1;1
2000;1;1;33;8;2;1;0;0;1;1
2000;1;1;34;1;1;1;0;0;1;1
2000;1;1;34;1;2;1;0;0;1;1
2000;1;1;34;2;1;1;0;0;1;1
2000;1;1;34;2;2;1;0;0;1;1
2000;1;1;34;3;1;1;0;0;1;1
2000;1;1;34;3;2;1;0;0;1;1
2000;1;1;34;4;1;1;0;0;1;1
2000;1;1;34;4;2;1;0;0;1;1
2000;1;1;34;5;1;1;0;0;1;1
2000;1;1;34;5;2;1;0;0;1;1
2000;1;1;34;6;1;1;0;0;1;1
2000;1;1;34;6;2;1;0;0;1;1
2000;1;1;34;7;1;1;0;0;1;1
2000;1;1;34;7;2;1;0;0;1;1
2000;1;1;34;8;1;1;0;0;1;1
2000;1;1;34;8;2;1;0;0;1;1
2000;1;1;36;1;1;1;0;0;1;1
2000;1;1;36;1;2;1;0;0;1;1
2000;1;1;36;2;1;1;0;0;1;1
2000;1;1;36;2;2;1;0;0;1;1
2000;1;1;36;3;1;1;0;0;1;1
2000;1;1;36;3;2;1;0;0;1;1
2000;1;1;36;4;1;1;0;0;1;1
2000;1;1;36;4;2;1;0;0;1;1
2000;1;1;36;5;1;1;0;0;1;1
2000;1;1;36;5;2;1;0;0;1;1
2000;1;1;36;6;1;1;0;0;1;1
2000;1;1;36;6;2;1;0;0;1;1
2000;1;1;36;7;1;1;0;0;1;1
2000;1;1;36;7;2;1;0;0;1;1
2000;1;1;36;8;1;1;0;0;1;1
2000;1;1;36;8;2;1;0;0;1;1
2000;1;1;37;1;1;1;0;0;1;1
2000;1;1;37;1;2;1;0;0;1;1
2000;1;1;37;2;1;1;0;0;1;1
2000;1;1;37;2;2;1;0;0;1;1
2000;1;1;37;3;1;1;0;0;1;1
2000;1;1;37;3;2;1;0;0;1;1
2000;1;1;37;4;1;1;0;0;1;1
2000;1;1;37;4;2;1;0;0;1;1
2000;1;1;37;5;1;1;0;0;1;1
2000;1;1;37;5;2;1;0;0;1;1
2000;1;1;37;6;1;1;0;0;1;1
2000;1;1;37;6;2;1;0;0;1;1
2000;1;1;37;7;1;1;0;0;1;1
2000;1;1;37;7;2;1;0;0;1;1
2000;1;1;37;8;1;1;0;0;1;1
2000;1;1;37;8;2;1;0;0;1;1
2000;1;1;38;1;1;1;0;0;1;1
2000;1;1;38;1;2;1;0;0;1;1
2000;1;1;38;2;1;1;0;0;1;1
2000;1;1;38;2;2;1;0;0;1;1
2000;1;1;38;3;1;1;0;0;1;1
2000;1;1;38;3;2;1;0;0;1;1
2000;1;1;38;4;1;1;0;0;1;1
2000;1;1;38;4;2;1;0;0;1;1
2000;1;1;38;5;1;1;0;0;1;1
2000;1;1;38;5;2;1;0;0;1;1
2000;1;1;38;6;1;1;0;0;1;1
2000;1;1;38;6;2;1;0;0;1;1
2000;1;1;38;7;1;1;0;0;1;1
2000;1;1;38;7;2;1;0;0;1;1
2000;1;1;38;8;1;1;0;0;1;1
2000;1;1;38;8;2;1;0;0;1;1
2000;1;1;39;1;1;1;0;0;1;1
2000;1;1;39;1;2;1;0;0;1;1
2000;1;1;39;2;1;1;0;0;1;1
2000;1;1;39;2;2;1;0;0;1;1
2000;1;1;39;3;1;1;0;0;1;1
2000;1;1;39;3;2;1;0;0;1;1
2000;1;1;39;4;1;1;0;0;1;1
2000;1;1;39;4;2;1;0;0;1;1
2000;1;1;39;5;1;1;0;0;1;1
2000;1;1;39;5;2;1;0;0;1;1
2000;1;1;39;6;1;1;0;0;1;1
2000;1;1;39;6;2;1;0;0;1;1
2000;1;1;39;7;1;1;0;0;1;1
2000;1;1;39;7;2;1;0;0;1;1
2000;1;1;39;8;1;1;0;0;1;1
2000;1;1;39;8;2;1;0;0;1;1
2000;1;1;40;1;1;1;0;0;1;1
2000;1;1;40;1;2;1;0;0;1;1
2000;1;1;40;1;6;1;0;0;1;1
2000;1;1;40;2;1;1;0;0;1;1
2000;1;1;40;2;2;1;0;0;1;1
2000;1;1;40;2;6;1;0;0;1;1
2000;1;1;40;3;1;1;0;0;1;1
2000;1;1;40;3;2;1;0;0;1;1
2000;1;1;40;3;6;1;0;0;1;1
2000;1;1;40;4;1;1;0;0;1;1
2000;1;1;40;4;2;1;0;0;1;1
2000;1;1;40;4;6;1;0;0;1;1
2000;1;1;40;5;1;1;0;0;1;1
2000;1;1;40;5;2;1;0;0;1;1
2000;1;1;40;5;6;1;0;0;1;1
2000;1;1;40;6;1;1;0;0;1;1
2000;1;1;40;6;2;1;0;0;1;1
2000;1;1;40;6;6;1;0;0;1;1
2000;1;1;40;7;1;1;0;0;1;1
2000;1;1;40;7;2;1;0;0;1;1
2000;1;1;40;7;6;1;0;0;1;1
2000;1;1;40;8;1;1;0;0;1;1
2000;1;1;40;8;2;1;0;0;1;1
2000;1;1;40;8;6;1;0;0;1;1
2000;1;1;41;1;1;1;0;0;1;1
2000;1;1;41;1;2;1;0;0;1;1
2000;1;1;41;2;1;1;0;0;1;1
2000;1;1;41;2;2;1;0;0;1;1
2000;1;1;41;3;1;1;0;0;1;1
2000;1;1;41;3;2;1;0;0;1;1
2000;1;1;41;4;1;1;0;0;1;1
2000;1;1;41;4;2;1;0;0;1;1
2000;1;1;41;5;1;1;0;0;1;1
2000;1;1;41;5;2;1;0;0;1;1
2000;1;1;41;6;1;1;0;0;1;1
2000;1;1;41;6;2;1;0;0;1;1
2000;1;1;41;7;1;1;0;0;1;1
2000;1;1;41;7;2;1;0;0;1;1
2000;1;1;41;8;1;1;0;0;1;1
2000;1;1;41;8;2;1;0;0;1;1
2000;1;1;42;1;1;1;0;0;1;1
2000;1;1;42;1;2;1;0;0;1;1
2000;1;1;42;2;1;1;0;0;1;1
2000;1;1;42;2;2;1;0;0;1;1
2000;1;1;42;3;1;1;0;0;1;1
2000;1;1;42;3;2;1;0;0;1;1
2000;1;1;42;4;1;1;0;0;1;1
2000;1;1;42;4;2;1;0;0;1;1
2000;1;1;42;5;1;1;0;0;1;1
2000;1;1;42;5;2;1;0;0;1;1
2000;1;1;42;6;1;1;0;0;1;1
2000;1;1;42;6;2;1;0;0;1;1
2000;1;1;42;7;1;1;0;0;1;1
2000;1;1;42;7;2;1;0;0;1;1
2000;1;1;42;8;1;1;0;0;1;1
2000;1;1;42;8;2;1;0;0;1;1
2000;1;1;43;1;1;1;0;0;1;1
2000;1;1;43;1;2;1;0;0;1;1
2000;1;1;43;2;1;1;0;0;1;1
2000;1;1;43;2;2;1;0;0;1;1
2000;1;1;43;3;1;1;0;0;1;1
2000;1;1;43;3;2;1;0;0;1;1
2000;1;1;43;4;1;1;0;0;1;1
2000;1;1;43;4;2;1;0;0;1;1
2000;1;1;43;5;1;1;0;0;1;1
2000;1;1;43;5;2;1;0;0;1;1
2000;1;1;43;6;1;1;0;0;1;1
2000;1;1;43;6;2;1;0;0;1;1
2000;1;1;43;7;1;1;0;0;1;1
2000;1;1;43;7;2;1;0;0;1;1
2000;1;1;43;8;1;1;0;0;1;1
2000;1;1;43;8;2;1;0;0;1;1
2000;1;1;44;1;1;1;0;0;1;1
2000;1;1;44;1;2;1;0;0;1;1
2000;1;1;44;2;1;1;0;0;1;1
2000;1;1;44;2;2;1;0;0;1;1
2000;1;1;44;3;1;1;0;0;1;1
2000;1;1;44;3;2;1;0;0;1;1
2000;1;1;44;4;1;1;0;0;1;1
2000;1;1;44;4;2;1;0;0;1;1
2000;1;1;44;5;1;1;0;0;1;1
2000;1;1;44;5;2;1;0;0;1;1
2000;1;1;44;6;1;1;0;0;1;1
2000;1;1;44;6;2;1;0;0;1;1
2000;1;1;44;7;1;1;0;0;1;1
2000;1;1;44;7;2;1;0;0;1;1
2000;1;1;44;8;1;1;0;0;1;1
2000;1;1;44;8;2;1;0;0;1;1
2000;1;1;45;1;1;1;0;0;1;1
2000;1;1;45;1;2;1;0;0;1;1
2000;1;1;45;2;1;1;0;0;1;1
2000;1;1;45;2;2;1;0;0;1;1
2000;1;1;45;3;1;1;0;0;1;1
2000;1;1;45;3;2;1;0;0;1;1
2000;1;1;45;4;1;1;0;0;1;1
2000;1;1;45;4;2;1;0;0;1;1
2000;1;1;45;5;1;1;0;0;1;1
2000;1;1;45;5;2;1;0;0;1;1
2000;1;1;45;6;1;1;0;0;1;1
2000;1;1;45;6;2;1;0;0;1;1
2000;1;1;45;7;1;1;0;0;1;1
2000;1;1;45;7;2;1;0;0;1;1
2000;1;1;45;8;1;1;0;0;1;1
2000;1;1;45;8;2;1;0;0;1;1
2000;1;1;46;1;1;1;0;0;1;1
2000;1;1;46;1;2;1;0;0;1;1
2000;1;1;46;2;1;1;0;0;1;1
2000;1;1;46;2;2;1;0;0;1;1
2000;1;1;46;3;1;1;0;0;1;1
2000;1;1;46;3;2;1;0;0;1;1
2000;1;1;46;4;1;1;0;0;1;1
2000;1;1;46;4;2;1;0;0;1;1
2000;1;1;46;5;1;1;0;0;1;0
2000;1;1;46;5;2;1;0;0;1;0
2000;1;1;46;6;1;1;0;0;1;1
2000;1;1;46;6;2;1;0;0;1;1
2000;1;1;46;7;1;1;0;0;1;1
2000;1;1;46;7;2;1;0;0;1;1
2000;1;1;46;8;1;1;0;0;1;0
2000;1;1;46;8;2;1;0;0;1;0
2000;1;1;48;1;1;1;0;0;1;1
2000;1;1;48;1;2;1;0;0;1;1
2000;1;1;48;2;1;1;0;0;1;1
2000;1;1;48;2;2;1;0;0;1;1
2000;1;1;48;3;1;1;0;0;1;1
2000;1;1;48;3;2;1;0;0;1;1
2000;1;1;48;4;1;1;0;0;1;1
2000;1;1;48;4;2;1;0;0;1;1
2000;1;1;48;5;1;1;0;0;1;1
2000;1;1;48;5;2;1;0;0;1;1
2000;1;1;48;6;1;1;0;0;1;1
2000;1;1;48;6;2;1;0;0;1;1
2000;1;1;48;7;1;1;0;0;1;1
2000;1;1;48;7;2;1;0;0;1;1
2000;1;1;48;8;1;1;0;0;1;1
2000;1;1;48;8;2;1;0;0;1;1
2000;1;1;50;1;1;1;0;0;1;1
2000;1;1;50;1;2;1;0;0;1;1
2000;1;1;50;2;1;1;0;0;1;1
2000;1;1;50;2;2;1;0;0;1;1
2000;1;1;50;3;1;1;0;0;1;1
2000;1;1;50;3;2;1;0;0;1;1
2000;1;1;50;4;1;1;0;0;1;1
2000;1;1;50;4;2;1;0;0;1;1
2000;1;1;50;5;1;1;0;0;1;1
2000;1;1;50;5;2;1;0;0;1;1
2000;1;1;50;6;1;1;0;0;1;1
2000;1;1;50;6;2;1;0;0;1;1
2000;1;1;50;7;1;1;0;0;1;1
2000;1;1;50;7;2;1;0;0;1;1
2000;1;1;50;8;1;1;0;0;1;1
2000;1;1;50;8;2;1;0;0;1;1
2000;1;1;51;1;1;1;0;0;1;1
2000;1;1;51;1;2;1;0;0;1;1
2000;1;1;51;2;1;1;0;0;1;1
2000;1;1;51;2;2;1;0;0;1;1
2000;1;1;51;3;1;1;0;0;1;1
2000;1;1;51;3;2;1;0;0;1;1
2000;1;1;51;4;1;1;0;0;1;1
2000;1;1;51;4;2;1;0;0;1;1
2000;1;1;51;5;1;1;0;0;1;1
2000;1;1;51;5;2;1;0;0;1;1
2000;1;1;51;6;1;1;0;0;1;1
2000;1;1;51;6;2;1;0;0;1;1
2000;1;1;51;7;1;1;0;0;1;1
2000;1;1;51;7;2;1;0;0;1;1
2000;1;1;51;8;1;1;0;0;1;1
2000;1;1;51;8;2;1;0;0;1;1
2000;1;1;52;1;1;1;0;0;1;1
2000;1;1;52;1;2;1;0;0;1;1
2000;1;1;52;2;1;1;0;0;1;1
2000;1;1;52;2;2;1;0;0;1;1
2000;1;1;52;3;1;1;0;0;1;1
2000;1;1;52;3;2;1;0;0;1;1
2000;1;1;52;4;1;1;0;0;1;1
2000;1;1;52;4;2;1;0;0;1;1
2000;1;1;52;5;1;1;0;0;1;1
2000;1;1;52;5;2;1;0;0;1;1
2000;1;1;52;6;1;1;0;0;1;1
2000;1;1;52;6;2;1;0;0;1;1
2000;1;1;52;7;1;1;0;0;1;1
2000;1;1;52;7;2;1;0;0;1;1
2000;1;1;52;8;1;1;0;0;1;1
2000;1;1;52;8;2;1;0;0;1;1
2000;1;1;54;1;1;1;0;0;1;1
2000;1;1;54;1;2;1;0;0;1;1
2000;1;1;54;2;1;1;0;0;1;1
2000;1;1;54;2;2;1;0;0;1;1
2000;1;1;54;3;1;1;0;0;1;1
2000;1;1;54;3;2;1;0;0;1;1
2000;1;1;54;4;1;1;0;0;1;1
2000;1;1;54;4;2;1;0;0;1;1
2000;1;1;54;5;1;1;0;0;1;1
2000;1;1;54;5;2;1;0;0;1;1
2000;1;1;54;6;1;1;0;0;1;1
2000;1;1;54;6;2;1;0;0;1;1
2000;1;1;54;7;1;1;0;0;1;1
2000;1;1;54;7;2;1;0;0;1;1
2000;1;1;54;8;1;1;0;0;1;1
2000;1;1;54;8;2;1;0;0;1;1
2000;1;1;55;1;1;1;0;0;1;1
2000;1;1;55;1;2;1;0;0;1;1
2000;1;1;55;2;1;1;0;0;1;1
2000;1;1;55;2;2;1;0;0;1;1
2000;1;1;55;3;1;1;0;0;1;1
2000;1;1;55;3;2;1;0;0;1;1
2000;1;1;55;4;1;1;0;0;1;1
2000;1;1;55;4;2;1;0;0;1;1
2000;1;1;55;5;1;1;0;0;1;1
2000;1;1;55;5;2;1;0;0;1;1
2000;1;1;55;6;1;1;0;0;1;1
2000;1;1;55;6;2;1;0;0;1;1
2000;1;1;55;7;1;1;0;0;1;1
2000;1;1;55;7;2;1;0;0;1;1
2000;1;1;55;8;1;1;0;0;1;1
2000;1;1;55;8;2;1;0;0;1;1
2000;1;1;56;1;1;1;0;0;1;1
2000;1;1;56;1;2;1;0;0;1;1
2000;1;1;56;2;1;1;0;0;1;1
2000;1;1;56;2;2;1;0;0;1;1
2000;1;1;56;3;1;1;0;0;1;1
2000;1;1;56;3;2;1;0;0;1;1
2000;1;1;56;4;1;1;0;0;1;1
2000;1;1;56;4;2;1;0;0;1;1
2000;1;1;56;5;1;1;0;0;1;1
2000;1;1;56;5;2;1;0;0;1;1
2000;1;1;56;6;1;1;0;0;1;1
2000;1;1;56;6;2;1;0;0;1;1
2000;1;1;56;7;1;1;0;0;1;1
2000;1;1;56;7;2;1;0;0;1;1
2000;1;1;56;8;1;1;0;0;1;1
2000;1;1;56;8;2;1;0;0;1;1
2000;1;1;57;1;1;1;0;0;1;1
2000;1;1;57;1;2;1;0;0;1;1
2000;1;1;57;2;1;1;0;0;1;1
2000;1;1;57;2;2;1;0;0;1;1
2000;1;1;57;3;1;1;0;0;1;1
2000;1;1;57;3;2;1;0;0;1;1
2000;1;1;57;4;1;1;0;0;1;1
2000;1;1;57;4;2;1;0;0;1;1
2000;1;1;57;5;1;1;0;0;1;1
2000;1;1;57;5;2;1;0;0;1;1
2000;1;1;57;6;1;1;0;0;1;1
2000;1;1;57;6;2;1;0;0;1;1
2000;1;1;57;7;1;1;0;0;1;1
2000;1;1;57;7;2;1;0;0;1;1
2000;1;1;57;8;1;1;0;0;1;1
2000;1;1;57;8;2;1;0;0;1;1
2000;1;1;61;1;1;1;0;0;1;1
2000;1;1;61;1;2;1;0;0;1;1
2000;1;1;61;2;1;1;0;0;1;1
2000;1;1;61;2;2;1;0;0;1;1
2000;1;1;61;3;1;1;0;0;1;1
2000;1;1;61;3;2;1;0;0;1;1
2000;1;1;61;4;1;1;0;0;1;1
2000;1;1;61;4;2;1;0;0;1;1
2000;1;1;61;5;1;1;0;0;1;1
2000;1;1;61;5;2;1;0;0;1;1
2000;1;1;61;6;1;1;0;0;1;1
2000;1;1;61;6;2;1;0;0;1;1
2000;1;1;61;7;1;1;0;0;1;1
2000;1;1;61;7;2;1;0;0;1;1
2000;1;1;61;8;1;1;0;0;1;1
2000;1;1;61;8;2;1;0;0;1;1
2000;1;1;62;1;1;1;0;0;1;1
2000;1;1;62;1;2;1;0;0;1;1
2000;1;1;62;2;1;1;0;0;1;1
2000;1;1;62;2;2;1;0;0;1;1
2000;1;1;62;3;1;1;0;0;1;1
2000;1;1;62;3;2;1;0;0;1;1
2000;1;1;62;4;1;1;0;0;1;1
2000;1;1;62;4;2;1;0;0;1;1
2000;1;1;62;5;1;1;0;0;1;1
2000;1;1;62;5;2;1;0;0;1;1
2000;1;1;62;6;1;1;0;0;1;1
2000;1;1;62;6;2;1;0;0;1;1
2000;1;1;62;7;1;1;0;0;1;1
2000;1;1;62;7;2;1;0;0;1;1
2000;1;1;62;8;1;1;0;0;1;1
2000;1;1;62;8;2;1;0;0;1;1
2000;1;1;63;1;1;1;0;0;1;1
2000;1;1;63;1;2;1;0;0;1;1
2000;1;1;63;2;1;1;0;0;1;1
2000;1;1;63;2;2;1;0;0;1;1
2000;1;1;63;3;1;1;0;0;1;1
2000;1;1;63;3;2;1;0;0;1;1
2000;1;1;63;4;1;1;0;0;1;1
2000;1;1;63;4;2;1;0;0;1;1
2000;1;1;63;5;1;1;0;0;1;1
2000;1;1;63;5;2;1;0;0;1;1
2000;1;1;63;6;1;1;0;0;1;1
2000;1;1;63;6;2;1;0;0;1;1
2000;1;1;63;7;1;1;0;0;1;1
2000;1;1;63;7;2;1;0;0;1;1
2000;1;1;63;8;1;1;0;0;1;1
2000;1;1;63;8;2;1;0;0;1;1
2000;1;1;64;1;1;1;0;0;1;1
2000;1;1;64;1;2;1;0;0;1;1
2000;1;1;64;2;1;1;0;0;1;1
2000;1;1;64;2;2;1;0;0;1;1
2000;1;1;64;3;1;1;0;0;1;1
2000;1;1;64;3;2;1;0;0;1;1
2000;1;1;64;4;1;1;0;0;1;1
2000;1;1;64;4;2;1;0;0;1;1
2000;1;1;64;5;1;1;0;0;1;1
2000;1;1;64;5;2;1;0;0;1;1
2000;1;1;64;6;1;1;0;0;1;1
2000;1;1;64;6;2;1;0;0;1;1
2000;1;1;64;7;1;1;0;0;1;1
2000;1;1;64;7;2;1;0;0;1;1
2000;1;1;64;8;1;1;0;0;1;1
2000;1;1;64;8;2;1;0;0;1;1
2000;1;1;65;1;1;1;0;0;1;1
2000;1;1;65;1;2;1;0;0;1;1
2000;1;1;65;1;6;1;0;0;1;1
2000;1;1;65;2;1;1;0;0;1;1
2000;1;1;65;2;2;1;0;0;1;1
2000;1;1;65;2;6;1;0;0;1;1
2000;1;1;65;3;1;1;0;0;1;1
2000;1;1;65;3;2;1;0;0;1;1
2000;1;1;65;3;6;1;0;0;1;1
2000;1;1;65;4;1;1;0;0;1;1
2000;1;1;65;4;2;1;0;0;1;1
2000;1;1;65;4;6;1;0;0;1;1
2000;1;1;65;5;1;1;0;0;1;1
2000;1;1;65;5;2;1;0;0;1;1
2000;1;1;65;5;6;1;0;0;1;1
2000;1;1;65;6;1;1;0;0;1;1
2000;1;1;65;6;2;1;0;0;1;1
2000;1;1;65;6;6;1;0;0;1;1
2000;1;1;65;7;1;1;0;0;1;1
2000;1;1;65;7;2;1;0;0;1;1
2000;1;1;65;7;6;1;0;0;1;1
2000;1;1;65;8;1;1;0;0;1;1
2000;1;1;65;8;2;1;0;0;1;1
2000;1;1;65;8;6;1;0;0;1;1
2000;1;1;66;1;1;1;0;0;1;1
2000;1;1;66;1;2;1;0;0;1;1
2000;1;1;66;2;1;1;0;0;1;1
2000;1;1;66;2;2;1;0;0;1;1
2000;1;1;66;3;1;1;0;0;1;1
2000;1;1;66;3;2;1;0;0;1;1
2000;1;1;66;4;1;1;0;0;1;1
2000;1;1;66;4;2;1;0;0;1;1
2000;1;1;66;5;1;1;0;0;1;1
2000;1;1;66;5;2;1;0;0;1;1
2000;1;1;66;6;1;1;0;0;1;1
2000;1;1;66;6;2;1;0;0;1;1
2000;1;1;66;7;1;1;0;0;1;1
2000;1;1;66;7;2;1;0;0;1;1
2000;1;1;66;8;1;1;0;0;1;1
2000;1;1;66;8;2;1;0;0;1;1
2000;1;1;67;1;1;1;0;0;1;1
2000;1;1;67;1;2;1;0;0;1;1
2000;1;1;67;2;1;1;0;0;1;1
2000;1;1;67;2;2;1;0;0;1;1
2000;1;1;67;3;1;1;0;0;1;1
2000;1;1;67;3;2;1;0;0;1;1
2000;1;1;67;4;1;1;0;0;1;1
2000;1;1;67;4;2;1;0;0;1;1
2000;1;1;67;5;1;1;0;0;1;1
2000;1;1;67;5;2;1;0;0;1;1
2000;1;1;67;6;1;1;0;0;1;1
2000;1;1;67;6;2;1;0;0;1;1
2000;1;1;67;7;1;1;0;0;1;1
2000;1;1;67;7;2;1;0;0;1;1
2000;1;1;67;8;1;1;0;0;1;1
2000;1;1;67;8;2;1;0;0;1;1
2000;1;1;68;1;1;1;0;0;1;1
2000;1;1;68;1;2;1;0;0;1;1
2000;1;1;68;2;1;1;0;0;1;1
2000;1;1;68;2;2;1;0;0;1;1
2000;1;1;68;3;1;1;0;0;1;1
2000;1;1;68;3;2;1;0;0;1;1
2000;1;1;68;4;1;1;0;0;1;1
2000;1;1;68;4;2;1;0;0;1;1
2000;1;1;68;5;1;1;0;0;1;0
2000;1;1;68;5;2;1;0;0;1;0
2000;1;1;68;6;1;1;0;0;1;0
2000;1;1;68;6;2;1;0;0;1;0
2000;1;1;68;7;1;1;0;0;1;0
2000;1;1;68;7;2;1;0;0;1;0
2000;1;1;68;8;1;1;0;0;1;0
2000;1;1;68;8;2;1;0;0;1;0
2000;1;1;69;1;1;1;0;0;1;1
2000;1;1;69;1;2;1;0;0;1;1
2000;1;1;69;2;1;1;0;0;1;1
2000;1;1;69;2;2;1;0;0;1;1
2000;1;1;69;3;1;1;0;0;1;1
2000;1;1;69;3;2;1;0;0;1;1
2000;1;1;69;4;1;1;0;0;1;1
2000;1;1;69;4;2;1;0;0;1;1
2000;1;1;69;5;1;1;0;0;1;1
2000;1;1;69;5;2;1;0;0;1;1
2000;1;1;69;6;1;1;0;0;1;1
2000;1;1;69;6;2;1;0;0;1;1
2000;1;1;69;7;1;1;0;0;1;1
2000;1;1;69;7;2;1;0;0;1;1
2000;1;1;69;8;1;1;0;0;1;1
2000;1;1;69;8;2;1;0;0;1;1
2000;1;1;70;1;1;1;0;0;1;1
2000;1;1;70;1;2;1;0;0;1;1
2000;1;1;70;2;1;1;0;0;1;1
2000;1;1;70;2;2;1;0;0;1;1
2000;1;1;70;3;1;1;0;0;1;1
2000;1;1;70;3;2;1;0;0;1;1
2000;1;1;70;4;1;1;0;0;1;1
2000;1;1;70;4;2;1;0;0;1;1
2000;1;1;70;5;1;1;0;0;1;1
2000;1;1;70;5;2;1;0;0;1;1
2000;1;1;70;6;1;1;0;0;1;0
2000;1;1;70;6;2;1;0;0;1;1
2000;1;1;70;7;1;1;0;0;1;1
2000;1;1;70;7;2;1;0;0;1;1
2000;1;1;70;8;1;1;0;0;1;1
2000;1;1;70;8;2;1;0;0;1;1
2000;1;1;71;1;1;1;0;0;1;1
2000;1;1;71;1;2;1;0;0;1;1
2000;1;1;71;2;1;1;0;0;1;1
2000;1;1;71;2;2;1;0;0;1;1
2000;1;1;71;3;1;1;0;0;1;1
2000;1;1;71;3;2;1;0;0;1;1
2000;1;1;71;4;1;1;0;0;1;1
2000;1;1;71;4;2;1;0;0;1;1
2000;1;1;71;5;1;1;0;0;1;1
2000;1;1;71;5;2;1;0;0;1;1
2000;1;1;71;6;1;1;0;0;1;1
2000;1;1;71;6;2;1;0;0;1;1
2000;1;1;71;7;1;1;0;0;1;1
2000;1;1;71;7;2;1;0;0;1;1
2000;1;1;71;8;1;1;0;0;1;1
2000;1;1;71;8;2;1;0;0;1;1
2000;1;1;72;1;1;1;0;0;1;1
2000;1;1;72;1;2;1;0;0;1;1
2000;1;1;72;1;6;1;0;0;1;1
2000;1;1;72;2;1;1;0;0;1;1
2000;1;1;72;2;2;1;0;0;1;1
2000;1;1;72;2;6;1;0;0;1;1
2000;1;1;72;3;1;1;0;0;1;1
2000;1;1;72;3;2;1;0;0;1;1
2000;1;1;72;3;6;1;0;0;1;1
2000;1;1;72;4;1;1;0;0;1;1
2000;1;1;72;4;2;1;0;0;1;1
2000;1;1;72;4;6;1;0;0;1;1
2000;1;1;72;5;1;1;0;0;1;1
2000;1;1;72;5;2;1;0;0;1;1
2000;1;1;72;5;6;1;0;0;1;1
2000;1;1;72;6;1;1;0;0;1;1
2000;1;1;72;6;2;1;0;0;1;1
2000;1;1;72;6;6;1;0;0;1;1
2000;1;1;72;7;1;1;0;0;1;1
2000;1;1;72;7;2;1;0;0;1;1
2000;1;1;72;7;6;1;0;0;1;1
2000;1;1;72;8;1;1;0;0;1;1
2000;1;1;72;8;2;1;0;0;1;1
2000;1;1;72;8;6;1;0;0;1;1
2000;1;1;73;1;1;1;0;0;1;1
2000;1;1;73;1;2;1;0;0;1;1
2000;1;1;73;2;1;1;0;0;1;1
2000;1;1;73;2;2;1;0;0;1;1
2000;1;1;73;3;1;1;0;0;1;1
2000;1;1;73;3;2;1;0;0;1;1
2000;1;1;73;4;1;1;0;0;1;1
2000;1;1;73;4;2;1;0;0;1;1
2000;1;1;73;5;1;1;0;0;1;1
2000;1;1;73;5;2;1;0;0;1;1
2000;1;1;73;6;1;1;0;0;1;1
2000;1;1;73;6;2;1;0;0;1;1
2000;1;1;73;7;1;1;0;0;1;1
2000;1;1;73;7;2;1;0;0;1;1
2000;1;1;73;8;1;1;0;0;1;1
2000;1;1;73;8;2;1;0;0;1;1
2000;1;1;74;1;1;1;0;0;1;1
2000;1;1;74;1;2;1;0;0;1;1
2000;1;1;74;2;1;1;0;0;1;1
2000;1;1;74;2;2;1;0;0;1;1
2000;1;1;74;3;1;1;0;0;1;1
2000;1;1;74;3;2;1;0;0;1;1
2000;1;1;74;4;1;1;0;0;1;1
2000;1;1;74;4;2;1;0;0;1;1
2000;1;1;74;5;1;1;0;0;1;1
2000;1;1;74;5;2;1;0;0;1;1
2000;1;1;74;6;1;1;0;0;1;1
2000;1;1;74;6;2;1;0;0;1;1
2000;1;1;74;7;1;1;0;0;1;1
2000;1;1;74;7;2;1;0;0;1;1
2000;1;1;74;8;1;1;0;0;1;1
2000;1;1;74;8;2;1;0;0;1;1
2000;1;1;75;1;1;1;0;0;1;1
2000;1;1;75;1;2;1;0;0;1;1
2000;1;1;75;2;1;1;0;0;1;1
2000;1;1;75;2;2;1;0;0;1;1
2000;1;1;75;3;1;1;0;0;1;1
2000;1;1;75;3;2;1;0;0;1;1
2000;1;1;75;4;1;1;0;0;1;1
2000;1;1;75;4;2;1;0;0;1;1
2000;1;1;75;5;1;1;0;0;1;1
2000;1;1;75;5;2;1;0;0;1;1
2000;1;1;75;6;1;1;0;0;1;1
2000;1;1;75;6;2;1;0;0;1;1
2000;1;1;75;7;1;1;0;0;1;1
2000;1;1;75;7;2;1;0;0;1;1
2000;1;1;75;8;1;1;0;0;1;1
2000;1;1;75;8;2;1;0;0;1;1
2000;1;1;76;1;1;1;0;0;1;1
2000;1;1;76;1;2;1;0;0;1;1
2000;1;1;76;2;1;1;0;0;1;1
2000;1;1;76;2;2;1;0;0;1;1
2000;1;1;76;3;1;1;0;0;1;1
2000;1;1;76;3;2;1;0;0;1;1
2000;1;1;76;4;1;1;0;0;1;1
2000;1;1;76;4;2;1;0;0;1;1
2000;1;1;76;5;1;1;0;0;1;1
2000;1;1;76;5;2;1;0;0;1;1
2000;1;1;76;6;1;1;0;0;1;1
2000;1;1;76;6;2;1;0;0;1;1
2000;1;1;76;7;1;1;0;0;1;1
2000;1;1;76;7;2;1;0;0;1;1
2000;1;1;76;8;1;1;0;0;1;1
2000;1;1;76;8;2;1;0;0;1;1
2000;1;1;78;1;1;1;0;0;1;1
2000;1;1;78;1;2;1;0;0;1;1
2000;1;1;78;2;1;1;0;0;1;1
2000;1;1;78;2;2;1;0;0;1;1
2000;1;1;78;3;1;1;0;0;1;1
2000;1;1;78;3;2;1;0;0;1;1
2000;1;1;78;4;1;1;0;0;1;1
2000;1;1;78;4;2;1;0;0;1;1
2000;1;1;78;5;1;1;0;0;1;1
2000;1;1;78;5;2;1;0;0;1;1
2000;1;1;78;6;1;1;0;0;1;1
2000;1;1;78;6;2;1;0;0;1;1
2000;1;1;78;7;1;1;0;0;1;1
2000;1;1;78;7;2;1;0;0;1;1
2000;1;1;78;8;1;1;0;0;1;1
2000;1;1;78;8;2;1;0;0;1;1
2000;1;1;79;1;1;1;0;0;1;1
2000;1;1;79;1;2;1;0;0;1;1
2000;1;1;79;2;1;1;0;0;1;1
2000;1;1;79;2;2;1;0;0;1;1
2000;1;1;79;3;1;1;0;0;1;1
2000;1;1;79;3;2;1;0;0;1;1
2000;1;1;79;4;1;1;0;0;1;1
2000;1;1;79;4;2;1;0;0;1;1
2000;1;1;79;5;1;1;0;0;1;1
2000;1;1;79;5;2;1;0;0;1;1
2000;1;1;79;6;1;1;0;0;1;1
2000;1;1;79;6;2;1;0;0;1;1
2000;1;1;79;7;1;1;0;0;1;1
2000;1;1;79;7;2;1;0;0;1;1
2000;1;1;79;8;1;1;0;0;1;1
2000;1;1;79;8;2;1;0;0;1;1
2000;1;1;80;1;1;1;0;0;1;1
2000;1;1;80;1;2;1;0;0;1;1
2000;1;1;80;2;1;1;0;0;1;1
2000;1;1;80;2;2;1;0;0;1;1
2000;1;1;80;3;1;1;0;0;1;1
2000;1;1;80;3;2;1;0;0;1;1
2000;1;1;80;4;1;1;0;0;1;1
2000;1;1;80;4;2;1;0;0;1;1
2000;1;1;80;5;1;1;0;0;1;1
2000;1;1;80;5;2;1;0;0;1;1
2000;1;1;80;6;1;1;0;0;1;1
2000;1;1;80;6;2;1;0;0;1;1
2000;1;1;80;7;1;1;0;0;1;1
2000;1;1;80;7;2;1;0;0;1;1
2000;1;1;80;8;1;1;0;0;1;1
2000;1;1;80;8;2;1;0;0;1;1
2000;1;1;81;1;1;1;0;0;1;1
2000;1;1;81;1;2;1;0;0;1;1
2000;1;1;81;2;1;1;0;0;1;1
2000;1;1;81;2;2;1;0;0;1;1
2000;1;1;81;3;1;1;0;0;1;1
2000;1;1;81;3;2;1;0;0;1;1
2000;1;1;81;4;1;1;0;0;1;1
2000;1;1;81;4;2;1;0;0;1;1
2000;1;1;81;5;1;1;0;0;1;1
2000;1;1;81;5;2;1;0;0;1;1
2000;1;1;81;6;1;1;0;0;1;1
2000;1;1;81;6;2;1;0;0;1;1
2000;1;1;81;7;1;1;0;0;1;1
2000;1;1;81;7;2;1;0;0;1;1
2000;1;1;81;8;1;1;0;0;1;1
2000;1;1;81;8;2;1;0;0;1;1
2000;1;1;83;1;1;1;0;0;1;1
2000;1;1;83;1;2;1;0;0;1;1
2000;1;1;83;2;1;1;0;0;1;1
2000;1;1;83;2;2;1;0;0;1;1
2000;1;1;83;3;1;1;0;0;1;1
2000;1;1;83;3;2;1;0;0;1;1
2000;1;1;83;4;1;1;0;0;1;1
2000;1;1;83;4;2;1;0;0;1;1
2000;1;1;83;5;1;1;0;0;1;1
2000;1;1;83;5;2;1;0;0;1;1
2000;1;1;83;6;1;1;0;0;1;1
2000;1;1;83;6;2;1;0;0;1;1
2000;1;1;83;7;1;1;0;0;1;1
2000;1;1;83;7;2;1;0;0;1;1
2000;1;1;83;8;1;1;0;0;1;1
2000;1;1;83;8;2;1;0;0;1;1
2000;1;1;85;1;1;1;0;0;1;1
2000;1;1;85;1;2;1;0;0;1;1
2000;1;1;85;2;1;1;0;0;1;1
2000;1;1;85;2;2;1;0;0;1;1
2000;1;1;85;3;1;1;0;0;1;1
2000;1;1;85;3;2;1;0;0;1;1
2000;1;1;85;4;1;1;0;0;1;1
2000;1;1;85;4;2;1;0;0;1;1
2000;1;1;85;5;1;1;0;0;1;1
2000;1;1;85;5;2;1;0;0;1;1
2000;1;1;85;6;1;1;0;0;1;1
2000;1;1;85;6;2;1;0;0;1;1
2000;1;1;85;7;1;1;0;0;1;1
2000;1;1;85;7;2;1;0;0;1;1
2000;1;1;85;8;1;1;0;0;1;1
2000;1;1;85;8;2;1;0;0;1;1
2000;1;1;87;1;1;1;0;0;1;1
2000;1;1;87;1;2;1;0;0;1;1
2000;1;1;87;2;1;1;0;0;1;1
2000;1;1;87;2;2;1;0;0;1;1
2000;1;1;87;3;1;1;0;0;1;1
2000;1;1;87;3;2;1;0;0;1;1
2000;1;1;87;4;1;1;0;0;1;1
2000;1;1;87;4;2;1;0;0;1;1
2000;1;1;87;5;1;1;0;0;1;1
2000;1;1;87;5;2;1;0;0;1;1
2000;1;1;87;6;1;1;0;0;1;1
2000;1;1;87;6;2;1;0;0;1;1
2000;1;1;87;7;1;1;0;0;1;1
2000;1;1;87;7;2;1;0;0;1;1
2000;1;1;87;8;1;1;0;0;1;1
2000;1;1;87;8;2;1;0;0;1;1
2000;1;1;90;1;1;1;0;0;1;1
2000;1;1;90;1;2;1;0;0;1;1
2000;1;1;90;2;1;1;0;0;1;1
2000;1;1;90;2;2;1;0;0;1;1
2000;1;1;90;3;1;1;0;0;1;1
2000;1;1;90;3;2;1;0;0;1;1
2000;1;1;90;4;1;1;0;0;1;1
2000;1;1;90;4;2;1;0;0;1;1
2000;1;1;90;5;1;1;0;0;1;1
2000;1;1;90;5;2;1;0;0;1;1
2000;1;1;90;6;1;1;0;0;1;1
2000;1;1;90;6;2;1;0;0;1;1
2000;1;1;90;7;1;1;0;0;1;1
2000;1;1;90;7;2;1;0;0;1;1
2000;1;1;90;8;1;1;0;0;1;1
2000;1;1;90;8;2;1;0;0;1;1
2000;1;1;91;1;1;1;0;0;1;1
2000;1;1;91;1;2;1;0;0;1;1
2000;1;1;91;1;6;1;0;0;1;1
2000;1;1;91;2;1;1;0;0;1;1
2000;1;1;91;2;2;1;0;0;1;1
2000;1;1;91;2;6;1;0;0;1;1
2000;1;1;91;3;1;1;0;0;1;1
2000;1;1;91;3;2;1;0;0;1;1
2000;1;1;91;3;6;1;0;0;1;1
2000;1;1;91;4;1;1;0;0;1;1
2000;1;1;91;4;2;1;0;0;1;1
2000;1;1;91;4;6;1;0;0;1;1
2000;1;1;91;5;1;1;0;0;1;1
2000;1;1;91;5;2;1;0;0;1;1
2000;1;1;91;5;6;1;0;0;1;1
2000;1;1;91;6;1;1;0;0;1;1
2000;1;1;91;6;2;1;0;0;1;1
2000;1;1;91;6;6;1;0;0;1;1
2000;1;1;91;7;1;1;0;0;1;1
2000;1;1;91;7;2;1;0;0;1;1
2000;1;1;91;7;6;1;0;0;1;1
2000;1;1;91;8;1;1;0;0;1;1
2000;1;1;91;8;2;1;0;0;1;1
2000;1;1;91;8;6;1;0;0;1;1
2000;1;1;92;1;1;1;0;0;1;1
2000;1;1;92;1;2;1;0;0;1;1
2000;1;1;92;2;1;1;0;0;1;1
2000;1;1;92;2;2;1;0;0;1;1
2000;1;1;92;3;1;1;0;0;1;1
2000;1;1;92;3;2;1;0;0;1;1
2000;1;1;92;4;1;1;0;0;1;1
2000;1;1;92;4;2;1;0;0;1;1
2000;1;1;92;5;1;1;0;0;1;1
2000;1;1;92;5;2;1;0;0;1;1
2000;1;1;92;6;1;1;0;0;1;1
2000;1;1;92;6;2;1;0;0;1;1
2000;1;1;92;7;1;1;0;0;1;1
2000;1;1;92;7;2;1;0;0;1;1
2000;1;1;92;8;1;1;0;0;1;1
2000;1;1;92;8;2;1;0;0;1;1
2000;1;1;93;1;1;1;0;0;1;1
2000;1;1;93;1;2;1;0;0;1;1
2000;1;1;93;2;1;1;0;0;1;1
2000;1;1;93;2;2;1;0;0;1;1
2000;1;1;93;3;1;1;0;0;1;1
2000;1;1;93;3;2;1;0;0;1;1
2000;1;1;93;4;1;1;0;0;1;1
2000;1;1;93;4;2;1;0;0;1;1
2000;1;1;93;5;1;1;0;0;1;1
2000;1;1;93;5;2;1;0;0;1;1
2000;1;1;93;6;1;1;0;0;1;1
2000;1;1;93;6;2;1;0;0;1;1
2000;1;1;93;7;1;1;0;0;1;1
2000;1;1;93;7;2;1;0;0;1;1
2000;1;1;93;8;1;1;0;0;1;1
2000;1;1;93;8;2;1;0;0;1;1
2000;1;1;94;1;1;1;0;0;1;1
2000;1;1;94;1;2;1;0;0;1;1
2000;1;1;94;2;1;1;0;0;1;1
2000;1;1;94;2;2;1;0;0;1;1
2000;1;1;94;3;1;1;0;0;1;1
2000;1;1;94;3;2;1;0;0;1;1
2000;1;1;94;4;1;1;0;0;1;1
2000;1;1;94;4;2;1;0;0;1;1
2000;1;1;94;5;1;1;0;0;1;1
2000;1;1;94;5;2;1;0;0;1;1
2000;1;1;94;6;1;1;0;0;1;1
2000;1;1;94;6;2;1;0;0;1;1
2000;1;1;94;7;1;1;0;0;1;1
2000;1;1;94;7;2;1;0;0;1;1
2000;1;1;94;8;1;1;0;0;1;0
2000;1;1;94;8;2;1;0;0;1;0
2000;1;1;95;1;1;1;0;0;1;1
2000;1;1;95;1;2;1;0;0;1;1
2000;1;1;95;2;1;1;0;0;1;1
2000;1;1;95;2;2;1;0;0;1;1
2000;1;1;95;3;1;1;0;0;1;1
2000;1;1;95;3;2;1;0;0;1;1
2000;1;1;95;4;1;1;0;0;1;1
2000;1;1;95;4;2;1;0;0;1;1
2000;1;1;95;5;1;1;0;0;1;1
2000;1;1;95;5;2;1;0;0;1;1
2000;1;1;95;6;1;1;0;0;1;1
2000;1;1;95;6;2;1;0;0;1;1
2000;1;1;95;7;1;1;0;0;1;1
2000;1;1;95;7;2;1;0;0;1;1
2000;1;1;95;8;1;1;0;0;1;1
2000;1;1;95;8;2;1;0;0;1;1
2000;1;1;96;1;1;1;0;0;1;1
2000;1;1;96;1;2;1;0;0;1;1
2000;1;1;96;2;1;1;0;0;1;1
2000;1;1;96;2;2;1;0;0;1;1
2000;1;1;96;3;1;1;0;0;1;1
2000;1;1;96;3;2;1;0;0;1;1
2000;1;1;96;4;1;1;0;0;1;1
2000;1;1;96;4;2;1;0;0;1;1
2000;1;1;96;5;1;1;0;0;1;1
2000;1;1;96;5;2;1;0;0;1;1
2000;1;1;96;6;1;1;0;0;1;1
2000;1;1;96;6;2;1;0;0;1;1
2000;1;1;96;7;1;1;0;0;1;1
2000;1;1;96;7;2;1;0;0;1;1
2000;1;1;96;8;1;1;0;0;1;1
2000;1;1;96;8;2;1;0;0;1;1
2000;1;1;97;1;1;1;0;0;1;1
2000;1;1;97;1;2;1;0;0;1;1
2000;1;1;97;2;1;1;0;0;1;1
2000;1;1;97;2;2;1;0;0;1;1
2000;1;1;97;3;1;1;0;0;1;1
2000;1;1;97;3;2;1;0;0;1;1
2000;1;1;97;4;1;1;0;0;1;1
2000;1;1;97;4;2;1;0;0;1;1
2000;1;1;97;5;1;1;0;0;1;1
2000;1;1;97;5;2;1;0;0;1;1
2000;1;1;97;6;1;1;0;0;1;1
2000;1;1;97;6;2;1;0;0;1;1
2000;1;1;97;7;1;1;0;0;1;1
2000;1;1;97;7;2;1;0;0;1;1
2000;1;1;97;8;1;1;0;0;1;1
2000;1;1;97;8;2;1;0;0;1;1
2000;1;1;98;1;1;1;0;0;1;1
2000;1;1;98;1;2;1;0;0;1;1
2000;1;1;98;2;1;1;0;0;1;1
2000;1;1;98;2;2;1;0;0;1;1
2000;1;1;98;3;1;1;0;0;1;1
2000;1;1;98;3;2;1;0;0;1;1
2000;1;1;98;4;1;1;0;0;1;1
2000;1;1;98;4;2;1;0;0;1;1
2000;1;1;98;5;1;1;0;0;1;1
2000;1;1;98;5;2;1;0;0;1;1
2000;1;1;98;6;1;1;0;0;1;1
2000;1;1;98;6;2;1;0;0;1;1
2000;1;1;98;7;1;1;0;0;1;1
2000;1;1;98;7;2;1;0;0;1;1
2000;1;1;98;8;1;1;0;0;1;1
2000;1;1;98;8;2;1;0;0;1;1
2000;1;1;99;1;1;1;0;0;1;1
2000;1;1;99;1;2;1;0;0;1;1
2000;1;1;99;2;1;1;0;0;1;1
2000;1;1;99;2;2;1;0;0;1;1
2000;1;1;99;3;1;1;0;0;1;1
2000;1;1;99;3;2;1;0;0;1;1
2000;1;1;99;4;1;1;0;0;1;1
2000;1;1;99;4;2;1;0;0;1;1
2000;1;1;99;5;1;1;0;0;1;1
2000;1;1;99;5;2;1;0;0;1;1
2000;1;1;99;6;1;1;0;0;1;1
2000;1;1;99;6;2;1;0;0;1;1
2000;1;1;99;7;1;1;0;0;1;1
2000;1;1;99;7;2;1;0;0;1;1
2000;1;1;99;8;1;1;0;0;1;1
2000;1;1;99;8;2;1;0;0;1;1
2000;1;1;100;1;1;1;0;0;1;1
2000;1;1;100;1;2;1;0;0;1;1
2000;1;1;100;2;1;1;0;0;1;1
2000;1;1;100;2;2;1;0;0;1;1
2000;1;1;100;3;1;1;0;0;1;1
2000;1;1;100;3;2;1;0;0;1;1
2000;1;1;100;4;1;1;0;0;1;1
2000;1;1;100;4;2;1;0;0;1;1
2000;1;1;100;5;1;1;0;0;1;1
2000;1;1;100;5;2;1;0;0;1;1
2000;1;1;100;6;1;1;0;0;1;1
2000;1;1;100;6;2;1;0;0;1;1
2000;1;1;100;7;1;1;0;0;1;1
2000;1;1;100;7;2;1;0;0;1;1
2000;1;1;100;8;1;1;0;0;1;1
2000;1;1;100;8;2;1;0;0;1;1
2000;1;1;101;1;1;1;0;0;1;1
2000;1;1;101;1;2;1;0;0;1;1
2000;1;1;101;2;1;1;0;0;1;1
2000;1;1;101;2;2;1;0;0;1;1
2000;1;1;101;3;1;1;0;0;1;1
2000;1;1;101;3;2;1;0;0;1;1
2000;1;1;101;4;1;1;0;0;1;1
2000;1;1;101;4;2;1;0;0;1;1
2000;1;1;101;5;1;1;0;0;1;1
2000;1;1;101;5;2;1;0;0;1;1
2000;1;1;101;6;1;1;0;0;1;1
2000;1;1;101;6;2;1;0;0;1;1
2000;1;1;101;7;1;1;0;0;1;1
2000;1;1;101;7;2;1;0;0;1;1
2000;1;1;101;8;1;1;0;0;1;1
2000;1;1;101;8;2;1;0;0;1;1
2000;1;1;102;1;1;1;0;0;1;1
2000;1;1;102;1;2;1;0;0;1;1
2000;1;1;102;2;1;1;0;0;1;1
2000;1;1;102;2;2;1;0;0;1;1
2000;1;1;102;3;1;1;0;0;1;1
2000;1;1;102;3;2;1;0;0;1;1
2000;1;1;102;4;1;1;0;0;1;1
2000;1;1;102;4;2;1;0;0;1;1
2000;1;1;102;5;1;1;0;0;1;1
2000;1;1;102;5;2;1;0;0;1;1
2000;1;1;102;6;1;1;0;0;1;1
2000;1;1;102;6;2;1;0;0;1;1
2000;1;1;102;7;1;1;0;0;1;1
2000;1;1;102;7;2;1;0;0;1;1
2000;1;1;102;8;1;1;0;0;1;1
2000;1;1;102;8;2;1;0;0;1;1
2000;3;3;39;-9999;1;0;0;0;1;1
2000;3;3;58;-9999;1;0;0;0;1;1
2000;3;3;61;-9999;1;0;0;0;1;1
2000;3;3;82;-9999;1;0;0;0;1;1
2000;3;3;106;-9999;1;0;0;0;1;1
2000;3;3;129;-9999;1;0;0;0;1;1
2000;3;3;174;-9999;1;0;0;0;1;1
2000;3;3;175;-9999;1;0;0;0;1;1
2000;3;3;226;-9999;1;0;0;0;1;1
2000;3;3;1012;-9999;1;0;0;0;1;1
2000;3;3;1040;-9999;1;0;0;0;1;1
2000;3;3;2080;-9999;1;0;0;0;1;1
2000;3;3;2084;-9999;1;0;0;0;1;1
2000;3;3;2085;-9999;1;0;0;0;1;1
2000;4;3004;304;1;1;1;0;0;1;1
2000;4;3004;305;1;1;1;0;0;1;1
2000;4;3004;306;1;1;1;0;0;1;1
2000;4;3004;306;1;2;1;0;0;1;1
2000;4;3004;307;1;1;1;0;0;1;1
2000;4;3004;308;1;1;1;0;0;1;1
2000;4;2804;801;-9999;1;0;0;0;1;1
2000;4;2804;801;-9999;2;0;0;0;1;1
2000;4;2804;801;-9999;3;0;0;0;1;1
2000;4;2804;801;-9999;4;0;0;0;1;1
2000;4;2804;801;-9999;5;0;0;0;1;1
2000;4;2804;802;-9999;1;0;0;0;1;1
2000;4;2804;802;-9999;2;0;0;0;1;1
2000;4;2804;802;-9999;3;0;0;0;1;1
2000;4;2804;802;-9999;4;0;0;0;1;1
2000;4;2804;802;-9999;5;0;0;0;1;1
2000;4;2804;803;-9999;1;0;0;0;1;1
2000;4;2804;803;-9999;2;0;0;0;1;1
2000;4;2804;803;-9999;3;0;0;0;1;1
2000;4;2804;803;-9999;4;0;0;0;1;1
2000;4;2804;803;-9999;5;0;0;0;1;1
2000;4;2804;804;-9999;1;0;0;0;1;1
2000;4;2804;804;-9999;2;0;0;0;1;1
2000;4;2804;804;-9999;3;0;0;0;1;1
2000;4;2804;804;-9999;4;0;0;0;1;1
2000;4;2804;804;-9999;5;0;0;0;1;1
2000;4;2804;805;-9999;1;0;0;0;1;1
2000;4;2804;805;-9999;2;0;0;0;1;1
2000;4;2804;805;-9999;3;0;0;0;1;1
2000;4;2804;805;-9999;4;0;0;0;1;1
2000;4;2804;805;-9999;5;0;0;0;1;1
2000;4;2804;806;-9999;1;0;0;0;1;1
2000;4;2804;806;-9999;2;0;0;0;1;1
2000;4;2804;806;-9999;3;0;0;0;1;1
2000;4;2804;806;-9999;4;0;0;0;1;1
2000;4;2804;806;-9999;5;0;0;0;1;1
2000;4;2804;808;-9999;1;0;0;0;1;1
2000;4;2804;808;-9999;2;0;0;0;1;1
2000;4;2804;808;-9999;3;0;0;0;1;1
2000;4;2804;808;-9999;4;0;0;0;1;1
2000;4;2804;808;-9999;5;0;0;0;1;1
2000;4;2804;809;-9999;1;0;0;0;1;1
2000;4;2804;809;-9999;2;0;0;0;1;1
2000;4;2804;809;-9999;3;0;0;0;1;1
2000;4;2804;809;-9999;4;0;0;0;1;1
2000;4;2804;809;-9999;5;0;0;0;1;1
2000;4;2804;810;-9999;1;0;0;0;1;1
2000;4;2804;810;-9999;2;0;0;0;1;1
2000;4;2804;810;-9999;3;0;0;0;1;1
2000;4;2804;810;-9999;4;0;0;0;1;1
2000;4;2804;810;-9999;5;0;0;0;1;1
2000;4;2804;811;-9999;1;0;0;0;1;1
2000;4;2804;811;-9999;2;0;0;0;1;1
2000;4;2804;811;-9999;3;0;0;0;1;1
2000;4;2804;811;-9999;4;0;0;0;1;1
2000;4;2804;811;-9999;5;0;0;0;1;1
2000;4;2904;901;-9999;1;0;0;0;1;1
2000;4;2904;902;-9999;2;0;0;0;1;1
2000;4;2904;903;-9999;3;0;0;0;1;1
2000;4;2904;904;-9999;4;0;0;0;1;1
2000;4;2904;905;-9999;5;0;0;0;1;1
2000;4;2904;906;-9999;6;0;0;0;1;1
2000;4;2904;907;-9999;7;0;0;0;1;1
2000;4;2904;908;-9999;8;0;0;0;1;1
2000;4;2904;909;-9999;9;0;0;0;1;1
2000;4;2904;910;-9999;10;0;0;0;1;1
2000;4;2904;910;-9999;11;0;0;0;1;1
2000;4;2904;911;-9999;12;0;0;0;1;1
2000;4;2904;912;-9999;13;0;0;0;1;1
2000;4;2904;913;-9999;14;0;0;0;1;1
2000;4;2904;914;-9999;15;0;0;0;1;1
2000;4;2904;915;-9999;16;0;0;0;1;1
2000;4;2904;916;-9999;17;0;0;0;1;1
2000;4;2904;917;-9999;18;0;0;0;1;1
2000;4;2904;918;-9999;19;0;0;0;1;1
2000;4;2904;919;-9999;20;0;0;0;1;1
2000;4;2904;920;-9999;21;0;0;0;1;1
2000;4;2904;921;-9999;22;0;0;0;1;1
2000;4;2904;922;-9999;23;0;0;0;1;1
2000;4;2704;1101;-9999;12;0;0;0;1;1
2000;4;2704;1102;-9999;12;0;0;0;1;1
2000;4;2704;1103;-9999;6;0;0;0;1;1
2000;4;2704;1201;-9999;1;0;0;0;1;1
2000;4;2704;1201;-9999;2;0;0;0;1;1
2000;4;2704;1202;-9999;1;0;0;0;1;1
2000;4;2704;1202;-9999;2;0;0;0;1;1
2000;4;2704;1203;-9999;1;0;0;0;1;1
2000;4;2704;1203;-9999;2;0;0;0;1;1
2000;4;2704;1204;-9999;1;0;0;0;1;1
2000;4;2704;1204;-9999;2;0;0;0;1;1
2000;4;2704;1205;-9999;1;0;0;0;1;1
2000;4;2704;1205;-9999;2;0;0;0;1;1
2000;4;2704;1206;-9999;1;0;0;0;1;1
2000;4;2704;1206;-9999;2;0;0;0;1;1
2000;4;3604;1401;11;1;1;0;0;1;1
2000;4;3604;1402;21;1;1;0;0;1;1
2000;4;3604;1402;26;1;1;0;0;1;1
2000;4;3604;1403;31;1;1;0;0;1;1
2000;4;3604;1403;36;1;1;0;0;1;1
2000;4;3604;1404;41;1;1;0;0;1;1
2000;4;3604;1404;46;1;1;0;0;1;1
2000;4;3604;1405;51;1;1;0;0;1;1
2000;4;3604;1405;56;1;1;0;0;1;1
2000;4;3604;1406;61;1;1;0;0;1;1
2000;5;5;1;-9999;1;0;0;0;1;1
2000;5;5;1;-9999;2;0;0;0;1;1
2000;5;5;1;-9999;3;0;0;0;1;1
2000;5;5;1;-9999;4;0;0;0;1;1
2000;5;5;2;-9999;1;0;0;0;1;1
2000;5;5;2;-9999;2;0;0;0;1;1
2000;5;5;3;-9999;1;0;0;0;1;1
2000;5;5;3;-9999;2;0;0;0;1;1
2000;5;5;3;-9999;3;0;0;0;1;1
2000;5;5;3;-9999;4;0;0;0;1;1
2000;5;5;4;-9999;1;0;0;0;1;1
2000;5;5;4;-9999;2;0;0;0;1;1
2000;5;5;4;-9999;3;0;0;0;1;1
2000;5;5;4;-9999;4;0;0;0;1;1
2000;5;5;5;-9999;1;0;0;0;1;1
2000;5;5;5;-9999;2;0;0;0;1;1
2000;5;5;5;-9999;3;0;0;0;1;1
2000;5;5;5;-9999;4;0;0;0;1;1
2000;5;5;6;-9999;1;0;0;0;1;1
2000;5;5;6;-9999;2;0;0;0;1;1
2000;5;5;7;-9999;1;0;0;0;1;1
2000;5;5;7;-9999;2;0;0;0;1;1
2000;5;5;7;-9999;3;0;0;0;1;1
2000;5;5;7;-9999;4;0;0;0;1;1
2000;5;5;9;-9999;1;0;0;0;1;1
2000;5;5;9;-9999;2;0;0;0;1;1
2000;5;5;9;-9999;3;0;0;0;1;1
2000;5;5;9;-9999;4;0;0;0;1;1
2000;5;5;10;-9999;3;0;0;0;1;1
2000;5;5;10;-9999;4;0;0;0;1;1
2000;5;5;11;-9999;1;0;0;0;1;1
2000;5;5;11;-9999;2;0;0;0;1;1
2000;5;5;11;-9999;3;0;0;0;1;1
2000;5;5;11;-9999;4;0;0;0;1;1
2000;5;5;12;-9999;1;0;0;0;1;1
2000;5;5;12;-9999;2;0;0;0;1;1
2000;5;5;13;-9999;1;0;0;0;1;1
2000;5;5;13;-9999;2;0;0;0;1;1
2000;5;5;16;-9999;1;0;0;0;1;1
2000;5;5;16;-9999;2;0;0;0;1;1
2000;5;5;16;-9999;3;0;0;0;1;1
2000;5;5;16;-9999;4;0;0;0;1;1
2000;5;5;18;-9999;1;0;0;0;1;1
2000;5;5;18;-9999;2;0;0;0;1;1
2000;5;5;19;-9999;3;0;0;0;1;1
2000;5;5;19;-9999;4;0;0;0;1;1
2000;5;5;20;-9999;1;0;0;0;1;1
2000;5;5;20;-9999;2;0;0;0;1;1
2000;5;5;20;-9999;3;0;0;0;1;1
2000;5;5;20;-9999;4;0;0;0;1;1
2000;8;8;11;-9999;1;0;0;0;1;0
2000;8;8;11;-9999;2;0;0;0;1;1
2000;8;8;12;-9999;1;0;0;0;1;1
2000;8;8;12;-9999;2;0;0;0;1;1
2000;8;8;13;-9999;1;0;0;0;1;1
2000;8;8;13;-9999;2;0;0;0;1;1
2000;8;8;14;-9999;1;0;0;0;1;1
2000;8;8;14;-9999;2;0;0;0;1;1
2000;8;8;15;-9999;1;0;0;0;1;1
2000;8;8;15;-9999;2;0;0;0;1;1
2000;8;8;31;-9999;1;0;0;0;1;1
2000;8;8;31;-9999;2;0;0;0;1;1
2000;8;8;32;-9999;1;0;0;0;1;1
2000;8;8;32;-9999;2;0;0;0;1;1
2000;8;8;33;-9999;1;0;0;0;1;1
2000;8;8;33;-9999;2;0;0;0;1;1
2000;8;8;34;-9999;1;0;0;0;1;1
2000;8;8;34;-9999;2;0;0;0;1;1
2000;8;8;35;-9999;1;0;0;0;1;1
2000;8;8;35;-9999;2;0;0;0;1;1
2000;12;12;1;-9999;11;0;0;0;1;1
2000;12;12;1;-9999;12;0;0;0;1;1
2000;12;12;1;-9999;13;0;0;0;1;1
2000;12;12;1;-9999;14;0;0;0;1;1
2000;12;12;1;-9999;15;0;0;0;1;1
2000;12;12;1;-9999;16;0;0;0;1;1
2000;12;12;1;-9999;17;0;0;0;1;1
2000;12;12;1;-9999;18;0;0;0;1;1
2000;12;12;1;-9999;21;0;0;0;1;1
2000;12;12;1;-9999;22;0;0;0;1;1
2000;12;12;1;-9999;23;0;0;0;1;1
2000;12;12;1;-9999;24;0;0;0;1;1
2000;12;12;1;-9999;25;0;0;0;1;1
2000;12;12;1;-9999;26;0;0;0;1;1
2000;12;12;1;-9999;27;0;0;0;1;1
2000;12;12;1;-9999;28;0;0;0;1;1
2000;12;12;2;-9999;11;0;0;0;1;1
2000;12;12;2;-9999;12;0;0;0;1;1
2000;12;12;2;-9999;13;0;0;0;1;1
2000;12;12;2;-9999;14;0;0;0;1;1
2000;12;12;2;-9999;15;0;0;0;1;1
2000;12;12;2;-9999;16;0;0;0;1;1
2000;12;12;2;-9999;17;0;0;0;1;1
2000;12;12;2;-9999;18;0;0;0;1;1
2000;12;12;2;-9999;21;0;0;0;1;1
2000;12;12;2;-9999;22;0;0;0;1;1
2000;12;12;2;-9999;23;0;0;0;1;1
2000;12;12;2;-9999;24;0;0;0;1;1
2000;12;12;2;-9999;25;0;0;0;1;1
2000;12;12;2;-9999;26;0;0;0;1;1
2000;12;12;2;-9999;27;0;0;0;1;1
2000;12;12;2;-9999;28;0;0;0;1;1
2000;13;1301;1006;-9999;1;0;0;0;1;1
2000;13;13;1114;-9999;1;0;0;0;1;1
2000;13;1301;1301;-9999;1;0;0;0;1;1
2000;13;1301;1403;-9999;1;0;0;0;1;1
2000;13;13;2270;-9999;1;0;0;0;1;1
2000;13;1301;5201;-9999;1;0;0;0;1;1
2000;13;1301;5202;-9999;1;0;0;0;1;1
2000;13;13;5203;-9999;1;0;0;0;1;1
2000;13;1301;5301;-9999;1;0;0;0;1;1
2000;13;13;5303;-9999;1;0;0;0;1;1
2000;13;1301;5401;-9999;1;0;0;0;1;1
2000;13;1301;5402;-9999;1;0;0;0;1;1
2000;13;1301;5403;-9999;1;0;0;0;1;1
2000;13;1301;5404;-9999;1;0;0;0;1;1
2000;13;1301;5501;-9999;1;0;0;0;1;1
2000;13;1301;5502;-9999;1;0;0;0;1;1
2000;13;13;5503;-9999;1;0;0;0;1;1
2000;13;13;5506;-9999;1;0;0;0;1;1
2000;13;1301;5601;-9999;1;0;0;0;1;1
2000;13;1301;5602;-9999;1;0;0;0;1;1
2000;13;1301;5603;-9999;1;0;0;0;1;1
2000;13;1301;5604;-9999;1;0;0;0;1;1
2000;13;13;5605;-9999;1;0;0;0;1;1
2000;13;1301;5701;-9999;1;0;0;0;1;1
2000;13;1301;5702;-9999;1;0;0;0;1;1
2000;13;1301;5703;-9999;1;0;0;0;1;1
2000;13;1301;5704;-9999;1;0;0;0;1;1
2000;13;13;5705;-9999;1;0;0;0;1;1
2000;13;1301;5801;-9999;1;0;0;0;1;1
2000;13;1301;5802;-9999;1;0;0;0;1;1
2000;13;13;5803;-9999;1;0;0;0;1;1
2000;13;1301;5804;-9999;1;0;0;0;1;1
2000;13;1301;6001;-9999;1;0;0;0;1;1
2000;13;1301;6002;-9999;1;0;0;0;1;1
2000;13;1301;6003;-9999;1;0;0;0;1;1
2000;13;1301;6005;-9999;1;0;0;0;1;1
2000;13;13;6009;-9999;1;0;0;0;1;1
2000;13;13;6011;-9999;1;0;0;0;1;1
2000;13;1301;6101;-9999;1;0;0;0;1;1
2000;13;1301;6102;-9999;1;0;0;0;1;1
2000;13;1301;6103;-9999;1;0;0;0;1;1
2000;13;13;6106;-9999;1;0;0;0;1;1
2000;13;13;6108;-9999;1;0;0;0;1;1
2000;13;13;6110;-9999;1;0;0;0;1;1
2000;13;13;6111;-9999;1;0;0;0;1;1
2000;13;1301;6201;-9999;1;0;0;0;1;1
2000;13;1301;6203;-9999;1;0;0;0;1;1
2000;13;13;6204;-9999;1;0;0;0;1;1
2000;13;1301;6301;-9999;1;0;0;0;1;1
2000;13;1301;6302;-9999;1;0;0;0;1;1
2000;13;1301;6303;-9999;1;0;0;0;1;1
2000;13;1301;6305;-9999;1;0;0;0;1;1
2000;13;1301;6307;-9999;1;0;0;0;1;1
2000;13;13;6308;-9999;1;0;0;0;1;1
2000;13;13;6309;-9999;1;0;0;0;1;1
2000;13;1301;6401;-9999;1;0;0;0;1;1
2000;13;13;6402;-9999;1;0;0;0;1;1
2000;13;1301;6501;-9999;1;0;0;0;1;1
2000;13;1301;6503;-9999;1;0;0;0;1;1
2000;13;13;6504;-9999;1;0;0;0;1;1
2000;13;13;6506;-9999;1;0;0;0;1;1
2000;13;1301;6507;-9999;1;0;0;0;1;1
2000;13;13;6508;-9999;1;0;0;0;1;1
2000;13;1301;6601;-9999;1;0;0;0;1;1
2000;13;13;6602;-9999;1;0;0;0;1;1
2000;13;13;6603;-9999;1;0;0;0;1;1
2000;13;1301;6701;-9999;1;0;0;0;1;1
2000;13;1301;6702;-9999;1;0;0;0;1;1
2000;13;1301;6703;-9999;1;0;0;0;1;1
2000;13;13;6704;-9999;1;0;0;0;1;1
2000;13;13;6706;-9999;1;0;0;0;1;1
2000;13;13;6707;-9999;1;0;0;0;1;1
2000;13;1301;6801;-9999;1;0;0;0;1;1
2000;13;1301;6802;-9999;1;0;0;0;1;1
2000;13;1301;6803;-9999;1;0;0;0;1;1
2000;13;1301;6804;-9999;1;0;0;0;1;1
2000;13;1301;6901;-9999;1;0;0;0;1;1
2000;13;13;6902;-9999;1;0;0;0;1;1
2000;13;1301;7001;-9999;1;0;0;0;1;1
2000;13;1301;7002;-9999;1;0;0;0;1;1
2000;13;13;7003;-9999;1;0;0;0;1;1
2000;13;13;7004;-9999;1;0;0;0;1;1
2000;13;13;7005;-9999;1;0;0;0;1;1
2000;13;1301;7101;-9999;1;0;0;0;1;1
2000;13;13;7103;-9999;1;0;0;0;1;1
2000;13;1301;7106;-9999;1;0;0;0;1;1
2000;13;1301;7201;-9999;1;0;0;0;1;1
2000;13;13;7202;-9999;1;0;0;0;1;1
2000;13;1301;7301;-9999;1;0;0;0;1;1
2000;13;1301;7302;-9999;1;0;0;0;1;1
2000;13;13;7303;-9999;1;0;0;0;1;1
2000;13;13;7401;-9999;1;0;0;0;1;1
2000;13;1301;7402;-9999;1;0;0;0;1;1
2000;13;13;7403;-9999;1;0;0;0;1;1
2000;13;1301;7404;-9999;1;0;0;0;1;1
2000;13;1301;7501;-9999;1;0;0;0;1;1
2000;13;1301;7502;-9999;1;0;0;0;1;1
2000;13;13;7504;-9999;1;0;0;0;1;1
2000;15;15;2;-99;3;0;0;0;1;1
2000;15;15;3;-99;3;0;0;0;1;1
2000;15;15;7;-99;3;0;0;0;1;1
2000;15;15;8;-99;3;0;0;0;1;1
2000;15;15;12;-99;3;0;0;0;1;1
2000;15;15;13;-99;3;0;0;0;1;1
2000;52;52;1;-9999;1;0;0;0;1;1
2000;52;52;2;-9999;1;0;0;0;1;1
2000;52;52;3;-9999;1;0;0;0;1;1
2000;52;52;4;-9999;1;0;0;0;1;1
2000;52;52;5;-9999;1;0;0;0;1;1
2000;52;52;6;-9999;1;0;0;0;1;1
2000;52;52;7;-9999;1;0;0;0;1;1
2000;55;55;5;2000;1;1;0;0;1;1
2000;55;55;11;2000;3;1;0;0;1;1
2000;55;55;13;2000;3;1;0;0;1;1
2000;55;55;14;2000;1;1;0;0;1;1
2000;58;58;511;-9999;1;0;0;0;1;1
2000;58;58;521;-9999;1;0;0;0;1;1
2000;58;58;531;-9999;1;0;0;0;1;1
2000;58;58;541;-9999;1;0;0;0;1;1
2000;58;58;551;-9999;1;0;0;0;1;1
2000;58;58;561;-9999;1;0;0;0;1;1
2000;58;58;2029;-9999;1;0;0;0;1;1
2000;58;58;2102;-9999;1;0;0;0;1;1
2000;58;58;2103;-9999;1;0;0;0;1;1
2000;58;58;2161;-9999;1;0;0;0;1;1
2000;58;58;2163;-9999;1;0;0;0;1;1
2001;4;3004;304;1;1;1;0;0;1;1
2001;4;3004;305;1;1;1;0;0;1;1
2001;4;3004;306;1;1;1;0;0;1;1
2001;4;3004;306;1;2;1;0;0;1;1
2001;4;3004;307;1;1;1;0;0;1;1
2001;4;2804;801;-9999;1;0;0;0;1;1
2001;4;2804;801;-9999;2;0;0;0;1;1
2001;4;2804;801;-9999;3;0;0;0;1;1
2001;4;2804;801;-9999;4;0;0;0;1;1
2001;4;2804;801;-9999;5;0;0;0;1;1
2001;4;2804;802;-9999;1;0;0;0;1;1
2001;4;2804;802;-9999;2;0;0;0;1;1
2001;4;2804;802;-9999;3;0;0;0;1;1
2001;4;2804;802;-9999;4;0;0;0;1;1
2001;4;2804;802;-9999;5;0;0;0;1;1
2001;4;2804;803;-9999;1;0;0;0;1;1
2001;4;2804;803;-9999;2;0;0;0;1;1
2001;4;2804;803;-9999;3;0;0;0;1;1
2001;4;2804;803;-9999;4;0;0;0;1;1
2001;4;2804;803;-9999;5;0;0;0;1;1
2001;4;2804;804;-9999;1;0;0;0;1;1
2001;4;2804;804;-9999;2;0;0;0;1;1
2001;4;2804;804;-9999;3;0;0;0;1;1
2001;4;2804;804;-9999;4;0;0;0;1;1
2001;4;2804;804;-9999;5;0;0;0;1;1
2001;4;2804;805;-9999;1;0;0;0;1;1
2001;4;2804;805;-9999;2;0;0;0;1;1
2001;4;2804;805;-9999;3;0;0;0;1;1
2001;4;2804;805;-9999;4;0;0;0;1;1
2001;4;2804;805;-9999;5;0;0;0;1;1
2001;4;2804;806;-9999;1;0;0;0;1;1
2001;4;2804;806;-9999;2;0;0;0;1;1
2001;4;2804;806;-9999;3;0;0;0;1;1
2001;4;2804;806;-9999;4;0;0;0;1;1
2001;4;2804;806;-9999;5;0;0;0;1;1
2001;4;2804;808;-9999;1;0;0;0;1;1
2001;4;2804;808;-9999;2;0;0;0;1;1
2001;4;2804;808;-9999;3;0;0;0;1;1
2001;4;2804;808;-9999;4;0;0;0;1;1
2001;4;2804;808;-9999;5;0;0;0;1;1
2001;4;2804;809;-9999;1;0;0;0;1;1
2001;4;2804;809;-9999;2;0;0;0;1;1
2001;4;2804;809;-9999;3;0;0;0;1;1
2001;4;2804;809;-9999;4;0;0;0;1;1
2001;4;2804;809;-9999;5;0;0;0;1;1
2001;4;2804;810;-9999;1;0;0;0;1;1
2001;4;2804;810;-9999;2;0;0;0;1;1
2001;4;2804;810;-9999;3;0;0;0;1;1
2001;4;2804;810;-9999;4;0;0;0;1;1
2001;4;2804;810;-9999;5;0;0;0;1;1
2001;4;2804;811;-9999;1;0;0;0;1;1
2001;4;2804;811;-9999;2;0;0;0;1;1
2001;4;2804;811;-9999;3;0;0;0;1;1
2001;4;2804;811;-9999;4;0;0;0;1;1
2001;4;2804;811;-9999;5;0;0;0;1;1
2001;4;2904;901;-9999;1;0;0;0;1;1
2001;4;2904;906;-9999;2;0;0;0;1;1
2001;4;2904;908;-9999;3;0;0;0;1;1
2001;4;2904;911;-9999;4;0;0;0;1;1
2001;4;2904;913;-9999;5;0;0;0;1;1
2001;4;2904;919;-9999;6;0;0;0;1;1
2001;4;2704;1101;-9999;16;0;0;0;1;1
2001;4;2704;1102;-9999;16;0;0;0;1;1
2001;4;2704;1103;-9999;7;0;0;0;1;1
2001;4;2704;1201;-9999;1;0;0;0;1;1
2001;4;2704;1201;-9999;2;0;0;0;1;1
2001;4;2704;1202;-9999;1;0;0;0;1;1
2001;4;2704;1202;-9999;2;0;0;0;1;1
2001;4;2704;1203;-9999;1;0;0;0;1;1
2001;4;2704;1203;-9999;2;0;0;0;1;1
2001;4;2704;1204;-9999;1;0;0;0;1;1
2001;4;2704;1204;-9999;2;0;0;0;1;1
2001;4;2704;1205;-9999;1;0;0;0;1;1
2001;4;2704;1205;-9999;2;0;0;0;1;1
2001;4;2704;1206;-9999;1;0;0;0;1;1
2001;4;2704;1206;-9999;2;0;0;0;1;1
2001;4;3104;1302;-9999;10;0;0;0;1;1
2001;4;3104;1303;-9999;11;0;0;0;1;1
2001;4;3604;1401;11;1;1;0;0;1;1
2001;4;3604;1402;21;1;1;0;0;1;1
2001;4;3604;1402;26;1;1;0;0;1;1
2001;4;3604;1403;31;1;1;0;0;1;1
2001;4;3604;1403;36;1;1;0;0;1;1
2001;4;3604;1404;41;1;1;0;0;1;1
2001;4;3604;1404;46;1;1;0;0;1;1
2001;4;3604;1405;51;1;1;0;0;1;1
2001;4;3604;1405;56;1;1;0;0;1;1
2001;4;3604;1406;61;1;1;0;0;1;1
2001;4;3704;1605;-9999;51;0;0;0;1;1
2001;4;3704;1605;-9999;52;0;0;0;1;1
2001;4;3704;1606;-9999;61;0;0;0;1;1
2001;4;3704;1606;-9999;62;0;0;0;1;1
2001;4;3704;1607;-9999;71;0;0;0;1;1
2001;4;3704;1607;-9999;72;0;0;0;1;1
2001;4;3704;1608;-9999;81;0;0;0;1;1
2001;4;3704;1608;-9999;82;0;0;0;1;1
2001;4;3704;1609;-9999;91;0;0;0;1;1
2001;4;3704;1609;-9999;92;0;0;0;1;1
2001;5;5;1;-9999;1;0;0;0;1;1
2001;5;5;1;-9999;2;0;0;0;1;1
2001;5;5;1;-9999;3;0;0;0;1;1
2001;5;5;1;-9999;4;0;0;0;1;1
2001;5;5;3;-9999;1;0;0;0;1;1
2001;5;5;3;-9999;2;0;0;0;1;1
2001;5;5;3;-9999;3;0;0;0;1;1
2001;5;5;3;-9999;4;0;0;0;1;1
2001;5;5;4;-9999;1;0;0;0;1;1
2001;5;5;4;-9999;2;0;0;0;1;1
2001;5;5;4;-9999;3;0;0;0;1;1
2001;5;5;4;-9999;4;0;0;0;1;1
2001;5;5;5;-9999;1;0;0;0;1;1
2001;5;5;5;-9999;2;0;0;0;1;1
2001;5;5;5;-9999;3;0;0;0;1;1
2001;5;5;5;-9999;4;0;0;0;1;1
2001;5;5;7;-9999;1;0;0;0;1;1
2001;5;5;7;-9999;2;0;0;0;1;1
2001;5;5;7;-9999;3;0;0;0;1;1
2001;5;5;7;-9999;4;0;0;0;1;1
2001;5;5;9;-9999;1;0;0;0;1;1
2001;5;5;9;-9999;2;0;0;0;1;1
2001;5;5;9;-9999;3;0;0;0;1;1
2001;5;5;9;-9999;4;0;0;0;1;1
2001;5;5;10;-9999;3;0;0;0;1;1
2001;5;5;10;-9999;4;0;0;0;1;1
2001;5;5;11;-9999;1;0;0;0;1;1
2001;5;5;11;-9999;2;0;0;0;1;1
2001;5;5;11;-9999;3;0;0;0;1;1
2001;5;5;11;-9999;4;0;0;0;1;1
2001;5;5;16;-9999;1;0;0;0;1;1
2001;5;5;16;-9999;2;0;0;0;1;1
2001;5;5;16;-9999;3;0;0;0;1;1
2001;5;5;16;-9999;4;0;0;0;1;1
2001;5;5;19;-9999;3;0;0;0;1;1
2001;5;5;19;-9999;4;0;0;0;1;1
2001;5;5;20;-9999;1;0;0;0;1;1
2001;5;5;20;-9999;2;0;0;0;1;1
2001;5;5;20;-9999;3;0;0;0;1;1
2001;5;5;20;-9999;4;0;0;0;1;1
2001;6;6;512;1;1;1;0;0;1;1
2001;6;6;512;2;1;1;0;0;1;1
2001;6;6;512;3;1;1;0;0;1;1
2001;6;6;512;4;1;1;0;0;1;1
2001;6;6;512;5;1;1;0;0;1;1
2001;6;6;512;6;1;1;0;0;1;1
2001;6;6;512;7;1;1;0;0;1;1
2001;6;6;512;8;1;1;0;0;1;1
2001;6;6;512;9;1;1;0;0;1;1
2001;6;6;512;10;1;1;0;0;1;1
2001;6;6;516;11;1;1;0;0;1;1
2001;6;6;516;12;1;1;0;0;1;1
2001;6;6;516;13;1;1;0;0;1;1
2001;6;6;516;14;1;1;0;0;1;1
2001;6;6;516;15;1;1;0;0;1;1
2001;6;6;516;16;1;1;0;0;1;1
2001;6;6;516;17;1;1;0;0;1;1
2001;6;6;516;18;1;1;0;0;1;1
2001;6;6;516;19;1;1;0;0;1;1
2001;6;6;516;20;1;1;0;0;1;1
2001;6;6;517;21;1;1;0;0;1;1
2001;6;6;517;22;1;1;0;0;1;1
2001;6;6;517;23;1;1;0;0;1;1
2001;6;6;517;24;1;1;0;0;1;1
2001;6;6;517;25;1;1;0;0;1;1
2001;6;6;517;26;1;1;0;0;1;1
2001;6;6;517;27;1;1;0;0;1;1
2001;6;6;517;28;1;1;0;0;1;1
2001;6;6;517;29;1;1;0;0;1;1
2001;6;6;517;30;1;1;0;0;1;1
2001;6;6;715;31;1;1;0;0;1;1
2001;6;6;715;32;1;1;0;0;1;1
2001;6;6;715;33;1;1;0;0;1;1
2001;6;6;715;34;1;1;0;0;1;1
2001;6;6;715;35;1;1;0;0;1;1
2001;6;6;715;36;1;1;0;0;1;1
2001;6;6;715;37;1;1;0;0;1;1
2001;6;6;715;38;1;1;0;0;1;1
2001;6;6;715;39;1;1;0;0;1;1
2001;6;6;715;40;1;1;0;0;1;1
2001;6;6;716;41;1;1;0;0;1;1
2001;6;6;716;42;1;1;0;0;1;1
2001;6;6;716;43;1;1;0;0;1;1
2001;6;6;716;44;1;1;0;0;1;1
2001;6;6;716;45;1;1;0;0;1;1
2001;6;6;716;46;1;1;0;0;1;1
2001;6;6;716;47;1;1;0;0;1;1
2001;6;6;716;48;1;1;0;0;1;1
2001;6;6;716;49;1;1;0;0;1;1
2001;6;6;716;50;1;1;0;0;1;1
2001;6;6;717;51;1;1;0;0;1;1
2001;6;6;717;52;1;1;0;0;1;1
2001;6;6;717;53;1;1;0;0;1;1
2001;6;6;717;54;1;1;0;0;1;1
2001;6;6;717;55;1;1;0;0;1;1
2001;6;6;717;56;1;1;0;0;1;1
2001;6;6;717;57;1;1;0;0;1;1
2001;6;6;717;58;1;1;0;0;1;1
2001;6;6;717;59;1;1;0;0;1;1
2001;6;6;717;60;1;1;0;0;1;1
2001;6;6;919;61;1;1;0;0;1;1
2001;6;6;919;62;1;1;0;0;1;1
2001;6;6;919;63;1;1;0;0;1;1
2001;6;6;919;64;1;1;0;0;1;1
2001;6;6;919;65;1;1;0;0;1;1
2001;6;6;919;66;1;1;0;0;1;1
2001;6;6;919;67;1;1;0;0;1;1
2001;6;6;919;68;1;1;0;0;1;1
2001;6;6;919;69;1;1;0;0;1;1
2001;6;6;919;70;1;1;0;0;1;1
2001;6;6;920;71;1;1;0;0;1;1
2001;6;6;920;72;1;1;0;0;1;1
2001;6;6;920;73;1;1;0;0;1;1
2001;6;6;920;74;1;1;0;0;1;1
2001;6;6;920;75;1;1;0;0;1;1
2001;6;6;920;76;1;1;0;0;1;1
2001;6;6;920;77;1;1;0;0;1;1
2001;6;6;920;78;1;1;0;0;1;1
2001;6;6;920;79;1;1;0;0;1;1
2001;6;6;920;80;1;1;0;0;1;1
2001;6;6;921;81;1;1;0;0;1;1
2001;6;6;921;82;1;1;0;0;1;1
2001;6;6;921;83;1;1;0;0;1;1
2001;6;6;921;84;1;1;0;0;1;1
2001;6;6;921;85;1;1;0;0;1;1
2001;6;6;921;86;1;1;0;0;1;1
2001;6;6;921;87;1;1;0;0;1;1
2001;6;6;921;88;1;1;0;0;1;1
2001;6;6;921;89;1;1;0;0;1;1
2001;6;6;921;90;1;1;0;0;1;1
2001;6;6;922;91;1;1;0;0;1;1
2001;6;6;922;92;1;1;0;0;1;1
2001;6;6;922;93;1;1;0;0;1;1
2001;6;6;922;94;1;1;0;0;1;1
2001;6;6;922;95;1;1;0;0;1;1
2001;6;6;922;96;1;1;0;0;1;1
2001;6;6;922;97;1;1;0;0;1;1
2001;6;6;922;98;1;1;0;0;1;1
2001;6;6;922;99;1;1;0;0;1;1
2001;6;6;922;100;1;1;0;0;1;1
2001;10;10;1;-9999;1;0;0;0;1;1
2001;10;10;1;-9999;2;0;0;0;1;1
2001;10;10;2;-9999;1;0;0;0;1;1
2001;10;10;2;-9999;2;0;0;0;1;1
2001;10;10;3;-9999;1;0;0;0;1;1
2001;10;10;3;-9999;2;0;0;0;1;1
2001;10;10;3;-9999;3;0;0;0;1;1
2001;10;10;3;-9999;4;0;0;0;1;1
2001;10;10;4;-9999;1;0;0;0;1;1
2001;10;10;4;-9999;2;0;0;0;1;1
2001;10;10;4;-9999;3;0;0;0;1;1
2001;10;10;4;-9999;4;0;0;0;1;1
2001;10;10;9;-9999;1;0;0;0;1;1
2001;10;10;9;-9999;2;0;0;0;1;1
2001;10;10;9;-9999;3;0;0;0;1;1
2001;10;10;9;-9999;4;0;0;0;1;1
2001;10;10;10;-9999;1;0;0;0;1;1
2001;10;10;10;-9999;2;0;0;0;1;1
2001;10;10;10;-9999;3;0;0;0;1;1
2001;10;10;10;-9999;4;0;0;0;1;1
2001;10;10;11;-9999;1;0;0;0;1;1
2001;10;10;11;-9999;2;0;0;0;1;1
2001;10;10;11;-9999;3;0;0;0;1;1
2001;10;10;11;-9999;4;0;0;0;1;1
2001;10;10;13;-9999;1;0;0;0;1;1
2001;10;10;13;-9999;2;0;0;0;1;1
2001;10;10;13;-9999;3;0;0;0;1;1
2001;10;10;13;-9999;4;0;0;0;1;1
2001;14;14;1;-9999;1;0;0;0;1;1
2001;14;14;1;-9999;2;0;0;0;1;1
2001;14;14;1;-9999;3;0;0;0;1;1
2001;14;14;1;-9999;4;0;0;0;1;1
2001;14;14;2;-9999;1;0;0;0;1;1
2001;14;14;2;-9999;2;0;0;0;1;1
2001;14;14;2;-9999;3;0;0;0;1;1
2001;14;14;2;-9999;4;0;0;0;1;1
2001;14;14;3;-9999;1;0;0;0;1;1
2001;14;14;3;-9999;2;0;0;0;1;1
2001;14;14;4;-9999;1;0;0;0;1;1
2001;14;14;4;-9999;2;0;0;0;1;1
2001;14;14;5;-9999;1;0;0;0;1;1
2001;14;14;5;-9999;2;0;0;0;1;1
2001;14;14;6;-9999;1;0;0;0;1;1
2001;14;14;6;-9999;2;0;0;0;1;1
2001;14;14;6;-9999;3;0;0;0;1;1
2001;14;14;6;-9999;4;0;0;0;1;1
2001;14;14;7;-9999;1;0;0;0;1;1
2001;14;14;7;-9999;2;0;0;0;1;1
2001;14;14;7;-9999;3;0;0;0;1;1
2001;14;14;7;-9999;4;0;0;0;1;1
2001;14;14;8;-9999;1;0;0;0;1;1
2001;14;14;8;-9999;2;0;0;0;1;1
2001;14;14;9;-9999;1;0;0;0;1;1
2001;14;14;9;-9999;2;0;0;0;1;1
2001;14;14;9;-9999;3;0;0;0;1;1
2001;14;14;9;-9999;4;0;0;0;1;1
2001;14;14;10;-9999;1;0;0;0;1;1
2001;14;14;10;-9999;2;0;0;0;1;1
2001;14;14;11;-9999;1;0;0;0;1;1
2001;14;14;11;-9999;2;0;0;0;1;1
2001;14;14;12;-9999;1;0;0;0;1;1
2001;14;14;12;-9999;2;0;0;0;1;1
2001;14;14;13;-9999;2;0;0;0;1;1
2001;14;14;13;-9999;3;0;0;0;1;1
2001;14;14;13;-9999;4;0;0;0;1;1
2001;14;14;14;-9999;1;0;0;0;1;1
2001;14;14;14;-9999;2;0;0;0;1;1
2001;14;14;14;-9999;3;0;0;0;1;1
2001;14;14;14;-9999;4;0;0;0;1;1
2001;14;14;15;-9999;1;0;0;0;1;1
2001;14;14;15;-9999;2;0;0;0;1;1
2001;14;14;15;-9999;3;0;0;0;1;1
2001;14;14;15;-9999;4;0;0;0;1;1
2001;14;14;16;-9999;1;0;0;0;1;1
2001;14;14;16;-9999;2;0;0;0;1;1
2001;14;14;17;-9999;1;0;0;0;1;1
2001;14;14;17;-9999;2;0;0;0;1;1
2001;14;14;17;-9999;3;0;0;0;1;1
2001;14;14;17;-9999;4;0;0;0;1;1
2001;14;14;18;-9999;1;0;0;0;1;1
2001;14;14;18;-9999;2;0;0;0;1;1
2001;14;14;18;-9999;3;0;0;0;1;1
2001;14;14;18;-9999;4;0;0;0;1;1
2001;14;14;19;-9999;1;0;0;0;1;1
2001;14;14;19;-9999;2;0;0;0;1;1
2001;14;14;20;-9999;1;0;0;0;1;1
2001;14;14;20;-9999;2;0;0;0;1;1
2001;15;15;2;-99;4;0;0;0;1;1
2001;15;15;3;-99;4;0;0;0;1;1
2001;15;15;7;-99;4;0;0;0;1;1
2001;15;15;8;-99;4;0;0;0;1;1
2001;15;15;12;-99;4;0;0;0;1;1
2001;15;15;13;-99;4;0;0;0;1;1
2001;50;50;1;1;1;1;0;1;1;1
2001;50;50;1;2;1;1;0;1;1;1
2001;50;50;1;4;1;1;0;1;1;1
2001;50;50;1;5;1;1;0;1;1;1
2001;50;50;1;6;1;1;0;1;1;1
2001;50;50;1;7;1;1;0;1;1;1
2001;50;50;1;8;1;1;0;1;1;1
2001;50;50;1;9;1;1;0;1;1;1
2001;50;50;1;10;1;1;0;1;1;1
2001;50;50;1;11;1;1;0;1;1;1
2001;50;50;1;12;1;1;0;1;1;1
2001;50;50;1;13;1;1;0;1;1;1
2001;50;50;1;14;1;1;0;1;1;1
2001;50;50;1;15;1;1;0;1;1;1
2001;50;50;1;16;1;1;0;1;1;1
2001;50;50;1;17;1;1;0;1;1;1
2001;50;50;1;18;1;1;0;1;1;1
2001;50;50;1;19;1;1;0;1;1;1
2001;50;50;1;20;1;1;0;1;1;1
2001;50;50;2;1;1;1;0;1;1;1
2001;50;50;2;2;1;1;0;1;1;1
2001;50;50;2;4;1;1;0;1;1;1
2001;50;50;2;5;1;1;0;1;1;1
2001;50;50;2;6;1;1;0;1;1;1
2001;50;50;2;7;1;1;0;1;1;1
2001;50;50;2;8;1;1;0;1;1;1
2001;50;50;2;9;1;1;0;1;1;1
2001;50;50;2;10;1;1;0;1;1;1
2001;50;50;2;11;1;1;0;1;1;1
2001;50;50;2;12;1;1;0;1;1;1
2001;50;50;2;13;1;1;0;1;1;1
2001;50;50;2;14;1;1;0;1;1;1
2001;50;50;2;15;1;1;0;1;1;1
2001;50;50;2;16;1;1;0;1;1;1
2001;50;50;2;17;1;1;0;1;1;1
2001;50;50;2;18;1;1;0;1;1;1
2001;50;50;2;19;1;1;0;1;1;1
2001;50;50;2;20;1;1;0;1;1;1
2001;50;50;3;1;1;1;0;1;1;1
2001;50;50;3;2;1;1;0;1;1;1
2001;50;50;3;4;1;1;0;1;1;1
2001;50;50;3;5;1;1;0;1;1;1
2001;50;50;3;6;1;1;0;1;1;1
2001;50;50;3;7;1;1;0;1;1;1
2001;50;50;3;8;1;1;0;1;1;1
2001;50;50;3;9;1;1;0;1;1;1
2001;50;50;3;10;1;1;0;1;1;1
2001;50;50;3;11;1;1;0;1;1;1
2001;50;50;3;12;1;1;0;1;1;1
2001;50;50;3;13;1;1;0;1;1;1
2001;50;50;3;14;1;1;0;1;1;1
2001;50;50;3;15;1;1;0;1;1;1
2001;50;50;3;16;1;1;0;1;1;1
2001;50;50;3;17;1;1;0;1;1;1
2001;50;50;3;18;1;1;0;1;1;1
2001;50;50;3;19;1;1;0;1;1;1
2001;50;50;3;20;1;1;0;1;1;1
2001;50;50;4;1;1;1;0;1;1;1
2001;50;50;4;2;1;1;0;1;1;1
2001;50;50;4;4;1;1;0;1;1;1
2001;50;50;4;5;1;1;0;1;1;1
2001;50;50;4;6;1;1;0;1;1;1
2001;50;50;4;7;1;1;0;1;1;1
2001;50;50;4;8;1;1;0;1;1;1
2001;50;50;4;9;1;1;0;1;1;1
2001;50;50;4;10;1;1;0;1;1;1
2001;50;50;4;11;1;1;0;1;1;1
2001;50;50;4;12;1;1;0;1;1;1
2001;50;50;4;13;1;1;0;1;1;1
2001;50;50;4;14;1;1;0;1;1;1
2001;50;50;4;15;1;1;0;1;1;1
2001;50;50;4;16;1;1;0;1;1;1
2001;50;50;4;17;1;1;0;1;1;1
2001;50;50;4;18;1;1;0;1;1;1
2001;50;50;4;19;1;1;0;1;1;1
2001;50;50;4;20;1;1;0;1;1;1
2001;50;50;5;1;1;1;0;1;1;1
2001;50;50;5;2;1;1;0;1;1;1
2001;50;50;5;4;1;1;0;1;1;1
2001;50;50;5;5;1;1;0;1;1;1
2001;50;50;5;6;1;1;0;1;1;1
2001;50;50;5;7;1;1;0;1;1;1
2001;50;50;5;8;1;1;0;1;1;1
2001;50;50;5;9;1;1;0;1;1;1
2001;50;50;5;10;1;1;0;1;1;1
2001;50;50;5;11;1;1;0;1;1;1
2001;50;50;5;12;1;1;0;1;1;1
2001;50;50;5;13;1;1;0;1;1;1
2001;50;50;5;14;1;1;0;1;1;1
2001;50;50;5;15;1;1;0;1;1;1
2001;50;50;5;16;1;1;0;1;1;1
2001;50;50;5;17;1;1;0;1;1;1
2001;50;50;5;18;1;1;0;1;1;1
2001;50;50;5;19;1;1;0;1;1;1
2001;50;50;5;20;1;1;0;1;1;1
2001;50;50;6;1;1;1;0;1;1;1
2001;50;50;6;2;1;1;0;1;1;1
2001;50;50;6;4;1;1;0;1;1;1
2001;50;50;6;5;1;1;0;1;1;1
2001;50;50;6;6;1;1;0;1;1;1
2001;50;50;6;7;1;1;0;1;1;1
2001;50;50;6;8;1;1;0;1;1;1
2001;50;50;6;9;1;1;0;1;1;1
2001;50;50;6;10;1;1;0;1;1;1
2001;50;50;6;11;1;1;0;1;1;1
2001;50;50;6;12;1;1;0;1;1;1
2001;50;50;6;13;1;1;0;1;1;1
2001;50;50;6;14;1;1;0;1;1;1
2001;50;50;6;15;1;1;0;1;1;1
2001;50;50;6;16;1;1;0;1;1;1
2001;50;50;6;17;1;1;0;1;1;1
2001;50;50;6;18;1;1;0;1;1;1
2001;50;50;6;19;1;1;0;1;1;1
2001;50;50;6;20;1;1;0;1;1;1
2001;50;50;7;1;1;1;0;1;1;1
2001;50;50;7;1;2;1;0;1;1;1
2001;50;50;7;2;1;1;0;1;1;1
2001;50;50;7;2;2;1;0;1;1;1
2001;50;50;7;4;1;1;0;1;1;1
2001;50;50;7;4;2;1;0;1;1;1
2001;50;50;7;5;1;1;0;1;1;1
2001;50;50;7;5;2;1;0;1;1;1
2001;50;50;7;6;1;1;0;1;1;1
2001;50;50;7;6;2;1;0;1;1;1
2001;50;50;7;8;1;1;0;1;1;1
2001;50;50;7;8;2;1;0;1;1;1
2001;50;50;7;9;1;1;0;1;1;1
2001;50;50;7;9;2;1;0;1;1;1
2001;50;50;7;10;1;1;0;1;1;1
2001;50;50;7;10;2;1;0;1;1;1
2001;50;50;7;11;1;1;0;1;1;1
2001;50;50;7;11;2;1;0;1;1;1
2001;50;50;7;12;1;1;0;1;1;1
2001;50;50;7;12;2;1;0;1;1;1
2001;50;50;7;13;1;1;0;1;1;1
2001;50;50;7;13;2;1;0;1;1;1
2001;50;50;7;14;1;1;0;1;1;1
2001;50;50;7;14;2;1;0;1;1;1
2001;50;50;7;15;1;1;0;1;1;1
2001;50;50;7;15;2;1;0;1;1;1
2001;50;50;7;16;1;1;0;1;1;1
2001;50;50;7;16;2;1;0;1;1;1
2001;50;50;7;17;1;1;0;1;1;1
2001;50;50;7;17;2;1;0;1;1;1
2001;50;50;7;18;1;1;0;1;1;1
2001;50;50;7;18;2;1;0;1;1;1
2001;50;50;7;19;1;1;0;1;1;1
2001;50;50;7;19;2;1;0;1;1;1
2001;50;50;7;20;1;1;0;1;1;1
2001;50;50;7;20;2;1;0;1;1;1
2001;50;50;7;21;1;1;0;1;1;1
2001;50;50;7;21;2;1;0;1;1;1
2001;50;50;7;22;1;1;0;1;1;1
2001;50;50;7;22;2;1;0;1;1;1
2001;50;50;7;23;1;1;0;1;1;1
2001;50;50;7;23;2;1;0;1;1;1
2001;50;50;7;24;1;1;0;1;1;1
2001;50;50;7;24;2;1;0;1;1;1
2001;50;50;8;1;1;1;0;1;1;1
2001;50;50;8;2;1;1;0;1;1;1
2001;50;50;8;4;1;1;0;1;1;1
2001;50;50;8;5;1;1;0;1;1;1
2001;50;50;8;6;1;1;0;1;1;1
2001;50;50;8;8;1;1;0;1;1;1
2001;50;50;8;9;1;1;0;1;1;1
2001;50;50;8;10;1;1;0;1;1;1
2001;50;50;8;11;1;1;0;1;1;1
2001;50;50;8;12;1;1;0;1;1;1
2001;50;50;8;13;1;1;0;1;1;1
2001;50;50;8;14;1;1;0;1;1;1
2001;50;50;8;15;1;1;0;1;1;1
2001;50;50;8;16;1;1;0;1;1;1
2001;50;50;8;17;1;1;0;1;1;1
2001;50;50;8;18;1;1;0;1;1;1
2001;50;50;8;19;1;1;0;1;1;1
2001;50;50;8;20;1;1;0;1;1;1
2001;50;50;8;21;1;1;0;1;1;1
2001;50;50;8;22;1;1;0;1;1;1
2001;50;50;8;23;1;1;0;1;1;1
2001;50;50;8;24;1;1;0;1;1;1
2001;50;50;9;1;1;1;0;1;1;1
2001;50;50;9;2;1;1;0;1;1;1
2001;50;50;9;4;1;1;0;1;1;1
2001;50;50;9;5;1;1;0;1;1;1
2001;50;50;9;6;1;1;0;1;1;1
2001;50;50;9;7;1;1;0;1;1;1
2001;50;50;9;8;1;1;0;1;1;1
2001;50;50;9;9;1;1;0;1;1;1
2001;50;50;9;10;1;1;0;1;1;1
2001;50;50;9;11;1;1;0;1;1;1
2001;50;50;9;12;1;1;0;1;1;1
2001;50;50;9;13;1;1;0;1;1;1
2001;50;50;9;14;1;1;0;1;1;1
2001;50;50;9;15;1;1;0;1;1;1
2001;50;50;9;16;1;1;0;1;1;1
2001;50;50;9;17;1;1;0;1;1;1
2001;50;50;9;18;1;1;0;1;1;1
2001;50;50;9;19;1;1;0;1;1;1
2001;50;50;9;20;1;1;0;1;1;1
2001;50;50;10;1;1;1;0;1;1;1
2001;50;50;10;2;1;1;0;1;1;1
2001;50;50;10;4;1;1;0;1;1;1
2001;50;50;10;5;1;1;0;1;1;1
2001;50;50;10;6;1;1;0;1;1;1
2001;50;50;10;7;1;1;0;1;1;1
2001;50;50;10;8;1;1;0;1;1;1
2001;50;50;10;9;1;1;0;1;1;1
2001;50;50;10;10;1;1;0;1;1;1
2001;50;50;10;11;1;1;0;1;1;1
2001;50;50;10;12;1;1;0;1;1;1
2001;50;50;10;13;1;1;0;1;1;1
2001;50;50;10;14;1;1;0;1;1;1
2001;50;50;10;15;1;1;0;1;1;1
2001;50;50;10;16;1;1;0;1;1;1
2001;50;50;10;17;1;1;0;1;1;1
2001;50;50;10;18;1;1;0;1;1;1
2001;50;50;10;19;1;1;0;1;1;1
2001;50;50;10;20;1;1;0;1;1;1
2001;50;50;11;1;1;1;0;1;1;1
2001;50;50;11;2;1;1;0;1;1;1
2001;50;50;11;4;1;1;0;1;1;1
2001;50;50;11;5;1;1;0;1;1;1
2001;50;50;11;6;1;1;0;1;1;1
2001;50;50;11;7;1;1;0;1;1;1
2001;50;50;11;8;1;1;0;1;1;1
2001;50;50;11;9;1;1;0;1;1;1
2001;50;50;11;10;1;1;0;1;1;1
2001;50;50;11;11;1;1;0;1;1;1
2001;50;50;11;12;1;1;0;1;1;1
2001;50;50;11;13;1;1;0;1;1;1
2001;50;50;11;14;1;1;0;1;1;1
2001;50;50;11;15;1;1;0;1;1;1
2001;50;50;11;16;1;1;0;1;1;1
2001;50;50;11;17;1;1;0;1;1;1
2001;50;50;11;18;1;1;0;1;1;1
2001;50;50;11;19;1;1;0;1;1;1
2001;50;50;11;20;1;1;0;1;1;1
2001;50;50;12;1;1;1;0;1;1;1
2001;50;50;12;2;1;1;0;1;1;1
2001;50;50;12;4;1;1;0;1;1;1
2001;50;50;12;5;1;1;0;1;1;1
2001;50;50;12;6;1;1;0;1;1;1
2001;50;50;12;7;1;1;0;1;1;1
2001;50;50;12;8;1;1;0;1;1;1
2001;50;50;12;9;1;1;0;1;1;1
2001;50;50;12;10;1;1;0;1;1;1
2001;50;50;12;11;1;1;0;1;1;1
2001;50;50;12;12;1;1;0;1;1;1
2001;50;50;12;13;1;1;0;1;1;1
2001;50;50;12;14;1;1;0;1;1;1
2001;50;50;12;15;1;1;0;1;1;1
2001;50;50;12;16;1;1;0;1;1;1
2001;50;50;12;17;1;1;0;1;1;1
2001;50;50;12;18;1;1;0;1;1;1
2001;50;50;12;19;1;1;0;1;1;1
2001;50;50;12;20;1;1;0;1;1;1
2001;50;50;13;1;1;1;0;1;1;1
2001;50;50;13;2;1;1;0;1;1;1
2001;50;50;13;4;1;1;0;1;1;1
2001;50;50;13;5;1;1;0;1;1;1
2001;50;50;13;6;1;1;0;1;1;1
2001;50;50;13;8;1;1;0;1;1;1
2001;50;50;13;9;1;1;0;1;1;1
2001;50;50;13;10;1;1;0;1;1;1
2001;50;50;13;11;1;1;0;1;1;1
2001;50;50;13;12;1;1;0;1;1;1
2001;50;50;13;13;1;1;0;1;1;1
2001;50;50;13;14;1;1;0;1;1;1
2001;50;50;13;15;1;1;0;1;1;1
2001;50;50;13;16;1;1;0;1;1;1
2001;50;50;13;17;1;1;0;1;1;1
2001;50;50;13;18;1;1;0;1;1;1
2001;50;50;13;19;1;1;0;1;1;1
2001;50;50;13;20;1;1;0;1;1;1
2001;50;50;13;21;1;1;0;1;1;1
2001;50;50;13;22;1;1;0;1;1;1
2001;50;50;13;23;1;1;0;1;1;1
2001;50;50;13;24;1;1;0;1;1;1
2001;50;50;14;1;1;1;0;1;1;1
2001;50;50;14;2;1;1;0;1;1;1
2001;50;50;14;4;1;1;0;1;1;1
2001;50;50;14;5;1;1;0;1;1;1
2001;50;50;14;6;1;1;0;1;1;1
2001;50;50;14;7;1;1;0;1;1;1
2001;50;50;14;8;1;1;0;1;1;1
2001;50;50;14;9;1;1;0;1;1;1
2001;50;50;14;10;1;1;0;1;1;1
2001;50;50;14;11;1;1;0;1;1;1
2001;50;50;14;12;1;1;0;1;1;1
2001;50;50;14;13;1;1;0;1;1;1
2001;50;50;14;14;1;1;0;1;1;1
2001;50;50;14;15;1;1;0;1;1;1
2001;50;50;14;16;1;1;0;1;1;1
2001;50;50;14;17;1;1;0;1;1;1
2001;50;50;14;18;1;1;0;1;1;1
2001;50;50;14;19;1;1;0;1;1;1
2001;50;50;14;20;1;1;0;1;1;1
2001;50;50;15;1;1;1;0;1;1;1
2001;50;50;15;2;1;1;0;1;1;1
2001;50;50;15;4;1;1;0;1;1;1
2001;50;50;15;5;1;1;0;1;1;1
2001;50;50;15;6;1;1;0;1;1;1
2001;50;50;15;7;1;1;0;1;1;1
2001;50;50;15;8;1;1;0;1;1;1
2001;50;50;15;9;1;1;0;1;1;1
2001;50;50;15;10;1;1;0;1;1;1
2001;50;50;15;11;1;1;0;1;1;1
2001;50;50;15;12;1;1;0;1;1;1
2001;50;50;15;13;1;1;0;1;1;1
2001;50;50;15;14;1;1;0;1;1;1
2001;50;50;15;15;1;1;0;1;1;1
2001;50;50;15;16;1;1;0;1;1;1
2001;50;50;15;17;1;1;0;1;1;1
2001;50;50;15;18;1;1;0;1;1;1
2001;50;50;15;19;1;1;0;1;1;1
2001;50;50;15;20;1;1;0;1;1;1
2001;50;50;16;1;1;1;0;1;1;1
2001;50;50;16;1;2;1;0;1;1;1
2001;50;50;16;2;1;1;0;1;1;1
2001;50;50;16;2;2;1;0;1;1;1
2001;50;50;16;4;1;1;0;1;1;1
2001;50;50;16;4;2;1;0;1;1;1
2001;50;50;16;5;1;1;0;1;1;1
2001;50;50;16;5;2;1;0;1;1;1
2001;50;50;16;6;1;1;0;1;1;1
2001;50;50;16;6;2;1;0;1;1;1
2001;50;50;16;8;1;1;0;1;1;1
2001;50;50;16;8;2;1;0;1;1;1
2001;50;50;16;9;1;1;0;1;1;1
2001;50;50;16;9;2;1;0;1;1;1
2001;50;50;16;10;1;1;0;1;1;1
2001;50;50;16;10;2;1;0;1;1;1
2001;50;50;16;11;1;1;0;1;1;1
2001;50;50;16;11;2;1;0;1;1;1
2001;50;50;16;12;1;1;0;1;1;1
2001;50;50;16;12;2;1;0;1;1;1
2001;50;50;16;13;1;1;0;1;1;1
2001;50;50;16;13;2;1;0;1;1;1
2001;50;50;16;14;1;1;0;1;1;1
2001;50;50;16;14;2;1;0;1;1;1
2001;50;50;16;15;1;1;0;1;1;1
2001;50;50;16;15;2;1;0;1;1;1
2001;50;50;16;16;1;1;0;1;1;1
2001;50;50;16;16;2;1;0;1;1;1
2001;50;50;16;17;1;1;0;1;1;1
2001;50;50;16;17;2;1;0;1;1;1
2001;50;50;16;18;1;1;0;1;1;1
2001;50;50;16;18;2;1;0;1;1;1
2001;50;50;16;19;1;1;0;1;1;1
2001;50;50;16;19;2;1;0;1;1;1
2001;50;50;16;20;1;1;0;1;1;1
2001;50;50;16;20;2;1;0;1;1;1
2001;50;50;16;21;1;1;0;1;1;1
2001;50;50;16;21;2;1;0;1;1;1
2001;50;50;16;22;1;1;0;1;1;1
2001;50;50;16;22;2;1;0;1;1;1
2001;50;50;16;23;1;1;0;1;1;1
2001;50;50;16;23;2;1;0;1;1;1
2001;50;50;16;24;1;1;0;1;1;1
2001;50;50;16;24;2;1;0;1;1;1
2001;51;51;1;-9999;1;0;0;0;1;1
2001;51;51;1;-9999;2;0;0;0;1;1
2001;51;51;1;-9999;3;0;0;0;1;1
2001;51;51;1;-9999;4;0;0;0;1;1
2001;51;51;2;-9999;1;0;0;0;1;1
2001;51;51;2;-9999;2;0;0;0;1;1
2001;51;51;2;-9999;3;0;0;0;1;1
2001;51;51;2;-9999;4;0;0;0;1;1
2001;51;51;3;-9999;1;0;0;0;1;1
2001;51;51;3;-9999;2;0;0;0;1;1
2001;51;51;3;-9999;3;0;0;0;1;1
2001;51;51;3;-9999;4;0;0;0;1;1
2001;51;51;6;-9999;1;0;0;0;1;1
2001;51;51;6;-9999;2;0;0;0;1;1
2001;51;51;8;-9999;1;0;0;0;1;1
2001;51;51;8;-9999;2;0;0;0;1;1
2001;51;51;8;-9999;3;0;0;0;1;1
2001;51;51;8;-9999;4;0;0;0;1;1
2001;51;51;9;-9999;1;0;0;0;1;1
2001;51;51;9;-9999;2;0;0;0;1;1
2001;51;51;9;-9999;3;0;0;0;1;1
2001;51;51;9;-9999;4;0;0;0;1;1
2001;51;51;10;-9999;1;0;0;0;1;1
2001;51;51;10;-9999;2;0;0;0;1;1
2001;51;51;10;-9999;3;0;0;0;1;1
2001;51;51;10;-9999;4;0;0;0;1;1
2001;51;51;11;-9999;1;0;0;0;1;1
2001;51;51;11;-9999;2;0;0;0;1;1
2001;51;51;11;-9999;3;0;0;0;1;1
2001;51;51;11;-9999;4;0;0;0;1;1
2001;51;51;12;-9999;1;0;0;0;1;1
2001;51;51;12;-9999;2;0;0;0;1;1
2001;51;51;12;-9999;3;0;0;0;1;1
2001;51;51;12;-9999;4;0;0;0;1;1
2001;51;51;13;-9999;1;0;0;0;1;1
2001;51;51;13;-9999;2;0;0;0;1;1
2001;51;51;13;-9999;3;0;0;0;1;1
2001;51;51;13;-9999;4;0;0;0;1;1
2001;51;51;14;-9999;1;0;0;0;1;1
2001;51;51;14;-9999;2;0;0;0;1;1
2001;51;51;15;-9999;1;0;0;0;1;1
2001;51;51;15;-9999;2;0;0;0;1;1
2001;51;51;16;-9999;1;0;0;0;1;1
2001;51;51;16;-9999;2;0;0;0;1;1
2001;51;51;17;-9999;1;0;0;0;1;1
2001;51;51;17;-9999;2;0;0;0;1;1
2001;51;51;17;-9999;3;0;0;0;1;1
2001;51;51;17;-9999;4;0;0;0;1;1
2001;51;51;18;-9999;1;0;0;0;1;1
2001;51;51;18;-9999;2;0;0;0;1;1
2001;59;59;1;-9999;1;0;0;0;1;1
2001;59;59;2;-9999;1;0;0;0;1;1
2001;59;59;3;-9999;1;0;0;0;1;1
2001;59;59;5;-9999;1;0;0;0;1;1
2001;59;59;6;-9999;1;0;0;0;1;1
2001;59;59;7;-9999;1;0;0;0;1;1
2002;2;102;11;113;1;1;0;1;1;1
2002;2;102;11;114;1;1;0;1;1;1
2002;2;102;11;115;1;1;0;1;1;1
2002;2;102;12;121;1;1;0;1;1;1
2002;2;102;12;122;1;1;0;1;1;1
2002;2;102;13;131;1;1;0;1;1;1
2002;2;102;14;141;1;1;0;1;1;1
2002;2;102;14;142;1;1;0;1;1;1
2002;2;102;15;152;1;1;0;1;1;1
2002;2;102;15;153;1;1;0;1;1;1
2002;2;102;16;161;1;1;0;1;1;1
2002;2;102;16;162;1;1;0;1;1;1
2002;2;102;18;181;1;1;0;1;1;1
2002;2;102;18;182;1;1;0;1;1;1
2002;2;102;19;191;1;1;0;1;1;1
2002;2;102;19;192;1;1;0;1;1;1
2002;2;102;20;201;1;1;0;1;1;1
2002;2;102;20;202;1;1;0;1;1;1
2002;2;102;21;211;1;1;0;1;1;1
2002;2;102;21;212;1;1;0;1;1;1
2002;2;102;22;221;1;1;0;1;1;1
2002;2;102;22;222;1;1;0;1;1;1
2002;4;3004;301;1;1;1;0;0;1;1
2002;4;3004;302;1;1;1;0;0;1;1
2002;4;3004;303;1;1;1;0;0;1;1
2002;4;3004;304;1;1;1;0;0;1;1
2002;4;3004;305;1;1;1;0;0;1;1
2002;4;3004;306;1;1;1;0;0;1;1
2002;4;3004;306;1;2;1;0;0;1;1
2002;4;3004;307;1;1;1;0;0;1;1
2002;4;2904;901;-9999;1;1;0;0;1;1
2002;4;2904;906;-9999;2;1;0;0;1;1
2002;4;2904;908;-9999;3;1;0;0;1;1
2002;4;2904;911;-9999;4;1;0;0;1;1
2002;4;2904;913;-9999;5;1;0;0;1;1
2002;4;2904;919;-9999;6;1;0;0;1;1
2002;4;2704;1201;-9999;1;1;0;0;1;1
2002;4;2704;1201;-9999;2;1;0;0;1;1
2002;4;2704;1202;-9999;1;1;0;0;1;1
2002;4;2704;1202;-9999;2;1;0;0;1;1
2002;4;2704;1203;-9999;1;1;0;0;1;1
2002;4;2704;1203;-9999;2;1;0;0;1;1
2002;4;2704;1204;-9999;1;1;0;0;1;1
2002;4;2704;1204;-9999;2;1;0;0;1;1
2002;4;2704;1205;-9999;1;1;0;0;1;1
2002;4;2704;1205;-9999;2;1;0;0;1;1
2002;4;2704;1206;-9999;1;1;0;0;1;1
2002;4;2704;1206;-9999;2;1;0;0;1;1
2002;4;3104;1302;-9999;1;0;0;0;1;1
2002;4;3104;1303;-9999;1;0;0;0;1;1
2002;4;3604;1401;11;1;1;0;0;1;1
2002;4;3604;1402;21;1;1;0;0;1;1
2002;4;3604;1402;26;1;1;0;0;1;1
2002;4;3604;1403;31;1;1;0;0;1;1
2002;4;3604;1403;36;1;1;0;0;1;1
2002;4;3604;1404;41;1;1;0;0;1;1
2002;4;3604;1404;46;1;1;0;0;1;1
2002;4;3604;1405;51;1;1;0;0;1;1
2002;4;3604;1405;56;1;1;0;0;1;1
2002;4;3604;1406;61;1;1;0;0;1;1
2002;5;5;1;-9999;3;0;0;0;1;1
2002;5;5;1;-9999;4;0;0;0;1;1
2002;5;5;3;-9999;3;0;0;0;1;1
2002;5;5;3;-9999;4;0;0;0;1;1
2002;5;5;4;-9999;3;0;0;0;1;1
2002;5;5;4;-9999;4;0;0;0;1;1
2002;5;5;5;-9999;3;0;0;0;1;1
2002;5;5;5;-9999;4;0;0;0;1;1
2002;5;5;7;-9999;3;0;0;0;1;1
2002;5;5;7;-9999;4;0;0;0;1;1
2002;5;5;9;-9999;3;0;0;0;1;1
2002;5;5;9;-9999;4;0;0;0;1;1
2002;5;5;10;-9999;3;0;0;0;1;1
2002;5;5;10;-9999;4;0;0;0;1;1
2002;5;5;11;-9999;3;0;0;0;1;1
2002;5;5;11;-9999;4;0;0;0;1;1
2002;5;5;14;-9999;3;0;0;0;1;1
2002;5;5;14;-9999;4;0;0;0;1;1
2002;5;5;16;-9999;3;0;0;0;1;1
2002;5;5;16;-9999;4;0;0;0;1;1
2002;5;5;19;-9999;3;0;0;0;1;1
2002;5;5;19;-9999;4;0;0;0;1;1
2002;5;5;20;-9999;3;0;0;0;1;1
2002;5;5;20;-9999;4;0;0;0;1;1
2002;15;15;2;-99;5;0;0;0;1;1
2002;15;15;3;-99;5;0;0;0;1;1
2002;15;15;7;-99;5;0;0;0;1;1
2002;15;15;8;-99;5;0;0;0;1;1
2002;15;15;12;-99;5;0;0;0;1;1
2002;15;15;13;-99;5;0;0;0;1;1
2003;2;202;1;1;1;1;0;0;1;1
2003;2;202;1;1;2;1;0;0;1;1
2003;2;202;1;1;3;1;0;0;1;1
2003;2;202;1;2;1;1;0;0;1;1
2003;2;202;1;2;2;1;0;0;1;1
2003;2;202;1;2;3;1;0;0;1;1
2003;2;202;2;1;1;1;0;0;1;1
2003;2;202;2;1;2;1;0;0;1;1
2003;2;202;2;1;3;1;0;0;1;1
2003;2;202;2;2;1;1;0;0;1;1
2003;2;202;2;2;2;1;0;0;1;1
2003;2;202;2;2;3;1;0;0;1;1
2003;2;202;3;1;1;1;0;0;1;1
2003;2;202;3;1;2;1;0;0;1;1
2003;2;202;3;1;3;1;0;0;1;1
2003;2;202;3;2;1;1;0;0;1;1
2003;2;202;3;2;2;1;0;0;1;1
2003;2;202;3;2;3;1;0;0;1;1
2003;2;202;4;1;1;1;0;0;1;1
2003;2;202;4;1;2;1;0;0;1;1
2003;2;202;4;1;3;1;0;0;1;1
2003;2;202;4;2;1;1;0;0;1;1
2003;2;202;4;2;2;1;0;0;1;1
2003;2;202;4;2;3;1;0;0;1;1
2003;2;202;5;1;1;1;0;0;1;1
2003;2;202;5;1;2;1;0;0;1;1
2003;2;202;5;1;3;1;0;0;1;1
2003;2;202;5;2;1;1;0;0;1;1
2003;2;202;5;2;2;1;0;0;1;1
2003;2;202;5;2;3;1;0;0;1;1
2003;2;202;6;1;1;1;0;0;1;1
2003;2;202;6;1;2;1;0;0;1;1
2003;2;202;6;1;3;1;0;0;1;1
2003;2;202;6;2;1;1;0;0;1;1
2003;2;202;6;2;2;1;0;0;1;1
2003;2;202;6;2;3;1;0;0;1;1
2003;2;202;7;1;1;1;0;0;1;1
2003;2;202;7;1;2;1;0;0;1;1
2003;2;202;7;1;3;1;0;0;1;1
2003;2;202;7;2;1;1;0;0;1;1
2003;2;202;7;2;2;1;0;0;1;1
2003;2;202;7;2;3;1;0;0;1;1
2003;2;202;8;1;1;1;0;0;1;1
2003;2;202;8;1;2;1;0;0;1;1
2003;2;202;8;1;3;1;0;0;1;1
2003;2;202;8;2;1;1;0;0;1;1
2003;2;202;8;2;2;1;0;0;1;1
2003;2;202;8;2;3;1;0;0;1;1
2003;2;202;9;1;1;1;0;0;1;1
2003;2;202;9;1;2;1;0;0;1;1
2003;2;202;9;1;3;1;0;0;1;1
2003;2;202;9;2;1;1;0;0;1;1
2003;2;202;9;2;2;1;0;0;1;1
2003;2;202;9;2;3;1;0;0;1;1
2003;2;102;14;141;1;1;0;1;1;1
2003;2;102;14;142;1;1;0;1;1;1
2003;2;102;15;152;1;1;0;1;1;1
2003;2;102;15;153;1;1;0;1;1;1
2003;2;102;19;191;1;1;0;1;1;1
2003;2;102;19;192;1;1;0;1;1;1
2003;2;102;20;201;1;1;0;1;1;1
2003;2;102;20;202;1;1;0;1;1;1
2003;4;3004;304;1;1;1;0;0;1;1
2003;4;3004;305;1;1;1;0;0;1;1
2003;4;3004;306;1;1;1;0;0;1;1
2003;4;3004;306;1;2;1;0;0;1;1
2003;4;3004;307;1;1;1;0;0;1;1
2003;4;3004;601;1;1;1;0;0;1;1
2003;4;3004;602;1;1;1;0;0;1;1
2003;4;3004;603;1;1;1;0;0;1;1
2003;4;3004;604;1;1;1;0;0;1;1
2003;4;3004;605;1;1;1;0;0;1;1
2003;4;3004;607;1;1;1;0;0;1;1
2003;4;2904;901;-9999;1;0;0;0;1;1
2003;4;2904;906;-9999;2;0;0;0;1;1
2003;4;2904;908;-9999;3;0;0;0;1;1
2003;4;2904;911;-9999;4;0;0;0;1;1
2003;4;2904;913;-9999;5;0;0;0;1;1
2003;4;2904;919;-9999;6;0;0;0;1;1
2003;4;2704;1201;-9999;1;0;0;0;1;1
2003;4;2704;1201;-9999;2;0;0;0;1;1
2003;4;2704;1202;-9999;1;0;0;0;1;1
2003;4;2704;1202;-9999;2;0;0;0;1;1
2003;4;2704;1203;-9999;1;0;0;0;1;1
2003;4;2704;1203;-9999;2;0;0;0;1;1
2003;4;2704;1204;-9999;1;0;0;0;1;1
2003;4;2704;1204;-9999;2;0;0;0;1;1
2003;4;2704;1205;-9999;1;0;0;0;1;1
2003;4;2704;1205;-9999;2;0;0;0;1;1
2003;4;2704;1206;-9999;1;0;0;0;1;1
2003;4;2704;1206;-9999;2;0;0;0;1;1
2003;4;3104;1302;-9999;14;0;0;0;1;1
2003;4;3104;1303;-9999;15;0;0;0;1;1
2003;4;3604;1401;11;1;1;0;0;1;1
2003;4;3604;1402;21;1;1;0;0;1;1
2003;4;3604;1402;26;1;1;0;0;1;1
2003;4;3604;1403;31;1;1;0;0;1;1
2003;4;3604;1403;36;1;1;0;0;1;1
2003;4;3604;1404;41;1;1;0;0;1;1
2003;4;3604;1404;46;1;1;0;0;1;1
2003;4;3604;1405;51;1;1;0;0;1;1
2003;4;3604;1405;56;1;1;0;0;1;1
2003;4;3604;1406;61;1;1;0;0;1;1
2003;5;5;1;-9999;3;0;0;0;1;1
2003;5;5;1;-9999;4;0;0;0;1;1
2003;5;5;3;-9999;3;0;0;0;1;1
2003;5;5;3;-9999;4;0;0;0;1;1
2003;5;5;4;-9999;3;0;0;0;1;1
2003;5;5;4;-9999;4;0;0;0;1;1
2003;5;5;5;-9999;3;0;0;0;1;1
2003;5;5;5;-9999;4;0;0;0;1;1
2003;5;5;7;-9999;3;0;0;0;1;1
2003;5;5;7;-9999;4;0;0;0;1;1
2003;5;5;9;-9999;3;0;0;0;1;1
2003;5;5;9;-9999;4;0;0;0;1;1
2003;5;5;10;-9999;3;0;0;0;1;1
2003;5;5;10;-9999;4;0;0;0;1;1
2003;5;5;11;-9999;3;0;0;0;1;1
2003;5;5;11;-9999;4;0;0;0;1;1
2003;5;5;16;-9999;3;0;0;0;1;1
2003;5;5;16;-9999;4;0;0;0;1;1
2003;5;5;19;-9999;3;0;0;0;1;1
2003;5;5;19;-9999;4;0;0;0;1;1
2003;5;5;20;-9999;3;0;0;0;1;1
2003;5;5;20;-9999;4;0;0;0;1;1
2003;15;15;1;-9999;2;0;0;0;1;1
2003;15;15;2;-9999;6;0;0;0;1;1
2003;15;15;3;-9999;6;0;0;0;1;1
2003;15;15;4;-9999;2;0;0;0;1;1
2003;15;15;5;-9999;2;0;0;0;1;1
2003;15;15;6;-9999;2;0;0;0;1;1
2003;15;15;7;-9999;6;0;0;0;1;1
2003;15;15;8;-9999;6;0;0;0;1;1
2003;15;15;10;-9999;2;0;0;0;1;1
2003;15;15;11;-9999;2;0;0;0;1;1
2003;15;15;12;-9999;6;0;0;0;1;1
2003;15;15;13;-9999;6;0;0;0;1;1
2003;15;15;14;-9999;2;0;0;0;1;1
2003;15;15;15;-9999;2;0;0;0;1;1
2003;15;15;16;-9999;2;0;0;0;1;1
2003;15;15;17;-9999;2;0;0;0;1;1
2003;15;15;18;-9999;2;0;0;0;1;1
2003;15;15;19;-9999;2;0;0;0;1;1
2003;15;15;20;-9999;2;0;0;0;1;1
2003;15;15;21;-9999;2;0;0;0;1;1
2003;15;15;22;-9999;2;0;0;0;1;1
2003;15;15;23;-9999;2;0;0;0;1;1
2003;15;15;24;-9999;2;0;0;0;1;1
2003;15;15;25;-9999;2;0;0;0;1;1
2003;15;15;26;-9999;2;0;0;0;1;1
2003;15;15;27;-9999;2;0;0;0;1;1
2003;15;15;28;-9999;2;0;0;0;1;1
2003;15;15;29;-9999;2;0;0;0;1;1
2003;15;15;30;-9999;2;0;0;0;1;1
2003;15;15;31;-9999;2;0;0;0;1;1
2003;50;50;1;1;1;1;0;1;1;1
2003;50;50;1;2;1;1;0;1;1;1
2003;50;50;1;4;1;1;0;1;1;1
2003;50;50;1;5;1;1;0;1;1;1
2003;50;50;1;6;1;1;0;1;1;1
2003;50;50;1;7;1;1;0;1;1;1
2003;50;50;1;8;1;1;0;1;1;1
2003;50;50;1;9;1;1;0;1;1;1
2003;50;50;1;10;1;1;0;1;1;1
2003;50;50;1;11;1;1;0;1;1;1
2003;50;50;1;12;1;1;0;1;1;1
2003;50;50;1;13;1;1;0;1;1;1
2003;50;50;1;14;1;1;0;1;1;1
2003;50;50;1;15;1;1;0;1;1;1
2003;50;50;1;16;1;1;0;1;1;1
2003;50;50;1;17;1;1;0;1;1;1
2003;50;50;1;18;1;1;0;1;1;1
2003;50;50;1;19;1;1;0;1;1;1
2003;50;50;1;20;1;1;0;1;1;1
2003;50;50;2;1;1;1;0;1;1;1
2003;50;50;2;2;1;1;0;1;1;1
2003;50;50;2;4;1;1;0;1;1;1
2003;50;50;2;5;1;1;0;1;1;1
2003;50;50;2;6;1;1;0;1;1;1
2003;50;50;2;7;1;1;0;1;1;1
2003;50;50;2;8;1;1;0;1;1;1
2003;50;50;2;9;1;1;0;1;1;1
2003;50;50;2;10;1;1;0;1;1;1
2003;50;50;2;11;1;1;0;1;1;1
2003;50;50;2;12;1;1;0;1;1;1
2003;50;50;2;13;1;1;0;1;1;1
2003;50;50;2;14;1;1;0;1;1;1
2003;50;50;2;15;1;1;0;1;1;1
2003;50;50;2;16;1;1;0;1;1;1
2003;50;50;2;17;1;1;0;1;1;1
2003;50;50;2;18;1;1;0;1;1;1
2003;50;50;2;19;1;1;0;1;1;1
2003;50;50;2;20;1;1;0;1;1;1
2003;50;50;3;1;1;1;0;1;1;1
2003;50;50;3;2;1;1;0;1;1;1
2003;50;50;3;4;1;1;0;1;1;1
2003;50;50;3;5;1;1;0;1;1;1
2003;50;50;3;6;1;1;0;1;1;1
2003;50;50;3;7;1;1;0;1;1;1
2003;50;50;3;8;1;1;0;1;1;1
2003;50;50;3;9;1;1;0;1;1;1
2003;50;50;3;10;1;1;0;1;1;1
2003;50;50;3;11;1;1;0;1;1;1
2003;50;50;3;12;1;1;0;1;1;1
2003;50;50;3;13;1;1;0;1;1;1
2003;50;50;3;14;1;1;0;1;1;1
2003;50;50;3;15;1;1;0;1;1;1
2003;50;50;3;16;1;1;0;1;1;1
2003;50;50;3;17;1;1;0;1;1;1
2003;50;50;3;18;1;1;0;1;1;1
2003;50;50;3;19;1;1;0;1;1;1
2003;50;50;3;20;1;1;0;1;1;1
2003;50;50;4;1;1;1;0;1;1;1
2003;50;50;4;2;1;1;0;1;1;1
2003;50;50;4;4;1;1;0;1;1;1
2003;50;50;4;5;1;1;0;1;1;1
2003;50;50;4;6;1;1;0;1;1;1
2003;50;50;4;7;1;1;0;1;1;1
2003;50;50;4;8;1;1;0;1;1;1
2003;50;50;4;9;1;1;0;1;1;1
2003;50;50;4;10;1;1;0;1;1;1
2003;50;50;4;11;1;1;0;1;1;1
2003;50;50;4;12;1;1;0;1;1;1
2003;50;50;4;13;1;1;0;1;1;1
2003;50;50;4;14;1;1;0;1;1;1
2003;50;50;4;15;1;1;0;1;1;1
2003;50;50;4;16;1;1;0;1;1;1
2003;50;50;4;17;1;1;0;1;1;1
2003;50;50;4;18;1;1;0;1;1;1
2003;50;50;4;19;1;1;0;1;1;1
2003;50;50;4;20;1;1;0;1;1;1
2003;50;50;5;1;1;1;0;1;1;1
2003;50;50;5;2;1;1;0;1;1;1
2003;50;50;5;4;1;1;0;1;1;1
2003;50;50;5;5;1;1;0;1;1;1
2003;50;50;5;6;1;1;0;1;1;1
2003;50;50;5;7;1;1;0;1;1;1
2003;50;50;5;8;1;1;0;1;1;1
2003;50;50;5;9;1;1;0;1;1;1
2003;50;50;5;10;1;1;0;1;1;1
2003;50;50;5;11;1;1;0;1;1;1
2003;50;50;5;12;1;1;0;1;1;1
2003;50;50;5;13;1;1;0;1;1;1
2003;50;50;5;14;1;1;0;1;1;1
2003;50;50;5;15;1;1;0;1;1;1
2003;50;50;5;16;1;1;0;1;1;1
2003;50;50;5;17;1;1;0;1;1;1
2003;50;50;5;18;1;1;0;1;1;1
2003;50;50;5;19;1;1;0;1;1;1
2003;50;50;5;20;1;1;0;1;1;1
2003;50;50;6;1;1;1;0;1;1;1
2003;50;50;6;2;1;1;0;1;1;1
2003;50;50;6;4;1;1;0;1;1;1
2003;50;50;6;5;1;1;0;1;1;1
2003;50;50;6;6;1;1;0;1;1;1
2003;50;50;6;7;1;1;0;1;1;1
2003;50;50;6;8;1;1;0;1;1;1
2003;50;50;6;9;1;1;0;1;1;1
2003;50;50;6;10;1;1;0;1;1;1
2003;50;50;6;11;1;1;0;1;1;1
2003;50;50;6;12;1;1;0;1;1;1
2003;50;50;6;13;1;1;0;1;1;1
2003;50;50;6;14;1;1;0;1;1;1
2003;50;50;6;15;1;1;0;1;1;1
2003;50;50;6;16;1;1;0;1;1;1
2003;50;50;6;17;1;1;0;1;1;1
2003;50;50;6;18;1;1;0;1;1;1
2003;50;50;6;19;1;1;0;1;1;1
2003;50;50;6;20;1;1;0;1;1;1
2003;50;50;7;1;1;1;0;1;1;1
2003;50;50;7;2;1;1;0;1;1;1
2003;50;50;7;4;1;1;0;1;1;1
2003;50;50;7;5;1;1;0;1;1;1
2003;50;50;7;6;1;1;0;1;1;1
2003;50;50;7;8;1;1;0;1;1;1
2003;50;50;7;9;1;1;0;1;1;1
2003;50;50;7;10;1;1;0;1;1;1
2003;50;50;7;11;1;1;0;1;1;1
2003;50;50;7;12;1;1;0;1;1;1
2003;50;50;7;13;1;1;0;1;1;1
2003;50;50;7;14;1;1;0;1;1;1
2003;50;50;7;15;1;1;0;1;1;1
2003;50;50;7;16;1;1;0;1;1;1
2003;50;50;7;17;1;1;0;1;1;1
2003;50;50;7;18;1;1;0;1;1;1
2003;50;50;7;19;1;1;0;1;1;1
2003;50;50;7;20;1;1;0;1;1;1
2003;50;50;7;21;1;1;0;1;1;1
2003;50;50;7;22;1;1;0;1;1;1
2003;50;50;7;23;1;1;0;1;1;1
2003;50;50;7;24;1;1;0;1;1;1
2003;50;50;8;1;1;1;0;1;1;1
2003;50;50;8;2;1;1;0;1;1;1
2003;50;50;8;4;1;1;0;1;1;1
2003;50;50;8;5;1;1;0;1;1;1
2003;50;50;8;6;1;1;0;1;1;1
2003;50;50;8;8;1;1;0;1;1;1
2003;50;50;8;9;1;1;0;1;1;1
2003;50;50;8;10;1;1;0;1;1;1
2003;50;50;8;11;1;1;0;1;1;1
2003;50;50;8;12;1;1;0;1;1;1
2003;50;50;8;13;1;1;0;1;1;1
2003;50;50;8;14;1;1;0;1;1;1
2003;50;50;8;15;1;1;0;1;1;1
2003;50;50;8;16;1;1;0;1;1;1
2003;50;50;8;17;1;1;0;1;1;1
2003;50;50;8;18;1;1;0;1;1;1
2003;50;50;8;19;1;1;0;1;1;1
2003;50;50;8;20;1;1;0;1;1;1
2003;50;50;8;21;1;1;0;1;1;1
2003;50;50;8;22;1;1;0;1;1;1
2003;50;50;8;23;1;1;0;1;1;1
2003;50;50;8;24;1;1;0;1;1;1
2003;50;50;9;1;1;1;0;1;1;1
2003;50;50;9;2;1;1;0;1;1;1
2003;50;50;9;4;1;1;0;1;1;1
2003;50;50;9;5;1;1;0;1;1;1
2003;50;50;9;6;1;1;0;1;1;1
2003;50;50;9;7;1;1;0;1;1;1
2003;50;50;9;8;1;1;0;1;1;1
2003;50;50;9;9;1;1;0;1;1;1
2003;50;50;9;10;1;1;0;1;1;1
2003;50;50;9;11;1;1;0;1;1;1
2003;50;50;9;12;1;1;0;1;1;1
2003;50;50;9;13;1;1;0;1;1;1
2003;50;50;9;14;1;1;0;1;1;1
2003;50;50;9;15;1;1;0;1;1;1
2003;50;50;9;16;1;1;0;1;1;1
2003;50;50;9;17;1;1;0;1;1;1
2003;50;50;9;18;1;1;0;1;1;1
2003;50;50;9;19;1;1;0;1;1;1
2003;50;50;9;20;1;1;0;1;1;1
2003;50;50;10;1;1;1;0;1;1;1
2003;50;50;10;2;1;1;0;1;1;1
2003;50;50;10;4;1;1;0;1;1;1
2003;50;50;10;5;1;1;0;1;1;1
2003;50;50;10;6;1;1;0;1;1;1
2003;50;50;10;7;1;1;0;1;1;1
2003;50;50;10;8;1;1;0;1;1;1
2003;50;50;10;9;1;1;0;1;1;1
2003;50;50;10;10;1;1;0;1;1;1
2003;50;50;10;11;1;1;0;1;1;1
2003;50;50;10;12;1;1;0;1;1;1
2003;50;50;10;13;1;1;0;1;1;1
2003;50;50;10;14;1;1;0;1;1;1
2003;50;50;10;15;1;1;0;1;1;1
2003;50;50;10;16;1;1;0;1;1;1
2003;50;50;10;17;1;1;0;1;1;1
2003;50;50;10;18;1;1;0;1;1;1
2003;50;50;10;19;1;1;0;1;1;1
2003;50;50;10;20;1;1;0;1;1;1
2003;50;50;11;1;1;1;0;1;1;1
2003;50;50;11;2;1;1;0;1;1;1
2003;50;50;11;4;1;1;0;1;1;1
2003;50;50;11;5;1;1;0;1;1;1
2003;50;50;11;6;1;1;0;1;1;1
2003;50;50;11;7;1;1;0;1;1;1
2003;50;50;11;8;1;1;0;1;1;1
2003;50;50;11;9;1;1;0;1;1;1
2003;50;50;11;10;1;1;0;1;1;1
2003;50;50;11;11;1;1;0;1;1;1
2003;50;50;11;12;1;1;0;1;1;1
2003;50;50;11;13;1;1;0;1;1;1
2003;50;50;11;14;1;1;0;1;1;1
2003;50;50;11;15;1;1;0;1;1;1
2003;50;50;11;16;1;1;0;1;1;1
2003;50;50;11;17;1;1;0;1;1;1
2003;50;50;11;18;1;1;0;1;1;1
2003;50;50;11;19;1;1;0;1;1;1
2003;50;50;11;20;1;1;0;1;1;1
2003;50;50;12;1;1;1;0;1;1;1
2003;50;50;12;2;1;1;0;1;1;1
2003;50;50;12;4;1;1;0;1;1;1
2003;50;50;12;5;1;1;0;1;1;1
2003;50;50;12;6;1;1;0;1;1;1
2003;50;50;12;7;1;1;0;1;1;1
2003;50;50;12;8;1;1;0;1;1;1
2003;50;50;12;9;1;1;0;1;1;1
2003;50;50;12;10;1;1;0;1;1;1
2003;50;50;12;11;1;1;0;1;1;1
2003;50;50;12;12;1;1;0;1;1;1
2003;50;50;12;13;1;1;0;1;1;1
2003;50;50;12;14;1;1;0;1;1;1
2003;50;50;12;15;1;1;0;1;1;1
2003;50;50;12;16;1;1;0;1;1;1
2003;50;50;12;17;1;1;0;1;1;1
2003;50;50;12;18;1;1;0;1;1;1
2003;50;50;12;19;1;1;0;1;1;1
2003;50;50;12;20;1;1;0;1;1;1
2003;50;50;13;1;1;1;0;1;1;1
2003;50;50;13;2;1;1;0;1;1;1
2003;50;50;13;4;1;1;0;1;1;1
2003;50;50;13;5;1;1;0;1;1;1
2003;50;50;13;6;1;1;0;1;1;1
2003;50;50;13;8;1;1;0;1;1;1
2003;50;50;13;9;1;1;0;1;1;1
2003;50;50;13;10;1;1;0;1;1;1
2003;50;50;13;11;1;1;0;1;1;1
2003;50;50;13;12;1;1;0;1;1;1
2003;50;50;13;13;1;1;0;1;1;1
2003;50;50;13;14;1;1;0;1;1;1
2003;50;50;13;15;1;1;0;1;1;1
2003;50;50;13;16;1;1;0;1;1;1
2003;50;50;13;17;1;1;0;1;1;1
2003;50;50;13;18;1;1;0;1;1;1
2003;50;50;13;19;1;1;0;1;1;1
2003;50;50;13;20;1;1;0;1;1;1
2003;50;50;13;21;1;1;0;1;1;1
2003;50;50;13;22;1;1;0;1;1;1
2003;50;50;13;23;1;1;0;1;1;1
2003;50;50;13;24;1;1;0;1;1;1
2003;50;50;14;1;1;1;0;1;1;1
2003;50;50;14;2;1;1;0;1;1;1
2003;50;50;14;4;1;1;0;1;1;1
2003;50;50;14;5;1;1;0;1;1;1
2003;50;50;14;6;1;1;0;1;1;1
2003;50;50;14;7;1;1;0;1;1;1
2003;50;50;14;8;1;1;0;1;1;1
2003;50;50;14;9;1;1;0;1;1;1
2003;50;50;14;10;1;1;0;1;1;1
2003;50;50;14;11;1;1;0;1;1;1
2003;50;50;14;12;1;1;0;1;1;1
2003;50;50;14;13;1;1;0;1;1;1
2003;50;50;14;14;1;1;0;1;1;1
2003;50;50;14;15;1;1;0;1;1;1
2003;50;50;14;16;1;1;0;1;1;1
2003;50;50;14;17;1;1;0;1;1;1
2003;50;50;14;18;1;1;0;1;1;1
2003;50;50;14;19;1;1;0;1;1;1
2003;50;50;14;20;1;1;0;1;1;1
2003;50;50;15;1;1;1;0;1;1;1
2003;50;50;15;2;1;1;0;1;1;1
2003;50;50;15;4;1;1;0;1;1;1
2003;50;50;15;5;1;1;0;1;1;1
2003;50;50;15;6;1;1;0;1;1;1
2003;50;50;15;7;1;1;0;1;1;1
2003;50;50;15;8;1;1;0;1;1;1
2003;50;50;15;9;1;1;0;1;1;1
2003;50;50;15;10;1;1;0;1;1;1
2003;50;50;15;11;1;1;0;1;1;1
2003;50;50;15;12;1;1;0;1;1;1
2003;50;50;15;13;1;1;0;1;1;1
2003;50;50;15;14;1;1;0;1;1;1
2003;50;50;15;15;1;1;0;1;1;1
2003;50;50;15;16;1;1;0;1;1;1
2003;50;50;15;17;1;1;0;1;1;1
2003;50;50;15;18;1;1;0;1;1;1
2003;50;50;15;19;1;1;0;1;1;1
2003;50;50;15;20;1;1;0;1;1;1
2003;50;50;16;1;1;1;0;1;1;1
2003;50;50;16;2;1;1;0;1;1;1
2003;50;50;16;4;1;1;0;1;1;1
2003;50;50;16;5;1;1;0;1;1;1
2003;50;50;16;6;1;1;0;1;1;1
2003;50;50;16;8;1;1;0;1;1;1
2003;50;50;16;9;1;1;0;1;1;1
2003;50;50;16;10;1;1;0;1;1;1
2003;50;50;16;11;1;1;0;1;1;1
2003;50;50;16;12;1;1;0;1;1;1
2003;50;50;16;13;1;1;0;1;1;1
2003;50;50;16;14;1;1;0;1;1;1
2003;50;50;16;15;1;1;0;1;1;1
2003;50;50;16;16;1;1;0;1;1;1
2003;50;50;16;17;1;1;0;1;1;1
2003;50;50;16;18;1;1;0;1;1;1
2003;50;50;16;19;1;1;0;1;1;1
2003;50;50;16;20;1;1;0;1;1;1
2003;50;50;16;21;1;1;0;1;1;1
2003;50;50;16;22;1;1;0;1;1;1
2003;50;50;16;23;1;1;0;1;1;1
2003;50;50;16;24;1;1;0;1;1;1
2003;51;51;1;-9999;1;0;0;0;1;1
2003;51;51;1;-9999;2;0;0;0;1;1
2003;51;51;1;-9999;3;0;0;0;1;1
2003;51;51;1;-9999;4;0;0;0;1;1
2003;51;51;2;-9999;1;0;0;0;1;1
2003;51;51;2;-9999;2;0;0;0;1;1
2003;51;51;2;-9999;3;0;0;0;1;1
2003;51;51;2;-9999;4;0;0;0;1;1
2003;51;51;3;-9999;1;0;0;0;1;1
2003;51;51;3;-9999;2;0;0;0;1;1
2003;51;51;3;-9999;3;0;0;0;1;1
2003;51;51;3;-9999;4;0;0;0;1;1
2003;51;51;6;-9999;1;0;0;0;1;1
2003;51;51;6;-9999;2;0;0;0;1;1
2003;51;51;8;-9999;1;0;0;0;1;1
2003;51;51;8;-9999;2;0;0;0;1;1
2003;51;51;9;-9999;1;0;0;0;1;1
2003;51;51;9;-9999;2;0;0;0;1;1
2003;51;51;9;-9999;3;0;0;0;1;1
2003;51;51;9;-9999;4;0;0;0;1;1
2003;51;51;10;-9999;1;0;0;0;1;1
2003;51;51;10;-9999;2;0;0;0;1;1
2003;51;51;10;-9999;3;0;0;0;1;1
2003;51;51;10;-9999;4;0;0;0;1;1
2003;51;51;11;-9999;1;0;0;0;1;1
2003;51;51;11;-9999;2;0;0;0;1;1
2003;51;51;11;-9999;3;0;0;0;1;1
2003;51;51;11;-9999;4;0;0;0;1;1
2003;51;51;12;-9999;1;0;0;0;1;1
2003;51;51;12;-9999;2;0;0;0;1;1
2003;51;51;12;-9999;3;0;0;0;1;1
2003;51;51;12;-9999;4;0;0;0;1;1
2003;51;51;13;-9999;1;0;0;0;1;1
2003;51;51;13;-9999;2;0;0;0;1;1
2003;51;51;13;-9999;3;0;0;0;1;1
2003;51;51;13;-9999;4;0;0;0;1;1
2003;51;51;14;-9999;1;0;0;0;1;1
2003;51;51;15;-9999;1;0;0;0;1;1
2003;51;51;15;-9999;2;0;0;0;1;1
2003;51;51;16;-9999;1;0;0;0;1;1
2003;51;51;16;-9999;2;0;0;0;1;1
2003;51;51;17;-9999;1;0;0;0;1;1
2003;51;51;17;-9999;2;0;0;0;1;1
2003;51;51;17;-9999;3;0;0;0;1;1
2003;51;51;17;-9999;4;0;0;0;1;1
2003;51;51;18;-9999;1;0;0;0;1;1
2003;51;51;18;-9999;2;0;0;0;1;1
2003;51;51;18;-9999;3;0;0;0;1;1
2003;53;53;101;1;2;1;0;0;1;1
2003;53;53;102;1;2;1;0;0;1;1
2003;53;53;103;1;2;1;0;0;1;1
2003;53;53;104;1;2;1;0;0;1;1
2003;53;53;105;1;2;1;0;0;1;1
2003;53;53;106;1;2;1;0;0;1;1
2003;53;53;107;1;1;1;0;0;1;1
2003;53;53;107;1;2;1;0;0;1;1
2003;53;53;108;1;1;1;0;0;1;1
2003;53;53;108;1;2;1;0;0;1;1
2003;53;53;109;1;2;1;0;0;1;1
2003;53;53;110;1;2;1;0;0;1;1
2003;53;53;111;1;2;1;0;0;1;1
2003;53;53;112;1;2;1;0;0;1;1
2003;53;53;113;1;2;1;0;0;1;1
2003;53;53;114;1;2;1;0;0;1;1
2003;53;53;115;1;1;1;0;0;1;1
2003;53;53;115;1;2;1;0;0;1;1
2003;53;53;116;1;1;1;0;0;1;1
2003;53;53;116;1;2;1;0;0;1;1
2003;53;53;117;1;2;1;0;0;1;1
2003;53;53;118;1;2;1;0;0;1;1
2003;53;53;119;1;2;1;0;0;1;1
2003;53;53;120;1;2;1;0;0;1;1
2003;53;53;121;1;1;1;0;0;1;1
2003;53;53;121;1;2;1;0;0;1;1
2003;53;53;122;1;2;1;0;0;1;1
2003;53;53;123;1;2;1;0;0;1;1
2003;53;53;201;1;1;1;0;0;1;1
2003;53;53;201;1;2;1;0;0;1;1
2003;53;53;202;1;2;1;0;0;1;1
2003;53;53;203;1;2;1;0;0;1;1
2003;53;53;204;1;2;1;0;0;1;1
2003;53;53;205;1;2;1;0;0;1;1
2003;53;53;206;1;2;1;0;0;1;1
2003;53;53;207;1;2;1;0;0;1;1
2003;53;53;208;1;2;1;0;0;1;1
2003;53;53;209;1;1;1;0;0;1;1
2003;53;53;209;1;2;1;0;0;1;1
2003;53;53;210;1;2;1;0;0;1;1
2003;53;53;211;1;2;1;0;0;1;1
2003;53;53;212;1;2;1;0;0;1;1
2003;53;53;213;1;2;1;0;0;1;1
2003;53;53;214;1;2;1;0;0;1;1
2003;53;53;215;1;2;1;0;0;1;1
2003;53;53;301;1;1;1;0;0;1;1
2003;53;53;301;1;2;1;0;0;1;1
2003;53;53;302;1;2;1;0;0;1;1
2003;53;53;303;1;2;1;0;0;1;1
2003;53;53;304;1;2;1;0;0;1;1
2003;53;53;305;1;2;1;0;0;1;1
2003;53;53;306;1;2;1;0;0;1;1
2003;53;53;307;1;2;1;0;0;1;1
2003;53;53;309;1;2;1;0;0;1;1
2003;53;53;310;1;2;1;0;0;1;1
2003;53;53;311;1;2;1;0;0;1;1
2003;53;53;312;1;2;1;0;0;1;1
2003;53;53;313;1;2;1;0;0;1;1
2003;53;53;314;1;2;1;0;0;1;1
2003;53;53;315;1;2;1;0;0;1;1
2003;53;53;316;1;2;1;0;0;1;1
2003;53;53;317;1;1;1;0;0;1;1
2003;53;53;317;1;2;1;0;0;1;1
2003;53;53;318;1;2;1;0;0;1;1
2003;53;53;319;1;2;1;0;0;1;1
2003;53;53;320;1;2;1;0;0;1;1
2003;53;53;321;1;2;1;0;0;1;1
2003;53;53;322;1;1;1;0;0;1;1
2003;53;53;322;1;2;1;0;0;1;1
2003;53;53;323;1;2;1;0;0;1;1
2003;53;53;324;1;2;1;0;0;1;1
2003;53;53;325;1;2;1;0;0;1;1
2003;53;53;326;1;1;1;0;0;1;1
2003;53;53;326;1;2;1;0;0;1;1
2003;53;53;401;1;2;1;0;0;1;1
2003;53;53;402;1;2;1;0;0;1;1
2003;53;53;403;1;2;1;0;0;1;1
2003;53;53;405;1;2;1;0;0;1;1
2003;53;53;406;1;2;1;0;0;1;1
2003;53;53;407;1;2;1;0;0;1;1
2003;53;53;410;1;2;1;0;0;1;1
2003;53;53;411;1;2;1;0;0;1;1
2003;53;53;412;1;1;1;0;0;1;1
2003;53;53;412;1;2;1;0;0;1;1
2003;53;53;413;1;2;1;0;0;1;1
2003;53;53;414;1;1;1;0;0;1;1
2003;53;53;414;1;2;1;0;0;1;1
2003;53;53;415;1;2;1;0;0;1;1
2003;53;53;416;1;2;1;0;0;1;1
2003;53;53;417;1;2;1;0;0;1;1
2003;53;53;418;1;2;1;0;0;1;1
2003;53;53;501;1;2;1;0;0;1;1
2003;53;53;502;1;2;1;0;0;1;1
2003;53;53;503;1;1;1;0;0;1;1
2003;53;53;503;1;2;1;0;0;1;1
2003;53;53;504;1;2;1;0;0;1;1
2003;53;53;505;1;2;1;0;0;1;1
2003;53;53;506;1;2;1;0;0;1;1
2003;53;53;507;1;2;1;0;0;1;1
2003;53;53;508;1;2;1;0;0;1;1
2003;53;53;509;1;2;1;0;0;1;1
2003;53;53;510;1;1;1;0;0;1;1
2003;53;53;510;1;2;1;0;0;1;1
2003;53;53;511;1;1;1;0;0;1;1
2003;53;53;511;1;2;1;0;0;1;1
2003;53;53;512;1;2;1;0;0;1;1
2003;53;53;513;1;2;1;0;0;1;1
2003;53;53;514;1;2;1;0;0;1;1
2003;53;53;515;1;1;1;0;0;1;1
2003;53;53;515;1;2;1;0;0;1;1
2003;53;53;516;1;2;1;0;0;1;1
2003;53;53;601;1;2;1;0;0;1;1
2003;53;53;602;1;1;1;0;0;1;1
2003;53;53;602;1;2;1;0;0;1;1
2003;53;53;603;1;2;1;0;0;1;1
2003;53;53;604;1;2;1;0;0;1;1
2003;53;53;605;1;2;1;0;0;1;1
2003;53;53;606;1;2;1;0;0;1;1
2003;53;53;607;1;2;1;0;0;1;1
2003;53;53;608;1;2;1;0;0;1;1
2003;53;53;609;1;2;1;0;0;1;1
2003;53;53;610;1;2;1;0;0;1;1
2003;53;53;611;1;2;1;0;0;1;1
2003;53;53;612;1;1;1;0;0;1;1
2003;53;53;612;1;2;1;0;0;1;1
2003;53;53;613;1;2;1;0;0;1;1
2003;53;53;614;1;2;1;0;0;1;1
2003;53;53;615;1;2;1;0;0;1;1
2003;53;53;616;1;2;1;0;0;1;1
2003;53;53;617;1;2;1;0;0;1;1
2003;53;53;618;1;2;1;0;0;1;1
2003;53;53;619;1;2;1;0;0;1;1
2003;53;53;620;1;1;1;0;0;1;1
2003;53;53;620;1;2;1;0;0;1;1
2003;53;53;621;1;2;1;0;0;1;1
2003;53;53;622;1;2;1;0;0;1;1
2003;53;53;623;1;2;1;0;0;1;1
2003;53;53;624;1;2;1;0;0;1;1
2003;53;53;625;1;2;1;0;0;1;1
2003;53;53;626;1;2;1;0;0;1;1
2003;53;53;627;1;2;1;0;0;1;1
2003;53;53;701;1;2;1;0;0;1;1
2003;53;53;702;1;2;1;0;0;1;1
2003;53;53;703;1;1;1;0;0;1;1
2003;53;53;703;1;2;1;0;0;1;1
2003;53;53;704;1;1;1;0;0;1;1
2003;53;53;704;1;2;1;0;0;1;1
2003;53;53;705;1;2;1;0;0;1;1
2003;53;53;706;1;2;1;0;0;1;1
2003;53;53;707;1;2;1;0;0;1;1
2003;53;53;708;1;2;1;0;0;1;1
2003;53;53;801;1;2;1;0;0;1;1
2003;53;53;802;1;2;1;0;0;1;1
2003;53;53;803;1;1;1;0;0;1;1
2003;53;53;803;1;2;1;0;0;1;1
2003;53;53;804;1;1;1;0;0;1;1
2003;53;53;804;1;2;1;0;0;1;1
2003;53;53;805;1;2;1;0;0;1;1
2003;53;53;806;1;2;1;0;0;1;1
2003;53;53;807;1;2;1;0;0;1;1
2003;53;53;808;1;1;1;0;0;1;1
2003;53;53;808;1;2;1;0;0;1;1
2003;53;53;809;1;2;1;0;0;1;1
2003;53;53;810;1;2;1;0;0;1;1
2003;53;53;811;1;2;1;0;0;1;1
2003;53;53;812;1;1;1;0;0;1;1
2003;53;53;812;1;2;1;0;0;1;1
2003;53;53;813;1;2;1;0;0;1;1
2003;53;53;814;1;2;1;0;0;1;1
2003;53;53;815;1;2;1;0;0;1;1
2003;53;53;816;1;2;1;0;0;1;1
2003;53;53;817;1;2;1;0;0;1;1
2003;53;53;818;1;2;1;0;0;1;1
2003;53;53;819;1;2;1;0;0;1;1
2003;55;55;1;2003;4;1;0;0;1;1
2003;55;55;4;2003;3;1;0;0;1;1
2003;55;55;8;2003;4;1;0;0;1;1
2003;55;55;16;2003;3;1;0;0;1;1
2003;58;58;2015;-9999;1;0;0;0;1;1
2003;58;58;2251;-9999;1;0;0;0;1;1
2003;58;58;2361;-9999;1;0;0;0;1;1
2004;4;3004;101;1;1;1;0;0;1;1
2004;4;3004;304;1;1;1;0;0;1;1
2004;4;3004;305;1;1;1;0;0;1;1
2004;4;3004;306;1;1;1;0;0;1;1
2004;4;3004;306;1;2;1;0;0;1;1
2004;4;3004;307;1;1;1;0;0;1;1
2004;4;3004;308;1;1;1;0;0;1;1
2004;4;2904;901;-9999;1;1;0;0;1;1
2004;4;2904;906;-9999;2;1;0;0;1;1
2004;4;2904;908;-9999;3;1;0;0;1;1
2004;4;2904;911;-9999;4;1;0;0;1;1
2004;4;2904;913;-9999;5;1;0;0;1;1
2004;4;2904;919;-9999;6;1;0;0;1;1
2004;4;2704;1101;-9999;1;1;0;0;1;1
2004;4;2704;1101;-9999;2;1;0;0;1;1
2004;4;2704;1102;-9999;1;1;0;0;1;1
2004;4;2704;1102;-9999;2;1;0;0;1;1
2004;4;2704;1103;-9999;1;1;0;0;1;1
2004;4;2704;1103;-9999;2;1;0;0;1;1
2004;4;2704;1201;-9999;1;1;0;0;1;1
2004;4;2704;1201;-9999;2;1;0;0;1;1
2004;4;2704;1202;-9999;1;1;0;0;1;1
2004;4;2704;1202;-9999;2;1;0;0;1;1
2004;4;2704;1203;-9999;1;1;0;0;1;1
2004;4;2704;1203;-9999;2;1;0;0;1;1
2004;4;2704;1204;-9999;1;1;0;0;1;1
2004;4;2704;1204;-9999;2;1;0;0;1;1
2004;4;2704;1205;-9999;1;1;0;0;1;1
2004;4;2704;1205;-9999;2;1;0;0;1;1
2004;4;2704;1206;-9999;1;1;0;0;1;1
2004;4;2704;1206;-9999;2;1;0;0;1;1
2004;4;3104;1302;-9999;1;1;0;0;1;1
2004;4;3104;1303;-9999;1;1;0;0;1;1
2004;4;3604;1401;-9999;1;1;0;0;1;1
2004;4;3604;1402;-9999;2;1;0;0;1;1
2004;4;3604;1402;-9999;3;1;0;0;1;1
2004;4;3604;1403;-9999;4;1;0;0;1;1
2004;4;3604;1403;-9999;5;1;0;0;1;1
2004;4;3604;1404;-9999;6;1;0;0;1;1
2004;4;3604;1404;-9999;7;1;0;0;1;1
2004;4;3604;1405;-9999;8;1;0;0;1;1
2004;4;3604;1405;-9999;9;1;0;0;1;1
2004;4;3604;1406;-9999;10;1;0;0;1;1
2004;5;5;1;-9999;3;0;0;0;1;1
2004;5;5;1;-9999;4;0;0;0;1;1
2004;5;5;3;-9999;3;0;0;0;1;1
2004;5;5;3;-9999;4;0;0;0;1;1
2004;5;5;4;-9999;3;0;0;0;1;1
2004;5;5;4;-9999;4;0;0;0;1;1
2004;5;5;5;-9999;3;0;0;0;1;1
2004;5;5;5;-9999;4;0;0;0;1;1
2004;5;5;7;-9999;3;0;0;0;1;1
2004;5;5;7;-9999;4;0;0;0;1;1
2004;5;5;9;-9999;3;0;0;0;1;1
2004;5;5;9;-9999;4;0;0;0;1;1
2004;5;5;10;-9999;3;0;0;0;1;1
2004;5;5;10;-9999;4;0;0;0;1;1
2004;5;5;11;-9999;3;0;0;0;1;1
2004;5;5;11;-9999;4;0;0;0;1;1
2004;5;5;16;-9999;3;0;0;0;1;1
2004;5;5;16;-9999;4;0;0;0;1;1
2004;5;5;19;-9999;3;0;0;0;1;1
2004;5;5;19;-9999;4;0;0;0;1;1
2004;5;5;20;-9999;3;0;0;0;1;1
2004;5;5;20;-9999;4;0;0;0;1;1
2004;10;10;1;-9999;1;0;0;0;1;1
2004;10;10;1;-9999;2;0;0;0;1;1
2004;10;10;2;-9999;1;0;0;0;1;1
2004;10;10;2;-9999;2;0;0;0;1;1
2004;10;10;3;-9999;1;0;0;0;1;1
2004;10;10;3;-9999;2;0;0;0;1;1
2004;10;10;4;-9999;1;0;0;0;1;1
2004;10;10;4;-9999;2;0;0;0;1;1
2004;10;10;9;-9999;1;0;0;0;1;1
2004;10;10;9;-9999;2;0;0;0;1;1
2004;10;10;10;-9999;1;0;0;0;1;1
2004;10;10;10;-9999;2;0;0;0;1;1
2004;10;10;11;-9999;1;0;0;0;1;1
2004;10;10;11;-9999;2;0;0;0;1;1
2004;10;10;13;-9999;1;0;0;0;1;1
2004;10;10;13;-9999;2;0;0;0;1;1
2004;15;15;9;-9999;2;0;0;0;1;1
2004;15;15;33;-9999;1;0;0;0;1;1
2004;54;54;201;-9999;1;0;0;0;1;1
2004;54;54;201;-9999;2;0;0;0;1;1
2004;54;54;203;-9999;1;0;0;0;1;1
2004;54;54;203;-9999;2;0;0;0;1;1
2004;54;54;204;-9999;1;0;0;0;1;1
2004;54;54;204;-9999;2;0;0;0;1;1
2004;54;54;206;-9999;1;0;0;0;1;1
2004;54;54;206;-9999;2;0;0;0;1;1
2004;54;54;207;-9999;1;0;0;0;1;1
2004;54;54;207;-9999;2;0;0;0;1;1
2004;54;54;208;-9999;1;0;0;0;1;1
2004;54;54;208;-9999;2;0;0;0;1;1
2004;54;54;209;-9999;1;0;0;0;1;1
2004;54;54;209;-9999;2;0;0;0;1;1
2004;55;55;7;2004;3;1;0;0;1;1
2004;55;55;9;2004;3;1;0;0;1;1
2004;55;55;18;2004;5;1;0;0;1;1
2004;55;55;19;2004;2;1;0;0;1;1
2004;56;56;1;-9999;5;0;0;0;1;1
2004;56;56;2;-9999;5;0;0;0;1;1
2004;56;56;3;-9999;5;0;0;0;1;1
2004;56;56;4;-9999;5;0;0;0;1;1
2004;56;56;5;-9999;5;0;0;0;1;1
2004;56;56;6;-9999;5;0;0;0;1;1
2004;56;56;7;-9999;5;0;0;0;1;1
2004;56;56;8;-9999;5;0;0;0;1;1
2004;56;56;9;-9999;5;0;0;0;1;1
2004;58;58;2015;-9999;1;0;0;0;1;1
2004;58;58;2251;-9999;1;0;0;0;1;1
2004;60;60;1;2;1;1;0;0;1;1
2004;60;60;1;2;2;1;0;0;1;1
2004;60;60;1;2;3;1;0;0;1;1
2004;60;60;2;1;1;1;0;0;1;1
2004;60;60;2;1;2;1;0;0;1;1
2004;60;60;2;1;3;1;0;0;1;1
2004;60;60;2;2;4;1;0;0;1;1
2004;60;60;2;2;5;1;0;0;1;1
2004;60;60;2;2;6;1;0;0;1;1
2004;60;60;3;2;1;1;0;0;1;1
2004;60;60;3;2;2;1;0;0;1;1
2004;60;60;3;2;3;1;0;0;1;1
2004;60;60;4;1;1;1;0;0;1;1
2004;60;60;4;1;2;1;0;0;1;1
2004;60;60;4;1;3;1;0;0;1;1
2004;60;60;4;2;4;1;0;0;1;1
2004;60;60;4;2;5;1;0;0;1;1
2004;60;60;4;2;6;1;0;0;1;1
2004;60;60;5;1;1;1;0;0;1;1
2004;60;60;5;1;2;1;0;0;1;1
2004;60;60;5;1;3;1;0;0;1;1
2004;60;60;5;2;4;1;0;0;1;1
2004;60;60;5;2;5;1;0;0;1;1
2004;60;60;5;2;6;1;0;0;1;1
2004;60;60;6;2;1;1;0;0;1;1
2004;60;60;6;2;2;1;0;0;1;1
2004;60;60;6;2;3;1;0;0;1;1
2004;60;60;7;2;1;1;0;0;1;1
2004;60;60;7;2;2;1;0;0;1;1
2004;60;60;7;2;3;1;0;0;1;1
2004;60;60;8;1;1;1;0;0;1;1
2004;60;60;8;1;2;1;0;0;1;1
2004;60;60;8;1;3;1;0;0;1;1
2004;60;60;8;2;4;1;0;0;1;1
2004;60;60;8;2;5;1;0;0;1;1
2004;60;60;8;2;6;1;0;0;1;1
2004;60;60;9;1;1;1;0;0;0;1
2004;60;60;9;1;2;1;0;0;0;1
2004;60;60;9;1;3;1;0;0;0;1
2004;60;60;9;2;1;1;0;0;1;0
2004;60;60;9;2;2;1;0;0;1;0
2004;60;60;9;2;3;1;0;0;1;0
2004;60;60;10;2;1;1;0;0;1;1
2004;60;60;10;2;2;1;0;0;1;1
2004;60;60;10;2;3;1;0;0;1;1
2004;60;60;11;1;1;1;0;0;1;1
2004;60;60;11;1;2;1;0;0;1;1
2004;60;60;11;1;3;1;0;0;1;1
2004;60;60;11;2;4;1;0;0;1;1
2004;60;60;11;2;5;1;0;0;1;1
2004;60;60;11;2;6;1;0;0;1;1
2004;64;64;5;-9999;1;0;0;0;1;1
2004;66;66;101;-9999;1;0;0;0;1;1
2004;66;66;101;-9999;2;0;0;0;1;1
2004;66;66;102;-9999;1;0;0;0;1;1
2004;66;66;102;-9999;2;0;0;0;1;1
2004;66;66;103;-9999;1;0;0;0;1;1
2004;66;66;103;-9999;2;0;0;0;1;1
2004;66;66;104;-9999;1;0;0;0;1;1
2004;66;66;104;-9999;2;0;0;0;1;1
2005;1;1;1;1;1;1;0;0;1;1
2005;1;1;1;1;2;1;0;0;1;1
2005;1;1;1;1;6;1;0;0;1;1
2005;1;1;1;2;1;1;0;0;1;1
2005;1;1;1;2;2;1;0;0;1;1
2005;1;1;1;2;6;1;0;0;1;1
2005;1;1;1;3;1;1;0;0;1;1
2005;1;1;1;3;2;1;0;0;1;1
2005;1;1;1;3;6;1;0;0;1;1
2005;1;1;1;4;1;1;0;0;1;1
2005;1;1;1;4;2;1;0;0;1;1
2005;1;1;1;4;6;1;0;0;1;1
2005;1;1;1;5;1;1;0;0;1;1
2005;1;1;1;5;2;1;0;0;1;1
2005;1;1;1;5;6;1;0;0;1;1
2005;1;1;1;6;1;1;0;0;1;1
2005;1;1;1;6;2;1;0;0;1;1
2005;1;1;1;6;6;1;0;0;1;1
2005;1;1;1;7;1;1;0;0;1;1
2005;1;1;1;7;2;1;0;0;1;1
2005;1;1;1;7;6;1;0;0;1;1
2005;1;1;1;8;1;1;0;0;1;1
2005;1;1;1;8;2;1;0;0;1;1
2005;1;1;1;8;6;1;0;0;1;1
2005;1;1;2;1;1;1;0;0;1;1
2005;1;1;2;1;2;1;0;0;1;1
2005;1;1;2;2;1;1;0;0;1;1
2005;1;1;2;2;2;1;0;0;1;1
2005;1;1;2;3;1;1;0;0;1;1
2005;1;1;2;3;2;1;0;0;1;1
2005;1;1;2;4;1;1;0;0;1;1
2005;1;1;2;4;2;1;0;0;1;1
2005;1;1;2;5;1;1;0;0;1;1
2005;1;1;2;5;2;1;0;0;1;1
2005;1;1;2;6;1;1;0;0;1;1
2005;1;1;2;6;2;1;0;0;1;1
2005;1;1;2;7;1;1;0;0;1;1
2005;1;1;2;7;2;1;0;0;1;1
2005;1;1;2;8;1;1;0;0;1;1
2005;1;1;2;8;2;1;0;0;1;1
2005;1;1;3;1;1;1;0;0;1;1
2005;1;1;3;1;2;1;0;0;1;1
2005;1;1;3;2;1;1;0;0;1;1
2005;1;1;3;2;2;1;0;0;1;1
2005;1;1;3;3;1;1;0;0;1;1
2005;1;1;3;3;2;1;0;0;1;1
2005;1;1;3;4;1;1;0;0;1;1
2005;1;1;3;4;2;1;0;0;1;1
2005;1;1;3;5;1;1;0;0;1;1
2005;1;1;3;5;2;1;0;0;1;1
2005;1;1;3;6;1;1;0;0;1;1
2005;1;1;3;6;2;1;0;0;1;1
2005;1;1;3;7;1;1;0;0;1;1
2005;1;1;3;7;2;1;0;0;1;1
2005;1;1;3;8;1;1;0;0;1;1
2005;1;1;3;8;2;1;0;0;1;1
2005;1;1;4;1;1;1;0;0;1;1
2005;1;1;4;1;2;1;0;0;1;1
2005;1;1;4;2;1;1;0;0;1;1
2005;1;1;4;2;2;1;0;0;1;1
2005;1;1;4;3;1;1;0;0;1;1
2005;1;1;4;3;2;1;0;0;1;1
2005;1;1;4;4;1;1;0;0;1;1
2005;1;1;4;4;2;1;0;0;1;1
2005;1;1;4;5;1;1;0;0;1;1
2005;1;1;4;5;2;1;0;0;1;1
2005;1;1;4;6;1;1;0;0;1;1
2005;1;1;4;6;2;1;0;0;1;1
2005;1;1;4;7;1;1;0;0;1;1
2005;1;1;4;7;2;1;0;0;1;1
2005;1;1;4;8;1;1;0;0;1;1
2005;1;1;4;8;2;1;0;0;1;1
2005;1;1;5;1;1;1;0;0;1;1
2005;1;1;5;1;2;1;0;0;1;1
2005;1;1;5;2;1;1;0;0;1;1
2005;1;1;5;2;2;1;0;0;1;1
2005;1;1;5;3;1;1;0;0;1;1
2005;1;1;5;3;2;1;0;0;1;1
2005;1;1;5;4;1;1;0;0;1;1
2005;1;1;5;4;2;1;0;0;1;1
2005;1;1;5;5;1;1;0;0;1;1
2005;1;1;5;5;2;1;0;0;1;1
2005;1;1;5;6;1;1;0;0;1;1
2005;1;1;5;6;2;1;0;0;1;1
2005;1;1;5;7;1;1;0;0;1;1
2005;1;1;5;7;2;1;0;0;1;1
2005;1;1;5;8;1;1;0;0;1;1
2005;1;1;5;8;2;1;0;0;1;1
2005;1;1;6;1;1;1;0;0;1;1
2005;1;1;6;1;2;1;0;0;1;1
2005;1;1;6;2;1;1;0;0;1;1
2005;1;1;6;2;2;1;0;0;1;1
2005;1;1;6;3;1;1;0;0;1;1
2005;1;1;6;3;2;1;0;0;1;1
2005;1;1;6;4;1;1;0;0;1;1
2005;1;1;6;4;2;1;0;0;1;1
2005;1;1;6;5;1;1;0;0;1;1
2005;1;1;6;5;2;1;0;0;1;1
2005;1;1;6;6;1;1;0;0;1;1
2005;1;1;6;6;2;1;0;0;1;1
2005;1;1;6;7;1;1;0;0;1;1
2005;1;1;6;7;2;1;0;0;1;1
2005;1;1;6;8;1;1;0;0;1;1
2005;1;1;6;8;2;1;0;0;1;1
2005;1;1;7;1;1;1;0;0;1;1
2005;1;1;7;1;2;1;0;0;1;1
2005;1;1;7;2;1;1;0;0;1;1
2005;1;1;7;2;2;1;0;0;1;1
2005;1;1;7;3;1;1;0;0;1;1
2005;1;1;7;3;2;1;0;0;1;1
2005;1;1;7;4;1;1;0;0;1;1
2005;1;1;7;4;2;1;0;0;1;1
2005;1;1;7;5;1;1;0;0;1;1
2005;1;1;7;5;2;1;0;0;1;1
2005;1;1;7;6;1;1;0;0;1;1
2005;1;1;7;6;2;1;0;0;1;1
2005;1;1;7;7;1;1;0;0;1;1
2005;1;1;7;7;2;1;0;0;1;1
2005;1;1;7;8;1;1;0;0;1;1
2005;1;1;7;8;2;1;0;0;1;1
2005;1;1;8;1;1;1;0;0;1;1
2005;1;1;8;1;2;1;0;0;1;1
2005;1;1;8;2;1;1;0;0;1;1
2005;1;1;8;2;2;1;0;0;1;1
2005;1;1;8;3;1;1;0;0;1;1
2005;1;1;8;3;2;1;0;0;1;1
2005;1;1;8;4;1;1;0;0;1;1
2005;1;1;8;4;2;1;0;0;1;1
2005;1;1;8;5;1;1;0;0;1;1
2005;1;1;8;5;2;1;0;0;1;1
2005;1;1;8;6;1;1;0;0;1;1
2005;1;1;8;6;2;1;0;0;1;1
2005;1;1;8;7;1;1;0;0;1;1
2005;1;1;8;7;2;1;0;0;1;1
2005;1;1;8;8;1;1;0;0;1;1
2005;1;1;8;8;2;1;0;0;1;1
2005;1;1;9;1;1;1;0;0;1;1
2005;1;1;9;1;2;1;0;0;1;1
2005;1;1;9;2;1;1;0;0;1;1
2005;1;1;9;2;2;1;0;0;1;1
2005;1;1;9;3;1;1;0;0;1;1
2005;1;1;9;3;2;1;0;0;1;1
2005;1;1;9;4;1;1;0;0;1;1
2005;1;1;9;4;2;1;0;0;1;1
2005;1;1;9;5;1;1;0;0;1;1
2005;1;1;9;5;2;1;0;0;1;1
2005;1;1;9;6;1;1;0;0;1;1
2005;1;1;9;6;2;1;0;0;1;1
2005;1;1;9;7;1;1;0;0;1;1
2005;1;1;9;7;2;1;0;0;1;1
2005;1;1;9;8;1;1;0;0;1;1
2005;1;1;9;8;2;1;0;0;1;1
2005;1;1;10;1;1;1;0;0;1;1
2005;1;1;10;1;2;1;0;0;1;1
2005;1;1;10;2;1;1;0;0;1;1
2005;1;1;10;2;2;1;0;0;1;1
2005;1;1;10;3;1;1;0;0;1;1
2005;1;1;10;3;2;1;0;0;1;1
2005;1;1;10;4;1;1;0;0;1;1
2005;1;1;10;4;2;1;0;0;1;1
2005;1;1;10;5;1;1;0;0;1;1
2005;1;1;10;5;2;1;0;0;1;1
2005;1;1;10;6;1;1;0;0;1;1
2005;1;1;10;6;2;1;0;0;1;1
2005;1;1;10;7;1;1;0;0;1;1
2005;1;1;10;7;2;1;0;0;1;1
2005;1;1;10;8;1;1;0;0;1;1
2005;1;1;10;8;2;1;0;0;1;1
2005;1;1;11;1;1;1;0;0;1;1
2005;1;1;11;1;2;1;0;0;1;1
2005;1;1;11;2;1;1;0;0;1;1
2005;1;1;11;2;2;1;0;0;1;1
2005;1;1;11;3;1;1;0;0;1;1
2005;1;1;11;3;2;1;0;0;1;1
2005;1;1;11;4;1;1;0;0;1;1
2005;1;1;11;4;2;1;0;0;1;1
2005;1;1;11;5;1;1;0;0;1;1
2005;1;1;11;5;2;1;0;0;1;1
2005;1;1;11;6;1;1;0;0;1;1
2005;1;1;11;6;2;1;0;0;1;1
2005;1;1;11;7;1;1;0;0;1;1
2005;1;1;11;7;2;1;0;0;1;1
2005;1;1;11;8;1;1;0;0;1;1
2005;1;1;11;8;2;1;0;0;1;1
2005;1;1;12;1;1;1;0;0;1;1
2005;1;1;12;1;2;1;0;0;1;1
2005;1;1;12;2;1;1;0;0;1;1
2005;1;1;12;2;2;1;0;0;1;1
2005;1;1;12;3;1;1;0;0;1;1
2005;1;1;12;3;2;1;0;0;1;1
2005;1;1;12;4;1;1;0;0;1;1
2005;1;1;12;4;2;1;0;0;1;1
2005;1;1;12;5;1;1;0;0;1;1
2005;1;1;12;5;2;1;0;0;1;1
2005;1;1;12;6;1;1;0;0;1;1
2005;1;1;12;6;2;1;0;0;1;1
2005;1;1;12;7;1;1;0;0;1;1
2005;1;1;12;7;2;1;0;0;1;1
2005;1;1;12;8;1;1;0;0;1;1
2005;1;1;12;8;2;1;0;0;1;1
2005;1;1;13;1;1;1;0;0;1;1
2005;1;1;13;1;2;1;0;0;1;1
2005;1;1;13;2;1;1;0;0;1;1
2005;1;1;13;2;2;1;0;0;1;1
2005;1;1;13;3;1;1;0;0;1;1
2005;1;1;13;3;2;1;0;0;1;1
2005;1;1;13;4;1;1;0;0;1;1
2005;1;1;13;4;2;1;0;0;1;1
2005;1;1;13;5;1;1;0;0;1;1
2005;1;1;13;5;2;1;0;0;1;1
2005;1;1;13;6;1;1;0;0;1;1
2005;1;1;13;6;2;1;0;0;1;1
2005;1;1;13;7;1;1;0;0;1;1
2005;1;1;13;7;2;1;0;0;1;1
2005;1;1;13;8;1;1;0;0;1;1
2005;1;1;13;8;2;1;0;0;1;1
2005;1;1;14;1;1;1;0;0;1;1
2005;1;1;14;1;2;1;0;0;1;1
2005;1;1;14;2;1;1;0;0;1;1
2005;1;1;14;2;2;1;0;0;1;1
2005;1;1;14;3;1;1;0;0;1;1
2005;1;1;14;3;2;1;0;0;1;1
2005;1;1;14;4;1;1;0;0;1;1
2005;1;1;14;4;2;1;0;0;1;1
2005;1;1;14;5;1;1;0;0;1;1
2005;1;1;14;5;2;1;0;0;1;1
2005;1;1;14;6;1;1;0;0;1;1
2005;1;1;14;6;2;1;0;0;1;1
2005;1;1;14;7;1;1;0;0;1;1
2005;1;1;14;7;2;1;0;0;1;1
2005;1;1;14;8;1;1;0;0;1;1
2005;1;1;14;8;2;1;0;0;1;1
2005;1;1;15;1;1;1;0;0;1;1
2005;1;1;15;1;2;1;0;0;1;1
2005;1;1;15;2;1;1;0;0;1;1
2005;1;1;15;2;2;1;0;0;1;1
2005;1;1;15;3;1;1;0;0;1;1
2005;1;1;15;3;2;1;0;0;1;1
2005;1;1;15;4;1;1;0;0;1;1
2005;1;1;15;4;2;1;0;0;1;1
2005;1;1;15;5;1;1;0;0;1;1
2005;1;1;15;5;2;1;0;0;1;1
2005;1;1;15;6;1;1;0;0;1;1
2005;1;1;15;6;2;1;0;0;1;1
2005;1;1;15;7;1;1;0;0;1;1
2005;1;1;15;7;2;1;0;0;1;1
2005;1;1;15;8;1;1;0;0;1;1
2005;1;1;15;8;2;1;0;0;1;1
2005;1;1;16;1;1;1;0;0;1;1
2005;1;1;16;1;2;1;0;0;1;1
2005;1;1;16;2;1;1;0;0;1;1
2005;1;1;16;2;2;1;0;0;1;1
2005;1;1;16;3;1;1;0;0;1;1
2005;1;1;16;3;2;1;0;0;1;1
2005;1;1;16;4;1;1;0;0;1;1
2005;1;1;16;4;2;1;0;0;1;1
2005;1;1;16;5;1;1;0;0;1;1
2005;1;1;16;5;2;1;0;0;1;1
2005;1;1;16;6;1;1;0;0;1;1
2005;1;1;16;6;2;1;0;0;1;1
2005;1;1;16;7;1;1;0;0;1;1
2005;1;1;16;7;2;1;0;0;1;1
2005;1;1;16;8;1;1;0;0;1;1
2005;1;1;16;8;2;1;0;0;1;1
2005;1;1;17;1;1;1;0;0;1;1
2005;1;1;17;1;2;1;0;0;1;1
2005;1;1;17;1;6;1;0;0;1;1
2005;1;1;17;2;1;1;0;0;1;1
2005;1;1;17;2;2;1;0;0;1;1
2005;1;1;17;2;6;1;0;0;1;1
2005;1;1;17;3;1;1;0;0;1;1
2005;1;1;17;3;2;1;0;0;1;1
2005;1;1;17;3;6;1;0;0;1;1
2005;1;1;17;4;1;1;0;0;1;1
2005;1;1;17;4;2;1;0;0;1;1
2005;1;1;17;4;6;1;0;0;1;1
2005;1;1;17;5;1;1;0;0;1;1
2005;1;1;17;5;2;1;0;0;1;1
2005;1;1;17;5;6;1;0;0;1;1
2005;1;1;17;6;1;1;0;0;1;1
2005;1;1;17;6;2;1;0;0;1;1
2005;1;1;17;6;6;1;0;0;1;1
2005;1;1;17;7;1;1;0;0;1;1
2005;1;1;17;7;2;1;0;0;1;1
2005;1;1;17;7;6;1;0;0;1;1
2005;1;1;17;8;1;1;0;0;1;1
2005;1;1;17;8;2;1;0;0;1;1
2005;1;1;17;8;6;1;0;0;1;1
2005;1;1;18;1;1;1;0;0;1;1
2005;1;1;18;1;2;1;0;0;1;1
2005;1;1;18;2;1;1;0;0;1;1
2005;1;1;18;2;2;1;0;0;1;1
2005;1;1;18;3;1;1;0;0;1;1
2005;1;1;18;3;2;1;0;0;1;1
2005;1;1;18;4;1;1;0;0;1;1
2005;1;1;18;4;2;1;0;0;1;1
2005;1;1;18;5;1;1;0;0;1;1
2005;1;1;18;5;2;1;0;0;1;1
2005;1;1;18;6;1;1;0;0;1;1
2005;1;1;18;6;2;1;0;0;1;1
2005;1;1;18;7;1;1;0;0;1;1
2005;1;1;18;7;2;1;0;0;1;1
2005;1;1;18;8;1;1;0;0;1;1
2005;1;1;18;8;2;1;0;0;1;0
2005;1;1;19;1;1;1;0;0;1;1
2005;1;1;19;1;2;1;0;0;1;1
2005;1;1;19;2;1;1;0;0;1;1
2005;1;1;19;2;2;1;0;0;1;1
2005;1;1;19;3;1;1;0;0;1;1
2005;1;1;19;3;2;1;0;0;1;1
2005;1;1;19;4;1;1;0;0;1;1
2005;1;1;19;4;2;1;0;0;1;1
2005;1;1;19;5;1;1;0;0;1;1
2005;1;1;19;5;2;1;0;0;1;1
2005;1;1;19;6;1;1;0;0;1;1
2005;1;1;19;6;2;1;0;0;1;1
2005;1;1;19;7;1;1;0;0;1;1
2005;1;1;19;7;2;1;0;0;1;1
2005;1;1;19;8;1;1;0;0;1;1
2005;1;1;19;8;2;1;0;0;1;1
2005;1;1;20;1;1;1;0;0;1;1
2005;1;1;20;1;2;1;0;0;1;1
2005;1;1;20;2;1;1;0;0;1;1
2005;1;1;20;2;2;1;0;0;1;1
2005;1;1;20;3;1;1;0;0;1;1
2005;1;1;20;3;2;1;0;0;1;1
2005;1;1;20;4;1;1;0;0;1;1
2005;1;1;20;4;2;1;0;0;1;1
2005;1;1;20;5;1;1;0;0;1;1
2005;1;1;20;5;2;1;0;0;1;1
2005;1;1;20;6;1;1;0;0;1;1
2005;1;1;20;6;2;1;0;0;1;1
2005;1;1;20;7;1;1;0;0;1;1
2005;1;1;20;7;2;1;0;0;1;1
2005;1;1;20;8;1;1;0;0;1;1
2005;1;1;20;8;2;1;0;0;1;1
2005;1;1;21;1;1;1;0;0;1;1
2005;1;1;21;1;2;1;0;0;1;1
2005;1;1;21;2;1;1;0;0;1;1
2005;1;1;21;2;2;1;0;0;1;1
2005;1;1;21;3;1;1;0;0;1;1
2005;1;1;21;3;2;1;0;0;1;1
2005;1;1;21;4;1;1;0;0;1;1
2005;1;1;21;4;2;1;0;0;1;1
2005;1;1;21;5;1;1;0;0;1;1
2005;1;1;21;5;2;1;0;0;1;1
2005;1;1;21;6;1;1;0;0;1;1
2005;1;1;21;6;2;1;0;0;1;1
2005;1;1;21;7;1;1;0;0;1;1
2005;1;1;21;7;2;1;0;0;1;1
2005;1;1;21;8;1;1;0;0;1;1
2005;1;1;21;8;2;1;0;0;1;1
2005;1;1;22;1;1;1;0;0;1;1
2005;1;1;22;1;2;1;0;0;1;1
2005;1;1;22;2;1;1;0;0;1;1
2005;1;1;22;2;2;1;0;0;1;1
2005;1;1;22;3;1;1;0;0;1;1
2005;1;1;22;3;2;1;0;0;1;1
2005;1;1;22;4;1;1;0;0;1;1
2005;1;1;22;4;2;1;0;0;1;1
2005;1;1;22;5;1;1;0;0;1;1
2005;1;1;22;5;2;1;0;0;1;1
2005;1;1;22;6;1;1;0;0;1;1
2005;1;1;22;6;2;1;0;0;1;1
2005;1;1;22;7;1;1;0;0;1;1
2005;1;1;22;7;2;1;0;0;1;1
2005;1;1;22;8;1;1;0;0;1;1
2005;1;1;22;8;2;1;0;0;1;1
2005;1;1;23;1;1;1;0;0;1;1
2005;1;1;23;1;2;1;0;0;1;1
2005;1;1;23;2;1;1;0;0;1;1
2005;1;1;23;2;2;1;0;0;1;1
2005;1;1;23;3;1;1;0;0;1;1
2005;1;1;23;3;2;1;0;0;1;1
2005;1;1;23;4;1;1;0;0;1;1
2005;1;1;23;4;2;1;0;0;1;1
2005;1;1;23;5;1;1;0;0;1;1
2005;1;1;23;5;2;1;0;0;1;1
2005;1;1;23;6;1;1;0;0;1;1
2005;1;1;23;6;2;1;0;0;1;1
2005;1;1;23;7;1;1;0;0;1;1
2005;1;1;23;7;2;1;0;0;1;1
2005;1;1;23;8;1;1;0;0;1;1
2005;1;1;23;8;2;1;0;0;1;1
2005;1;1;24;1;1;1;0;0;1;1
2005;1;1;24;1;2;1;0;0;1;1
2005;1;1;24;2;1;1;0;0;1;1
2005;1;1;24;2;2;1;0;0;1;1
2005;1;1;24;3;1;1;0;0;1;1
2005;1;1;24;3;2;1;0;0;1;1
2005;1;1;24;4;1;1;0;0;1;1
2005;1;1;24;4;2;1;0;0;1;1
2005;1;1;24;5;1;1;0;0;1;1
2005;1;1;24;5;2;1;0;0;1;1
2005;1;1;24;6;1;1;0;0;1;1
2005;1;1;24;6;2;1;0;0;1;1
2005;1;1;24;7;1;1;0;0;1;1
2005;1;1;24;7;2;1;0;0;1;1
2005;1;1;24;8;1;1;0;0;1;1
2005;1;1;24;8;2;1;0;0;1;1
2005;1;1;25;1;1;1;0;0;1;1
2005;1;1;25;1;2;1;0;0;1;1
2005;1;1;25;2;1;1;0;0;1;1
2005;1;1;25;2;2;1;0;0;1;1
2005;1;1;25;3;1;1;0;0;1;1
2005;1;1;25;3;2;1;0;0;1;1
2005;1;1;25;4;1;1;0;0;1;1
2005;1;1;25;4;2;1;0;0;1;1
2005;1;1;25;5;1;1;0;0;1;1
2005;1;1;25;5;2;1;0;0;1;1
2005;1;1;25;6;1;1;0;0;1;1
2005;1;1;25;6;2;1;0;0;1;1
2005;1;1;25;7;1;1;0;0;1;1
2005;1;1;25;7;2;1;0;0;1;1
2005;1;1;25;8;1;1;0;0;1;1
2005;1;1;25;8;2;1;0;0;1;1
2005;1;1;26;1;1;1;0;0;1;1
2005;1;1;26;1;2;1;0;0;1;1
2005;1;1;26;2;1;1;0;0;1;1
2005;1;1;26;2;2;1;0;0;1;1
2005;1;1;26;3;1;1;0;0;1;1
2005;1;1;26;3;2;1;0;0;1;1
2005;1;1;26;4;1;1;0;0;1;1
2005;1;1;26;4;2;1;0;0;1;1
2005;1;1;26;5;1;1;0;0;1;1
2005;1;1;26;5;2;1;0;0;1;1
2005;1;1;26;6;1;1;0;0;1;1
2005;1;1;26;6;2;1;0;0;1;1
2005;1;1;26;7;1;1;0;0;1;1
2005;1;1;26;7;2;1;0;0;1;1
2005;1;1;26;8;1;1;0;0;1;1
2005;1;1;26;8;2;1;0;0;1;1
2005;1;1;27;1;1;1;0;0;1;1
2005;1;1;27;1;2;1;0;0;1;1
2005;1;1;27;2;1;1;0;0;1;1
2005;1;1;27;2;2;1;0;0;1;1
2005;1;1;27;3;1;1;0;0;1;1
2005;1;1;27;3;2;1;0;0;1;1
2005;1;1;27;4;1;1;0;0;1;1
2005;1;1;27;4;2;1;0;0;1;1
2005;1;1;27;5;1;1;0;0;1;1
2005;1;1;27;5;2;1;0;0;1;1
2005;1;1;27;6;1;1;0;0;1;1
2005;1;1;27;6;2;1;0;0;1;1
2005;1;1;27;7;1;1;0;0;1;1
2005;1;1;27;7;2;1;0;0;1;1
2005;1;1;27;8;1;1;0;0;1;1
2005;1;1;27;8;2;1;0;0;1;1
2005;1;1;28;1;1;1;0;0;1;1
2005;1;1;28;1;2;1;0;0;1;1
2005;1;1;28;2;1;1;0;0;1;1
2005;1;1;28;2;2;1;0;0;1;1
2005;1;1;28;3;1;1;0;0;1;1
2005;1;1;28;3;2;1;0;0;1;1
2005;1;1;28;4;1;1;0;0;1;1
2005;1;1;28;4;2;1;0;0;1;1
2005;1;1;28;5;1;1;0;0;1;1
2005;1;1;28;5;2;1;0;0;1;1
2005;1;1;28;6;1;1;0;0;1;1
2005;1;1;28;6;2;1;0;0;1;1
2005;1;1;28;7;1;1;0;0;1;1
2005;1;1;28;7;2;1;0;0;1;1
2005;1;1;28;8;1;1;0;0;1;1
2005;1;1;28;8;2;1;0;0;1;1
2005;1;1;29;1;1;1;0;0;1;1
2005;1;1;29;1;2;1;0;0;1;1
2005;1;1;29;2;1;1;0;0;1;1
2005;1;1;29;2;2;1;0;0;1;1
2005;1;1;29;3;1;1;0;0;1;1
2005;1;1;29;3;2;1;0;0;1;1
2005;1;1;29;4;1;1;0;0;1;1
2005;1;1;29;4;2;1;0;0;1;1
2005;1;1;29;5;1;1;0;0;1;1
2005;1;1;29;5;2;1;0;0;1;1
2005;1;1;29;6;1;1;0;0;1;1
2005;1;1;29;6;2;1;0;0;1;1
2005;1;1;29;7;1;1;0;0;1;1
2005;1;1;29;7;2;1;0;0;1;1
2005;1;1;29;8;1;1;0;0;1;1
2005;1;1;29;8;2;1;0;0;1;1
2005;1;1;30;1;1;1;0;0;1;1
2005;1;1;30;1;2;1;0;0;1;1
2005;1;1;30;2;1;1;0;0;1;1
2005;1;1;30;2;2;1;0;0;1;1
2005;1;1;30;3;1;1;0;0;1;1
2005;1;1;30;3;2;1;0;0;1;1
2005;1;1;30;4;1;1;0;0;1;1
2005;1;1;30;4;2;1;0;0;1;1
2005;1;1;30;5;1;1;0;0;1;1
2005;1;1;30;5;2;1;0;0;1;1
2005;1;1;30;6;1;1;0;0;1;1
2005;1;1;30;6;2;1;0;0;1;1
2005;1;1;30;7;1;1;0;0;1;1
2005;1;1;30;7;2;1;0;0;1;1
2005;1;1;30;8;1;1;0;0;1;1
2005;1;1;30;8;2;1;0;0;1;1
2005;1;1;31;1;1;1;0;0;1;1
2005;1;1;31;1;2;1;0;0;1;1
2005;1;1;31;2;1;1;0;0;1;1
2005;1;1;31;2;2;1;0;0;1;1
2005;1;1;31;3;1;1;0;0;1;1
2005;1;1;31;3;2;1;0;0;1;1
2005;1;1;31;4;1;1;0;0;1;1
2005;1;1;31;4;2;1;0;0;1;1
2005;1;1;31;5;1;1;0;0;1;1
2005;1;1;31;5;2;1;0;0;1;1
2005;1;1;31;6;1;1;0;0;1;1
2005;1;1;31;6;2;1;0;0;1;1
2005;1;1;31;7;1;1;0;0;1;1
2005;1;1;31;7;2;1;0;0;1;1
2005;1;1;31;8;1;1;0;0;1;1
2005;1;1;31;8;2;1;0;0;1;1
2005;1;1;32;1;1;1;0;0;1;1
2005;1;1;32;1;2;1;0;0;1;1
2005;1;1;32;2;1;1;0;0;1;1
2005;1;1;32;2;2;1;0;0;1;1
2005;1;1;32;3;1;1;0;0;1;1
2005;1;1;32;3;2;1;0;0;1;1
2005;1;1;32;4;1;1;0;0;1;1
2005;1;1;32;4;2;1;0;0;1;1
2005;1;1;32;5;1;1;0;0;1;1
2005;1;1;32;5;2;1;0;0;1;1
2005;1;1;32;6;1;1;0;0;1;1
2005;1;1;32;6;2;1;0;0;1;1
2005;1;1;32;7;1;1;0;0;1;1
2005;1;1;32;7;2;1;0;0;1;1
2005;1;1;32;8;1;1;0;0;1;1
2005;1;1;32;8;2;1;0;0;1;1
2005;1;1;33;1;1;1;0;0;1;1
2005;1;1;33;1;2;1;0;0;1;1
2005;1;1;33;2;1;1;0;0;1;1
2005;1;1;33;2;2;1;0;0;1;1
2005;1;1;33;3;1;1;0;0;1;1
2005;1;1;33;3;2;1;0;0;1;1
2005;1;1;33;4;1;1;0;0;1;1
2005;1;1;33;4;2;1;0;0;1;1
2005;1;1;33;5;1;1;0;0;1;1
2005;1;1;33;5;2;1;0;0;1;1
2005;1;1;33;6;1;1;0;0;1;1
2005;1;1;33;6;2;1;0;0;1;1
2005;1;1;33;7;1;1;0;0;1;1
2005;1;1;33;7;2;1;0;0;1;1
2005;1;1;33;8;1;1;0;0;1;1
2005;1;1;33;8;2;1;0;0;1;1
2005;1;1;34;1;1;1;0;0;1;1
2005;1;1;34;1;2;1;0;0;1;1
2005;1;1;34;2;1;1;0;0;1;1
2005;1;1;34;2;2;1;0;0;1;1
2005;1;1;34;3;1;1;0;0;1;1
2005;1;1;34;3;2;1;0;0;1;1
2005;1;1;34;4;1;1;0;0;1;1
2005;1;1;34;4;2;1;0;0;1;1
2005;1;1;34;5;1;1;0;0;1;1
2005;1;1;34;5;2;1;0;0;1;1
2005;1;1;34;6;1;1;0;0;1;1
2005;1;1;34;6;2;1;0;0;1;1
2005;1;1;34;7;1;1;0;0;1;1
2005;1;1;34;7;2;1;0;0;1;1
2005;1;1;34;8;1;1;0;0;1;1
2005;1;1;34;8;2;1;0;0;1;1
2005;1;1;35;1;1;1;0;0;1;1
2005;1;1;35;1;2;1;0;0;1;0
2005;1;1;35;2;1;1;0;0;1;1
2005;1;1;35;2;2;1;0;0;1;0
2005;1;1;35;3;1;1;0;0;1;1
2005;1;1;35;3;2;1;0;0;1;0
2005;1;1;35;4;1;1;0;0;1;1
2005;1;1;35;4;2;1;0;0;1;0
2005;1;1;35;5;1;1;0;0;1;1
2005;1;1;35;5;2;1;0;0;1;0
2005;1;1;35;6;1;1;0;0;1;1
2005;1;1;35;6;2;1;0;0;1;0
2005;1;1;35;7;1;1;0;0;1;1
2005;1;1;35;7;2;1;0;0;1;0
2005;1;1;35;8;1;1;0;0;1;1
2005;1;1;35;8;2;1;0;0;1;0
2005;1;1;36;1;1;1;0;0;1;1
2005;1;1;36;1;2;1;0;0;1;1
2005;1;1;36;2;1;1;0;0;1;1
2005;1;1;36;2;2;1;0;0;1;1
2005;1;1;36;3;1;1;0;0;1;1
2005;1;1;36;3;2;1;0;0;1;1
2005;1;1;36;4;1;1;0;0;1;1
2005;1;1;36;4;2;1;0;0;1;1
2005;1;1;36;5;1;1;0;0;1;1
2005;1;1;36;5;2;1;0;0;1;1
2005;1;1;36;6;1;1;0;0;1;1
2005;1;1;36;6;2;1;0;0;1;1
2005;1;1;36;7;1;1;0;0;1;1
2005;1;1;36;7;2;1;0;0;1;1
2005;1;1;36;8;1;1;0;0;1;1
2005;1;1;36;8;2;1;0;0;1;1
2005;1;1;37;1;1;1;0;0;1;1
2005;1;1;37;1;2;1;0;0;1;1
2005;1;1;37;1;6;1;0;0;1;1
2005;1;1;37;2;1;1;0;0;1;1
2005;1;1;37;2;2;1;0;0;1;1
2005;1;1;37;2;6;1;0;0;1;1
2005;1;1;37;3;1;1;0;0;1;1
2005;1;1;37;3;2;1;0;0;1;1
2005;1;1;37;3;6;1;0;0;1;1
2005;1;1;37;4;1;1;0;0;1;1
2005;1;1;37;4;2;1;0;0;1;1
2005;1;1;37;4;6;1;0;0;1;1
2005;1;1;37;5;1;1;0;0;1;1
2005;1;1;37;5;2;1;0;0;1;1
2005;1;1;37;5;6;1;0;0;1;1
2005;1;1;37;6;1;1;0;0;1;1
2005;1;1;37;6;2;1;0;0;1;1
2005;1;1;37;6;6;1;0;0;1;1
2005;1;1;37;7;1;1;0;0;1;1
2005;1;1;37;7;2;1;0;0;1;1
2005;1;1;37;7;6;1;0;0;1;1
2005;1;1;37;8;1;1;0;0;1;1
2005;1;1;37;8;2;1;0;0;1;1
2005;1;1;37;8;6;1;0;0;1;1
2005;1;1;38;1;1;1;0;0;1;1
2005;1;1;38;1;2;1;0;0;1;1
2005;1;1;38;2;1;1;0;0;1;1
2005;1;1;38;2;2;1;0;0;1;1
2005;1;1;38;3;1;1;0;0;1;1
2005;1;1;38;3;2;1;0;0;1;1
2005;1;1;38;4;1;1;0;0;1;1
2005;1;1;38;4;2;1;0;0;1;1
2005;1;1;38;5;1;1;0;0;1;1
2005;1;1;38;5;2;1;0;0;1;1
2005;1;1;38;6;1;1;0;0;1;1
2005;1;1;38;6;2;1;0;0;1;1
2005;1;1;38;7;1;1;0;0;1;1
2005;1;1;38;7;2;1;0;0;1;1
2005;1;1;38;8;1;1;0;0;1;1
2005;1;1;38;8;2;1;0;0;1;1
2005;1;1;39;1;1;1;0;0;1;1
2005;1;1;39;1;2;1;0;0;1;1
2005;1;1;39;2;1;1;0;0;1;1
2005;1;1;39;2;2;1;0;0;1;1
2005;1;1;39;3;1;1;0;0;1;1
2005;1;1;39;3;2;1;0;0;1;1
2005;1;1;39;4;1;1;0;0;1;1
2005;1;1;39;4;2;1;0;0;1;1
2005;1;1;39;5;1;1;0;0;1;1
2005;1;1;39;5;2;1;0;0;1;1
2005;1;1;39;6;1;1;0;0;1;1
2005;1;1;39;6;2;1;0;0;1;1
2005;1;1;39;7;1;1;0;0;1;1
2005;1;1;39;7;2;1;0;0;1;1
2005;1;1;39;8;1;1;0;0;1;1
2005;1;1;39;8;2;1;0;0;1;1
2005;1;1;40;1;1;1;0;0;1;1
2005;1;1;40;1;2;1;0;0;1;1
2005;1;1;40;2;1;1;0;0;1;1
2005;1;1;40;2;2;1;0;0;1;1
2005;1;1;40;3;1;1;0;0;1;1
2005;1;1;40;3;2;1;0;0;1;1
2005;1;1;40;4;1;1;0;0;1;1
2005;1;1;40;4;2;1;0;0;1;1
2005;1;1;40;5;1;1;0;0;1;1
2005;1;1;40;5;2;1;0;0;1;1
2005;1;1;40;6;1;1;0;0;1;1
2005;1;1;40;6;2;1;0;0;1;1
2005;1;1;40;7;1;1;0;0;1;1
2005;1;1;40;7;2;1;0;0;1;1
2005;1;1;40;8;1;1;0;0;1;1
2005;1;1;40;8;2;1;0;0;1;1
2005;1;1;41;1;1;1;0;0;1;1
2005;1;1;41;1;2;1;0;0;1;1
2005;1;1;41;1;6;1;0;0;1;1
2005;1;1;41;2;1;1;0;0;1;1
2005;1;1;41;2;2;1;0;0;1;1
2005;1;1;41;2;6;1;0;0;1;1
2005;1;1;41;3;1;1;0;0;1;1
2005;1;1;41;3;2;1;0;0;1;1
2005;1;1;41;3;6;1;0;0;1;1
2005;1;1;41;4;1;1;0;0;1;1
2005;1;1;41;4;2;1;0;0;1;1
2005;1;1;41;4;6;1;0;0;1;1
2005;1;1;41;5;1;1;0;0;1;1
2005;1;1;41;5;2;1;0;0;1;1
2005;1;1;41;5;6;1;0;0;1;1
2005;1;1;41;6;1;1;0;0;1;1
2005;1;1;41;6;2;1;0;0;1;1
2005;1;1;41;6;6;1;0;0;1;1
2005;1;1;41;7;1;1;0;0;1;1
2005;1;1;41;7;2;1;0;0;1;1
2005;1;1;41;7;6;1;0;0;1;1
2005;1;1;41;8;1;1;0;0;1;1
2005;1;1;41;8;2;1;0;0;1;1
2005;1;1;41;8;6;1;0;0;1;1
2005;1;1;42;1;1;1;0;0;1;1
2005;1;1;42;1;2;1;0;0;1;1
2005;1;1;42;2;1;1;0;0;1;1
2005;1;1;42;2;2;1;0;0;1;1
2005;1;1;42;3;1;1;0;0;1;1
2005;1;1;42;3;2;1;0;0;1;1
2005;1;1;42;4;1;1;0;0;1;1
2005;1;1;42;4;2;1;0;0;1;1
2005;1;1;42;5;1;1;0;0;1;1
2005;1;1;42;5;2;1;0;0;1;1
2005;1;1;42;6;1;1;0;0;1;1
2005;1;1;42;6;2;1;0;0;1;1
2005;1;1;42;7;1;1;0;0;1;1
2005;1;1;42;7;2;1;0;0;1;1
2005;1;1;42;8;1;1;0;0;1;1
2005;1;1;42;8;2;1;0;0;1;1
2005;1;1;43;1;1;1;0;0;1;1
2005;1;1;43;1;2;1;0;0;1;1
2005;1;1;43;2;1;1;0;0;1;1
2005;1;1;43;2;2;1;0;0;1;1
2005;1;1;43;3;1;1;0;0;1;1
2005;1;1;43;3;2;1;0;0;1;1
2005;1;1;43;4;1;1;0;0;1;1
2005;1;1;43;4;2;1;0;0;1;1
2005;1;1;43;5;1;1;0;0;1;1
2005;1;1;43;5;2;1;0;0;1;1
2005;1;1;43;6;1;1;0;0;1;1
2005;1;1;43;6;2;1;0;0;1;1
2005;1;1;43;7;1;1;0;0;1;1
2005;1;1;43;7;2;1;0;0;1;1
2005;1;1;43;8;1;1;0;0;1;1
2005;1;1;43;8;2;1;0;0;1;1
2005;1;1;44;1;1;1;0;0;1;1
2005;1;1;44;1;2;1;0;0;1;1
2005;1;1;44;2;1;1;0;0;1;1
2005;1;1;44;2;2;1;0;0;1;1
2005;1;1;44;3;1;1;0;0;1;1
2005;1;1;44;3;2;1;0;0;1;1
2005;1;1;44;4;1;1;0;0;1;1
2005;1;1;44;4;2;1;0;0;1;1
2005;1;1;44;5;1;1;0;0;1;1
2005;1;1;44;5;2;1;0;0;1;1
2005;1;1;44;6;1;1;0;0;1;1
2005;1;1;44;6;2;1;0;0;1;1
2005;1;1;44;7;1;1;0;0;1;1
2005;1;1;44;7;2;1;0;0;1;1
2005;1;1;44;8;1;1;0;0;1;1
2005;1;1;44;8;2;1;0;0;1;1
2005;1;1;45;1;1;1;0;0;1;1
2005;1;1;45;1;2;1;0;0;1;1
2005;1;1;45;2;1;1;0;0;1;1
2005;1;1;45;2;2;1;0;0;1;1
2005;1;1;45;3;1;1;0;0;1;1
2005;1;1;45;3;2;1;0;0;1;1
2005;1;1;45;4;1;1;0;0;1;1
2005;1;1;45;4;2;1;0;0;1;1
2005;1;1;45;5;1;1;0;0;1;1
2005;1;1;45;5;2;1;0;0;1;1
2005;1;1;45;6;1;1;0;0;1;1
2005;1;1;45;6;2;1;0;0;1;1
2005;1;1;45;7;1;1;0;0;1;1
2005;1;1;45;7;2;1;0;0;1;1
2005;1;1;45;8;1;1;0;0;1;1
2005;1;1;45;8;2;1;0;0;1;1
2005;1;1;46;1;1;1;0;0;1;1
2005;1;1;46;1;2;1;0;0;1;1
2005;1;1;46;2;1;1;0;0;1;1
2005;1;1;46;2;2;1;0;0;1;1
2005;1;1;46;3;1;1;0;0;1;1
2005;1;1;46;3;2;1;0;0;1;1
2005;1;1;46;4;1;1;0;0;1;1
2005;1;1;46;4;2;1;0;0;1;1
2005;1;1;46;5;1;1;0;0;1;1
2005;1;1;46;5;2;1;0;0;1;1
2005;1;1;46;6;1;1;0;0;1;1
2005;1;1;46;6;2;1;0;0;1;1
2005;1;1;46;7;1;1;0;0;1;1
2005;1;1;46;7;2;1;0;0;1;1
2005;1;1;46;8;1;1;0;0;1;1
2005;1;1;46;8;2;1;0;0;1;1
2005;1;1;47;1;1;1;0;0;1;1
2005;1;1;47;2;1;1;0;0;1;1
2005;1;1;47;3;1;1;0;0;1;1
2005;1;1;47;4;1;1;0;0;1;1
2005;1;1;47;5;1;1;0;0;1;1
2005;1;1;47;6;1;1;0;0;1;1
2005;1;1;47;7;1;1;0;0;1;1
2005;1;1;47;8;1;1;0;0;1;1
2005;1;1;48;1;1;1;0;0;1;1
2005;1;1;48;1;2;1;0;0;1;1
2005;1;1;48;2;1;1;0;0;1;1
2005;1;1;48;2;2;1;0;0;1;1
2005;1;1;48;3;1;1;0;0;1;1
2005;1;1;48;3;2;1;0;0;1;1
2005;1;1;48;4;1;1;0;0;1;1
2005;1;1;48;4;2;1;0;0;1;1
2005;1;1;48;5;1;1;0;0;1;1
2005;1;1;48;5;2;1;0;0;1;1
2005;1;1;48;6;1;1;0;0;1;1
2005;1;1;48;6;2;1;0;0;1;1
2005;1;1;48;7;1;1;0;0;1;1
2005;1;1;48;7;2;1;0;0;1;1
2005;1;1;48;8;1;1;0;0;1;1
2005;1;1;48;8;2;1;0;0;1;1
2005;1;1;49;1;1;1;0;0;1;1
2005;1;1;49;1;2;1;0;0;1;1
2005;1;1;49;2;1;1;0;0;1;1
2005;1;1;49;2;2;1;0;0;1;1
2005;1;1;49;3;1;1;0;0;1;1
2005;1;1;49;3;2;1;0;0;1;1
2005;1;1;49;4;1;1;0;0;1;1
2005;1;1;49;4;2;1;0;0;1;1
2005;1;1;49;5;1;1;0;0;1;1
2005;1;1;49;5;2;1;0;0;1;1
2005;1;1;49;6;1;1;0;0;1;1
2005;1;1;49;6;2;1;0;0;1;1
2005;1;1;49;7;1;1;0;0;1;1
2005;1;1;49;7;2;1;0;0;1;1
2005;1;1;49;8;1;1;0;0;1;1
2005;1;1;49;8;2;1;0;0;1;1
2005;1;1;50;1;1;1;0;0;1;1
2005;1;1;50;1;2;1;0;0;1;1
2005;1;1;50;2;1;1;0;0;1;1
2005;1;1;50;2;2;1;0;0;1;1
2005;1;1;50;3;1;1;0;0;1;1
2005;1;1;50;3;2;1;0;0;1;1
2005;1;1;50;4;1;1;0;0;1;1
2005;1;1;50;4;2;1;0;0;1;1
2005;1;1;50;5;1;1;0;0;1;1
2005;1;1;50;5;2;1;0;0;1;1
2005;1;1;50;6;1;1;0;0;1;1
2005;1;1;50;6;2;1;0;0;1;1
2005;1;1;50;7;1;1;0;0;1;1
2005;1;1;50;7;2;1;0;0;1;1
2005;1;1;50;8;1;1;0;0;1;1
2005;1;1;50;8;2;1;0;0;1;1
2005;1;1;51;1;1;1;0;0;1;1
2005;1;1;51;1;2;1;0;0;1;1
2005;1;1;51;2;1;1;0;0;1;1
2005;1;1;51;2;2;1;0;0;1;1
2005;1;1;51;3;1;1;0;0;1;1
2005;1;1;51;3;2;1;0;0;1;1
2005;1;1;51;4;1;1;0;0;1;1
2005;1;1;51;4;2;1;0;0;1;1
2005;1;1;51;5;1;1;0;0;1;1
2005;1;1;51;5;2;1;0;0;1;1
2005;1;1;51;6;1;1;0;0;1;1
2005;1;1;51;6;2;1;0;0;1;1
2005;1;1;51;7;1;1;0;0;1;1
2005;1;1;51;7;2;1;0;0;1;1
2005;1;1;51;8;1;1;0;0;1;1
2005;1;1;51;8;2;1;0;0;1;1
2005;1;1;52;1;1;1;0;0;1;1
2005;1;1;52;1;2;1;0;0;1;1
2005;1;1;52;2;1;1;0;0;1;1
2005;1;1;52;2;2;1;0;0;1;1
2005;1;1;52;3;1;1;0;0;1;1
2005;1;1;52;3;2;1;0;0;1;1
2005;1;1;52;4;1;1;0;0;1;1
2005;1;1;52;4;2;1;0;0;1;1
2005;1;1;52;5;1;1;0;0;1;1
2005;1;1;52;5;2;1;0;0;1;1
2005;1;1;52;6;1;1;0;0;1;1
2005;1;1;52;6;2;1;0;0;1;1
2005;1;1;52;7;1;1;0;0;1;1
2005;1;1;52;7;2;1;0;0;1;1
2005;1;1;52;8;1;1;0;0;1;1
2005;1;1;52;8;2;1;0;0;1;1
2005;1;1;53;1;1;1;0;0;1;1
2005;1;1;53;1;2;1;0;0;1;1
2005;1;1;53;2;1;1;0;0;1;1
2005;1;1;53;2;2;1;0;0;1;1
2005;1;1;53;3;1;1;0;0;1;1
2005;1;1;53;3;2;1;0;0;1;1
2005;1;1;53;4;1;1;0;0;1;1
2005;1;1;53;4;2;1;0;0;1;1
2005;1;1;53;5;1;1;0;0;1;1
2005;1;1;53;5;2;1;0;0;1;1
2005;1;1;53;6;1;1;0;0;1;1
2005;1;1;53;6;2;1;0;0;1;1
2005;1;1;53;7;1;1;0;0;1;1
2005;1;1;53;7;2;1;0;0;1;1
2005;1;1;53;8;1;1;0;0;1;1
2005;1;1;53;8;2;1;0;0;1;1
2005;1;1;54;1;1;1;0;0;1;1
2005;1;1;54;1;2;1;0;0;1;1
2005;1;1;54;2;1;1;0;0;1;1
2005;1;1;54;2;2;1;0;0;1;1
2005;1;1;54;3;1;1;0;0;1;1
2005;1;1;54;3;2;1;0;0;1;1
2005;1;1;54;4;1;1;0;0;1;1
2005;1;1;54;4;2;1;0;0;1;1
2005;1;1;54;5;1;1;0;0;1;1
2005;1;1;54;5;2;1;0;0;1;1
2005;1;1;54;6;1;1;0;0;1;1
2005;1;1;54;6;2;1;0;0;1;1
2005;1;1;54;7;1;1;0;0;1;1
2005;1;1;54;7;2;1;0;0;1;1
2005;1;1;54;8;1;1;0;0;1;1
2005;1;1;54;8;2;1;0;0;1;1
2005;1;1;55;1;1;1;0;0;1;1
2005;1;1;55;1;2;1;0;0;1;1
2005;1;1;55;2;1;1;0;0;1;1
2005;1;1;55;2;2;1;0;0;1;1
2005;1;1;55;3;1;1;0;0;1;1
2005;1;1;55;3;2;1;0;0;1;1
2005;1;1;55;4;1;1;0;0;1;1
2005;1;1;55;4;2;1;0;0;1;1
2005;1;1;55;5;1;1;0;0;1;1
2005;1;1;55;5;2;1;0;0;1;1
2005;1;1;55;6;1;1;0;0;1;1
2005;1;1;55;6;2;1;0;0;1;1
2005;1;1;55;7;1;1;0;0;1;1
2005;1;1;55;7;2;1;0;0;1;1
2005;1;1;55;8;1;1;0;0;1;1
2005;1;1;55;8;2;1;0;0;1;1
2005;1;1;56;1;1;1;0;0;1;1
2005;1;1;56;1;2;1;0;0;1;1
2005;1;1;56;2;1;1;0;0;1;1
2005;1;1;56;2;2;1;0;0;1;1
2005;1;1;56;3;1;1;0;0;1;1
2005;1;1;56;3;2;1;0;0;1;1
2005;1;1;56;4;1;1;0;0;1;1
2005;1;1;56;4;2;1;0;0;1;1
2005;1;1;56;5;1;1;0;0;1;1
2005;1;1;56;5;2;1;0;0;1;1
2005;1;1;56;6;1;1;0;0;1;1
2005;1;1;56;6;2;1;0;0;1;1
2005;1;1;56;7;1;1;0;0;1;1
2005;1;1;56;7;2;1;0;0;1;1
2005;1;1;56;8;1;1;0;0;1;1
2005;1;1;56;8;2;1;0;0;1;1
2005;1;1;57;1;1;1;0;0;1;1
2005;1;1;57;1;2;1;0;0;1;1
2005;1;1;57;2;1;1;0;0;1;1
2005;1;1;57;2;2;1;0;0;1;1
2005;1;1;57;3;1;1;0;0;1;1
2005;1;1;57;3;2;1;0;0;1;1
2005;1;1;57;4;1;1;0;0;1;1
2005;1;1;57;4;2;1;0;0;1;1
2005;1;1;57;5;1;1;0;0;1;1
2005;1;1;57;5;2;1;0;0;1;1
2005;1;1;57;6;1;1;0;0;1;1
2005;1;1;57;6;2;1;0;0;1;1
2005;1;1;57;7;1;1;0;0;1;1
2005;1;1;57;7;2;1;0;0;1;1
2005;1;1;57;8;1;1;0;0;1;1
2005;1;1;57;8;2;1;0;0;1;1
2005;1;1;58;1;1;1;0;0;1;1
2005;1;1;58;1;2;1;0;0;1;1
2005;1;1;58;2;1;1;0;0;1;1
2005;1;1;58;2;2;1;0;0;1;1
2005;1;1;58;3;1;1;0;0;1;1
2005;1;1;58;3;2;1;0;0;1;1
2005;1;1;58;4;1;1;0;0;1;1
2005;1;1;58;4;2;1;0;0;1;1
2005;1;1;58;5;1;1;0;0;1;1
2005;1;1;58;5;2;1;0;0;1;1
2005;1;1;58;6;1;1;0;0;1;1
2005;1;1;58;6;2;1;0;0;1;1
2005;1;1;58;7;1;1;0;0;1;1
2005;1;1;58;7;2;1;0;0;1;1
2005;1;1;58;8;1;1;0;0;1;1
2005;1;1;58;8;2;1;0;0;1;1
2005;1;1;60;1;1;1;0;0;1;1
2005;1;1;60;1;2;1;0;0;1;0
2005;1;1;60;2;1;1;0;0;1;1
2005;1;1;60;2;2;1;0;0;1;0
2005;1;1;60;3;1;1;0;0;1;1
2005;1;1;60;3;2;1;0;0;1;0
2005;1;1;60;4;1;1;0;0;1;1
2005;1;1;60;4;2;1;0;0;1;0
2005;1;1;60;5;1;1;0;0;1;1
2005;1;1;60;5;2;1;0;0;1;1
2005;1;1;60;6;1;1;0;0;1;1
2005;1;1;60;6;2;1;0;0;1;1
2005;1;1;60;7;1;1;0;0;1;1
2005;1;1;60;7;2;1;0;0;1;1
2005;1;1;60;8;1;1;0;0;1;1
2005;1;1;60;8;2;1;0;0;1;1
2005;1;1;61;1;1;1;0;0;1;1
2005;1;1;61;1;2;1;0;0;1;1
2005;1;1;61;1;6;1;0;0;1;1
2005;1;1;61;2;1;1;0;0;1;1
2005;1;1;61;2;2;1;0;0;1;1
2005;1;1;61;2;6;1;0;0;1;1
2005;1;1;61;3;1;1;0;0;1;1
2005;1;1;61;3;2;1;0;0;1;1
2005;1;1;61;3;6;1;0;0;1;1
2005;1;1;61;4;1;1;0;0;1;1
2005;1;1;61;4;2;1;0;0;1;1
2005;1;1;61;4;6;1;0;0;1;1
2005;1;1;61;5;1;1;0;0;1;1
2005;1;1;61;5;2;1;0;0;1;1
2005;1;1;61;5;6;1;0;0;1;1
2005;1;1;61;6;1;1;0;0;1;1
2005;1;1;61;6;2;1;0;0;1;1
2005;1;1;61;6;6;1;0;0;1;1
2005;1;1;61;7;1;1;0;0;1;1
2005;1;1;61;7;2;1;0;0;1;1
2005;1;1;61;7;6;1;0;0;1;1
2005;1;1;61;8;1;1;0;0;1;1
2005;1;1;61;8;2;1;0;0;1;1
2005;1;1;61;8;6;1;0;0;1;1
2005;1;1;62;1;1;1;0;0;1;1
2005;1;1;62;1;2;1;0;0;1;1
2005;1;1;62;2;1;1;0;0;1;1
2005;1;1;62;2;2;1;0;0;1;1
2005;1;1;62;3;1;1;0;0;1;1
2005;1;1;62;3;2;1;0;0;1;1
2005;1;1;62;4;1;1;0;0;1;1
2005;1;1;62;4;2;1;0;0;1;1
2005;1;1;62;5;1;1;0;0;1;1
2005;1;1;62;5;2;1;0;0;1;1
2005;1;1;62;6;1;1;0;0;1;1
2005;1;1;62;6;2;1;0;0;1;1
2005;1;1;62;7;1;1;0;0;1;1
2005;1;1;62;7;2;1;0;0;1;1
2005;1;1;62;8;1;1;0;0;1;1
2005;1;1;62;8;2;1;0;0;1;1
2005;1;1;63;1;1;1;0;0;1;1
2005;1;1;63;1;2;1;0;0;1;1
2005;1;1;63;1;6;1;0;0;1;1
2005;1;1;63;2;1;1;0;0;1;1
2005;1;1;63;2;2;1;0;0;1;1
2005;1;1;63;2;6;1;0;0;1;1
2005;1;1;63;3;1;1;0;0;1;1
2005;1;1;63;3;2;1;0;0;1;1
2005;1;1;63;3;6;1;0;0;1;1
2005;1;1;63;4;1;1;0;0;1;1
2005;1;1;63;4;2;1;0;0;1;1
2005;1;1;63;4;6;1;0;0;1;1
2005;1;1;63;5;1;1;0;0;1;1
2005;1;1;63;5;2;1;0;0;1;1
2005;1;1;63;5;6;1;0;0;1;1
2005;1;1;63;6;1;1;0;0;1;1
2005;1;1;63;6;2;1;0;0;1;1
2005;1;1;63;6;6;1;0;0;1;1
2005;1;1;63;7;1;1;0;0;1;1
2005;1;1;63;7;2;1;0;0;1;1
2005;1;1;63;7;6;1;0;0;1;1
2005;1;1;63;8;1;1;0;0;1;1
2005;1;1;63;8;2;1;0;0;1;1
2005;1;1;63;8;6;1;0;0;1;1
2005;1;1;64;1;1;1;0;0;1;1
2005;1;1;64;1;2;1;0;0;1;1
2005;1;1;64;2;1;1;0;0;1;1
2005;1;1;64;2;2;1;0;0;1;1
2005;1;1;64;3;1;1;0;0;1;1
2005;1;1;64;3;2;1;0;0;1;1
2005;1;1;64;4;1;1;0;0;1;1
2005;1;1;64;4;2;1;0;0;1;1
2005;1;1;64;5;1;1;0;0;1;1
2005;1;1;64;5;2;1;0;0;1;1
2005;1;1;64;6;1;1;0;0;1;1
2005;1;1;64;6;2;1;0;0;1;1
2005;1;1;64;7;1;1;0;0;1;1
2005;1;1;64;7;2;1;0;0;1;1
2005;1;1;64;8;1;1;0;0;1;1
2005;1;1;64;8;2;1;0;0;1;1
2005;1;1;65;1;1;1;0;0;1;1
2005;1;1;65;1;2;1;0;0;1;1
2005;1;1;65;2;1;1;0;0;1;1
2005;1;1;65;2;2;1;0;0;1;1
2005;1;1;65;3;1;1;0;0;1;1
2005;1;1;65;3;2;1;0;0;1;1
2005;1;1;65;4;1;1;0;0;1;1
2005;1;1;65;4;2;1;0;0;1;1
2005;1;1;65;5;1;1;0;0;1;1
2005;1;1;65;5;2;1;0;0;1;1
2005;1;1;65;6;1;1;0;0;1;1
2005;1;1;65;6;2;1;0;0;1;1
2005;1;1;65;7;1;1;0;0;1;1
2005;1;1;65;7;2;1;0;0;1;1
2005;1;1;65;8;1;1;0;0;1;1
2005;1;1;65;8;2;1;0;0;1;1
2005;1;1;66;1;1;1;0;0;1;1
2005;1;1;66;1;2;1;0;0;1;1
2005;1;1;66;2;1;1;0;0;1;1
2005;1;1;66;2;2;1;0;0;1;1
2005;1;1;66;3;1;1;0;0;1;1
2005;1;1;66;3;2;1;0;0;1;1
2005;1;1;66;4;1;1;0;0;1;1
2005;1;1;66;4;2;1;0;0;1;1
2005;1;1;66;5;1;1;0;0;1;1
2005;1;1;66;5;2;1;0;0;1;1
2005;1;1;66;6;1;1;0;0;1;1
2005;1;1;66;6;2;1;0;0;1;1
2005;1;1;66;7;1;1;0;0;1;1
2005;1;1;66;7;2;1;0;0;1;1
2005;1;1;66;8;1;1;0;0;1;1
2005;1;1;66;8;2;1;0;0;1;1
2005;1;1;67;1;1;1;0;0;1;1
2005;1;1;67;1;2;1;0;0;1;1
2005;1;1;67;2;1;1;0;0;1;1
2005;1;1;67;2;2;1;0;0;1;1
2005;1;1;67;3;1;1;0;0;1;1
2005;1;1;67;3;2;1;0;0;1;1
2005;1;1;67;4;1;1;0;0;1;1
2005;1;1;67;4;2;1;0;0;1;1
2005;1;1;67;5;1;1;0;0;1;1
2005;1;1;67;5;2;1;0;0;1;1
2005;1;1;67;6;1;1;0;0;1;1
2005;1;1;67;6;2;1;0;0;1;1
2005;1;1;67;7;1;1;0;0;1;1
2005;1;1;67;7;2;1;0;0;1;1
2005;1;1;67;8;1;1;0;0;1;1
2005;1;1;67;8;2;1;0;0;1;1
2005;1;1;68;1;1;1;0;0;1;1
2005;1;1;68;1;2;1;0;0;1;1
2005;1;1;68;2;1;1;0;0;1;1
2005;1;1;68;2;2;1;0;0;1;1
2005;1;1;68;3;1;1;0;0;1;1
2005;1;1;68;3;2;1;0;0;1;1
2005;1;1;68;4;1;1;0;0;1;1
2005;1;1;68;4;2;1;0;0;1;1
2005;1;1;68;5;1;1;0;0;1;1
2005;1;1;68;5;2;1;0;0;1;0
2005;1;1;68;6;1;1;0;0;1;1
2005;1;1;68;6;2;1;0;0;1;0
2005;1;1;68;7;1;1;0;0;1;1
2005;1;1;68;7;2;1;0;0;1;0
2005;1;1;68;8;1;1;0;0;1;1
2005;1;1;68;8;2;1;0;0;1;0
2005;1;1;69;1;1;1;0;0;1;1
2005;1;1;69;1;2;1;0;0;1;1
2005;1;1;69;2;1;1;0;0;1;1
2005;1;1;69;2;2;1;0;0;1;1
2005;1;1;69;3;1;1;0;0;1;1
2005;1;1;69;3;2;1;0;0;1;1
2005;1;1;69;4;1;1;0;0;1;1
2005;1;1;69;4;2;1;0;0;1;1
2005;1;1;69;5;1;1;0;0;1;1
2005;1;1;69;5;2;1;0;0;1;1
2005;1;1;69;6;1;1;0;0;1;1
2005;1;1;69;6;2;1;0;0;1;1
2005;1;1;69;7;1;1;0;0;1;1
2005;1;1;69;7;2;1;0;0;1;1
2005;1;1;69;8;1;1;0;0;1;1
2005;1;1;69;8;2;1;0;0;1;1
2005;1;1;70;1;1;1;0;0;1;1
2005;1;1;70;1;2;1;0;0;1;1
2005;1;1;70;2;1;1;0;0;1;1
2005;1;1;70;2;2;1;0;0;1;1
2005;1;1;70;3;1;1;0;0;1;1
2005;1;1;70;3;2;1;0;0;1;1
2005;1;1;70;4;1;1;0;0;1;1
2005;1;1;70;4;2;1;0;0;1;1
2005;1;1;70;5;1;1;0;0;1;1
2005;1;1;70;5;2;1;0;0;1;1
2005;1;1;70;6;1;1;0;0;1;1
2005;1;1;70;6;2;1;0;0;1;1
2005;1;1;70;7;1;1;0;0;1;1
2005;1;1;70;7;2;1;0;0;1;1
2005;1;1;70;8;1;1;0;0;1;1
2005;1;1;70;8;2;1;0;0;1;1
2005;1;1;71;1;1;1;0;0;1;1
2005;1;1;71;1;2;1;0;0;1;1
2005;1;1;71;2;1;1;0;0;1;1
2005;1;1;71;2;2;1;0;0;1;1
2005;1;1;71;3;1;1;0;0;1;1
2005;1;1;71;3;2;1;0;0;1;1
2005;1;1;71;4;1;1;0;0;1;1
2005;1;1;71;4;2;1;0;0;1;1
2005;1;1;71;5;1;1;0;0;1;1
2005;1;1;71;5;2;1;0;0;1;1
2005;1;1;71;6;1;1;0;0;1;1
2005;1;1;71;6;2;1;0;0;1;1
2005;1;1;71;7;1;1;0;0;1;1
2005;1;1;71;7;2;1;0;0;1;1
2005;1;1;71;8;1;1;0;0;1;1
2005;1;1;71;8;2;1;0;0;1;1
2005;1;1;72;1;1;1;0;0;1;1
2005;1;1;72;1;2;1;0;0;1;1
2005;1;1;72;2;1;1;0;0;1;1
2005;1;1;72;2;2;1;0;0;1;1
2005;1;1;72;3;1;1;0;0;1;1
2005;1;1;72;3;2;1;0;0;1;1
2005;1;1;72;4;1;1;0;0;1;1
2005;1;1;72;4;2;1;0;0;1;1
2005;1;1;72;5;1;1;0;0;1;1
2005;1;1;72;5;2;1;0;0;1;1
2005;1;1;72;6;1;1;0;0;1;1
2005;1;1;72;6;2;1;0;0;1;1
2005;1;1;72;7;1;1;0;0;1;1
2005;1;1;72;7;2;1;0;0;1;1
2005;1;1;72;8;1;1;0;0;1;1
2005;1;1;72;8;2;1;0;0;1;1
2005;1;1;73;1;1;1;0;0;1;1
2005;1;1;73;1;2;1;0;0;1;1
2005;1;1;73;2;1;1;0;0;1;1
2005;1;1;73;2;2;1;0;0;1;1
2005;1;1;73;3;1;1;0;0;1;1
2005;1;1;73;3;2;1;0;0;1;1
2005;1;1;73;4;1;1;0;0;1;1
2005;1;1;73;4;2;1;0;0;1;1
2005;1;1;73;5;1;1;0;0;1;1
2005;1;1;73;5;2;1;0;0;1;1
2005;1;1;73;6;1;1;0;0;1;1
2005;1;1;73;6;2;1;0;0;1;1
2005;1;1;73;7;1;1;0;0;1;1
2005;1;1;73;7;2;1;0;0;1;1
2005;1;1;73;8;1;1;0;0;1;0
2005;1;1;73;8;2;1;0;0;1;0
2005;1;1;74;1;1;1;0;0;1;1
2005;1;1;74;1;2;1;0;0;1;1
2005;1;1;74;2;1;1;0;0;1;1
2005;1;1;74;2;2;1;0;0;1;1
2005;1;1;74;3;1;1;0;0;1;1
2005;1;1;74;3;2;1;0;0;1;1
2005;1;1;74;4;1;1;0;0;1;1
2005;1;1;74;4;2;1;0;0;1;1
2005;1;1;74;5;1;1;0;0;1;1
2005;1;1;74;5;2;1;0;0;1;1
2005;1;1;74;6;1;1;0;0;1;1
2005;1;1;74;6;2;1;0;0;1;1
2005;1;1;74;7;1;1;0;0;1;1
2005;1;1;74;7;2;1;0;0;1;1
2005;1;1;74;8;1;1;0;0;1;1
2005;1;1;74;8;2;1;0;0;1;1
2005;1;1;75;1;1;1;0;0;1;1
2005;1;1;75;1;2;1;0;0;1;1
2005;1;1;75;2;1;1;0;0;1;1
2005;1;1;75;2;2;1;0;0;1;1
2005;1;1;75;3;1;1;0;0;1;1
2005;1;1;75;3;2;1;0;0;1;1
2005;1;1;75;4;1;1;0;0;1;1
2005;1;1;75;4;2;1;0;0;1;1
2005;1;1;75;5;1;1;0;0;1;1
2005;1;1;75;5;2;1;0;0;1;1
2005;1;1;75;6;1;1;0;0;1;1
2005;1;1;75;6;2;1;0;0;1;1
2005;1;1;75;7;1;1;0;0;1;1
2005;1;1;75;7;2;1;0;0;1;1
2005;1;1;75;8;1;1;0;0;1;1
2005;1;1;75;8;2;1;0;0;1;1
2005;1;1;76;1;1;1;0;0;1;1
2005;1;1;76;1;2;1;0;0;1;1
2005;1;1;76;2;1;1;0;0;1;1
2005;1;1;76;2;2;1;0;0;1;1
2005;1;1;76;3;1;1;0;0;1;1
2005;1;1;76;3;2;1;0;0;1;1
2005;1;1;76;4;1;1;0;0;1;1
2005;1;1;76;4;2;1;0;0;1;1
2005;1;1;76;5;1;1;0;0;1;1
2005;1;1;76;5;2;1;0;0;1;1
2005;1;1;76;6;1;1;0;0;1;1
2005;1;1;76;6;2;1;0;0;1;1
2005;1;1;76;7;1;1;0;0;1;1
2005;1;1;76;7;2;1;0;0;1;1
2005;1;1;76;8;1;1;0;0;1;1
2005;1;1;76;8;2;1;0;0;1;1
2005;1;1;77;1;1;1;0;0;1;1
2005;1;1;77;1;2;1;0;0;1;1
2005;1;1;77;1;6;1;0;0;1;1
2005;1;1;77;2;1;1;0;0;1;1
2005;1;1;77;2;2;1;0;0;1;1
2005;1;1;77;2;6;1;0;0;1;1
2005;1;1;77;3;1;1;0;0;1;1
2005;1;1;77;3;2;1;0;0;1;1
2005;1;1;77;3;6;1;0;0;1;1
2005;1;1;77;4;1;1;0;0;1;1
2005;1;1;77;4;2;1;0;0;1;1
2005;1;1;77;4;6;1;0;0;1;1
2005;1;1;77;5;1;1;0;0;1;1
2005;1;1;77;5;2;1;0;0;1;1
2005;1;1;77;5;6;1;0;0;1;1
2005;1;1;77;6;1;1;0;0;1;1
2005;1;1;77;6;2;1;0;0;1;1
2005;1;1;77;6;6;1;0;0;1;1
2005;1;1;77;7;1;1;0;0;1;1
2005;1;1;77;7;2;1;0;0;1;1
2005;1;1;77;7;6;1;0;0;1;1
2005;1;1;77;8;1;1;0;0;1;1
2005;1;1;77;8;2;1;0;0;1;1
2005;1;1;77;8;6;1;0;0;1;1
2005;1;1;78;1;1;1;0;0;1;1
2005;1;1;78;1;2;1;0;0;1;1
2005;1;1;78;2;1;1;0;0;1;1
2005;1;1;78;2;2;1;0;0;1;1
2005;1;1;78;3;1;1;0;0;1;1
2005;1;1;78;3;2;1;0;0;1;1
2005;1;1;78;4;1;1;0;0;1;1
2005;1;1;78;4;2;1;0;0;1;1
2005;1;1;78;5;1;1;0;0;1;1
2005;1;1;78;5;2;1;0;0;1;1
2005;1;1;78;6;1;1;0;0;1;1
2005;1;1;78;6;2;1;0;0;1;1
2005;1;1;78;7;1;1;0;0;1;1
2005;1;1;78;7;2;1;0;0;1;1
2005;1;1;78;8;1;1;0;0;1;1
2005;1;1;78;8;2;1;0;0;1;1
2005;1;1;79;1;1;1;0;0;1;1
2005;1;1;79;1;2;1;0;0;1;1
2005;1;1;79;2;1;1;0;0;1;1
2005;1;1;79;2;2;1;0;0;1;1
2005;1;1;79;3;1;1;0;0;1;1
2005;1;1;79;3;2;1;0;0;1;1
2005;1;1;79;4;1;1;0;0;1;1
2005;1;1;79;4;2;1;0;0;1;1
2005;1;1;79;5;1;1;0;0;1;1
2005;1;1;79;5;2;1;0;0;1;1
2005;1;1;79;6;1;1;0;0;1;1
2005;1;1;79;6;2;1;0;0;1;1
2005;1;1;79;7;1;1;0;0;1;1
2005;1;1;79;7;2;1;0;0;1;1
2005;1;1;79;8;1;1;0;0;1;1
2005;1;1;79;8;2;1;0;0;1;1
2005;1;1;80;1;1;1;0;0;1;1
2005;1;1;80;1;2;1;0;0;1;1
2005;1;1;80;2;1;1;0;0;1;1
2005;1;1;80;2;2;1;0;0;1;1
2005;1;1;80;3;1;1;0;0;1;1
2005;1;1;80;3;2;1;0;0;1;1
2005;1;1;80;4;1;1;0;0;1;1
2005;1;1;80;4;2;1;0;0;1;1
2005;1;1;80;5;1;1;0;0;1;1
2005;1;1;80;5;2;1;0;0;1;1
2005;1;1;80;6;1;1;0;0;1;1
2005;1;1;80;6;2;1;0;0;1;1
2005;1;1;80;7;1;1;0;0;1;1
2005;1;1;80;7;2;1;0;0;1;1
2005;1;1;80;8;1;1;0;0;1;1
2005;1;1;80;8;2;1;0;0;1;1
2005;1;1;81;1;1;1;0;0;1;1
2005;1;1;81;1;2;1;0;0;1;1
2005;1;1;81;1;6;1;0;0;1;1
2005;1;1;81;2;1;1;0;0;1;1
2005;1;1;81;2;2;1;0;0;1;1
2005;1;1;81;2;6;1;0;0;1;1
2005;1;1;81;3;1;1;0;0;1;1
2005;1;1;81;3;2;1;0;0;1;1
2005;1;1;81;3;6;1;0;0;1;1
2005;1;1;81;4;1;1;0;0;1;1
2005;1;1;81;4;2;1;0;0;1;1
2005;1;1;81;4;6;1;0;0;1;1
2005;1;1;81;5;1;1;0;0;1;1
2005;1;1;81;5;2;1;0;0;1;1
2005;1;1;81;5;6;1;0;0;1;1
2005;1;1;81;6;1;1;0;0;1;1
2005;1;1;81;6;2;1;0;0;1;1
2005;1;1;81;6;6;1;0;0;1;1
2005;1;1;81;7;1;1;0;0;1;1
2005;1;1;81;7;2;1;0;0;1;1
2005;1;1;81;7;6;1;0;0;1;1
2005;1;1;81;8;1;1;0;0;1;1
2005;1;1;81;8;2;1;0;0;1;1
2005;1;1;81;8;6;1;0;0;1;1
2005;1;1;82;1;1;1;0;0;1;1
2005;1;1;82;1;2;1;0;0;1;1
2005;1;1;82;2;1;1;0;0;1;1
2005;1;1;82;2;2;1;0;0;1;1
2005;1;1;82;3;1;1;0;0;1;1
2005;1;1;82;3;2;1;0;0;1;1
2005;1;1;82;4;1;1;0;0;1;1
2005;1;1;82;4;2;1;0;0;1;1
2005;1;1;82;5;1;1;0;0;1;1
2005;1;1;82;5;2;1;0;0;1;1
2005;1;1;82;6;1;1;0;0;1;1
2005;1;1;82;6;2;1;0;0;1;1
2005;1;1;82;7;1;1;0;0;1;1
2005;1;1;82;7;2;1;0;0;1;1
2005;1;1;82;8;1;1;0;0;1;1
2005;1;1;82;8;2;1;0;0;1;1
2005;1;1;83;1;1;1;0;0;1;1
2005;1;1;83;1;2;1;0;0;1;1
2005;1;1;83;2;1;1;0;0;1;1
2005;1;1;83;2;2;1;0;0;1;1
2005;1;1;83;3;1;1;0;0;1;1
2005;1;1;83;3;2;1;0;0;1;1
2005;1;1;83;4;1;1;0;0;1;1
2005;1;1;83;4;2;1;0;0;1;1
2005;1;1;83;5;1;1;0;0;1;1
2005;1;1;83;5;2;1;0;0;1;1
2005;1;1;83;6;1;1;0;0;1;1
2005;1;1;83;6;2;1;0;0;1;1
2005;1;1;83;7;1;1;0;0;1;1
2005;1;1;83;7;2;1;0;0;1;1
2005;1;1;83;8;1;1;0;0;1;1
2005;1;1;83;8;2;1;0;0;1;1
2005;1;1;84;1;1;1;0;0;1;1
2005;1;1;84;1;2;1;0;0;1;1
2005;1;1;84;2;1;1;0;0;1;1
2005;1;1;84;2;2;1;0;0;1;1
2005;1;1;84;3;1;1;0;0;1;1
2005;1;1;84;3;2;1;0;0;1;1
2005;1;1;84;4;1;1;0;0;1;1
2005;1;1;84;4;2;1;0;0;1;1
2005;1;1;84;5;1;1;0;0;1;1
2005;1;1;84;5;2;1;0;0;1;1
2005;1;1;84;6;1;1;0;0;1;1
2005;1;1;84;6;2;1;0;0;1;1
2005;1;1;84;7;1;1;0;0;1;1
2005;1;1;84;7;2;1;0;0;1;1
2005;1;1;84;8;1;1;0;0;1;1
2005;1;1;84;8;2;1;0;0;1;1
2005;1;1;85;1;1;1;0;0;1;1
2005;1;1;85;1;2;1;0;0;1;1
2005;1;1;85;2;1;1;0;0;1;1
2005;1;1;85;2;2;1;0;0;1;1
2005;1;1;85;3;1;1;0;0;1;1
2005;1;1;85;3;2;1;0;0;1;1
2005;1;1;85;4;1;1;0;0;1;1
2005;1;1;85;4;2;1;0;0;1;1
2005;1;1;85;5;1;1;0;0;1;1
2005;1;1;85;5;2;1;0;0;1;1
2005;1;1;85;6;1;1;0;0;1;1
2005;1;1;85;6;2;1;0;0;1;1
2005;1;1;85;7;1;1;0;0;1;1
2005;1;1;85;7;2;1;0;0;1;1
2005;1;1;85;8;1;1;0;0;1;1
2005;1;1;85;8;2;1;0;0;1;1
2005;1;1;86;1;1;1;0;0;1;1
2005;1;1;86;1;2;1;0;0;1;1
2005;1;1;86;2;1;1;0;0;1;1
2005;1;1;86;2;2;1;0;0;1;1
2005;1;1;86;3;1;1;0;0;1;1
2005;1;1;86;3;2;1;0;0;1;1
2005;1;1;86;4;1;1;0;0;1;1
2005;1;1;86;4;2;1;0;0;1;1
2005;1;1;86;5;1;1;0;0;1;1
2005;1;1;86;5;2;1;0;0;1;1
2005;1;1;86;6;1;1;0;0;1;1
2005;1;1;86;6;2;1;0;0;1;1
2005;1;1;86;7;1;1;0;0;1;1
2005;1;1;86;7;2;1;0;0;1;1
2005;1;1;86;8;1;1;0;0;1;1
2005;1;1;86;8;2;1;0;0;1;1
2005;1;1;87;1;1;1;0;0;1;1
2005;1;1;87;1;2;1;0;0;1;1
2005;1;1;87;2;1;1;0;0;1;1
2005;1;1;87;2;2;1;0;0;1;1
2005;1;1;87;3;1;1;0;0;1;1
2005;1;1;87;3;2;1;0;0;1;1
2005;1;1;87;4;1;1;0;0;1;1
2005;1;1;87;4;2;1;0;0;1;1
2005;1;1;87;5;1;1;0;0;1;1
2005;1;1;87;5;2;1;0;0;1;1
2005;1;1;87;6;1;1;0;0;1;1
2005;1;1;87;6;2;1;0;0;1;1
2005;1;1;87;7;1;1;0;0;1;1
2005;1;1;87;7;2;1;0;0;1;1
2005;1;1;87;8;1;1;0;0;1;1
2005;1;1;87;8;2;1;0;0;1;1
2005;1;1;88;1;1;1;0;0;1;1
2005;1;1;88;1;2;1;0;0;1;1
2005;1;1;88;2;1;1;0;0;1;1
2005;1;1;88;2;2;1;0;0;1;1
2005;1;1;88;3;1;1;0;0;1;1
2005;1;1;88;3;2;1;0;0;1;1
2005;1;1;88;4;1;1;0;0;1;1
2005;1;1;88;4;2;1;0;0;1;1
2005;1;1;88;5;1;1;0;0;1;1
2005;1;1;88;5;2;1;0;0;1;1
2005;1;1;88;6;1;1;0;0;1;1
2005;1;1;88;6;2;1;0;0;1;1
2005;1;1;88;7;1;1;0;0;1;1
2005;1;1;88;7;2;1;0;0;1;1
2005;1;1;88;8;1;1;0;0;1;1
2005;1;1;88;8;2;1;0;0;1;1
2005;1;1;89;1;1;1;0;0;1;1
2005;1;1;89;1;2;1;0;0;1;1
2005;1;1;89;2;1;1;0;0;1;1
2005;1;1;89;2;2;1;0;0;1;1
2005;1;1;89;3;1;1;0;0;1;1
2005;1;1;89;3;2;1;0;0;1;1
2005;1;1;89;4;1;1;0;0;1;1
2005;1;1;89;4;2;1;0;0;1;1
2005;1;1;89;5;1;1;0;0;1;1
2005;1;1;89;5;2;1;0;0;1;1
2005;1;1;89;6;1;1;0;0;1;1
2005;1;1;89;6;2;1;0;0;1;1
2005;1;1;89;7;1;1;0;0;1;1
2005;1;1;89;7;2;1;0;0;1;1
2005;1;1;89;8;1;1;0;0;1;1
2005;1;1;89;8;2;1;0;0;1;1
2005;1;1;90;1;1;1;0;0;1;1
2005;1;1;90;1;2;1;0;0;1;1
2005;1;1;90;2;1;1;0;0;1;1
2005;1;1;90;2;2;1;0;0;1;1
2005;1;1;90;3;1;1;0;0;1;1
2005;1;1;90;3;2;1;0;0;1;1
2005;1;1;90;4;1;1;0;0;1;1
2005;1;1;90;4;2;1;0;0;1;1
2005;1;1;90;5;1;1;0;0;1;1
2005;1;1;90;5;2;1;0;0;1;1
2005;1;1;90;6;1;1;0;0;1;1
2005;1;1;90;6;2;1;0;0;1;1
2005;1;1;90;7;1;1;0;0;1;1
2005;1;1;90;7;2;1;0;0;1;1
2005;1;1;90;8;1;1;0;0;1;1
2005;1;1;90;8;2;1;0;0;1;1
2005;1;1;91;1;1;1;0;0;1;1
2005;1;1;91;1;2;1;0;0;1;1
2005;1;1;91;1;6;1;0;0;1;1
2005;1;1;91;2;1;1;0;0;1;1
2005;1;1;91;2;2;1;0;0;1;1
2005;1;1;91;2;6;1;0;0;1;1
2005;1;1;91;3;1;1;0;0;1;1
2005;1;1;91;3;2;1;0;0;1;1
2005;1;1;91;3;6;1;0;0;1;1
2005;1;1;91;4;1;1;0;0;1;1
2005;1;1;91;4;2;1;0;0;1;1
2005;1;1;91;4;6;1;0;0;1;1
2005;1;1;91;5;1;1;0;0;1;1
2005;1;1;91;5;2;1;0;0;1;1
2005;1;1;91;5;6;1;0;0;1;1
2005;1;1;91;6;1;1;0;0;1;1
2005;1;1;91;6;2;1;0;0;1;1
2005;1;1;91;6;6;1;0;0;1;1
2005;1;1;91;7;1;1;0;0;1;1
2005;1;1;91;7;2;1;0;0;1;1
2005;1;1;91;7;6;1;0;0;1;1
2005;1;1;91;8;1;1;0;0;1;1
2005;1;1;91;8;2;1;0;0;1;1
2005;1;1;91;8;6;1;0;0;1;1
2005;1;1;92;1;1;1;0;0;1;1
2005;1;1;92;1;2;1;0;0;1;1
2005;1;1;92;2;1;1;0;0;1;1
2005;1;1;92;2;2;1;0;0;1;1
2005;1;1;92;3;1;1;0;0;1;1
2005;1;1;92;3;2;1;0;0;1;1
2005;1;1;92;4;1;1;0;0;1;1
2005;1;1;92;4;2;1;0;0;1;1
2005;1;1;92;5;1;1;0;0;1;1
2005;1;1;92;5;2;1;0;0;1;1
2005;1;1;92;6;1;1;0;0;1;1
2005;1;1;92;6;2;1;0;0;1;1
2005;1;1;92;7;1;1;0;0;1;1
2005;1;1;92;7;2;1;0;0;1;1
2005;1;1;92;8;1;1;0;0;1;1
2005;1;1;92;8;2;1;0;0;1;1
2005;1;1;93;1;1;1;0;0;1;1
2005;1;1;93;1;2;1;0;0;1;1
2005;1;1;93;2;1;1;0;0;1;1
2005;1;1;93;2;2;1;0;0;1;1
2005;1;1;93;3;1;1;0;0;1;1
2005;1;1;93;3;2;1;0;0;1;1
2005;1;1;93;4;1;1;0;0;1;1
2005;1;1;93;4;2;1;0;0;1;1
2005;1;1;93;5;1;1;0;0;1;1
2005;1;1;93;5;2;1;0;0;1;1
2005;1;1;93;6;1;1;0;0;1;1
2005;1;1;93;6;2;1;0;0;1;1
2005;1;1;93;7;1;1;0;0;1;1
2005;1;1;93;7;2;1;0;0;1;1
2005;1;1;93;8;1;1;0;0;1;1
2005;1;1;93;8;2;1;0;0;1;1
2005;1;1;94;1;1;1;0;0;1;1
2005;1;1;94;1;2;1;0;0;1;1
2005;1;1;94;2;1;1;0;0;1;1
2005;1;1;94;2;2;1;0;0;1;1
2005;1;1;94;3;1;1;0;0;1;1
2005;1;1;94;3;2;1;0;0;1;1
2005;1;1;94;4;1;1;0;0;1;1
2005;1;1;94;4;2;1;0;0;1;1
2005;1;1;94;5;1;1;0;0;1;1
2005;1;1;94;5;2;1;0;0;1;1
2005;1;1;94;6;1;1;0;0;1;1
2005;1;1;94;6;2;1;0;0;1;1
2005;1;1;94;7;1;1;0;0;1;1
2005;1;1;94;7;2;1;0;0;1;1
2005;1;1;94;8;1;1;0;0;1;1
2005;1;1;94;8;2;1;0;0;1;1
2005;1;1;95;1;1;1;0;0;1;1
2005;1;1;95;1;2;1;0;0;1;1
2005;1;1;95;2;1;1;0;0;1;1
2005;1;1;95;2;2;1;0;0;1;1
2005;1;1;95;3;1;1;0;0;1;1
2005;1;1;95;3;2;1;0;0;1;1
2005;1;1;95;4;1;1;0;0;1;1
2005;1;1;95;4;2;1;0;0;1;1
2005;1;1;95;5;1;1;0;0;1;1
2005;1;1;95;5;2;1;0;0;1;1
2005;1;1;95;6;1;1;0;0;1;1
2005;1;1;95;6;2;1;0;0;1;1
2005;1;1;95;7;1;1;0;0;1;1
2005;1;1;95;7;2;1;0;0;1;1
2005;1;1;95;8;1;1;0;0;1;1
2005;1;1;95;8;2;1;0;0;1;1
2005;1;1;96;1;1;1;0;0;1;1
2005;1;1;96;1;2;1;0;0;1;1
2005;1;1;96;2;1;1;0;0;1;1
2005;1;1;96;2;2;1;0;0;1;1
2005;1;1;96;3;1;1;0;0;1;1
2005;1;1;96;3;2;1;0;0;1;1
2005;1;1;96;4;1;1;0;0;1;1
2005;1;1;96;4;2;1;0;0;1;1
2005;1;1;96;5;1;1;0;0;1;1
2005;1;1;96;5;2;1;0;0;1;1
2005;1;1;96;6;1;1;0;0;1;1
2005;1;1;96;6;2;1;0;0;1;1
2005;1;1;96;7;1;1;0;0;1;1
2005;1;1;96;7;2;1;0;0;1;1
2005;1;1;96;8;1;1;0;0;1;1
2005;1;1;96;8;2;1;0;0;1;1
2005;1;1;97;1;1;1;0;0;1;1
2005;1;1;97;1;2;1;0;0;1;1
2005;1;1;97;2;1;1;0;0;1;1
2005;1;1;97;2;2;1;0;0;1;1
2005;1;1;97;3;1;1;0;0;1;1
2005;1;1;97;3;2;1;0;0;1;1
2005;1;1;97;4;1;1;0;0;1;1
2005;1;1;97;4;2;1;0;0;1;1
2005;1;1;97;5;1;1;0;0;1;1
2005;1;1;97;5;2;1;0;0;1;1
2005;1;1;97;6;1;1;0;0;1;1
2005;1;1;97;6;2;1;0;0;1;1
2005;1;1;97;7;1;1;0;0;1;1
2005;1;1;97;7;2;1;0;0;1;1
2005;1;1;97;8;1;1;0;0;1;1
2005;1;1;97;8;2;1;0;0;1;1
2005;1;1;98;1;1;1;0;0;1;1
2005;1;1;98;1;2;1;0;0;1;1
2005;1;1;98;2;1;1;0;0;1;1
2005;1;1;98;2;2;1;0;0;1;1
2005;1;1;98;3;1;1;0;0;1;1
2005;1;1;98;3;2;1;0;0;1;1
2005;1;1;98;4;1;1;0;0;1;1
2005;1;1;98;4;2;1;0;0;1;1
2005;1;1;98;5;1;1;0;0;1;1
2005;1;1;98;5;2;1;0;0;1;1
2005;1;1;98;6;1;1;0;0;1;1
2005;1;1;98;6;2;1;0;0;1;1
2005;1;1;98;7;1;1;0;0;1;1
2005;1;1;98;7;2;1;0;0;1;1
2005;1;1;98;8;1;1;0;0;1;1
2005;1;1;98;8;2;1;0;0;1;1
2005;1;1;99;1;1;1;0;0;1;1
2005;1;1;99;1;2;1;0;0;1;1
2005;1;1;99;2;1;1;0;0;1;1
2005;1;1;99;2;2;1;0;0;1;1
2005;1;1;99;3;1;1;0;0;1;1
2005;1;1;99;3;2;1;0;0;1;1
2005;1;1;99;4;1;1;0;0;1;1
2005;1;1;99;4;2;1;0;0;1;1
2005;1;1;99;5;1;1;0;0;1;1
2005;1;1;99;5;2;1;0;0;1;1
2005;1;1;99;6;1;1;0;0;1;1
2005;1;1;99;6;2;1;0;0;1;1
2005;1;1;99;7;1;1;0;0;1;1
2005;1;1;99;7;2;1;0;0;1;1
2005;1;1;99;8;1;1;0;0;1;1
2005;1;1;99;8;2;1;0;0;1;1
2005;1;1;100;1;1;1;0;0;1;1
2005;1;1;100;1;2;1;0;0;1;1
2005;1;1;100;2;1;1;0;0;1;1
2005;1;1;100;2;2;1;0;0;1;1
2005;1;1;100;3;1;1;0;0;1;1
2005;1;1;100;3;2;1;0;0;1;1
2005;1;1;100;4;1;1;0;0;1;1
2005;1;1;100;4;2;1;0;0;1;1
2005;1;1;100;5;1;1;0;0;1;1
2005;1;1;100;5;2;1;0;0;1;1
2005;1;1;100;6;1;1;0;0;1;1
2005;1;1;100;6;2;1;0;0;1;1
2005;1;1;100;7;1;1;0;0;1;1
2005;1;1;100;7;2;1;0;0;1;1
2005;1;1;100;8;1;1;0;0;1;1
2005;1;1;100;8;2;1;0;0;1;1
2005;1;1;101;1;1;1;0;0;1;1
2005;1;1;101;1;2;1;0;0;1;1
2005;1;1;101;1;5;1;0;0;1;1
2005;1;1;101;2;1;1;0;0;1;1
2005;1;1;101;2;2;1;0;0;1;1
2005;1;1;101;2;5;1;0;0;1;1
2005;1;1;101;3;1;1;0;0;1;1
2005;1;1;101;3;2;1;0;0;1;1
2005;1;1;101;3;5;1;0;0;1;1
2005;1;1;101;4;1;1;0;0;1;1
2005;1;1;101;4;2;1;0;0;1;1
2005;1;1;101;4;5;1;0;0;1;1
2005;1;1;101;5;1;1;0;0;1;1
2005;1;1;101;5;2;1;0;0;1;1
2005;1;1;101;5;5;1;0;0;1;1
2005;1;1;101;6;1;1;0;0;1;1
2005;1;1;101;6;2;1;0;0;1;1
2005;1;1;101;6;5;1;0;0;1;1
2005;1;1;101;7;1;1;0;0;1;1
2005;1;1;101;7;2;1;0;0;1;1
2005;1;1;101;7;5;1;0;0;1;1
2005;1;1;101;8;1;1;0;0;1;1
2005;1;1;101;8;2;1;0;0;1;1
2005;1;1;101;8;5;1;0;0;1;1
2005;1;1;102;1;1;1;0;0;1;1
2005;1;1;102;1;2;1;0;0;1;1
2005;1;1;102;2;1;1;0;0;1;1
2005;1;1;102;2;2;1;0;0;1;1
2005;1;1;102;3;1;1;0;0;1;1
2005;1;1;102;3;2;1;0;0;1;1
2005;1;1;102;4;1;1;0;0;1;1
2005;1;1;102;4;2;1;0;0;1;1
2005;1;1;102;5;1;1;0;0;1;1
2005;1;1;102;5;2;1;0;0;1;1
2005;1;1;102;6;1;1;0;0;1;1
2005;1;1;102;6;2;1;0;0;1;1
2005;1;1;102;7;1;1;0;0;1;1
2005;1;1;102;7;2;1;0;0;1;1
2005;1;1;102;8;1;1;0;0;1;1
2005;1;1;102;8;2;1;0;0;1;1
2005;4;3004;101;1;1;1;0;0;1;1
2005;4;3004;301;1;1;1;0;0;1;1
2005;4;3004;302;1;1;1;0;0;1;1
2005;4;3004;303;1;1;1;0;0;1;1
2005;4;3004;304;1;1;1;0;0;1;1
2005;4;3004;305;1;1;1;0;0;1;1
2005;4;3004;306;1;1;1;0;0;1;1
2005;4;3004;306;1;2;1;0;0;1;1
2005;4;3004;307;1;1;1;0;0;1;1
2005;4;3004;308;1;1;1;0;0;1;1
2005;4;2904;901;-9999;1;0;0;0;1;1
2005;4;2904;902;-9999;2;0;0;0;1;1
2005;4;2904;903;-9999;3;0;0;0;1;1
2005;4;2904;904;-9999;4;0;0;0;1;1
2005;4;2904;905;-9999;5;0;0;0;1;1
2005;4;2904;906;-9999;6;0;0;0;1;1
2005;4;2904;907;-9999;7;0;0;0;1;1
2005;4;2904;908;-9999;8;0;0;0;1;1
2005;4;2904;909;-9999;9;0;0;0;1;1
2005;4;2904;910;-9999;10;0;0;0;1;1
2005;4;2904;910;-9999;11;0;0;0;1;1
2005;4;2904;911;-9999;12;0;0;0;1;1
2005;4;2904;912;-9999;13;0;0;0;1;1
2005;4;2904;913;-9999;14;0;0;0;1;1
2005;4;2904;914;-9999;15;0;0;0;1;1
2005;4;2904;915;-9999;16;0;0;0;1;1
2005;4;2904;916;-9999;17;0;0;0;1;1
2005;4;2904;917;-9999;18;0;0;0;1;1
2005;4;2904;918;-9999;19;0;0;0;1;1
2005;4;2904;919;-9999;20;0;0;0;1;1
2005;4;2904;920;-9999;21;0;0;0;1;1
2005;4;2904;921;-9999;22;0;0;0;1;1
2005;4;2904;922;-9999;23;0;0;0;1;1
2005;4;2704;1101;-9999;1;0;0;0;1;1
2005;4;2704;1101;-9999;2;0;0;0;1;1
2005;4;2704;1102;-9999;1;0;0;0;1;1
2005;4;2704;1102;-9999;2;0;0;0;1;1
2005;4;2704;1103;-9999;1;0;0;0;1;1
2005;4;2704;1103;-9999;2;0;0;0;1;1
2005;4;2704;1201;-9999;1;0;0;0;1;1
2005;4;2704;1201;-9999;2;0;0;0;1;1
2005;4;2704;1202;-9999;1;0;0;0;1;1
2005;4;2704;1202;-9999;2;0;0;0;1;1
2005;4;2704;1203;-9999;1;0;0;0;1;1
2005;4;2704;1203;-9999;2;0;0;0;1;1
2005;4;2704;1204;-9999;1;0;0;0;1;1
2005;4;2704;1204;-9999;2;0;0;0;1;1
2005;4;2704;1205;-9999;1;0;0;0;1;1
2005;4;2704;1205;-9999;2;0;0;0;1;1
2005;4;2704;1206;-9999;1;0;0;0;1;1
2005;4;2704;1206;-9999;2;0;0;0;1;1
2005;4;3104;1302;-9999;1;0;0;0;1;1
2005;4;3104;1303;-9999;1;0;0;0;1;1
2005;4;3604;1401;11;1;1;0;0;1;1
2005;4;3604;1402;21;1;1;0;0;1;1
2005;4;3604;1402;26;1;1;0;0;1;1
2005;4;3604;1403;31;1;1;0;0;1;1
2005;4;3604;1403;36;1;1;0;0;1;1
2005;4;3604;1404;41;1;1;0;0;1;1
2005;4;3604;1404;46;1;1;0;0;1;1
2005;4;3604;1405;51;1;1;0;0;1;1
2005;4;3604;1405;56;1;1;0;0;1;1
2005;4;3604;1406;61;1;1;0;0;1;1
2005;5;5;1;-9999;1;0;0;0;1;1
2005;5;5;1;-9999;2;0;0;0;1;1
2005;5;5;1;-9999;3;0;0;0;1;1
2005;5;5;1;-9999;4;0;0;0;1;1
2005;5;5;2;-9999;1;0;0;0;1;1
2005;5;5;2;-9999;2;0;0;0;1;1
2005;5;5;2;-9999;3;0;0;0;1;1
2005;5;5;2;-9999;4;0;0;0;1;1
2005;5;5;3;-9999;1;0;0;0;1;1
2005;5;5;3;-9999;2;0;0;0;1;1
2005;5;5;3;-9999;3;0;0;0;1;1
2005;5;5;3;-9999;4;0;0;0;1;1
2005;5;5;4;-9999;1;0;0;0;1;1
2005;5;5;4;-9999;2;0;0;0;1;1
2005;5;5;4;-9999;3;0;0;0;1;1
2005;5;5;4;-9999;4;0;0;0;1;1
2005;5;5;5;-9999;1;0;0;0;1;1
2005;5;5;5;-9999;2;0;0;0;1;1
2005;5;5;5;-9999;3;0;0;0;1;1
2005;5;5;5;-9999;4;0;0;0;1;1
2005;5;5;6;-9999;1;0;0;0;1;1
2005;5;5;6;-9999;2;0;0;0;1;1
2005;5;5;6;-9999;3;0;0;0;1;1
2005;5;5;6;-9999;4;0;0;0;1;1
2005;5;5;7;-9999;1;0;0;0;1;1
2005;5;5;7;-9999;2;0;0;0;1;1
2005;5;5;7;-9999;3;0;0;0;1;1
2005;5;5;7;-9999;4;0;0;0;1;1
2005;5;5;8;-9999;3;0;0;0;1;1
2005;5;5;8;-9999;4;0;0;0;1;1
2005;5;5;9;-9999;1;0;0;0;1;1
2005;5;5;9;-9999;2;0;0;0;1;1
2005;5;5;9;-9999;3;0;0;0;1;1
2005;5;5;9;-9999;4;0;0;0;1;1
2005;5;5;10;-9999;3;0;0;0;1;1
2005;5;5;10;-9999;4;0;0;0;1;1
2005;5;5;11;-9999;1;0;0;0;1;1
2005;5;5;11;-9999;2;0;0;0;1;1
2005;5;5;11;-9999;3;0;0;0;1;1
2005;5;5;11;-9999;4;0;0;0;1;1
2005;5;5;12;-9999;1;0;0;0;1;1
2005;5;5;12;-9999;2;0;0;0;1;1
2005;5;5;12;-9999;3;0;0;0;1;1
2005;5;5;12;-9999;4;0;0;0;1;1
2005;5;5;13;-9999;1;0;0;0;1;1
2005;5;5;13;-9999;2;0;0;0;1;1
2005;5;5;13;-9999;3;0;0;0;1;1
2005;5;5;13;-9999;4;0;0;0;1;1
2005;5;5;14;-9999;3;0;0;0;1;1
2005;5;5;14;-9999;4;0;0;0;1;1
2005;5;5;15;-9999;3;0;0;0;1;1
2005;5;5;15;-9999;4;0;0;0;1;1
2005;5;5;16;-9999;1;0;0;0;1;1
2005;5;5;16;-9999;2;0;0;0;1;1
2005;5;5;16;-9999;3;0;0;0;1;1
2005;5;5;16;-9999;4;0;0;0;1;1
2005;5;5;17;-9999;3;0;0;0;1;1
2005;5;5;17;-9999;4;0;0;0;1;1
2005;5;5;18;-9999;1;0;0;0;1;1
2005;5;5;18;-9999;2;0;0;0;1;1
2005;5;5;18;-9999;3;0;0;0;1;1
2005;5;5;18;-9999;4;0;0;0;1;1
2005;5;5;19;-9999;3;0;0;0;1;1
2005;5;5;19;-9999;4;0;0;0;1;1
2005;5;5;20;-9999;1;0;0;0;1;1
2005;5;5;20;-9999;2;0;0;0;1;1
2005;5;5;20;-9999;3;0;0;0;1;1
2005;5;5;20;-9999;4;0;0;0;1;1
2005;5;5;21;-9999;3;0;0;0;1;1
2005;5;5;21;-9999;4;0;0;0;1;1
2005;5;5;22;-9999;3;0;0;0;1;1
2005;5;5;22;-9999;4;0;0;0;1;1
2005;5;5;23;-9999;3;0;0;0;1;1
2005;5;5;23;-9999;4;0;0;0;1;1
2005;5;5;24;-9999;3;0;0;0;1;1
2005;5;5;24;-9999;4;0;0;0;1;1
2005;5;5;25;-9999;3;0;0;0;1;1
2005;5;5;25;-9999;4;0;0;0;1;1
2005;5;5;26;-9999;3;0;0;0;1;1
2005;5;5;26;-9999;4;0;0;0;1;1
2005;5;5;27;-9999;3;0;0;0;1;1
2005;5;5;27;-9999;4;0;0;0;1;1
2005;5;5;28;-9999;3;0;0;0;1;1
2005;5;5;28;-9999;4;0;0;0;1;1
2005;8;8;11;-9999;1;0;0;0;1;1
2005;8;8;26;-9999;1;0;0;0;1;1
2005;8;8;34;-9999;1;0;0;0;1;1
2005;8;8;51;-9999;1;0;0;0;1;1
2005;8;8;74;-9999;1;0;0;0;1;1
2005;8;8;85;-9999;1;0;0;0;1;1
2005;8;8;95;-9999;1;0;0;0;1;1
2005;8;8;6401;-9999;1;0;0;0;1;1
2005;8;8;6402;-9999;1;0;0;0;1;1
2005;12;12;1;-9999;11;0;0;0;1;1
2005;12;12;1;-9999;12;0;0;0;1;1
2005;12;12;1;-9999;13;0;0;0;1;1
2005;12;12;1;-9999;14;0;0;0;1;1
2005;12;12;1;-9999;15;0;0;0;1;1
2005;12;12;1;-9999;16;0;0;0;1;1
2005;12;12;1;-9999;17;0;0;0;1;1
2005;12;12;1;-9999;18;0;0;0;1;1
2005;12;12;1;-9999;21;0;0;0;1;1
2005;12;12;1;-9999;22;0;0;0;1;1
2005;12;12;1;-9999;23;0;0;0;1;1
2005;12;12;1;-9999;24;0;0;0;1;1
2005;12;12;1;-9999;25;0;0;0;1;1
2005;12;12;1;-9999;26;0;0;0;1;1
2005;12;12;1;-9999;27;0;0;0;1;1
2005;12;12;1;-9999;28;0;0;0;1;1
2005;12;12;2;-9999;11;0;0;0;1;1
2005;12;12;2;-9999;12;0;0;0;1;1
2005;12;12;2;-9999;13;0;0;0;1;1
2005;12;12;2;-9999;14;0;0;0;1;1
2005;12;12;2;-9999;15;0;0;0;1;1
2005;12;12;2;-9999;16;0;0;0;1;1
2005;12;12;2;-9999;17;0;0;0;1;1
2005;12;12;2;-9999;18;0;0;0;1;1
2005;12;12;2;-9999;21;0;0;0;1;1
2005;12;12;2;-9999;22;0;0;0;1;1
2005;12;12;2;-9999;23;0;0;0;1;1
2005;12;12;2;-9999;24;0;0;0;1;1
2005;12;12;2;-9999;25;0;0;0;1;1
2005;12;12;2;-9999;26;0;0;0;1;1
2005;12;12;2;-9999;27;0;0;0;1;1
2005;12;12;2;-9999;28;0;0;0;1;1
2005;13;1301;1403;-9999;2;0;0;0;1;1
2005;13;1301;5301;-9999;2;0;0;0;1;1
2005;13;1301;5401;-9999;2;0;0;0;1;1
2005;13;1301;5502;-9999;2;0;0;0;1;1
2005;13;1301;5603;-9999;2;0;0;0;1;1
2005;13;1301;5701;-9999;2;0;0;0;1;1
2005;13;13;5803;-9999;2;0;0;0;1;1
2005;13;1301;5804;-9999;2;0;0;0;1;1
2005;13;1301;6103;-9999;2;0;0;0;1;1
2005;13;1301;6201;-9999;2;0;0;0;1;1
2005;13;1301;6303;-9999;2;0;0;0;1;1
2005;13;1301;6401;-9999;2;0;0;0;1;1
2005;13;1301;6701;-9999;2;0;0;0;1;1
2005;13;1301;6702;-9999;2;0;0;0;1;1
2005;13;13;6902;-9999;2;0;0;0;1;1
2005;13;1301;7101;-9999;2;0;0;0;1;1
2005;13;1301;7201;-9999;2;0;0;0;1;1
2005;13;1301;7404;-9999;2;0;0;0;1;1
2005;13;1301;7502;-9999;2;0;0;0;1;1
2005;13;13;7504;-9999;2;0;0;0;1;1
2005;15;15;32;-9999;1;0;0;0;1;1
2005;51;51;1;-9999;1;0;0;0;1;1
2005;51;51;1;-9999;2;0;0;0;1;1
2005;51;51;1;-9999;3;0;0;0;1;1
2005;51;51;1;-9999;4;0;0;0;1;1
2005;51;51;1;-9999;5;0;0;0;1;1
2005;51;51;1;-9999;6;0;0;0;1;1
2005;51;51;2;-9999;1;0;0;0;1;1
2005;51;51;2;-9999;2;0;0;0;1;1
2005;51;51;2;-9999;3;0;0;0;1;1
2005;51;51;2;-9999;4;0;0;0;1;1
2005;51;51;2;-9999;5;0;0;0;1;1
2005;51;51;2;-9999;6;0;0;0;1;1
2005;51;51;3;-9999;1;0;0;0;1;1
2005;51;51;3;-9999;2;0;0;0;1;1
2005;51;51;3;-9999;3;0;0;0;1;1
2005;51;51;3;-9999;4;0;0;0;1;1
2005;51;51;3;-9999;5;0;0;0;1;1
2005;51;51;3;-9999;6;0;0;0;1;1
2005;51;51;6;-9999;1;0;0;0;1;1
2005;51;51;6;-9999;2;0;0;0;1;1
2005;51;51;6;-9999;3;0;0;0;1;1
2005;51;51;9;-9999;1;0;0;0;1;1
2005;51;51;9;-9999;2;0;0;0;1;1
2005;51;51;9;-9999;3;0;0;0;1;1
2005;51;51;9;-9999;4;0;0;0;1;1
2005;51;51;9;-9999;5;0;0;0;1;1
2005;51;51;9;-9999;6;0;0;0;1;1
2005;51;51;10;-9999;1;0;0;0;1;1
2005;51;51;10;-9999;2;0;0;0;1;1
2005;51;51;10;-9999;3;0;0;0;1;1
2005;51;51;10;-9999;4;0;0;0;1;1
2005;51;51;10;-9999;5;0;0;0;1;0
2005;51;51;10;-9999;6;0;0;0;1;0
2005;51;51;11;-9999;1;0;0;0;1;1
2005;51;51;11;-9999;2;0;0;0;1;1
2005;51;51;11;-9999;3;0;0;0;1;1
2005;51;51;11;-9999;4;0;0;0;1;1
2005;51;51;11;-9999;5;0;0;0;1;1
2005;51;51;11;-9999;6;0;0;0;1;1
2005;51;51;12;-9999;1;0;0;0;1;1
2005;51;51;12;-9999;2;0;0;0;1;1
2005;51;51;12;-9999;3;0;0;0;1;1
2005;51;51;12;-9999;4;0;0;0;1;1
2005;51;51;12;-9999;5;0;0;0;1;1
2005;51;51;12;-9999;6;0;0;0;1;1
2005;51;51;13;-9999;1;0;0;0;1;1
2005;51;51;13;-9999;2;0;0;0;1;1
2005;51;51;13;-9999;3;0;0;0;1;1
2005;51;51;13;-9999;4;0;0;0;1;1
2005;51;51;13;-9999;5;0;0;0;1;1
2005;51;51;13;-9999;6;0;0;0;1;1
2005;51;51;14;-9999;1;0;0;0;1;1
2005;51;51;14;-9999;2;0;0;0;1;1
2005;51;51;14;-9999;3;0;0;0;1;1
2005;51;51;15;-9999;1;0;0;0;1;1
2005;51;51;15;-9999;2;0;0;0;1;1
2005;51;51;15;-9999;3;0;0;0;1;1
2005;51;51;16;-9999;1;0;0;0;1;1
2005;51;51;16;-9999;2;0;0;0;1;1
2005;51;51;16;-9999;3;0;0;0;1;1
2005;51;51;17;-9999;1;0;0;0;1;1
2005;51;51;17;-9999;2;0;0;0;1;1
2005;51;51;17;-9999;3;0;0;0;1;1
2005;51;51;17;-9999;4;0;0;0;1;1
2005;51;51;17;-9999;5;0;0;0;1;1
2005;51;51;17;-9999;6;0;0;0;1;1
2005;51;51;18;-9999;1;0;0;0;1;1
2005;51;51;18;-9999;2;0;0;0;1;1
2005;51;51;18;-9999;3;0;0;0;1;1
2005;51;51;18;-9999;4;0;0;0;1;1
2005;51;51;18;-9999;5;0;0;0;1;1
2005;51;51;18;-9999;6;0;0;0;1;1
2005;51;51;19;-9999;1;0;0;0;1;1
2005;51;51;19;-9999;2;0;0;0;1;1
2005;51;51;19;-9999;3;0;0;0;1;1
2005;55;55;14;2005;2;1;0;0;1;1
2005;58;58;521;1;1;1;0;0;1;1
2005;58;58;561;1;1;1;0;0;1;1
2005;58;58;2161;1;1;1;0;0;1;1
2005;58;58;2163;1;1;1;0;0;1;1
2005;63;63;1;-9999;2;0;0;0;1;1
2005;63;63;2;-9999;2;0;0;0;1;1
2005;63;63;3;-9999;2;0;0;0;1;1
2006;4;3004;101;1;1;1;0;0;1;1
2006;4;3004;301;1;1;1;0;0;1;1
2006;4;3004;304;1;1;1;0;0;1;1
2006;4;3004;305;1;1;1;0;0;1;1
2006;4;3004;306;1;1;1;0;0;1;1
2006;4;3004;306;1;2;1;0;0;1;1
2006;4;3004;307;1;1;1;0;0;1;1
2006;4;3004;601;1;1;1;0;0;1;1
2006;4;3004;603;1;1;1;0;0;1;1
2006;4;3004;604;1;1;1;0;0;1;1
2006;4;3004;605;1;1;1;0;0;1;1
2006;4;3004;607;1;1;1;0;0;1;1
2006;4;2904;901;-9999;1;1;0;0;1;1
2006;4;2904;906;-9999;2;1;0;0;1;1
2006;4;2904;908;-9999;3;1;0;0;1;1
2006;4;2904;911;-9999;4;1;0;0;1;1
2006;4;2904;913;-9999;5;1;0;0;1;1
2006;4;2904;919;-9999;6;1;0;0;1;1
2006;4;2704;1101;-9999;1;1;0;0;1;1
2006;4;2704;1101;-9999;2;1;0;0;1;1
2006;4;2704;1102;-9999;1;1;0;0;1;1
2006;4;2704;1102;-9999;2;1;0;0;1;1
2006;4;2704;1103;-9999;1;1;0;0;1;1
2006;4;2704;1103;-9999;2;1;0;0;1;1
2006;4;2704;1201;-9999;1;1;0;0;1;1
2006;4;2704;1201;-9999;2;1;0;0;1;1
2006;4;2704;1202;-9999;1;1;0;0;1;1
2006;4;2704;1202;-9999;2;1;0;0;1;1
2006;4;2704;1203;-9999;1;1;0;0;1;1
2006;4;2704;1203;-9999;2;1;0;0;1;1
2006;4;2704;1204;-9999;1;1;0;0;1;1
2006;4;2704;1204;-9999;2;1;0;0;1;1
2006;4;2704;1205;-9999;1;1;0;0;1;1
2006;4;2704;1205;-9999;2;1;0;0;1;1
2006;4;2704;1206;-9999;1;1;0;0;1;1
2006;4;2704;1206;-9999;2;1;0;0;1;1
2006;4;3104;1302;-9999;20;1;0;0;1;1
2006;4;3104;1303;-9999;21;1;0;0;1;1
2006;4;3604;1401;-9999;1;1;0;0;1;1
2006;4;3604;1402;-9999;2;1;0;0;1;1
2006;4;3604;1402;-9999;3;1;0;0;1;1
2006;4;3604;1403;-9999;4;1;0;0;1;1
2006;4;3604;1403;-9999;5;1;0;0;1;1
2006;4;3604;1404;-9999;6;1;0;0;1;1
2006;4;3604;1404;-9999;7;1;0;0;1;1
2006;4;3604;1405;-9999;8;1;0;0;1;1
2006;4;3604;1405;-9999;9;1;0;0;1;1
2006;4;3604;1406;-9999;10;1;0;0;1;1
2006;4;3704;1605;-9999;51;1;0;0;1;1
2006;4;3704;1605;-9999;52;1;0;0;1;1
2006;4;3704;1606;-9999;61;1;0;0;1;1
2006;4;3704;1606;-9999;62;1;0;0;1;1
2006;4;3704;1607;-9999;71;1;0;0;1;1
2006;4;3704;1607;-9999;72;1;0;0;1;1
2006;4;3704;1608;-9999;81;1;0;0;1;1
2006;4;3704;1608;-9999;82;1;0;0;1;1
2006;4;3704;1609;-9999;91;1;0;0;1;1
2006;4;3704;1609;-9999;92;1;0;0;1;1
2006;5;5;1;-9999;1;0;0;0;1;1
2006;5;5;1;-9999;2;0;0;0;1;1
2006;5;5;2;-9999;1;0;0;0;1;1
2006;5;5;2;-9999;2;0;0;0;1;1
2006;5;5;3;-9999;1;0;0;0;1;1
2006;5;5;3;-9999;2;0;0;0;1;1
2006;5;5;4;-9999;1;0;0;0;1;1
2006;5;5;4;-9999;2;0;0;0;1;1
2006;5;5;5;-9999;1;0;0;0;1;1
2006;5;5;5;-9999;2;0;0;0;1;1
2006;5;5;7;-9999;1;0;0;0;1;1
2006;5;5;7;-9999;2;0;0;0;1;1
2006;5;5;9;-9999;1;0;0;0;1;1
2006;5;5;9;-9999;2;0;0;0;1;1
2006;5;5;10;-9999;1;0;0;0;1;1
2006;5;5;10;-9999;2;0;0;0;1;1
2006;5;5;11;-9999;1;0;0;0;1;1
2006;5;5;11;-9999;2;0;0;0;1;1
2006;5;5;14;-9999;1;0;0;0;1;1
2006;5;5;14;-9999;2;0;0;0;1;1
2006;5;5;16;-9999;1;0;0;0;1;1
2006;5;5;16;-9999;2;0;0;0;1;1
2006;5;5;19;-9999;1;0;0;0;1;1
2006;5;5;19;-9999;2;0;0;0;1;1
2006;5;5;20;-9999;1;0;0;0;1;1
2006;5;5;20;-9999;2;0;0;0;1;1
2006;5;5;21;-9999;1;0;0;0;1;1
2006;5;5;21;-9999;2;0;0;0;1;1
2006;5;5;22;-9999;1;0;0;0;1;1
2006;5;5;22;-9999;2;0;0;0;1;1
2006;5;5;23;-9999;1;0;0;0;1;1
2006;5;5;23;-9999;2;0;0;0;1;1
2006;5;5;24;-9999;1;0;0;0;1;1
2006;5;5;24;-9999;2;0;0;0;1;1
2006;5;5;25;-9999;1;0;0;0;1;1
2006;5;5;25;-9999;2;0;0;0;1;1
2006;5;5;26;-9999;1;0;0;0;1;1
2006;5;5;26;-9999;2;0;0;0;1;1
2006;5;5;27;-9999;1;0;0;0;1;1
2006;5;5;27;-9999;2;0;0;0;1;1
2006;5;5;28;-9999;1;0;0;0;1;1
2006;5;5;28;-9999;2;0;0;0;1;1
2006;5;5;29;-9999;1;0;0;0;1;1
2006;5;5;29;-9999;2;0;0;0;1;1
2006;5;5;30;-9999;1;0;0;0;1;1
2006;5;5;30;-9999;2;0;0;0;1;1
2006;5;5;31;-9999;1;0;0;0;1;1
2006;5;5;31;-9999;2;0;0;0;1;1
2006;14;14;1;-9999;1;0;0;0;1;1
2006;14;14;1;-9999;2;0;0;0;1;1
2006;14;14;1;-9999;3;0;0;0;1;1
2006;14;14;1;-9999;4;0;0;0;1;1
2006;14;14;2;-9999;1;0;0;0;1;1
2006;14;14;2;-9999;2;0;0;0;1;1
2006;14;14;2;-9999;3;0;0;0;1;1
2006;14;14;2;-9999;4;0;0;0;1;1
2006;14;14;3;-9999;1;0;0;0;1;1
2006;14;14;3;-9999;2;0;0;0;1;1
2006;14;14;4;-9999;1;0;0;0;1;1
2006;14;14;4;-9999;2;0;0;0;1;1
2006;14;14;5;-9999;1;0;0;0;1;1
2006;14;14;5;-9999;2;0;0;0;1;1
2006;14;14;6;-9999;1;0;0;0;1;1
2006;14;14;6;-9999;2;0;0;0;1;1
2006;14;14;6;-9999;3;0;0;0;1;1
2006;14;14;6;-9999;4;0;0;0;1;1
2006;14;14;7;-9999;1;0;0;0;1;1
2006;14;14;7;-9999;2;0;0;0;1;1
2006;14;14;7;-9999;3;0;0;0;1;1
2006;14;14;7;-9999;4;0;0;0;1;1
2006;14;14;8;-9999;1;0;0;0;1;1
2006;14;14;8;-9999;2;0;0;0;1;1
2006;14;14;9;-9999;1;0;0;0;1;1
2006;14;14;9;-9999;2;0;0;0;1;1
2006;14;14;9;-9999;3;0;0;0;1;1
2006;14;14;9;-9999;4;0;0;0;1;1
2006;14;14;10;-9999;1;0;0;0;1;1
2006;14;14;10;-9999;2;0;0;0;1;1
2006;14;14;11;-9999;1;0;0;0;1;1
2006;14;14;11;-9999;2;0;0;0;1;1
2006;14;14;12;-9999;1;0;0;0;1;1
2006;14;14;12;-9999;2;0;0;0;1;1
2006;14;14;13;-9999;2;0;0;0;1;1
2006;14;14;13;-9999;3;0;0;0;1;1
2006;14;14;13;-9999;4;0;0;0;1;1
2006;14;14;14;-9999;1;0;0;0;1;1
2006;14;14;14;-9999;2;0;0;0;1;1
2006;14;14;14;-9999;3;0;0;0;1;1
2006;14;14;14;-9999;4;0;0;0;1;1
2006;14;14;15;-9999;1;0;0;0;1;1
2006;14;14;15;-9999;2;0;0;0;1;1
2006;14;14;15;-9999;3;0;0;0;1;1
2006;14;14;15;-9999;4;0;0;0;1;1
2006;14;14;16;-9999;1;0;0;0;1;1
2006;14;14;16;-9999;2;0;0;0;1;1
2006;14;14;17;-9999;1;0;0;0;1;1
2006;14;14;17;-9999;2;0;0;0;1;1
2006;14;14;17;-9999;3;0;0;0;1;1
2006;14;14;17;-9999;4;0;0;0;1;1
2006;14;14;18;-9999;1;0;0;0;1;1
2006;14;14;18;-9999;2;0;0;0;1;1
2006;14;14;18;-9999;3;0;0;0;1;1
2006;14;14;18;-9999;4;0;0;0;1;1
2006;14;14;19;-9999;1;0;0;0;1;1
2006;14;14;19;-9999;2;0;0;0;1;1
2006;14;14;20;-9999;1;0;0;0;1;1
2006;14;14;20;-9999;2;0;0;0;1;1
2006;55;55;11;2006;4;1;0;0;1;1
2006;58;58;521;-9999;1;0;0;0;1;1
2006;58;58;561;-9999;1;0;0;0;1;1
2006;58;58;2161;-9999;1;0;0;0;1;1
2006;58;58;2163;-9999;1;0;0;0;1;1
2006;59;59;1;-9999;1;1;0;0;1;1
2006;59;59;1;-9999;2;1;0;0;1;1
2006;59;59;1;-9999;3;1;0;0;1;1
2006;59;59;1;-9999;4;1;0;0;1;1
2006;59;59;2;-9999;1;1;0;0;1;1
2006;59;59;2;-9999;2;1;0;0;1;1
2006;59;59;2;-9999;3;1;0;0;1;1
2006;59;59;2;-9999;4;1;0;0;1;1
2006;59;59;3;-9999;1;1;0;0;1;1
2006;59;59;3;-9999;2;1;0;0;1;1
2006;59;59;3;-9999;3;1;0;0;1;1
2006;59;59;3;-9999;4;1;0;0;1;1
2006;59;59;6;-9999;1;1;0;0;1;1
2006;59;59;6;-9999;2;1;0;0;1;1
2006;59;59;6;-9999;3;1;0;0;1;1
2006;59;59;6;-9999;4;1;0;0;1;1
2006;59;59;7;-9999;1;1;0;0;1;1
2006;59;59;7;-9999;2;1;0;0;1;1
2006;59;59;7;-9999;3;1;0;0;1;1
2006;59;59;7;-9999;4;1;0;0;1;1
2006;59;59;8;-9999;1;1;0;0;1;1
2006;59;59;8;-9999;2;1;0;0;1;1
2006;59;59;8;-9999;3;1;0;0;1;1
2006;59;59;8;-9999;4;1;0;0;1;1
2006;59;59;9;-9999;1;1;0;0;1;1
2006;59;59;9;-9999;2;1;0;0;1;1
2006;59;59;9;-9999;3;1;0;0;1;1
2006;59;59;9;-9999;4;1;0;0;1;1
2006;63;63;1;-9999;3;0;0;0;1;1
2006;63;63;2;-9999;3;0;0;0;1;1
2006;63;63;3;-9999;3;0;0;0;1;1
2007;2;102;11;113;1;1;0;1;1;1
2007;2;102;11;113;2;1;0;1;1;1
2007;2;102;11;114;1;1;0;1;1;1
2007;2;102;11;114;2;1;0;1;1;1
2007;2;102;11;116;2;1;0;1;1;1
2007;2;102;11;117;2;1;0;1;1;1
2007;2;102;12;121;1;1;0;1;1;1
2007;2;102;12;121;2;1;0;1;1;1
2007;2;102;12;122;1;1;0;1;1;1
2007;2;102;12;122;2;1;0;1;1;1
2007;2;102;12;123;2;1;0;1;1;1
2007;2;102;12;124;2;1;0;1;1;1
2007;2;102;13;131;1;1;0;1;1;1
2007;2;102;13;131;2;1;0;1;1;1
2007;2;102;13;133;1;1;0;1;1;1
2007;2;102;13;133;2;1;0;1;1;1
2007;2;102;13;134;2;1;0;1;1;1
2007;2;102;13;135;2;1;0;1;1;1
2007;2;102;14;141;1;1;0;1;1;1
2007;2;102;14;141;2;1;0;1;1;1
2007;2;102;14;142;1;1;0;1;1;1
2007;2;102;14;142;2;1;0;1;1;1
2007;2;102;14;143;2;1;0;1;1;1
2007;2;102;14;144;2;1;0;1;1;1
2007;2;102;15;152;1;1;0;1;1;1
2007;2;102;15;152;2;1;0;1;1;1
2007;2;102;15;153;1;1;0;1;1;1
2007;2;102;15;153;2;1;0;1;1;1
2007;2;102;15;154;2;1;0;1;1;1
2007;2;102;15;155;2;1;0;1;1;1
2007;2;102;16;161;1;1;0;1;1;0
2007;2;102;16;161;2;1;0;1;1;1
2007;2;102;16;162;1;1;0;1;1;1
2007;2;102;16;162;2;1;0;1;1;1
2007;2;102;16;163;2;1;0;1;1;1
2007;2;102;16;164;2;1;0;1;1;1
2007;2;102;17;173;1;1;0;1;1;1
2007;2;102;17;173;2;1;0;1;1;1
2007;2;102;18;181;1;1;0;1;1;1
2007;2;102;18;181;2;1;0;1;1;1
2007;2;102;18;183;1;1;0;1;1;1
2007;2;102;18;183;2;1;0;1;1;1
2007;2;102;18;184;2;1;0;1;1;1
2007;2;102;18;185;2;1;0;1;1;1
2007;2;102;19;191;1;1;0;1;1;1
2007;2;102;19;191;2;1;0;1;1;1
2007;2;102;19;192;1;1;0;1;1;1
2007;2;102;19;192;2;1;0;1;1;1
2007;2;102;19;193;2;1;0;1;1;1
2007;2;102;19;194;2;1;0;1;1;1
2007;2;102;20;201;1;1;0;1;1;1
2007;2;102;20;201;2;1;0;1;1;1
2007;2;102;20;202;1;1;0;1;1;1
2007;2;102;20;202;2;1;0;1;1;1
2007;2;102;20;203;2;1;0;1;1;1
2007;2;102;20;204;2;1;0;1;1;1
2007;2;102;21;211;1;1;0;1;1;1
2007;2;102;21;211;2;1;0;1;1;1
2007;2;102;21;212;1;1;0;1;1;1
2007;2;102;21;212;2;1;0;1;1;1
2007;2;102;21;213;2;1;0;1;1;1
2007;2;102;21;214;2;1;0;1;1;1
2007;4;3004;101;1;1;1;0;0;1;1
2007;4;3004;304;1;1;1;0;0;1;1
2007;4;3004;305;1;1;1;0;0;1;1
2007;4;3004;306;1;1;1;0;0;1;1
2007;4;3004;306;1;2;1;0;0;1;1
2007;4;3004;307;1;1;1;0;0;1;1
2007;4;3004;308;1;1;1;0;0;1;1
2007;4;3004;601;1;1;1;0;0;1;1
2007;4;3004;603;1;1;1;0;0;1;1
2007;4;3004;604;1;1;1;0;0;1;1
2007;4;3004;605;1;1;1;0;0;1;1
2007;4;3004;607;1;1;1;0;0;1;1
2007;4;3004;610;1;1;1;0;0;1;1
2007;4;2904;901;-9999;1;0;0;0;1;1
2007;4;2904;906;-9999;2;0;0;0;1;1
2007;4;2904;908;-9999;3;0;0;0;1;1
2007;4;2904;911;-9999;4;0;0;0;1;1
2007;4;2904;913;-9999;5;0;0;0;1;1
2007;4;2904;919;-9999;6;0;0;0;1;1
2007;4;2704;1101;-9999;1;1;0;0;1;1
2007;4;2704;1101;-9999;2;1;0;0;1;1
2007;4;2704;1102;-9999;1;1;0;0;1;1
2007;4;2704;1102;-9999;2;1;0;0;1;1
2007;4;2704;1103;-9999;1;1;0;0;1;1
2007;4;2704;1103;-9999;2;1;0;0;1;1
2007;4;2704;1201;-9999;1;1;0;0;1;1
2007;4;2704;1201;-9999;2;1;0;0;1;1
2007;4;2704;1202;-9999;1;1;0;0;1;1
2007;4;2704;1202;-9999;2;1;0;0;1;1
2007;4;2704;1203;-9999;1;1;0;0;1;1
2007;4;2704;1203;-9999;2;1;0;0;1;1
2007;4;2704;1204;-9999;1;1;0;0;1;1
2007;4;2704;1204;-9999;2;1;0;0;1;1
2007;4;2704;1205;-9999;1;1;0;0;1;1
2007;4;2704;1205;-9999;2;1;0;0;1;1
2007;4;2704;1206;-9999;1;1;0;0;1;1
2007;4;2704;1206;-9999;2;1;0;0;1;1
2007;4;3104;1302;-9999;1;1;0;0;1;1
2007;4;3104;1303;-9999;1;1;0;0;1;1
2007;4;3604;1401;-9999;1;1;0;0;1;1
2007;4;3604;1402;-9999;2;1;0;0;1;1
2007;4;3604;1402;-9999;3;1;0;0;1;1
2007;4;3604;1403;-9999;4;1;0;0;1;1
2007;4;3604;1403;-9999;5;1;0;0;1;1
2007;4;3604;1404;-9999;6;1;0;0;1;1
2007;4;3604;1404;-9999;7;1;0;0;1;1
2007;4;3604;1405;-9999;8;1;0;0;1;1
2007;4;3604;1405;-9999;9;1;0;0;1;1
2007;4;3604;1406;-9999;10;1;0;0;1;1
2007;4;3004;1501;1;1;1;0;0;1;1
2007;4;3004;1502;1;1;1;0;0;1;1
2007;5;5;1;-9999;1;1;0;0;1;1
2007;5;5;1;-9999;2;1;0;0;1;1
2007;5;5;1;-9999;5;1;0;0;1;1
2007;5;5;1;-9999;6;1;0;0;1;1
2007;5;5;4;-9999;1;1;0;0;1;1
2007;5;5;4;-9999;2;1;0;0;1;1
2007;5;5;4;-9999;5;1;0;0;1;1
2007;5;5;4;-9999;6;1;0;0;1;1
2007;5;5;5;-9999;1;1;0;0;1;1
2007;5;5;5;-9999;2;1;0;0;1;0
2007;5;5;5;-9999;5;1;0;0;1;1
2007;5;5;5;-9999;6;1;0;0;1;0
2007;5;5;7;-9999;1;1;0;0;1;1
2007;5;5;7;-9999;2;1;0;0;1;1
2007;5;5;7;-9999;5;1;0;0;1;1
2007;5;5;7;-9999;6;1;0;0;1;1
2007;5;5;9;-9999;1;1;0;0;1;1
2007;5;5;9;-9999;2;1;0;0;1;1
2007;5;5;9;-9999;5;1;0;0;1;1
2007;5;5;9;-9999;6;1;0;0;1;1
2007;5;5;11;-9999;1;1;0;0;1;1
2007;5;5;11;-9999;2;1;0;0;1;1
2007;5;5;11;-9999;5;1;0;0;1;1
2007;5;5;11;-9999;6;1;0;0;1;1
2007;5;5;19;-9999;1;1;0;0;1;1
2007;5;5;19;-9999;5;1;0;0;1;1
2007;5;5;20;-9999;1;1;0;0;1;1
2007;5;5;20;-9999;2;1;0;0;1;1
2007;5;5;20;-9999;5;1;0;0;1;1
2007;5;5;20;-9999;6;1;0;0;1;1
2007;6;6;105;1;1;1;0;0;1;1
2007;6;6;105;2;1;1;0;0;1;1
2007;6;6;105;3;1;1;0;0;1;1
2007;6;6;105;4;1;1;0;0;1;1
2007;6;6;105;5;1;1;0;0;1;1
2007;6;6;105;6;1;1;0;0;1;1
2007;6;6;105;7;1;1;0;0;1;1
2007;6;6;105;8;1;1;0;0;1;1
2007;6;6;105;9;1;1;0;0;1;1
2007;6;6;105;10;1;1;0;0;1;1
2007;6;6;512;11;1;1;0;0;1;1
2007;6;6;512;12;1;1;0;0;1;1
2007;6;6;512;13;1;1;0;0;1;1
2007;6;6;512;14;1;1;0;0;1;1
2007;6;6;512;15;1;1;0;0;1;1
2007;6;6;512;16;1;1;0;0;1;1
2007;6;6;512;17;1;1;0;0;1;1
2007;6;6;512;18;1;1;0;0;1;1
2007;6;6;512;19;1;1;0;0;1;1
2007;6;6;512;20;1;1;0;0;1;1
2007;6;6;517;21;1;1;0;0;1;1
2007;6;6;517;22;1;1;0;0;1;1
2007;6;6;517;23;1;1;0;0;1;1
2007;6;6;517;24;1;1;0;0;1;1
2007;6;6;517;25;1;1;0;0;1;1
2007;6;6;517;26;1;1;0;0;1;1
2007;6;6;517;27;1;1;0;0;1;1
2007;6;6;517;28;1;1;0;0;1;1
2007;6;6;517;29;1;1;0;0;1;1
2007;6;6;517;30;1;1;0;0;1;1
2007;6;6;715;31;1;1;0;0;1;1
2007;6;6;715;32;1;1;0;0;1;1
2007;6;6;715;33;1;1;0;0;1;1
2007;6;6;715;34;1;1;0;0;1;1
2007;6;6;715;35;1;1;0;0;1;1
2007;6;6;715;36;1;1;0;0;1;1
2007;6;6;715;37;1;1;0;0;1;1
2007;6;6;715;38;1;1;0;0;1;1
2007;6;6;715;39;1;1;0;0;1;1
2007;6;6;715;40;1;1;0;0;1;1
2007;51;51;1;-9999;1;1;0;0;1;1
2007;51;51;1;-9999;2;1;0;0;1;1
2007;51;51;1;-9999;3;1;0;0;1;1
2007;51;51;1;-9999;4;1;0;0;1;1
2007;51;51;3;-9999;1;1;0;0;1;1
2007;51;51;3;-9999;2;1;0;0;1;1
2007;51;51;3;-9999;3;1;0;0;1;1
2007;51;51;3;-9999;4;1;0;0;1;1
2007;51;51;6;-9999;1;1;0;0;1;1
2007;51;51;6;-9999;2;1;0;0;1;1
2007;51;51;9;-9999;1;1;0;0;1;1
2007;51;51;9;-9999;2;1;0;0;1;1
2007;51;51;9;-9999;3;1;0;0;1;1
2007;51;51;9;-9999;4;1;0;0;1;1
2007;51;51;10;-9999;1;1;0;0;1;1
2007;51;51;10;-9999;2;1;0;0;1;1
2007;51;51;10;-9999;3;1;0;0;1;1
2007;51;51;10;-9999;4;1;0;0;1;1
2007;51;51;11;-9999;1;1;0;0;1;1
2007;51;51;11;-9999;2;1;0;0;1;1
2007;51;51;11;-9999;3;1;0;0;1;1
2007;51;51;11;-9999;4;1;0;0;1;1
2007;51;51;12;-9999;1;1;0;0;1;1
2007;51;51;12;-9999;2;1;0;0;1;1
2007;51;51;12;-9999;3;1;0;0;1;1
2007;51;51;12;-9999;4;1;0;0;1;1
2007;51;51;13;-9999;1;1;0;0;1;1
2007;51;51;13;-9999;2;1;0;0;1;1
2007;51;51;13;-9999;3;1;0;0;1;1
2007;51;51;13;-9999;4;1;0;0;1;1
2007;51;51;15;-9999;1;1;0;0;1;1
2007;51;51;15;-9999;2;1;0;0;1;1
2007;51;51;16;-9999;1;1;0;0;1;1
2007;51;51;16;-9999;2;1;0;0;1;1
2007;51;51;17;-9999;1;1;0;0;1;1
2007;51;51;17;-9999;2;1;0;0;1;1
2007;51;51;17;-9999;3;1;0;0;1;1
2007;51;51;17;-9999;4;1;0;0;1;1
2007;51;51;18;-9999;1;1;0;0;1;1
2007;51;51;18;-9999;2;1;0;0;1;1
2007;51;51;18;-9999;3;1;0;0;1;1
2007;51;51;18;-9999;4;1;0;0;1;1
2007;51;51;19;-9999;1;1;0;0;1;1
2007;51;51;19;-9999;2;1;0;0;1;1
2007;51;51;20;-9999;1;1;0;0;1;1
2007;51;51;20;-9999;2;1;0;0;1;1
2008;4;3004;101;1;1;1;0;0;1;1
2008;4;3004;302;1;1;1;0;0;1;1
2008;4;3004;303;1;1;1;0;0;1;1
2008;4;3004;304;1;1;1;0;0;1;1
2008;4;3004;305;1;1;1;0;0;1;1
2008;4;3004;306;1;1;1;0;0;1;1
2008;4;3004;306;1;2;1;0;0;1;1
2008;4;3004;307;1;1;1;0;0;1;1
2008;4;3004;604;1;1;1;0;0;1;1
2008;4;3004;606;1;1;1;0;0;1;1
2008;4;3004;607;1;1;1;0;0;1;1
2008;4;3004;610;1;1;1;0;0;1;1
2008;4;3004;612;1;1;1;0;0;1;1
2008;4;2904;901;-9999;1;1;0;0;1;1
2008;4;2904;906;-9999;2;1;0;0;1;1
2008;4;2904;908;-9999;3;1;0;0;1;1
2008;4;2904;911;-9999;4;1;0;0;1;1
2008;4;2904;913;-9999;5;1;0;0;1;1
2008;4;2904;919;-9999;6;1;0;0;1;1
2008;4;3104;1302;-9999;1;1;0;0;1;1
2008;4;3104;1303;-9999;1;1;0;0;1;1
2008;4;3604;1401;-9999;1;1;0;0;1;1
2008;4;3604;1402;-9999;2;1;0;0;1;1
2008;4;3604;1402;-9999;3;1;0;0;1;1
2008;4;3604;1403;-9999;4;1;0;0;1;1
2008;4;3604;1403;-9999;5;1;0;0;1;1
2008;4;3604;1404;-9999;6;1;0;0;1;1
2008;4;3604;1404;-9999;7;1;0;0;1;1
2008;4;3604;1405;-9999;8;1;0;0;1;1
2008;4;3604;1405;-9999;9;1;0;0;1;1
2008;4;3604;1406;-9999;10;1;0;0;1;1
2008;4;3004;1502;1;1;1;0;0;1;1
2008;5;5;1;-9999;1;0;0;0;1;1
2008;5;5;1;-9999;2;0;0;0;1;1
2008;5;5;1;-9999;5;0;0;0;1;1
2008;5;5;1;-9999;6;0;0;0;1;1
2008;5;5;3;-9999;1;0;0;0;1;1
2008;5;5;3;-9999;2;0;0;0;1;1
2008;5;5;3;-9999;5;0;0;0;1;1
2008;5;5;3;-9999;6;0;0;0;1;1
2008;5;5;4;-9999;1;0;0;0;1;1
2008;5;5;4;-9999;2;0;0;0;1;1
2008;5;5;4;-9999;5;0;0;0;1;1
2008;5;5;4;-9999;6;0;0;0;1;1
2008;5;5;5;-9999;1;0;0;0;1;1
2008;5;5;5;-9999;2;0;0;0;1;1
2008;5;5;5;-9999;5;0;0;0;1;1
2008;5;5;5;-9999;6;0;0;0;1;1
2008;5;5;7;-9999;1;0;0;0;1;1
2008;5;5;7;-9999;2;0;0;0;1;1
2008;5;5;7;-9999;5;0;0;0;1;1
2008;5;5;7;-9999;6;0;0;0;1;1
2008;5;5;9;-9999;1;0;0;0;1;1
2008;5;5;9;-9999;2;0;0;0;1;1
2008;5;5;9;-9999;5;0;0;0;1;1
2008;5;5;9;-9999;6;0;0;0;1;1
2008;5;5;10;-9999;1;0;0;0;1;1
2008;5;5;10;-9999;2;0;0;0;1;1
2008;5;5;10;-9999;5;0;0;0;1;1
2008;5;5;10;-9999;6;0;0;0;1;1
2008;5;5;11;-9999;1;0;0;0;1;1
2008;5;5;11;-9999;2;0;0;0;1;1
2008;5;5;11;-9999;5;0;0;0;1;1
2008;5;5;11;-9999;6;0;0;0;1;1
2008;5;5;16;-9999;1;0;0;0;1;1
2008;5;5;16;-9999;2;0;0;0;1;1
2008;5;5;16;-9999;5;0;0;0;1;1
2008;5;5;16;-9999;6;0;0;0;1;1
2008;5;5;19;-9999;1;0;0;0;1;1
2008;5;5;19;-9999;2;0;0;0;1;1
2008;5;5;19;-9999;5;0;0;0;1;1
2008;5;5;19;-9999;6;0;0;0;1;1
2008;5;5;20;-9999;1;0;0;0;1;1
2008;5;5;20;-9999;2;0;0;0;1;1
2008;5;5;20;-9999;5;0;0;0;1;1
2008;5;5;20;-9999;6;0;0;0;1;1
2008;50;50;18;1;1;1;0;1;1;1
2008;50;50;18;2;1;1;0;1;1;1
2008;50;50;18;4;1;1;0;1;1;1
2008;50;50;18;5;1;1;0;1;1;1
2008;50;50;18;6;1;1;0;1;1;1
2008;50;50;18;8;1;1;0;1;1;1
2008;50;50;18;9;1;1;0;1;1;1
2008;50;50;18;10;1;1;0;1;1;1
2008;50;50;18;11;1;1;0;1;1;1
2008;50;50;18;12;1;1;0;1;1;1
2008;50;50;18;13;1;1;0;1;1;1
2008;50;50;18;14;1;1;0;1;1;1
2008;50;50;18;15;1;1;0;1;1;1
2008;50;50;18;16;1;1;0;1;1;1
2008;50;50;18;17;1;1;0;1;1;1
2008;50;50;18;18;1;1;0;1;1;1
2008;50;50;18;19;1;1;0;1;1;1
2008;50;50;18;20;1;1;0;1;1;1
2008;50;50;18;21;1;1;0;1;1;1
2008;50;50;18;22;1;1;0;1;1;1
2008;50;50;18;23;1;1;0;1;1;1
2008;50;50;18;24;1;1;0;1;1;1
2008;53;53;101;1;2;1;0;0;1;1
2008;53;53;102;1;2;1;0;0;1;1
2008;53;53;103;1;2;1;0;0;1;1
2008;53;53;104;1;2;1;0;0;1;1
2008;53;53;105;1;2;1;0;0;1;1
2008;53;53;106;1;2;1;0;0;1;1
2008;53;53;107;1;1;1;0;0;1;1
2008;53;53;107;1;2;1;0;0;1;1
2008;53;53;108;1;1;1;0;0;1;1
2008;53;53;108;1;2;1;0;0;1;1
2008;53;53;109;1;2;1;0;0;1;1
2008;53;53;110;1;2;1;0;0;1;1
2008;53;53;111;1;2;1;0;0;1;1
2008;53;53;112;1;2;1;0;0;1;1
2008;53;53;113;1;2;1;0;0;1;1
2008;53;53;114;1;2;1;0;0;1;1
2008;53;53;115;1;1;1;0;0;1;1
2008;53;53;115;1;2;1;0;0;1;1
2008;53;53;116;1;1;1;0;0;1;1
2008;53;53;116;1;2;1;0;0;1;1
2008;53;53;117;1;2;1;0;0;1;1
2008;53;53;118;1;2;1;0;0;1;1
2008;53;53;119;1;2;1;0;0;1;1
2008;53;53;120;1;2;1;0;0;1;1
2008;53;53;121;1;1;1;0;0;1;1
2008;53;53;121;1;2;1;0;0;1;1
2008;53;53;122;1;2;1;0;0;1;1
2008;53;53;123;1;2;1;0;0;1;1
2008;53;53;201;1;1;1;0;0;1;1
2008;53;53;201;1;2;1;0;0;1;1
2008;53;53;202;1;2;1;0;0;1;1
2008;53;53;203;1;2;1;0;0;1;1
2008;53;53;204;1;2;1;0;0;1;1
2008;53;53;205;1;2;1;0;0;1;1
2008;53;53;206;1;2;1;0;0;1;1
2008;53;53;207;1;2;1;0;0;1;1
2008;53;53;208;1;2;1;0;0;1;1
2008;53;53;209;1;2;1;0;0;1;1
2008;53;53;210;1;2;1;0;0;1;1
2008;53;53;211;1;2;1;0;0;1;1
2008;53;53;212;1;2;1;0;0;1;1
2008;53;53;213;1;2;1;0;0;1;1
2008;53;53;214;1;2;1;0;0;1;1
2008;53;53;215;1;2;1;0;0;1;1
2008;53;53;301;1;1;1;0;0;1;1
2008;53;53;301;1;2;1;0;0;1;1
2008;53;53;302;1;2;1;0;0;1;1
2008;53;53;303;1;2;1;0;0;1;1
2008;53;53;304;1;2;1;0;0;1;1
2008;53;53;305;1;2;1;0;0;1;1
2008;53;53;306;1;2;1;0;0;1;1
2008;53;53;307;1;2;1;0;0;1;1
2008;53;53;309;1;2;1;0;0;1;1
2008;53;53;310;1;2;1;0;0;1;1
2008;53;53;311;1;2;1;0;0;1;1
2008;53;53;312;1;2;1;0;0;1;1
2008;53;53;313;1;2;1;0;0;1;1
2008;53;53;314;1;2;1;0;0;1;1
2008;53;53;315;1;2;1;0;0;1;1
2008;53;53;316;1;2;1;0;0;1;1
2008;53;53;317;1;1;1;0;0;1;1
2008;53;53;317;1;2;1;0;0;1;1
2008;53;53;318;1;2;1;0;0;1;1
2008;53;53;319;1;2;1;0;0;1;1
2008;53;53;320;1;2;1;0;0;1;1
2008;53;53;321;1;2;1;0;0;1;1
2008;53;53;322;1;1;1;0;0;1;1
2008;53;53;322;1;2;1;0;0;1;1
2008;53;53;323;1;2;1;0;0;1;1
2008;53;53;324;1;2;1;0;0;1;1
2008;53;53;325;1;2;1;0;0;1;1
2008;53;53;326;1;1;1;0;0;1;1
2008;53;53;326;1;2;1;0;0;1;1
2008;53;53;401;1;2;1;0;0;1;1
2008;53;53;402;1;2;1;0;0;1;1
2008;53;53;403;1;2;1;0;0;1;1
2008;53;53;405;1;2;1;0;0;1;1
2008;53;53;406;1;2;1;0;0;1;1
2008;53;53;407;1;2;1;0;0;1;1
2008;53;53;410;1;2;1;0;0;1;1
2008;53;53;411;1;2;1;0;0;1;1
2008;53;53;412;1;1;1;0;0;1;1
2008;53;53;412;1;2;1;0;0;1;1
2008;53;53;413;1;2;1;0;0;1;1
2008;53;53;414;1;1;1;0;0;1;1
2008;53;53;414;1;2;1;0;0;1;1
2008;53;53;415;1;2;1;0;0;1;1
2008;53;53;416;1;2;1;0;0;1;1
2008;53;53;417;1;2;1;0;0;1;1
2008;53;53;418;1;2;1;0;0;1;1
2008;53;53;501;1;2;1;0;0;1;1
2008;53;53;502;1;2;1;0;0;1;1
2008;53;53;503;1;1;1;0;0;1;1
2008;53;53;503;1;2;1;0;0;1;1
2008;53;53;504;1;2;1;0;0;1;1
2008;53;53;505;1;2;1;0;0;1;1
2008;53;53;506;1;2;1;0;0;1;1
2008;53;53;507;1;2;1;0;0;1;1
2008;53;53;508;1;2;1;0;0;1;1
2008;53;53;509;1;2;1;0;0;1;1
2008;53;53;510;1;1;1;0;0;1;1
2008;53;53;510;1;2;1;0;0;1;1
2008;53;53;511;1;1;1;0;0;1;1
2008;53;53;511;1;2;1;0;0;1;1
2008;53;53;512;1;2;1;0;0;1;1
2008;53;53;513;1;2;1;0;0;1;1
2008;53;53;514;1;2;1;0;0;1;1
2008;53;53;515;1;1;1;0;0;1;1
2008;53;53;515;1;2;1;0;0;1;1
2008;53;53;516;1;2;1;0;0;1;1
2008;53;53;601;1;2;1;0;0;1;1
2008;53;53;602;1;1;1;0;0;1;1
2008;53;53;602;1;2;1;0;0;1;1
2008;53;53;603;1;2;1;0;0;1;1
2008;53;53;604;1;2;1;0;0;1;1
2008;53;53;605;1;2;1;0;0;1;1
2008;53;53;606;1;2;1;0;0;1;1
2008;53;53;607;1;2;1;0;0;1;1
2008;53;53;608;1;2;1;0;0;1;1
2008;53;53;609;1;2;1;0;0;1;1
2008;53;53;610;1;2;1;0;0;1;1
2008;53;53;611;1;2;1;0;0;1;1
2008;53;53;612;1;1;1;0;0;1;1
2008;53;53;612;1;2;1;0;0;1;1
2008;53;53;613;1;2;1;0;0;1;1
2008;53;53;614;1;2;1;0;0;1;1
2008;53;53;615;1;2;1;0;0;1;1
2008;53;53;616;1;2;1;0;0;1;1
2008;53;53;617;1;2;1;0;0;1;1
2008;53;53;618;1;2;1;0;0;1;1
2008;53;53;619;1;2;1;0;0;1;1
2008;53;53;620;1;1;1;0;0;1;1
2008;53;53;620;1;2;1;0;0;1;1
2008;53;53;621;1;2;1;0;0;1;1
2008;53;53;622;1;2;1;0;0;1;1
2008;53;53;623;1;2;1;0;0;1;1
2008;53;53;624;1;2;1;0;0;1;1
2008;53;53;625;1;2;1;0;0;1;1
2008;53;53;626;1;2;1;0;0;1;1
2008;53;53;627;1;2;1;0;0;1;1
2008;53;53;701;1;2;1;0;0;1;1
2008;53;53;702;1;2;1;0;0;1;1
2008;53;53;703;1;1;1;0;0;1;1
2008;53;53;703;1;2;1;0;0;1;1
2008;53;53;704;1;1;1;0;0;1;1
2008;53;53;704;1;2;1;0;0;1;1
2008;53;53;705;1;2;1;0;0;1;1
2008;53;53;706;1;2;1;0;0;1;1
2008;53;53;707;1;2;1;0;0;1;1
2008;53;53;708;1;2;1;0;0;1;1
2008;53;53;801;1;2;1;0;0;1;1
2008;53;53;802;1;2;1;0;0;1;1
2008;53;53;803;1;1;1;0;0;1;1
2008;53;53;803;1;2;1;0;0;1;1
2008;53;53;804;1;1;1;0;0;1;1
2008;53;53;804;1;2;1;0;0;1;1
2008;53;53;805;1;2;1;0;0;1;1
2008;53;53;806;1;2;1;0;0;1;1
2008;53;53;807;1;2;1;0;0;1;1
2008;53;53;808;1;1;1;0;0;1;1
2008;53;53;808;1;2;1;0;0;1;1
2008;53;53;809;1;2;1;0;0;1;1
2008;53;53;810;1;2;1;0;0;1;1
2008;53;53;811;1;2;1;0;0;1;1
2008;53;53;812;1;1;1;0;0;1;1
2008;53;53;812;1;2;1;0;0;1;1
2008;53;53;813;1;2;1;0;0;1;1
2008;53;53;814;1;2;1;0;0;1;1
2008;53;53;815;1;2;1;0;0;1;1
2008;53;53;816;1;2;1;0;0;1;1
2008;53;53;817;1;2;1;0;0;1;1
2008;53;53;818;1;2;1;0;0;1;1
2008;53;53;819;1;2;1;0;0;1;1
2008;55;55;1;2008;5;1;0;0;1;1
2008;55;55;4;2008;4;1;0;0;1;1
2008;55;55;8;2008;5;1;0;0;1;1
2009;2;202;1;1;1;1;0;0;1;1
2009;2;202;1;1;2;1;0;0;1;1
2009;2;202;1;1;3;1;0;0;1;1
2009;2;202;1;2;1;1;0;0;1;1
2009;2;202;1;2;2;1;0;0;1;1
2009;2;202;1;2;3;1;0;0;1;1
2009;2;202;2;1;1;1;0;0;1;1
2009;2;202;2;1;2;1;0;0;1;1
2009;2;202;2;1;3;1;0;0;1;1
2009;2;202;2;2;1;1;0;0;1;1
2009;2;202;2;2;2;1;0;0;1;1
2009;2;202;2;2;3;1;0;0;1;1
2009;2;202;3;1;1;1;0;0;1;1
2009;2;202;3;1;2;1;0;0;1;1
2009;2;202;3;1;3;1;0;0;1;1
2009;2;202;3;2;1;1;0;0;1;1
2009;2;202;3;2;2;1;0;0;1;1
2009;2;202;3;2;3;1;0;0;1;1
2009;2;202;5;1;1;1;0;0;1;1
2009;2;202;5;1;2;1;0;0;1;1
2009;2;202;5;1;3;1;0;0;1;1
2009;2;202;5;2;1;1;0;0;1;1
2009;2;202;5;2;2;1;0;0;1;1
2009;2;202;5;2;3;1;0;0;1;1
2009;2;202;6;1;1;1;0;0;1;1
2009;2;202;6;1;2;1;0;0;1;1
2009;2;202;6;1;3;1;0;0;1;1
2009;2;202;6;2;1;1;0;0;1;1
2009;2;202;6;2;2;1;0;0;1;1
2009;2;202;6;2;3;1;0;0;1;1
2009;2;202;7;1;1;1;0;0;1;1
2009;2;202;7;1;2;1;0;0;1;1
2009;2;202;7;1;3;1;0;0;1;1
2009;2;202;7;2;1;1;0;0;1;1
2009;2;202;7;2;2;1;0;0;1;1
2009;2;202;7;2;3;1;0;0;1;1
2009;2;202;8;1;1;1;0;0;1;1
2009;2;202;8;1;2;1;0;0;1;1
2009;2;202;8;1;3;1;0;0;1;1
2009;2;202;8;2;1;1;0;0;1;1
2009;2;202;8;2;2;1;0;0;1;1
2009;2;202;8;2;3;1;0;0;1;1
2009;2;202;9;1;1;1;0;0;1;1
2009;2;202;9;1;2;1;0;0;1;1
2009;2;202;9;1;3;1;0;0;1;1
2009;2;202;9;2;1;1;0;0;1;1
2009;2;202;9;2;2;1;0;0;1;1
2009;2;202;9;2;3;1;0;0;1;1
2009;4;3004;101;1;1;1;0;0;1;1
2009;4;3004;101;1;2;1;0;0;1;1
2009;4;3004;301;1;1;1;0;0;1;1
2009;4;3004;302;1;1;1;0;0;1;1
2009;4;3004;303;1;1;1;0;0;1;1
2009;4;3004;304;1;1;1;0;0;1;1
2009;4;3004;305;1;1;1;0;0;1;1
2009;4;3004;306;1;1;1;0;0;1;1
2009;4;3004;306;1;2;1;0;0;1;1
2009;4;3004;307;1;1;1;0;0;1;1
2009;4;3204;502;-9999;1;1;0;0;1;1
2009;4;3204;503;-9999;1;1;0;0;1;1
2009;4;3204;506;-9999;1;1;0;0;1;1
2009;4;3204;506;-9999;2;1;0;0;1;1
2009;4;3204;508;-9999;1;1;0;0;1;1
2009;4;3204;508;-9999;2;1;0;0;1;1
2009;4;3004;604;1;1;1;0;0;1;1
2009;4;3004;606;1;1;1;0;0;1;1
2009;4;3004;607;1;1;1;0;0;1;1
2009;4;3004;609;1;1;1;0;0;1;1
2009;4;2904;901;1;1;1;0;0;1;1
2009;4;2904;904;1;1;1;0;0;1;1
2009;4;2904;906;1;1;1;0;0;1;1
2009;4;2904;908;1;1;1;0;0;1;1
2009;4;2904;911;1;1;1;0;0;1;1
2009;4;2904;913;1;1;1;0;0;1;1
2009;4;2904;919;1;1;1;0;0;1;1
2009;4;2904;921;1;1;1;0;0;1;1
2009;4;2904;922;1;1;1;0;0;1;1
2009;4;3504;1001;-9999;1;1;0;0;1;1
2009;4;3504;1001;-9999;2;1;0;0;1;1
2009;4;2704;1202;-9999;1;1;0;0;1;1
2009;4;2704;1202;-9999;2;1;0;0;1;1
2009;4;2704;1203;-9999;1;1;0;0;1;1
2009;4;2704;1203;-9999;2;1;0;0;1;1
2009;4;2704;1204;-9999;1;1;0;0;1;1
2009;4;2704;1204;-9999;2;1;0;0;1;1
2009;4;2704;1205;-9999;1;1;0;0;1;1
2009;4;2704;1205;-9999;2;1;0;0;1;1
2009;4;3104;1302;-9999;1;1;0;0;1;1
2009;4;3104;1303;-9999;1;1;0;0;1;1
2009;4;3604;1401;-9999;1;1;0;0;1;1
2009;4;3604;1402;-9999;2;1;0;0;1;1
2009;4;3604;1402;-9999;3;1;0;0;1;1
2009;4;3604;1403;-9999;4;1;0;0;1;1
2009;4;3604;1403;-9999;5;1;0;0;1;1
2009;4;3604;1404;-9999;6;1;0;0;1;1
2009;4;3604;1404;-9999;7;1;0;0;1;1
2009;4;3604;1405;-9999;8;1;0;0;1;1
2009;4;3604;1405;-9999;9;1;0;0;1;1
2009;4;3604;1406;-9999;10;1;0;0;1;1
2009;4;3004;1501;1;1;1;0;0;1;1
2009;4;3004;1502;1;1;1;0;0;1;1
2009;5;5;1;-9999;1;1;0;0;1;1
2009;5;5;1;-9999;2;1;0;0;1;1
2009;5;5;1;-9999;5;1;0;0;1;1
2009;5;5;1;-9999;6;1;0;0;1;1
2009;5;5;3;-9999;1;1;0;0;1;1
2009;5;5;3;-9999;2;1;0;0;1;1
2009;5;5;3;-9999;5;1;0;0;1;1
2009;5;5;3;-9999;6;1;0;0;1;1
2009;5;5;4;-9999;1;1;0;0;1;1
2009;5;5;4;-9999;2;1;0;0;1;1
2009;5;5;4;-9999;5;1;0;0;1;1
2009;5;5;4;-9999;6;1;0;0;1;1
2009;5;5;5;-9999;1;1;0;0;1;1
2009;5;5;5;-9999;2;1;0;0;1;1
2009;5;5;5;-9999;5;1;0;0;1;1
2009;5;5;5;-9999;6;1;0;0;1;1
2009;5;5;8;-9999;1;1;0;0;1;1
2009;5;5;8;-9999;2;1;0;0;1;1
2009;5;5;8;-9999;5;1;0;0;1;1
2009;5;5;8;-9999;6;1;0;0;1;1
2009;5;5;9;-9999;1;1;0;0;1;1
2009;5;5;9;-9999;2;1;0;0;1;1
2009;5;5;9;-9999;5;1;0;0;1;1
2009;5;5;9;-9999;6;1;0;0;1;1
2009;5;5;10;-9999;1;1;0;0;1;1
2009;5;5;10;-9999;2;1;0;0;1;1
2009;5;5;10;-9999;5;1;0;0;1;1
2009;5;5;10;-9999;6;1;0;0;1;1
2009;5;5;11;-9999;1;1;0;0;1;1
2009;5;5;11;-9999;2;1;0;0;1;1
2009;5;5;11;-9999;5;1;0;0;1;1
2009;5;5;11;-9999;6;1;0;0;1;1
2009;5;5;12;-9999;1;1;0;0;1;1
2009;5;5;12;-9999;2;1;0;0;1;1
2009;5;5;12;-9999;5;1;0;0;1;1
2009;5;5;12;-9999;6;1;0;0;1;1
2009;5;5;14;-9999;1;1;0;0;1;1
2009;5;5;14;-9999;2;1;0;0;1;1
2009;5;5;14;-9999;5;1;0;0;1;1
2009;5;5;14;-9999;6;1;0;0;1;1
2009;5;5;15;-9999;1;1;0;0;1;1
2009;5;5;15;-9999;2;1;0;0;1;1
2009;5;5;15;-9999;5;1;0;0;1;1
2009;5;5;15;-9999;6;1;0;0;1;1
2009;5;5;16;-9999;1;1;0;0;1;1
2009;5;5;16;-9999;2;1;0;0;1;1
2009;5;5;16;-9999;5;1;0;0;1;1
2009;5;5;16;-9999;6;1;0;0;1;1
2009;5;5;17;-9999;1;1;0;0;1;1
2009;5;5;17;-9999;2;1;0;0;1;1
2009;5;5;17;-9999;5;1;0;0;1;1
2009;5;5;17;-9999;6;1;0;0;1;1
2009;5;5;20;-9999;1;1;0;0;1;1
2009;5;5;20;-9999;2;1;0;0;1;1
2009;5;5;20;-9999;5;1;0;0;1;1
2009;5;5;20;-9999;6;1;0;0;1;1
2009;5;5;27;-9999;1;1;0;0;1;1
2009;5;5;27;-9999;2;1;0;0;1;1
2009;5;5;27;-9999;5;1;0;0;1;1
2009;5;5;27;-9999;6;1;0;0;1;1
2009;5;5;30;-9999;1;1;0;0;1;1
2009;5;5;30;-9999;2;1;0;0;1;1
2009;5;5;30;-9999;5;1;0;0;1;1
2009;5;5;30;-9999;6;1;0;0;1;1
2009;5;5;31;-9999;1;1;0;0;1;1
2009;5;5;31;-9999;2;1;0;0;1;1
2009;5;5;31;-9999;5;1;0;0;1;1
2009;5;5;31;-9999;6;1;0;0;1;1
2009;8;8;11;-9999;1;1;1;0;1;1
2009;8;8;34;-9999;1;1;1;0;1;1
2009;8;8;64;-9999;1;1;1;0;1;1
2009;8;8;64;-9999;11;1;1;0;1;1
2009;8;8;74;-9999;1;1;1;0;1;1
2009;8;8;85;-9999;1;1;1;0;1;1
2009;8;8;95;-9999;1;1;1;0;1;1
2009;9;9;1;-9999;1;1;0;0;1;1
2009;9;9;1;-9999;2;1;0;0;1;1
2009;9;9;2;-9999;1;1;0;0;1;1
2009;9;9;2;-9999;2;1;0;0;1;1
2009;9;9;3;-9999;1;1;0;0;1;1
2009;9;9;3;-9999;2;1;0;0;1;1
2009;9;9;4;-9999;1;1;0;0;1;1
2009;15;15;1;-9999;3;1;0;0;1;1
2009;15;15;3;-9999;7;1;0;0;1;1
2009;15;15;5;-9999;3;1;0;0;1;1
2009;15;15;6;-9999;3;1;0;0;1;1
2009;15;15;10;-9999;3;1;0;0;1;1
2009;15;15;11;-9999;3;1;0;0;1;1
2009;15;15;12;-9999;7;1;0;0;1;1
2009;15;15;13;-9999;7;1;0;0;1;1
2009;15;15;16;-9999;3;1;0;0;1;1
2009;15;15;17;-9999;3;1;0;0;1;1
2009;15;15;19;-9999;3;1;0;0;1;1
2009;15;15;20;-9999;3;1;0;0;1;1
2009;15;15;21;-9999;3;1;0;0;1;1
2009;15;15;23;-9999;3;1;0;0;1;1
2009;15;15;32;-9999;2;1;0;0;1;1
2009;15;15;33;-9999;2;1;0;0;1;1
2009;15;15;34;-9999;1;1;0;0;1;1
2009;15;15;35;-9999;1;1;0;0;1;1
2009;51;51;1;-9999;1;1;0;0;1;1
2009;51;51;1;-9999;2;1;0;0;1;1
2009;51;51;1;-9999;3;1;0;0;1;1
2009;51;51;1;-9999;4;1;0;0;1;1
2009;51;51;1;-9999;5;1;0;0;1;1
2009;51;51;1;-9999;6;1;0;0;1;1
2009;51;51;3;-9999;1;1;0;0;1;1
2009;51;51;3;-9999;2;1;0;0;1;1
2009;51;51;3;-9999;3;1;0;0;1;1
2009;51;51;3;-9999;4;1;0;0;1;1
2009;51;51;3;-9999;5;1;0;0;1;1
2009;51;51;3;-9999;6;1;0;0;1;1
2009;51;51;15;-9999;1;1;0;0;1;1
2009;51;51;15;-9999;2;1;0;0;1;1
2009;51;51;15;-9999;3;1;0;0;1;1
2009;51;51;16;-9999;1;1;0;0;1;1
2009;51;51;16;-9999;2;1;0;0;1;1
2009;51;51;16;-9999;3;1;0;0;1;1
2009;51;51;17;-9999;1;1;0;0;1;1
2009;51;51;17;-9999;2;1;0;0;1;1
2009;51;51;17;-9999;3;1;0;0;1;1
2009;51;51;17;-9999;4;1;0;0;1;1
2009;51;51;17;-9999;5;1;0;0;1;1
2009;51;51;17;-9999;6;1;0;0;1;1
2009;51;51;18;-9999;1;1;0;0;1;1
2009;51;51;18;-9999;2;1;0;0;1;1
2009;51;51;18;-9999;3;1;0;0;1;1
2009;51;51;18;-9999;4;1;0;0;1;1
2009;51;51;18;-9999;5;1;0;0;1;1
2009;51;51;18;-9999;6;1;0;0;1;1
2009;51;51;19;-9999;1;1;0;0;1;1
2009;51;51;19;-9999;2;1;0;0;1;1
2009;51;51;19;-9999;3;1;0;0;1;1
2009;51;51;20;-9999;1;1;0;0;1;1
2009;51;51;20;-9999;2;1;0;0;1;1
2009;51;51;20;-9999;3;1;0;0;1;1
2009;52;52;5;-9999;1;1;0;0;1;1
2009;52;52;6;-9999;1;1;0;0;1;1
2009;52;52;7;-9999;1;1;0;0;1;1
2009;52;52;9;-9999;1;1;0;0;1;1
2009;52;52;11;-9999;1;1;0;0;1;1
2009;52;52;12;-9999;1;1;0;0;1;1
2009;52;52;13;-9999;1;1;0;0;1;1
2009;53;53;116;-9999;1;1;0;0;1;1
2009;53;53;203;-9999;1;1;0;0;1;1
2009;53;53;206;-9999;1;1;0;0;1;1
2009;53;53;212;-9999;1;1;0;0;1;1
2009;53;53;312;-9999;1;1;0;0;1;1
2009;53;53;322;-9999;1;1;0;0;1;1
2009;53;53;326;-9999;1;1;0;0;1;1
2009;53;53;405;-9999;1;1;0;0;1;1
2009;53;53;513;-9999;1;1;0;0;1;1
2009;53;53;701;-9999;1;1;0;0;1;1
2009;53;53;801;-9999;1;1;0;0;1;1
2009;53;53;804;-9999;1;1;0;0;1;1
2009;54;54;201;1;1;1;0;0;1;1
2009;54;54;201;1;2;1;0;0;1;1
2009;54;54;203;1;2;1;0;0;1;1
2009;54;54;204;1;1;1;0;0;1;1
2009;54;54;204;1;2;1;0;0;1;1
2009;54;54;206;1;1;1;0;0;1;1
2009;54;54;206;1;2;1;0;0;1;1
2009;54;54;207;1;2;1;0;0;1;1
2009;54;54;208;1;1;1;0;0;1;1
2009;54;54;208;1;2;1;0;0;1;1
2009;54;54;210;1;2;1;0;0;1;1
2009;54;54;211;1;1;1;0;0;1;1
2009;54;54;211;1;2;1;0;0;1;1
2009;54;54;212;1;2;1;0;0;1;1
2009;55;55;7;2009;4;1;0;0;1;1
2009;55;55;18;2009;6;1;0;0;1;1
2009;55;55;19;2009;3;1;0;0;1;1
2009;58;58;521;-9999;1;1;0;0;1;1
2009;58;58;541;-9999;1;1;0;0;1;1
2009;58;58;561;-9999;1;1;0;0;1;1
2009;58;58;2015;-9999;1;1;0;0;1;1
2009;58;58;2061;-9999;1;1;0;0;1;1
2009;58;58;2102;-9999;1;1;0;0;1;1
2009;58;58;2103;-9999;1;1;0;0;1;1
2009;58;58;2151;-9999;1;1;0;0;1;1
2009;58;58;2161;-9999;1;1;0;0;1;1
2009;58;58;2163;-9999;1;1;0;0;1;1
2009;58;58;2181;-9999;1;1;0;0;1;1
2009;58;58;2211;-9999;1;1;0;0;1;1
2009;58;58;2251;-9999;1;1;0;0;1;1
2009;58;58;2341;-9999;1;1;0;0;1;1
2009;58;58;2361;-9999;1;1;0;0;1;1
2009;58;58;2401;-9999;1;1;0;0;1;1
2009;59;59;1;-9999;1;1;0;0;1;1
2009;59;59;1;-9999;2;1;0;0;1;1
2009;59;59;1;-9999;3;1;0;0;1;1
2009;59;59;1;-9999;4;1;0;0;1;1
2009;59;59;2;-9999;1;1;0;0;1;1
2009;59;59;2;-9999;2;1;0;0;1;1
2009;59;59;2;-9999;3;1;0;0;1;1
2009;59;59;2;-9999;4;1;0;0;1;1
2009;59;59;3;-9999;1;1;0;0;1;1
2009;59;59;3;-9999;2;1;0;0;1;1
2009;59;59;3;-9999;3;1;0;0;1;1
2009;59;59;3;-9999;4;1;0;0;1;1
2009;59;59;6;-9999;1;1;0;0;1;1
2009;59;59;6;-9999;2;1;0;0;1;1
2009;59;59;6;-9999;3;1;0;0;1;1
2009;59;59;6;-9999;4;1;0;0;1;0
2009;59;59;7;-9999;1;1;0;0;1;1
2009;59;59;7;-9999;2;1;0;0;1;1
2009;59;59;7;-9999;3;1;0;0;1;1
2009;59;59;7;-9999;4;1;0;0;1;1
2009;59;59;8;-9999;1;1;0;0;1;1
2009;59;59;8;-9999;2;1;0;0;1;1
2009;59;59;8;-9999;3;1;0;0;1;1
2009;59;59;8;-9999;4;1;0;0;1;1
2009;59;59;9;-9999;1;1;0;0;1;1
2009;59;59;9;-9999;2;1;0;0;1;1
2009;59;59;9;-9999;3;1;0;0;1;1
2009;59;59;9;-9999;4;1;0;0;1;1
2009;60;60;1;2;4;1;0;0;1;1
2009;60;60;2;1;4;1;0;0;0;1
2009;60;60;2;1;8;1;0;0;1;0
2009;60;60;2;2;4;1;0;0;1;0
2009;60;60;2;2;8;1;0;0;0;1
2009;60;60;3;2;4;1;0;0;1;1
2009;60;60;4;1;4;1;0;0;0;1
2009;60;60;4;1;8;1;0;0;1;0
2009;60;60;4;2;4;1;0;0;1;0
2009;60;60;4;2;8;1;0;0;0;1
2009;60;60;5;1;4;1;0;0;0;1
2009;60;60;5;1;8;1;0;0;1;0
2009;60;60;5;2;4;1;0;0;1;0
2009;60;60;5;2;8;1;0;0;0;1
2009;60;60;6;2;4;1;0;0;1;0
2009;60;60;8;1;4;1;0;0;0;1
2009;60;60;8;1;8;1;0;0;1;0
2009;60;60;8;2;4;1;0;0;1;0
2009;60;60;8;2;8;1;0;0;0;1
2009;60;60;9;2;4;1;0;0;1;1
2009;60;60;10;2;4;1;0;0;1;1
2009;60;60;11;1;4;1;0;0;0;1
2009;60;60;11;1;8;1;0;0;1;0
2009;60;60;11;2;4;1;0;0;1;0
2009;60;60;11;2;8;1;0;0;0;1
2009;60;60;12;2;4;1;0;0;1;1
2009;62;62;5234;-9999;1;0;0;0;1;1
2009;62;62;5236;-9999;1;0;0;0;1;1
2009;62;62;5267;-9999;1;0;0;0;1;1
2009;62;62;5269;-9999;1;0;0;0;1;1
2009;62;62;5273;-9999;1;0;0;0;1;1
2009;62;62;5304;-9999;1;0;0;0;1;1
2009;62;62;5306;-9999;1;0;0;0;1;1
2009;62;62;5341;-9999;1;0;0;0;1;1
2009;62;62;5343;-9999;1;0;0;0;1;1
2009;62;62;5373;-9999;1;0;0;0;1;1
2009;62;62;5377;-9999;1;0;0;0;1;1
2009;62;62;5379;-9999;1;0;0;0;1;1
2009;62;62;5381;-9999;1;0;0;0;1;1
2009;62;62;5383;-9999;1;0;0;0;1;1
2009;62;62;5415;-9999;1;0;0;0;1;1
2009;62;62;5458;-9999;1;0;0;0;1;1
2009;62;62;5495;-9999;1;0;0;0;1;1
2009;62;62;5503;-9999;1;0;0;0;1;1
2009;62;62;5505;-9999;1;0;0;0;1;1
2009;62;62;5507;-9999;1;0;0;0;1;1
2009;62;62;5536;-9999;1;0;0;0;1;1
2009;62;62;5544;-9999;1;0;0;0;1;1
2009;62;62;5546;-9999;1;0;0;0;1;1
2009;62;62;5556;-9999;1;0;0;0;1;1
2009;62;62;5582;-9999;1;0;0;0;1;1
2009;62;62;5588;-9999;1;0;0;0;1;1
2009;62;62;5594;-9999;1;0;0;0;1;1
2009;62;62;5596;-9999;1;0;0;0;1;1
2009;62;62;5598;-9999;1;0;0;0;1;1
2009;62;62;5626;-9999;1;0;0;0;1;1
2009;62;62;5628;-9999;1;0;0;0;1;1
2009;62;62;5636;-9999;1;0;0;0;1;1
2009;62;62;5638;-9999;1;0;0;0;1;1
2009;62;62;5640;-9999;1;0;0;0;1;1
2009;62;62;5666;-9999;1;0;0;0;1;1
2009;63;63;1;-9999;4;1;0;1;1;1
2009;63;63;2;-9999;4;1;0;1;1;1
2009;63;63;3;-9999;4;1;0;1;1;1
2009;64;64;5;-9999;1;1;0;0;1;1
2009;64;64;5;-9999;2;1;0;0;1;1
2009;64;64;5;-9999;3;1;0;0;1;1
2009;64;64;5;-9999;4;1;0;0;1;1
2009;66;66;101;-9999;1;1;0;0;1;1
2009;66;66;101;-9999;2;1;0;0;1;1
2009;66;66;102;-9999;1;1;0;0;1;1
2009;66;66;102;-9999;2;1;0;0;1;1
2009;66;66;103;-9999;1;1;0;0;1;1
2009;66;66;103;-9999;2;1;0;0;1;1
2009;66;66;104;-9999;1;1;0;0;1;1
2009;66;66;104;-9999;2;1;0;0;1;1
2009;67;67;1;1;1;1;0;0;1;1
2009;67;67;1;1;2;1;0;0;1;1
2009;67;67;1;1;3;1;0;0;1;1
2009;67;67;1;2;1;1;0;0;1;1
2009;67;67;1;2;2;1;0;0;1;1
2009;67;67;1;2;3;1;0;0;1;1
2009;67;67;1;3;1;1;0;0;1;1
2009;67;67;1;3;2;1;0;0;1;1
2009;67;67;1;3;3;1;0;0;1;1
2009;67;67;1;4;1;1;0;0;1;1
2009;67;67;1;4;2;1;0;0;1;1
2009;67;67;1;4;3;1;0;0;1;1
2009;67;67;1;5;1;1;0;0;1;1
2009;67;67;1;5;2;1;0;0;1;1
2009;67;67;1;5;3;1;0;0;1;1
2010;1;1;2;1;1;1;0;0;1;1
2010;1;1;2;1;2;1;0;0;1;1
2010;1;1;2;2;1;1;0;0;1;1
2010;1;1;2;2;2;1;0;0;1;1
2010;1;1;2;3;1;1;0;0;1;1
2010;1;1;2;3;2;1;0;0;1;1
2010;1;1;2;4;1;1;0;0;1;1
2010;1;1;2;4;2;1;0;0;1;1
2010;1;1;2;5;1;1;0;0;1;1
2010;1;1;2;5;2;1;0;0;1;1
2010;1;1;2;6;1;1;0;0;1;1
2010;1;1;2;6;2;1;0;0;1;1
2010;1;1;2;7;1;1;0;0;1;1
2010;1;1;2;7;2;1;0;0;1;1
2010;1;1;2;8;1;1;0;0;1;1
2010;1;1;2;8;2;1;0;0;1;1
2010;1;1;6;1;1;1;0;0;1;1
2010;1;1;6;1;2;1;0;0;1;1
2010;1;1;6;2;1;1;0;0;1;1
2010;1;1;6;2;2;1;0;0;1;1
2010;1;1;6;3;1;1;0;0;1;1
2010;1;1;6;3;2;1;0;0;1;1
2010;1;1;6;4;1;1;0;0;1;1
2010;1;1;6;4;2;1;0;0;1;1
2010;1;1;6;5;1;1;0;0;1;1
2010;1;1;6;5;2;1;0;0;1;1
2010;1;1;6;6;1;1;0;0;1;1
2010;1;1;6;6;2;1;0;0;1;1
2010;1;1;6;7;1;1;0;0;1;1
2010;1;1;6;7;2;1;0;0;1;1
2010;1;1;6;8;1;1;0;0;1;1
2010;1;1;6;8;2;1;0;0;1;1
2010;1;1;8;1;1;1;0;0;1;1
2010;1;1;8;1;2;1;0;0;1;1
2010;1;1;8;2;1;1;0;0;1;1
2010;1;1;8;2;2;1;0;0;1;1
2010;1;1;8;3;1;1;0;0;1;1
2010;1;1;8;3;2;1;0;0;1;1
2010;1;1;8;4;1;1;0;0;1;1
2010;1;1;8;4;2;1;0;0;1;1
2010;1;1;8;5;1;1;0;0;1;1
2010;1;1;8;5;2;1;0;0;1;1
2010;1;1;8;6;1;1;0;0;1;1
2010;1;1;8;6;2;1;0;0;1;1
2010;1;1;8;7;1;1;0;0;1;1
2010;1;1;8;7;2;1;0;0;1;1
2010;1;1;8;8;1;1;0;0;1;1
2010;1;1;8;8;2;1;0;0;1;1
2010;1;1;13;1;1;1;0;0;1;1
2010;1;1;13;1;2;1;0;0;1;1
2010;1;1;13;2;1;1;0;0;1;1
2010;1;1;13;2;2;1;0;0;1;1
2010;1;1;13;3;1;1;0;0;1;1
2010;1;1;13;3;2;1;0;0;1;1
2010;1;1;13;4;1;1;0;0;1;1
2010;1;1;13;4;2;1;0;0;1;1
2010;1;1;13;5;1;1;0;0;1;1
2010;1;1;13;5;2;1;0;0;1;1
2010;1;1;13;6;1;1;0;0;1;1
2010;1;1;13;6;2;1;0;0;1;1
2010;1;1;13;7;1;1;0;0;1;1
2010;1;1;13;7;2;1;0;0;1;1
2010;1;1;13;8;1;1;0;0;1;1
2010;1;1;13;8;2;1;0;0;1;1
2010;1;1;16;1;1;1;0;0;1;1
2010;1;1;16;1;2;1;0;0;1;1
2010;1;1;16;2;1;1;0;0;1;1
2010;1;1;16;2;2;1;0;0;1;1
2010;1;1;16;3;1;1;0;0;1;1
2010;1;1;16;3;2;1;0;0;1;1
2010;1;1;16;4;1;1;0;0;1;1
2010;1;1;16;4;2;1;0;0;1;1
2010;1;1;16;5;1;1;0;0;1;1
2010;1;1;16;5;2;1;0;0;1;1
2010;1;1;16;6;1;1;0;0;1;1
2010;1;1;16;6;2;1;0;0;1;1
2010;1;1;16;7;1;1;0;0;1;1
2010;1;1;16;7;2;1;0;0;1;1
2010;1;1;16;8;1;1;0;0;1;1
2010;1;1;16;8;2;1;0;0;1;1
2010;1;1;17;1;1;1;0;0;1;1
2010;1;1;17;1;2;1;0;0;1;1
2010;1;1;17;1;5;1;0;0;1;1
2010;1;1;17;1;6;1;0;0;1;1
2010;1;1;17;2;1;1;0;0;1;1
2010;1;1;17;2;2;1;0;0;1;1
2010;1;1;17;2;5;1;0;0;1;1
2010;1;1;17;2;6;1;0;0;1;1
2010;1;1;17;3;1;1;0;0;1;1
2010;1;1;17;3;2;1;0;0;1;1
2010;1;1;17;3;5;1;0;0;1;1
2010;1;1;17;3;6;1;0;0;1;1
2010;1;1;17;4;1;1;0;0;1;1
2010;1;1;17;4;2;1;0;0;1;1
2010;1;1;17;4;5;1;0;0;1;1
2010;1;1;17;4;6;1;0;0;1;1
2010;1;1;17;5;1;1;0;0;1;1
2010;1;1;17;5;2;1;0;0;1;1
2010;1;1;17;5;5;1;0;0;1;1
2010;1;1;17;5;6;1;0;0;1;1
2010;1;1;17;6;1;1;0;0;1;1
2010;1;1;17;6;2;1;0;0;1;1
2010;1;1;17;6;5;1;0;0;1;1
2010;1;1;17;6;6;1;0;0;1;1
2010;1;1;17;7;1;1;0;0;1;1
2010;1;1;17;7;2;1;0;0;1;1
2010;1;1;17;7;5;1;0;0;1;1
2010;1;1;17;7;6;1;0;0;1;1
2010;1;1;17;8;1;1;0;0;1;1
2010;1;1;17;8;2;1;0;0;1;1
2010;1;1;17;8;5;1;0;0;1;1
2010;1;1;17;8;6;1;0;0;1;1
2010;1;1;18;1;1;1;0;0;1;1
2010;1;1;18;1;2;1;0;0;1;1
2010;1;1;18;2;1;1;0;0;1;1
2010;1;1;18;2;2;1;0;0;1;1
2010;1;1;18;3;1;1;0;0;1;1
2010;1;1;18;3;2;1;0;0;1;1
2010;1;1;18;4;1;1;0;0;1;1
2010;1;1;18;4;2;1;0;0;1;1
2010;1;1;18;5;1;1;0;0;1;1
2010;1;1;18;5;2;1;0;0;1;1
2010;1;1;18;6;1;1;0;0;1;1
2010;1;1;18;6;2;1;0;0;1;1
2010;1;1;18;7;1;1;0;0;1;1
2010;1;1;18;7;2;1;0;0;1;1
2010;1;1;18;8;1;1;0;0;1;1
2010;1;1;18;8;2;1;0;0;1;1
2010;1;1;19;1;1;1;0;0;1;1
2010;1;1;19;1;2;1;0;0;1;1
2010;1;1;19;2;1;1;0;0;1;1
2010;1;1;19;2;2;1;0;0;1;1
2010;1;1;19;3;1;1;0;0;1;1
2010;1;1;19;3;2;1;0;0;1;1
2010;1;1;19;4;1;1;0;0;1;1
2010;1;1;19;4;2;1;0;0;1;1
2010;1;1;19;5;1;1;0;0;1;1
2010;1;1;19;5;2;1;0;0;1;1
2010;1;1;19;6;1;1;0;0;1;1
2010;1;1;19;6;2;1;0;0;1;1
2010;1;1;19;7;1;1;0;0;1;1
2010;1;1;19;7;2;1;0;0;1;1
2010;1;1;19;8;1;1;0;0;1;1
2010;1;1;19;8;2;1;0;0;1;1
2010;1;1;20;1;1;1;0;0;1;1
2010;1;1;20;1;2;1;0;0;1;1
2010;1;1;20;2;1;1;0;0;1;1
2010;1;1;20;2;2;1;0;0;1;1
2010;1;1;20;3;1;1;0;0;1;1
2010;1;1;20;3;2;1;0;0;1;1
2010;1;1;20;4;1;1;0;0;1;1
2010;1;1;20;4;2;1;0;0;1;1
2010;1;1;20;5;1;1;0;0;1;1
2010;1;1;20;5;2;1;0;0;1;1
2010;1;1;20;6;1;1;0;0;1;1
2010;1;1;20;6;2;1;0;0;1;1
2010;1;1;20;7;1;1;0;0;1;1
2010;1;1;20;7;2;1;0;0;1;1
2010;1;1;20;8;1;1;0;0;1;1
2010;1;1;20;8;2;1;0;0;1;1
2010;1;1;24;1;1;1;0;0;1;1
2010;1;1;24;1;2;1;0;0;1;1
2010;1;1;24;2;1;1;0;0;1;1
2010;1;1;24;2;2;1;0;0;1;1
2010;1;1;24;3;1;1;0;0;1;1
2010;1;1;24;3;2;1;0;0;1;1
2010;1;1;24;4;1;1;0;0;1;1
2010;1;1;24;4;2;1;0;0;1;1
2010;1;1;24;5;1;1;0;0;1;1
2010;1;1;24;5;2;1;0;0;1;1
2010;1;1;24;6;1;1;0;0;1;1
2010;1;1;24;6;2;1;0;0;1;1
2010;1;1;24;7;1;1;0;0;1;1
2010;1;1;24;7;2;1;0;0;1;1
2010;1;1;24;8;1;1;0;0;1;1
2010;1;1;24;8;2;1;0;0;1;1
2010;1;1;25;1;1;1;0;0;1;1
2010;1;1;25;1;2;1;0;0;1;1
2010;1;1;25;1;5;1;0;0;1;1
2010;1;1;25;1;6;1;0;0;1;1
2010;1;1;25;2;1;1;0;0;1;1
2010;1;1;25;2;2;1;0;0;1;1
2010;1;1;25;2;5;1;0;0;1;1
2010;1;1;25;2;6;1;0;0;1;1
2010;1;1;25;3;1;1;0;0;1;1
2010;1;1;25;3;2;1;0;0;1;1
2010;1;1;25;3;5;1;0;0;1;1
2010;1;1;25;3;6;1;0;0;1;1
2010;1;1;25;4;1;1;0;0;1;1
2010;1;1;25;4;2;1;0;0;1;1
2010;1;1;25;4;5;1;0;0;1;1
2010;1;1;25;4;6;1;0;0;1;1
2010;1;1;25;5;1;1;0;0;1;1
2010;1;1;25;5;2;1;0;0;1;1
2010;1;1;25;5;5;1;0;0;1;1
2010;1;1;25;5;6;1;0;0;1;1
2010;1;1;25;6;1;1;0;0;1;1
2010;1;1;25;6;2;1;0;0;1;1
2010;1;1;25;6;5;1;0;0;1;1
2010;1;1;25;6;6;1;0;0;1;1
2010;1;1;25;7;1;1;0;0;1;1
2010;1;1;25;7;2;1;0;0;1;1
2010;1;1;25;7;5;1;0;0;1;1
2010;1;1;25;7;6;1;0;0;1;1
2010;1;1;25;8;1;1;0;0;1;1
2010;1;1;25;8;2;1;0;0;1;1
2010;1;1;25;8;5;1;0;0;1;1
2010;1;1;25;8;6;1;0;0;1;1
2010;1;1;27;1;1;1;0;0;1;1
2010;1;1;27;1;2;1;0;0;1;1
2010;1;1;27;2;1;1;0;0;1;1
2010;1;1;27;2;2;1;0;0;1;1
2010;1;1;27;3;1;1;0;0;1;1
2010;1;1;27;3;2;1;0;0;1;1
2010;1;1;27;4;1;1;0;0;1;1
2010;1;1;27;4;2;1;0;0;1;1
2010;1;1;27;5;1;1;0;0;1;1
2010;1;1;27;5;2;1;0;0;1;1
2010;1;1;27;6;1;1;0;0;1;1
2010;1;1;27;6;2;1;0;0;1;1
2010;1;1;27;7;1;1;0;0;1;1
2010;1;1;27;7;2;1;0;0;1;1
2010;1;1;27;8;1;1;0;0;1;1
2010;1;1;27;8;2;1;0;0;1;1
2010;1;1;28;1;1;1;0;0;1;1
2010;1;1;28;1;2;1;0;0;1;1
2010;1;1;28;2;1;1;0;0;1;1
2010;1;1;28;2;2;1;0;0;1;1
2010;1;1;28;3;1;1;0;0;1;1
2010;1;1;28;3;2;1;0;0;1;1
2010;1;1;28;4;1;1;0;0;1;1
2010;1;1;28;4;2;1;0;0;1;1
2010;1;1;28;5;1;1;0;0;1;1
2010;1;1;28;5;2;1;0;0;1;1
2010;1;1;28;6;1;1;0;0;1;1
2010;1;1;28;6;2;1;0;0;1;1
2010;1;1;28;7;1;1;0;0;1;1
2010;1;1;28;7;2;1;0;0;1;1
2010;1;1;28;8;1;1;0;0;1;1
2010;1;1;28;8;2;1;0;0;1;1
2010;1;1;29;1;1;1;0;0;1;1
2010;1;1;29;1;2;1;0;0;1;1
2010;1;1;29;2;1;1;0;0;1;1
2010;1;1;29;2;2;1;0;0;1;1
2010;1;1;29;3;1;1;0;0;1;1
2010;1;1;29;3;2;1;0;0;1;1
2010;1;1;29;4;1;1;0;0;1;1
2010;1;1;29;4;2;1;0;0;1;1
2010;1;1;29;5;1;1;0;0;1;1
2010;1;1;29;5;2;1;0;0;1;1
2010;1;1;29;6;1;1;0;0;1;1
2010;1;1;29;6;2;1;0;0;1;1
2010;1;1;29;7;1;1;0;0;1;1
2010;1;1;29;7;2;1;0;0;1;1
2010;1;1;29;8;1;1;0;0;1;1
2010;1;1;29;8;2;1;0;0;1;1
2010;1;1;30;1;1;1;0;0;1;1
2010;1;1;30;1;2;1;0;0;1;1
2010;1;1;30;2;1;1;0;0;1;1
2010;1;1;30;2;2;1;0;0;1;1
2010;1;1;30;3;1;1;0;0;1;1
2010;1;1;30;3;2;1;0;0;1;1
2010;1;1;30;4;1;1;0;0;1;1
2010;1;1;30;4;2;1;0;0;1;1
2010;1;1;30;5;1;1;0;0;1;1
2010;1;1;30;5;2;1;0;0;1;1
2010;1;1;30;6;1;1;0;0;1;1
2010;1;1;30;6;2;1;0;0;1;1
2010;1;1;30;7;1;1;0;0;1;1
2010;1;1;30;7;2;1;0;0;1;1
2010;1;1;30;8;1;1;0;0;1;1
2010;1;1;30;8;2;1;0;0;1;1
2010;1;1;37;1;1;1;0;0;1;1
2010;1;1;37;1;2;1;0;0;1;1
2010;1;1;37;2;1;1;0;0;1;1
2010;1;1;37;2;2;1;0;0;1;1
2010;1;1;37;3;1;1;0;0;1;1
2010;1;1;37;3;2;1;0;0;1;1
2010;1;1;37;4;1;1;0;0;1;1
2010;1;1;37;4;2;1;0;0;1;1
2010;1;1;37;5;1;1;0;0;1;1
2010;1;1;37;5;2;1;0;0;1;1
2010;1;1;37;6;1;1;0;0;1;1
2010;1;1;37;6;2;1;0;0;1;1
2010;1;1;37;7;1;1;0;0;1;1
2010;1;1;37;7;2;1;0;0;1;1
2010;1;1;37;8;1;1;0;0;1;1
2010;1;1;37;8;2;1;0;0;1;1
2010;1;1;41;1;1;1;0;0;1;1
2010;1;1;41;1;2;1;0;0;1;1
2010;1;1;41;2;1;1;0;0;1;1
2010;1;1;41;2;2;1;0;0;1;1
2010;1;1;41;3;1;1;0;0;1;1
2010;1;1;41;3;2;1;0;0;1;1
2010;1;1;41;4;1;1;0;0;1;1
2010;1;1;41;4;2;1;0;0;1;1
2010;1;1;41;5;1;1;0;0;1;1
2010;1;1;41;5;2;1;0;0;1;1
2010;1;1;41;6;1;1;0;0;1;1
2010;1;1;41;6;2;1;0;0;1;1
2010;1;1;41;7;1;1;0;0;1;1
2010;1;1;41;7;2;1;0;0;1;1
2010;1;1;41;8;1;1;0;0;1;1
2010;1;1;41;8;2;1;0;0;1;1
2010;1;1;43;1;1;1;0;0;1;1
2010;1;1;43;1;2;1;0;0;1;1
2010;1;1;43;2;1;1;0;0;1;1
2010;1;1;43;2;2;1;0;0;1;1
2010;1;1;43;3;1;1;0;0;1;1
2010;1;1;43;3;2;1;0;0;1;1
2010;1;1;43;4;1;1;0;0;1;1
2010;1;1;43;4;2;1;0;0;1;1
2010;1;1;43;5;1;1;0;0;1;1
2010;1;1;43;5;2;1;0;0;1;1
2010;1;1;43;6;1;1;0;0;1;1
2010;1;1;43;6;2;1;0;0;1;1
2010;1;1;43;7;1;1;0;0;1;1
2010;1;1;43;7;2;1;0;0;1;1
2010;1;1;43;8;1;1;0;0;1;1
2010;1;1;43;8;2;1;0;0;1;1
2010;1;1;44;1;1;1;0;0;1;1
2010;1;1;44;1;2;1;0;0;1;1
2010;1;1;44;2;1;1;0;0;1;1
2010;1;1;44;2;2;1;0;0;1;1
2010;1;1;44;3;1;1;0;0;1;1
2010;1;1;44;3;2;1;0;0;1;1
2010;1;1;44;4;1;1;0;0;1;1
2010;1;1;44;4;2;1;0;0;1;1
2010;1;1;44;5;1;1;0;0;1;1
2010;1;1;44;5;2;1;0;0;1;1
2010;1;1;44;6;1;1;0;0;1;1
2010;1;1;44;6;2;1;0;0;1;1
2010;1;1;44;7;1;1;0;0;1;1
2010;1;1;44;7;2;1;0;0;1;1
2010;1;1;44;8;1;1;0;0;1;1
2010;1;1;44;8;2;1;0;0;1;1
2010;1;1;46;1;1;1;0;0;1;1
2010;1;1;46;1;2;1;0;0;1;1
2010;1;1;46;2;1;1;0;0;1;1
2010;1;1;46;2;2;1;0;0;1;1
2010;1;1;46;3;1;1;0;0;1;1
2010;1;1;46;3;2;1;0;0;1;1
2010;1;1;46;4;1;1;0;0;1;1
2010;1;1;46;4;2;1;0;0;1;1
2010;1;1;46;5;1;1;0;0;1;1
2010;1;1;46;5;2;1;0;0;1;1
2010;1;1;46;6;1;1;0;0;1;1
2010;1;1;46;6;2;1;0;0;1;1
2010;1;1;46;7;1;1;0;0;1;1
2010;1;1;46;7;2;1;0;0;1;1
2010;1;1;46;8;1;1;0;0;1;1
2010;1;1;46;8;2;1;0;0;1;1
2010;1;1;47;1;1;1;0;0;1;1
2010;1;1;47;1;2;1;0;0;1;1
2010;1;1;47;2;1;1;0;0;1;1
2010;1;1;47;2;2;1;0;0;1;1
2010;1;1;47;3;1;1;0;0;1;1
2010;1;1;47;3;2;1;0;0;1;1
2010;1;1;47;4;1;1;0;0;1;1
2010;1;1;47;4;2;1;0;0;1;1
2010;1;1;47;5;1;1;0;0;1;1
2010;1;1;47;5;2;1;0;0;1;1
2010;1;1;47;6;1;1;0;0;1;1
2010;1;1;47;6;2;1;0;0;1;1
2010;1;1;47;7;1;1;0;0;1;1
2010;1;1;47;7;2;1;0;0;1;1
2010;1;1;47;8;1;1;0;0;1;1
2010;1;1;47;8;2;1;0;0;1;1
2010;1;1;52;1;1;1;0;0;1;1
2010;1;1;52;1;2;1;0;0;1;1
2010;1;1;52;2;1;1;0;0;1;1
2010;1;1;52;2;2;1;0;0;1;1
2010;1;1;52;3;1;1;0;0;1;1
2010;1;1;52;3;2;1;0;0;1;1
2010;1;1;52;4;1;1;0;0;1;1
2010;1;1;52;4;2;1;0;0;1;1
2010;1;1;52;5;1;1;0;0;1;1
2010;1;1;52;5;2;1;0;0;1;1
2010;1;1;52;6;1;1;0;0;1;1
2010;1;1;52;6;2;1;0;0;1;1
2010;1;1;52;7;1;1;0;0;1;1
2010;1;1;52;7;2;1;0;0;1;1
2010;1;1;52;8;1;1;0;0;1;1
2010;1;1;52;8;2;1;0;0;1;1
2010;1;1;55;1;1;1;0;0;1;1
2010;1;1;55;1;2;1;0;0;1;1
2010;1;1;55;2;1;1;0;0;1;1
2010;1;1;55;2;2;1;0;0;1;1
2010;1;1;55;3;1;1;0;0;1;1
2010;1;1;55;3;2;1;0;0;1;1
2010;1;1;55;4;1;1;0;0;1;1
2010;1;1;55;4;2;1;0;0;1;1
2010;1;1;55;5;1;1;0;0;1;1
2010;1;1;55;5;2;1;0;0;1;1
2010;1;1;55;6;1;1;0;0;1;1
2010;1;1;55;6;2;1;0;0;1;1
2010;1;1;55;7;1;1;0;0;1;1
2010;1;1;55;7;2;1;0;0;1;1
2010;1;1;55;8;1;1;0;0;1;1
2010;1;1;55;8;2;1;0;0;1;1
2010;1;1;56;1;1;1;0;0;1;1
2010;1;1;56;1;2;1;0;0;1;1
2010;1;1;56;2;1;1;0;0;1;1
2010;1;1;56;2;2;1;0;0;1;1
2010;1;1;56;3;1;1;0;0;1;1
2010;1;1;56;3;2;1;0;0;1;1
2010;1;1;56;4;1;1;0;0;1;1
2010;1;1;56;4;2;1;0;0;1;1
2010;1;1;56;5;1;1;0;0;1;1
2010;1;1;56;5;2;1;0;0;1;1
2010;1;1;56;6;1;1;0;0;1;1
2010;1;1;56;6;2;1;0;0;1;1
2010;1;1;56;7;1;1;0;0;1;1
2010;1;1;56;7;2;1;0;0;1;1
2010;1;1;56;8;1;1;0;0;1;1
2010;1;1;56;8;2;1;0;0;1;1
2010;1;1;57;1;1;1;0;0;1;1
2010;1;1;57;1;2;1;0;0;1;1
2010;1;1;57;2;1;1;0;0;1;1
2010;1;1;57;2;2;1;0;0;1;1
2010;1;1;57;3;1;1;0;0;1;1
2010;1;1;57;3;2;1;0;0;1;1
2010;1;1;57;4;1;1;0;0;1;1
2010;1;1;57;4;2;1;0;0;1;1
2010;1;1;57;5;1;1;0;0;1;1
2010;1;1;57;5;2;1;0;0;1;1
2010;1;1;57;6;1;1;0;0;1;1
2010;1;1;57;6;2;1;0;0;1;1
2010;1;1;57;7;1;1;0;0;1;1
2010;1;1;57;7;2;1;0;0;1;1
2010;1;1;57;8;1;1;0;0;1;1
2010;1;1;57;8;2;1;0;0;1;1
2010;1;1;59;1;1;1;0;0;1;1
2010;1;1;59;1;2;1;0;0;1;1
2010;1;1;59;2;1;1;0;0;1;1
2010;1;1;59;2;2;1;0;0;1;1
2010;1;1;59;3;1;1;0;0;1;1
2010;1;1;59;3;2;1;0;0;1;1
2010;1;1;59;4;1;1;0;0;1;1
2010;1;1;59;4;2;1;0;0;1;1
2010;1;1;59;5;1;1;0;0;1;1
2010;1;1;59;5;2;1;0;0;1;1
2010;1;1;59;6;1;1;0;0;1;1
2010;1;1;59;6;2;1;0;0;1;1
2010;1;1;59;7;1;1;0;0;1;1
2010;1;1;59;7;2;1;0;0;1;1
2010;1;1;59;8;1;1;0;0;1;1
2010;1;1;59;8;2;1;0;0;1;1
2010;1;1;60;1;1;1;0;0;1;1
2010;1;1;60;1;2;1;0;0;1;1
2010;1;1;60;2;1;1;0;0;1;1
2010;1;1;60;2;2;1;0;0;1;1
2010;1;1;60;3;1;1;0;0;1;1
2010;1;1;60;3;2;1;0;0;1;1
2010;1;1;60;4;1;1;0;0;1;1
2010;1;1;60;4;2;1;0;0;1;1
2010;1;1;60;5;1;1;0;0;1;1
2010;1;1;60;5;2;1;0;0;1;1
2010;1;1;60;6;1;1;0;0;1;1
2010;1;1;60;6;2;1;0;0;1;1
2010;1;1;60;7;1;1;0;0;1;1
2010;1;1;60;7;2;1;0;0;1;1
2010;1;1;60;8;1;1;0;0;1;1
2010;1;1;60;8;2;1;0;0;1;1
2010;1;1;61;1;1;1;0;0;1;1
2010;1;1;61;1;2;1;0;0;1;1
2010;1;1;61;1;5;1;0;0;1;1
2010;1;1;61;1;6;1;0;0;1;1
2010;1;1;61;2;1;1;0;0;1;1
2010;1;1;61;2;2;1;0;0;1;1
2010;1;1;61;2;5;1;0;0;1;1
2010;1;1;61;2;6;1;0;0;1;1
2010;1;1;61;3;1;1;0;0;1;1
2010;1;1;61;3;2;1;0;0;1;1
2010;1;1;61;3;5;1;0;0;1;1
2010;1;1;61;3;6;1;0;0;1;1
2010;1;1;61;4;1;1;0;0;1;1
2010;1;1;61;4;2;1;0;0;1;1
2010;1;1;61;4;5;1;0;0;1;1
2010;1;1;61;4;6;1;0;0;1;1
2010;1;1;61;5;1;1;0;0;1;1
2010;1;1;61;5;2;1;0;0;1;1
2010;1;1;61;5;5;1;0;0;1;1
2010;1;1;61;5;6;1;0;0;1;1
2010;1;1;61;6;1;1;0;0;1;1
2010;1;1;61;6;2;1;0;0;1;1
2010;1;1;61;6;5;1;0;0;1;1
2010;1;1;61;6;6;1;0;0;1;1
2010;1;1;61;7;1;1;0;0;1;1
2010;1;1;61;7;2;1;0;0;1;1
2010;1;1;61;7;5;1;0;0;1;1
2010;1;1;61;7;6;1;0;0;1;1
2010;1;1;61;8;1;1;0;0;1;1
2010;1;1;61;8;2;1;0;0;1;1
2010;1;1;61;8;5;1;0;0;1;1
2010;1;1;61;8;6;1;0;0;1;1
2010;1;1;62;1;1;1;0;0;1;1
2010;1;1;62;1;2;1;0;0;1;1
2010;1;1;62;2;1;1;0;0;1;1
2010;1;1;62;2;2;1;0;0;1;1
2010;1;1;62;3;1;1;0;0;1;1
2010;1;1;62;3;2;1;0;0;1;1
2010;1;1;62;4;1;1;0;0;1;1
2010;1;1;62;4;2;1;0;0;1;1
2010;1;1;62;5;1;1;0;0;1;1
2010;1;1;62;5;2;1;0;0;1;1
2010;1;1;62;6;1;1;0;0;1;1
2010;1;1;62;6;2;1;0;0;1;1
2010;1;1;62;7;1;1;0;0;1;1
2010;1;1;62;7;2;1;0;0;1;1
2010;1;1;62;8;1;1;0;0;1;1
2010;1;1;62;8;2;1;0;0;1;1
2010;1;1;63;1;1;1;0;0;1;1
2010;1;1;63;1;2;1;0;0;1;1
2010;1;1;63;1;5;1;0;0;1;1
2010;1;1;63;1;6;1;0;0;1;1
2010;1;1;63;2;1;1;0;0;1;1
2010;1;1;63;2;2;1;0;0;1;1
2010;1;1;63;2;5;1;0;0;1;1
2010;1;1;63;2;6;1;0;0;1;1
2010;1;1;63;3;1;1;0;0;1;1
2010;1;1;63;3;2;1;0;0;1;1
2010;1;1;63;3;5;1;0;0;1;1
2010;1;1;63;3;6;1;0;0;1;1
2010;1;1;63;4;1;1;0;0;1;1
2010;1;1;63;4;2;1;0;0;1;1
2010;1;1;63;4;5;1;0;0;1;1
2010;1;1;63;4;6;1;0;0;1;1
2010;1;1;63;5;1;1;0;0;1;1
2010;1;1;63;5;2;1;0;0;1;1
2010;1;1;63;5;5;1;0;0;1;1
2010;1;1;63;5;6;1;0;0;1;1
2010;1;1;63;6;1;1;0;0;1;1
2010;1;1;63;6;2;1;0;0;1;1
2010;1;1;63;6;5;1;0;0;1;1
2010;1;1;63;6;6;1;0;0;1;1
2010;1;1;63;7;1;1;0;0;1;1
2010;1;1;63;7;2;1;0;0;1;1
2010;1;1;63;7;5;1;0;0;1;1
2010;1;1;63;7;6;1;0;0;1;1
2010;1;1;63;8;1;1;0;0;1;1
2010;1;1;63;8;2;1;0;0;1;1
2010;1;1;63;8;5;1;0;0;1;1
2010;1;1;63;8;6;1;0;0;1;1
2010;1;1;64;1;1;1;0;0;1;1
2010;1;1;64;1;2;1;0;0;1;1
2010;1;1;64;2;1;1;0;0;1;1
2010;1;1;64;2;2;1;0;0;1;1
2010;1;1;64;3;1;1;0;0;1;1
2010;1;1;64;3;2;1;0;0;1;1
2010;1;1;64;4;1;1;0;0;1;1
2010;1;1;64;4;2;1;0;0;1;1
2010;1;1;64;5;1;1;0;0;1;1
2010;1;1;64;5;2;1;0;0;1;1
2010;1;1;64;6;1;1;0;0;1;1
2010;1;1;64;6;2;1;0;0;1;1
2010;1;1;64;7;1;1;0;0;1;1
2010;1;1;64;7;2;1;0;0;1;1
2010;1;1;64;8;1;1;0;0;1;1
2010;1;1;64;8;2;1;0;0;1;1
2010;1;1;67;1;1;1;0;0;1;1
2010;1;1;67;1;2;1;0;0;1;1
2010;1;1;67;2;1;1;0;0;1;1
2010;1;1;67;2;2;1;0;0;1;1
2010;1;1;67;3;1;1;0;0;1;1
2010;1;1;67;3;2;1;0;0;1;1
2010;1;1;67;4;1;1;0;0;1;1
2010;1;1;67;4;2;1;0;0;1;1
2010;1;1;67;5;1;1;0;0;1;1
2010;1;1;67;5;2;1;0;0;1;1
2010;1;1;67;6;1;1;0;0;1;1
2010;1;1;67;6;2;1;0;0;1;1
2010;1;1;67;7;1;1;0;0;1;1
2010;1;1;67;7;2;1;0;0;1;1
2010;1;1;67;8;1;1;0;0;1;1
2010;1;1;67;8;2;1;0;0;1;1
2010;1;1;68;1;1;1;0;0;1;1
2010;1;1;68;1;2;1;0;0;1;1
2010;1;1;68;2;1;1;0;0;1;1
2010;1;1;68;2;2;1;0;0;1;1
2010;1;1;68;3;1;1;0;0;1;1
2010;1;1;68;3;2;1;0;0;1;1
2010;1;1;68;4;1;1;0;0;1;1
2010;1;1;68;4;2;1;0;0;1;1
2010;1;1;68;5;1;1;0;0;1;1
2010;1;1;68;5;2;1;0;0;1;1
2010;1;1;68;6;1;1;0;0;1;1
2010;1;1;68;6;2;1;0;0;1;1
2010;1;1;68;7;1;1;0;0;1;1
2010;1;1;68;7;2;1;0;0;1;1
2010;1;1;68;8;1;1;0;0;1;1
2010;1;1;68;8;2;1;0;0;1;1
2010;1;1;72;1;1;1;0;0;1;1
2010;1;1;72;1;2;1;0;0;1;1
2010;1;1;72;2;1;1;0;0;1;1
2010;1;1;72;2;2;1;0;0;1;1
2010;1;1;72;3;1;1;0;0;1;1
2010;1;1;72;3;2;1;0;0;1;1
2010;1;1;72;4;1;1;0;0;1;1
2010;1;1;72;4;2;1;0;0;1;1
2010;1;1;72;5;1;1;0;0;1;1
2010;1;1;72;5;2;1;0;0;1;1
2010;1;1;72;6;1;1;0;0;1;1
2010;1;1;72;6;2;1;0;0;1;1
2010;1;1;72;7;1;1;0;0;1;1
2010;1;1;72;7;2;1;0;0;1;1
2010;1;1;72;8;1;1;0;0;1;1
2010;1;1;72;8;2;1;0;0;1;1
2010;1;1;73;1;1;1;0;0;1;1
2010;1;1;73;1;2;1;0;0;1;1
2010;1;1;73;2;1;1;0;0;1;1
2010;1;1;73;2;2;1;0;0;1;1
2010;1;1;73;3;1;1;0;0;1;1
2010;1;1;73;3;2;1;0;0;1;1
2010;1;1;73;4;1;1;0;0;1;1
2010;1;1;73;4;2;1;0;0;1;1
2010;1;1;73;5;1;1;0;0;1;1
2010;1;1;73;5;2;1;0;0;1;1
2010;1;1;73;6;1;1;0;0;1;1
2010;1;1;73;6;2;1;0;0;1;1
2010;1;1;73;7;1;1;0;0;1;1
2010;1;1;73;7;2;1;0;0;1;1
2010;1;1;73;8;1;1;0;0;1;0
2010;1;1;73;8;2;1;0;0;1;0
2010;1;1;74;1;1;1;0;0;1;1
2010;1;1;74;1;2;1;0;0;1;1
2010;1;1;74;2;1;1;0;0;1;1
2010;1;1;74;2;2;1;0;0;1;1
2010;1;1;74;3;1;1;0;0;1;1
2010;1;1;74;3;2;1;0;0;1;1
2010;1;1;74;4;1;1;0;0;1;1
2010;1;1;74;4;2;1;0;0;1;1
2010;1;1;74;5;1;1;0;0;1;1
2010;1;1;74;5;2;1;0;0;1;1
2010;1;1;74;6;1;1;0;0;1;1
2010;1;1;74;6;2;1;0;0;1;1
2010;1;1;74;7;1;1;0;0;1;1
2010;1;1;74;7;2;1;0;0;1;1
2010;1;1;74;8;1;1;0;0;1;1
2010;1;1;74;8;2;1;0;0;1;1
2010;1;1;75;1;1;1;0;0;1;1
2010;1;1;75;1;2;1;0;0;1;1
2010;1;1;75;2;1;1;0;0;1;1
2010;1;1;75;2;2;1;0;0;1;1
2010;1;1;75;3;1;1;0;0;1;1
2010;1;1;75;3;2;1;0;0;1;1
2010;1;1;75;4;1;1;0;0;1;1
2010;1;1;75;4;2;1;0;0;1;1
2010;1;1;75;5;1;1;0;0;1;1
2010;1;1;75;5;2;1;0;0;1;1
2010;1;1;75;6;1;1;0;0;1;1
2010;1;1;75;6;2;1;0;0;1;1
2010;1;1;75;7;1;1;0;0;1;1
2010;1;1;75;7;2;1;0;0;1;1
2010;1;1;75;8;1;1;0;0;1;1
2010;1;1;75;8;2;1;0;0;1;1
2010;1;1;78;1;1;1;0;0;1;1
2010;1;1;78;1;2;1;0;0;1;1
2010;1;1;78;2;1;1;0;0;1;1
2010;1;1;78;2;2;1;0;0;1;1
2010;1;1;78;3;1;1;0;0;1;1
2010;1;1;78;3;2;1;0;0;1;1
2010;1;1;78;4;1;1;0;0;1;1
2010;1;1;78;4;2;1;0;0;1;1
2010;1;1;78;5;1;1;0;0;1;1
2010;1;1;78;5;2;1;0;0;1;1
2010;1;1;78;6;1;1;0;0;1;1
2010;1;1;78;6;2;1;0;0;1;1
2010;1;1;78;7;1;1;0;0;1;1
2010;1;1;78;7;2;1;0;0;1;1
2010;1;1;78;8;1;1;0;0;1;1
2010;1;1;78;8;2;1;0;0;1;1
2010;1;1;84;1;1;1;0;0;1;1
2010;1;1;84;1;2;1;0;0;1;1
2010;1;1;84;2;1;1;0;0;1;1
2010;1;1;84;2;2;1;0;0;1;1
2010;1;1;84;3;1;1;0;0;1;1
2010;1;1;84;3;2;1;0;0;1;1
2010;1;1;84;4;1;1;0;0;1;1
2010;1;1;84;4;2;1;0;0;1;1
2010;1;1;84;5;1;1;0;0;1;1
2010;1;1;84;5;2;1;0;0;1;1
2010;1;1;84;6;1;1;0;0;1;1
2010;1;1;84;6;2;1;0;0;1;1
2010;1;1;84;7;1;1;0;0;1;1
2010;1;1;84;7;2;1;0;0;1;1
2010;1;1;84;8;1;1;0;0;1;1
2010;1;1;84;8;2;1;0;0;1;1
2010;1;1;86;1;1;1;0;0;1;1
2010;1;1;86;1;2;1;0;0;1;1
2010;1;1;86;2;1;1;0;0;1;1
2010;1;1;86;2;2;1;0;0;1;1
2010;1;1;86;3;1;1;0;0;1;1
2010;1;1;86;3;2;1;0;0;1;1
2010;1;1;86;4;1;1;0;0;1;1
2010;1;1;86;4;2;1;0;0;1;1
2010;1;1;86;5;1;1;0;0;1;1
2010;1;1;86;5;2;1;0;0;1;1
2010;1;1;86;6;1;1;0;0;1;1
2010;1;1;86;6;2;1;0;0;1;1
2010;1;1;86;7;1;1;0;0;1;1
2010;1;1;86;7;2;1;0;0;1;1
2010;1;1;86;8;1;1;0;0;1;1
2010;1;1;86;8;2;1;0;0;1;1
2010;1;1;87;1;1;1;0;0;1;1
2010;1;1;87;1;2;1;0;0;1;1
2010;1;1;87;2;1;1;0;0;1;1
2010;1;1;87;2;2;1;0;0;1;1
2010;1;1;87;3;1;1;0;0;1;1
2010;1;1;87;3;2;1;0;0;1;1
2010;1;1;87;4;1;1;0;0;1;1
2010;1;1;87;4;2;1;0;0;1;1
2010;1;1;87;5;1;1;0;0;1;1
2010;1;1;87;5;2;1;0;0;1;1
2010;1;1;87;6;1;1;0;0;1;1
2010;1;1;87;6;2;1;0;0;1;1
2010;1;1;87;7;1;1;0;0;1;1
2010;1;1;87;7;2;1;0;0;1;1
2010;1;1;87;8;1;1;0;0;1;1
2010;1;1;87;8;2;1;0;0;1;1
2010;1;1;88;1;1;1;0;0;1;1
2010;1;1;88;1;2;1;0;0;1;1
2010;1;1;88;2;1;1;0;0;1;1
2010;1;1;88;2;2;1;0;0;1;1
2010;1;1;88;3;1;1;0;0;1;1
2010;1;1;88;3;2;1;0;0;1;1
2010;1;1;88;4;1;1;0;0;1;1
2010;1;1;88;4;2;1;0;0;1;1
2010;1;1;88;5;1;1;0;0;1;1
2010;1;1;88;5;2;1;0;0;1;1
2010;1;1;88;6;1;1;0;0;1;1
2010;1;1;88;6;2;1;0;0;1;1
2010;1;1;88;7;1;1;0;0;1;1
2010;1;1;88;7;2;1;0;0;1;1
2010;1;1;88;8;1;1;0;0;1;1
2010;1;1;88;8;2;1;0;0;1;1
2010;1;1;90;1;1;1;0;0;1;1
2010;1;1;90;1;2;1;0;0;1;1
2010;1;1;90;1;5;1;0;0;1;1
2010;1;1;90;1;6;1;0;0;1;1
2010;1;1;90;2;1;1;0;0;1;1
2010;1;1;90;2;2;1;0;0;1;1
2010;1;1;90;2;5;1;0;0;1;1
2010;1;1;90;2;6;1;0;0;1;1
2010;1;1;90;3;1;1;0;0;1;1
2010;1;1;90;3;2;1;0;0;1;1
2010;1;1;90;3;5;1;0;0;1;1
2010;1;1;90;3;6;1;0;0;1;1
2010;1;1;90;4;1;1;0;0;1;1
2010;1;1;90;4;2;1;0;0;1;1
2010;1;1;90;4;5;1;0;0;1;1
2010;1;1;90;4;6;1;0;0;1;1
2010;1;1;90;5;1;1;0;0;1;1
2010;1;1;90;5;2;1;0;0;1;1
2010;1;1;90;5;5;1;0;0;1;1
2010;1;1;90;5;6;1;0;0;1;1
2010;1;1;90;6;1;1;0;0;1;1
2010;1;1;90;6;2;1;0;0;1;1
2010;1;1;90;6;5;1;0;0;1;1
2010;1;1;90;6;6;1;0;0;1;1
2010;1;1;90;7;1;1;0;0;1;1
2010;1;1;90;7;2;1;0;0;1;1
2010;1;1;90;7;5;1;0;0;1;1
2010;1;1;90;7;6;1;0;0;1;1
2010;1;1;90;8;1;1;0;0;1;1
2010;1;1;90;8;2;1;0;0;1;1
2010;1;1;90;8;5;1;0;0;1;1
2010;1;1;90;8;6;1;0;0;1;1
2010;1;1;93;1;1;1;0;0;1;1
2010;1;1;93;1;2;1;0;0;1;1
2010;1;1;93;2;1;1;0;0;1;1
2010;1;1;93;2;2;1;0;0;1;1
2010;1;1;93;3;1;1;0;0;1;1
2010;1;1;93;3;2;1;0;0;1;1
2010;1;1;93;4;1;1;0;0;1;1
2010;1;1;93;4;2;1;0;0;1;1
2010;1;1;93;5;1;1;0;0;1;1
2010;1;1;93;5;2;1;0;0;1;1
2010;1;1;93;6;1;1;0;0;1;1
2010;1;1;93;6;2;1;0;0;1;1
2010;1;1;93;7;1;1;0;0;1;1
2010;1;1;93;7;2;1;0;0;1;1
2010;1;1;93;8;1;1;0;0;1;1
2010;1;1;93;8;2;1;0;0;1;1
2010;1;1;95;1;1;1;0;0;1;1
2010;1;1;95;1;2;1;0;0;1;1
2010;1;1;95;2;1;1;0;0;1;1
2010;1;1;95;2;2;1;0;0;1;1
2010;1;1;95;3;1;1;0;0;1;1
2010;1;1;95;3;2;1;0;0;1;1
2010;1;1;95;4;1;1;0;0;1;1
2010;1;1;95;4;2;1;0;0;1;1
2010;1;1;95;5;1;1;0;0;1;1
2010;1;1;95;5;2;1;0;0;1;1
2010;1;1;95;6;1;1;0;0;1;1
2010;1;1;95;6;2;1;0;0;1;1
2010;1;1;95;7;1;1;0;0;1;1
2010;1;1;95;7;2;1;0;0;1;1
2010;1;1;95;8;1;1;0;0;1;1
2010;1;1;95;8;2;1;0;0;1;1
2010;1;1;96;1;1;1;0;0;1;1
2010;1;1;96;1;2;1;0;0;1;1
2010;1;1;96;2;1;1;0;0;1;1
2010;1;1;96;2;2;1;0;0;1;1
2010;1;1;96;3;1;1;0;0;1;1
2010;1;1;96;3;2;1;0;0;1;1
2010;1;1;96;4;1;1;0;0;1;1
2010;1;1;96;4;2;1;0;0;1;1
2010;1;1;96;5;1;1;0;0;1;1
2010;1;1;96;5;2;1;0;0;1;1
2010;1;1;96;6;1;1;0;0;1;1
2010;1;1;96;6;2;1;0;0;1;1
2010;1;1;96;7;1;1;0;0;1;1
2010;1;1;96;7;2;1;0;0;1;1
2010;1;1;96;8;1;1;0;0;1;1
2010;1;1;96;8;2;1;0;0;1;1
2010;1;1;98;1;1;1;0;0;1;1
2010;1;1;98;1;2;1;0;0;1;1
2010;1;1;98;2;1;1;0;0;1;1
2010;1;1;98;2;2;1;0;0;1;1
2010;1;1;98;3;1;1;0;0;1;1
2010;1;1;98;3;2;1;0;0;1;1
2010;1;1;98;4;1;1;0;0;1;1
2010;1;1;98;4;2;1;0;0;1;1
2010;1;1;98;5;1;1;0;0;1;1
2010;1;1;98;5;2;1;0;0;1;1
2010;1;1;98;6;1;1;0;0;1;1
2010;1;1;98;6;2;1;0;0;1;1
2010;1;1;98;7;1;1;0;0;1;1
2010;1;1;98;7;2;1;0;0;1;1
2010;1;1;98;8;1;1;0;0;1;1
2010;1;1;98;8;2;1;0;0;1;1
2010;1;1;100;1;1;1;0;0;1;1
2010;1;1;100;1;2;1;0;0;1;1
2010;1;1;100;2;1;1;0;0;1;1
2010;1;1;100;2;2;1;0;0;1;1
2010;1;1;100;3;1;1;0;0;1;1
2010;1;1;100;3;2;1;0;0;1;1
2010;1;1;100;4;1;1;0;0;1;1
2010;1;1;100;4;2;1;0;0;1;1
2010;1;1;100;5;1;1;0;0;1;1
2010;1;1;100;5;2;1;0;0;1;1
2010;1;1;100;6;1;1;0;0;1;1
2010;1;1;100;6;2;1;0;0;1;1
2010;1;1;100;7;1;1;0;0;1;1
2010;1;1;100;7;2;1;0;0;1;1
2010;1;1;100;8;1;1;0;0;1;1
2010;1;1;100;8;2;1;0;0;1;1
2010;1;1;101;1;1;1;0;0;1;1
2010;1;1;101;1;2;1;0;0;1;1
2010;1;1;101;2;1;1;0;0;1;1
2010;1;1;101;2;2;1;0;0;1;1
2010;1;1;101;3;1;1;0;0;1;1
2010;1;1;101;3;2;1;0;0;1;1
2010;1;1;101;4;1;1;0;0;1;1
2010;1;1;101;4;2;1;0;0;1;1
2010;1;1;101;5;1;1;0;0;1;1
2010;1;1;101;5;2;1;0;0;1;1
2010;1;1;101;6;1;1;0;0;1;1
2010;1;1;101;6;2;1;0;0;1;1
2010;1;1;101;7;1;1;0;0;1;1
2010;1;1;101;7;2;1;0;0;1;1
2010;1;1;101;8;1;1;0;0;1;1
2010;1;1;101;8;2;1;0;0;1;1
2010;2;102;14;141;1;1;0;1;1;1
2010;2;102;14;142;1;1;0;1;1;1
2010;2;102;14;143;1;1;0;1;1;1
2010;2;102;14;144;1;1;0;1;1;1
2010;2;102;15;152;1;1;0;1;1;1
2010;2;102;15;153;1;1;0;1;1;1
2010;2;102;15;154;1;1;0;1;1;1
2010;2;102;15;155;1;1;0;1;1;1
2010;2;102;16;161;1;1;0;1;1;1
2010;2;102;16;161;2;1;0;1;1;1
2010;2;102;16;162;1;1;0;1;1;1
2010;2;102;16;162;2;1;0;1;1;1
2010;2;102;16;163;1;1;0;1;1;1
2010;2;102;16;163;2;1;0;1;1;1
2010;2;102;16;164;1;1;0;1;1;1
2010;2;102;16;164;2;1;0;1;1;1
2010;2;102;21;211;1;1;0;1;1;1
2010;2;102;21;211;2;1;0;1;1;1
2010;2;102;21;212;1;1;0;1;1;1
2010;2;102;21;212;2;1;0;1;1;1
2010;2;102;21;213;1;1;0;1;1;1
2010;2;102;21;213;2;1;0;1;1;1
2010;2;102;21;214;1;1;0;1;1;1
2010;2;102;21;214;2;1;0;1;1;1
2010;3;3;106;-9999;1;0;0;0;1;1
2010;3;3;106;-9999;2;0;0;0;1;1
2010;3;3;106;-9999;3;0;0;0;1;1
2010;3;3;106;-9999;4;0;0;0;1;1
2010;3;3;175;-9999;1;0;0;0;1;1
2010;3;3;175;-9999;2;0;0;0;1;1
2010;3;3;175;-9999;3;0;0;0;1;1
2010;3;3;175;-9999;4;0;0;0;1;1
2010;3;3;1040;-9999;1;0;0;0;1;1
2010;3;3;1040;-9999;2;0;0;0;1;1
2010;3;3;1040;-9999;3;0;0;0;1;1
2010;3;3;1040;-9999;4;0;0;0;1;1
2010;3;3;2084;-9999;1;0;0;0;1;1
2010;3;3;2084;-9999;2;0;0;0;1;1
2010;3;3;2084;-9999;3;0;0;0;1;1
2010;3;3;2084;-9999;4;0;0;0;1;1
2010;3;3;2085;-9999;1;0;0;0;1;1
2010;3;3;2085;-9999;2;0;0;0;1;1
2010;3;3;2085;-9999;3;0;0;0;1;1
2010;3;3;2085;-9999;4;0;0;0;1;1
2010;4;3004;101;1;1;1;0;0;1;1
2010;4;3004;301;1;1;1;0;0;1;1
2010;4;3004;302;1;1;1;0;0;1;1
2010;4;3004;303;1;1;1;0;0;1;1
2010;4;3004;304;1;1;1;0;0;1;1
2010;4;3004;305;1;1;1;0;0;1;1
2010;4;3004;306;1;1;1;0;0;1;1
2010;4;3004;306;1;2;1;0;0;1;1
2010;4;3004;307;1;1;1;0;0;1;1
2010;4;3004;308;1;1;1;0;0;1;1
2010;4;3004;604;1;1;1;0;0;1;1
2010;4;3004;606;1;1;1;0;0;1;1
2010;4;3004;609;1;1;1;0;0;1;1
2010;4;3304;704;-9999;1;1;0;0;1;1
2010;4;3304;705;-9999;1;1;0;0;1;1
2010;4;3304;706;-9999;1;1;0;0;1;1
2010;4;2804;802;-9999;1;1;0;0;1;1
2010;4;2804;806;-9999;1;1;0;0;1;1
2010;4;2804;808;-9999;1;1;0;0;1;1
2010;4;2804;812;-9999;1;1;0;0;1;1
2010;4;2804;819;-9999;1;1;0;0;1;1
2010;4;2804;852;-9999;1;1;0;0;1;1
2010;4;2804;856;-9999;1;1;0;0;1;1
2010;4;2804;858;-9999;1;1;0;0;1;1
2010;4;2804;859;-9999;1;1;0;0;1;1
2010;4;2804;862;-9999;1;1;0;0;1;1
2010;4;2904;901;1;1;1;0;0;1;1
2010;4;2904;904;1;1;1;0;0;1;1
2010;4;2904;906;1;1;1;0;0;1;1
2010;4;2904;908;1;1;1;0;0;1;1
2010;4;2904;911;1;1;1;0;0;1;1
2010;4;2904;913;1;1;1;0;0;1;1
2010;4;2904;919;1;1;1;0;0;1;1
2010;4;2904;921;1;1;1;0;0;1;1
2010;4;2904;922;1;1;1;0;0;1;1
2010;4;2904;923;1;1;1;0;0;1;1
2010;4;3504;1001;-9999;1;1;0;0;1;1
2010;4;3504;1001;-9999;2;1;0;0;1;1
2010;4;3504;1001;-9999;3;1;0;0;1;1
2010;4;3504;1001;-9999;4;1;0;0;1;1
2010;4;3104;1302;-9999;1;1;0;0;1;1
2010;4;3104;1303;-9999;1;1;0;0;1;1
2010;4;3604;1401;-9999;1;1;0;0;1;1
2010;4;3604;1402;-9999;2;1;0;0;1;1
2010;4;3604;1402;-9999;3;1;0;0;1;1
2010;4;3604;1403;-9999;4;1;0;0;1;1
2010;4;3604;1403;-9999;5;1;0;0;1;1
2010;4;3604;1404;-9999;6;1;0;0;1;1
2010;4;3604;1404;-9999;7;1;0;0;1;1
2010;4;3604;1405;-9999;8;1;0;0;1;1
2010;4;3604;1405;-9999;9;1;0;0;1;1
2010;4;3604;1406;-9999;10;1;0;0;1;1
2010;4;3004;1501;1;1;1;0;0;1;1
2010;4;3004;1502;1;1;1;0;0;1;1
2010;5;5;2;-9999;1;1;0;0;1;0
2010;5;5;2;-9999;2;1;0;0;1;0
2010;5;5;2;-9999;3;1;0;0;0;1
2010;5;5;2;-9999;4;1;0;0;0;1
2010;5;5;2;-9999;5;1;0;0;1;1
2010;5;5;2;-9999;6;1;0;0;1;1
2010;5;5;6;-9999;1;1;0;0;1;0
2010;5;5;6;-9999;2;1;0;0;1;0
2010;5;5;6;-9999;3;1;0;0;0;1
2010;5;5;6;-9999;4;1;0;0;0;1
2010;5;5;6;-9999;5;1;0;0;1;1
2010;5;5;6;-9999;6;1;0;0;1;1
2010;5;5;7;-9999;1;1;0;0;1;0
2010;5;5;7;-9999;2;1;0;0;1;0
2010;5;5;7;-9999;3;1;0;0;0;1
2010;5;5;7;-9999;4;1;0;0;0;1
2010;5;5;7;-9999;5;1;0;0;1;1
2010;5;5;7;-9999;6;1;0;0;1;1
2010;5;5;13;-9999;1;1;0;0;1;0
2010;5;5;13;-9999;2;1;0;0;1;0
2010;5;5;13;-9999;3;1;0;0;0;1
2010;5;5;13;-9999;4;1;0;0;0;1
2010;5;5;13;-9999;5;1;0;0;1;1
2010;5;5;13;-9999;6;1;0;0;1;1
2010;5;5;18;-9999;1;1;0;0;1;0
2010;5;5;18;-9999;2;1;0;0;1;0
2010;5;5;18;-9999;3;1;0;0;0;1
2010;5;5;18;-9999;4;1;0;0;0;1
2010;5;5;18;-9999;5;1;0;0;1;1
2010;5;5;18;-9999;6;1;0;0;1;1
2010;5;5;19;-9999;1;1;0;0;1;0
2010;5;5;19;-9999;2;1;0;0;1;0
2010;5;5;19;-9999;3;1;0;0;0;1
2010;5;5;19;-9999;4;1;0;0;0;1
2010;5;5;19;-9999;5;1;0;0;1;1
2010;5;5;19;-9999;6;1;0;0;1;1
2010;5;5;21;-9999;1;1;0;0;1;0
2010;5;5;21;-9999;2;1;0;0;1;0
2010;5;5;21;-9999;3;1;0;0;0;1
2010;5;5;21;-9999;4;1;0;0;0;1
2010;5;5;21;-9999;5;1;0;0;1;1
2010;5;5;21;-9999;6;1;0;0;1;1
2010;5;5;22;-9999;1;1;0;0;1;0
2010;5;5;22;-9999;2;1;0;0;1;0
2010;5;5;22;-9999;3;1;0;0;0;1
2010;5;5;22;-9999;4;1;0;0;0;1
2010;5;5;22;-9999;5;1;0;0;1;1
2010;5;5;22;-9999;6;1;0;0;1;1
2010;5;5;23;-9999;1;1;0;0;1;0
2010;5;5;23;-9999;2;1;0;0;1;0
2010;5;5;23;-9999;3;1;0;0;0;1
2010;5;5;23;-9999;4;1;0;0;0;1
2010;5;5;23;-9999;5;1;0;0;1;1
2010;5;5;23;-9999;6;1;0;0;1;1
2010;5;5;24;-9999;1;1;0;0;1;0
2010;5;5;24;-9999;2;1;0;0;1;0
2010;5;5;24;-9999;3;1;0;0;0;1
2010;5;5;24;-9999;4;1;0;0;0;1
2010;5;5;24;-9999;5;1;0;0;1;1
2010;5;5;24;-9999;6;1;0;0;1;1
2010;5;5;25;-9999;1;1;0;0;1;0
2010;5;5;25;-9999;2;1;0;0;1;0
2010;5;5;25;-9999;3;1;0;0;0;1
2010;5;5;25;-9999;4;1;0;0;0;1
2010;5;5;25;-9999;5;1;0;0;1;1
2010;5;5;25;-9999;6;1;0;0;1;1
2010;5;5;26;-9999;1;1;0;0;1;0
2010;5;5;26;-9999;2;1;0;0;1;0
2010;5;5;26;-9999;3;1;0;0;0;1
2010;5;5;26;-9999;4;1;0;0;0;1
2010;5;5;26;-9999;5;1;0;0;1;1
2010;5;5;26;-9999;6;1;0;0;1;1
2010;5;5;28;-9999;1;1;0;0;1;0
2010;5;5;28;-9999;2;1;0;0;1;0
2010;5;5;28;-9999;3;1;0;0;0;1
2010;5;5;28;-9999;4;1;0;0;0;1
2010;5;5;28;-9999;5;1;0;0;1;1
2010;5;5;28;-9999;6;1;0;0;1;1
2010;5;5;29;-9999;1;1;0;0;1;0
2010;5;5;29;-9999;2;1;0;0;1;0
2010;5;5;29;-9999;3;1;0;0;0;1
2010;5;5;29;-9999;4;1;0;0;0;1
2010;5;5;29;-9999;5;1;0;0;1;1
2010;5;5;29;-9999;6;1;0;0;1;1
2010;6;6;110;1;1;1;0;0;1;1
2010;6;6;110;2;1;1;0;0;1;1
2010;6;6;110;3;1;1;0;0;1;1
2010;6;6;110;4;1;1;0;0;1;1
2010;6;6;110;5;1;1;0;0;1;1
2010;6;6;110;6;1;1;0;0;1;1
2010;6;6;110;7;1;1;0;0;1;1
2010;6;6;110;8;1;1;0;0;1;1
2010;6;6;110;9;1;1;0;0;1;1
2010;6;6;110;10;1;1;0;0;1;1
2010;6;6;111;11;1;1;0;0;1;1
2010;6;6;111;12;1;1;0;0;1;1
2010;6;6;111;13;1;1;0;0;1;1
2010;6;6;111;14;1;1;0;0;1;1
2010;6;6;111;15;1;1;0;0;1;1
2010;6;6;111;16;1;1;0;0;1;1
2010;6;6;111;17;1;1;0;0;1;1
2010;6;6;111;18;1;1;0;0;1;1
2010;6;6;111;19;1;1;0;0;1;1
2010;6;6;111;20;1;1;0;0;1;1
2010;6;6;512;21;1;1;0;0;1;1
2010;6;6;512;22;1;1;0;0;1;1
2010;6;6;512;23;1;1;0;0;1;1
2010;6;6;512;24;1;1;0;0;1;1
2010;6;6;512;25;1;1;0;0;1;1
2010;6;6;512;26;1;1;0;0;1;1
2010;6;6;512;27;1;1;0;0;1;1
2010;6;6;512;28;1;1;0;0;1;1
2010;6;6;512;29;1;1;0;0;1;1
2010;6;6;512;30;1;1;0;0;1;1
2010;6;6;518;31;1;1;0;0;1;1
2010;6;6;518;32;1;1;0;0;1;1
2010;6;6;518;33;1;1;0;0;1;1
2010;6;6;518;34;1;1;0;0;1;1
2010;6;6;518;35;1;1;0;0;1;1
2010;6;6;518;36;1;1;0;0;1;1
2010;6;6;518;37;1;1;0;0;1;1
2010;6;6;518;38;1;1;0;0;1;1
2010;6;6;518;39;1;1;0;0;1;1
2010;6;6;518;40;1;1;0;0;1;1
2010;6;6;715;41;1;1;0;0;1;1
2010;6;6;715;42;1;1;0;0;1;1
2010;6;6;715;43;1;1;0;0;1;1
2010;6;6;715;44;1;1;0;0;1;1
2010;6;6;715;45;1;1;0;0;1;1
2010;6;6;715;46;1;1;0;0;1;1
2010;6;6;715;47;1;1;0;0;1;1
2010;6;6;715;48;1;1;0;0;1;1
2010;6;6;715;49;1;1;0;0;1;1
2010;6;6;715;50;1;1;0;0;1;1
2010;6;6;716;51;1;1;0;0;1;1
2010;6;6;716;52;1;1;0;0;1;1
2010;6;6;716;53;1;1;0;0;1;1
2010;6;6;716;54;1;1;0;0;1;1
2010;6;6;716;55;1;1;0;0;1;1
2010;6;6;716;56;1;1;0;0;1;1
2010;6;6;716;57;1;1;0;0;1;1
2010;6;6;716;58;1;1;0;0;1;1
2010;6;6;716;59;1;1;0;0;1;1
2010;6;6;716;60;1;1;0;0;1;1
2010;6;6;717;61;1;1;0;0;1;1
2010;6;6;717;62;1;1;0;0;1;1
2010;6;6;717;63;1;1;0;0;1;1
2010;6;6;717;64;1;1;0;0;1;1
2010;6;6;717;65;1;1;0;0;1;1
2010;6;6;717;66;1;1;0;0;1;1
2010;6;6;717;67;1;1;0;0;1;1
2010;6;6;717;68;1;1;0;0;1;1
2010;6;6;717;69;1;1;0;0;1;1
2010;6;6;717;70;1;1;0;0;1;1
2010;6;6;718;71;1;1;0;0;1;1
2010;6;6;718;72;1;1;0;0;1;1
2010;6;6;718;73;1;1;0;0;1;1
2010;6;6;718;74;1;1;0;0;1;1
2010;6;6;718;75;1;1;0;0;1;1
2010;6;6;718;76;1;1;0;0;1;1
2010;6;6;718;77;1;1;0;0;1;1
2010;6;6;718;78;1;1;0;0;1;1
2010;6;6;718;79;1;1;0;0;1;1
2010;6;6;718;80;1;1;0;0;1;1
2010;6;6;919;81;1;1;0;0;1;1
2010;6;6;919;82;1;1;0;0;1;1
2010;6;6;919;83;1;1;0;0;1;1
2010;6;6;919;84;1;1;0;0;1;1
2010;6;6;919;85;1;1;0;0;1;1
2010;6;6;919;86;1;1;0;0;1;1
2010;6;6;919;87;1;1;0;0;1;1
2010;6;6;919;88;1;1;0;0;1;1
2010;6;6;919;89;1;1;0;0;1;1
2010;6;6;919;90;1;1;0;0;1;1
2010;6;6;922;91;1;1;0;0;1;1
2010;6;6;922;92;1;1;0;0;1;1
2010;6;6;922;93;1;1;0;0;1;1
2010;6;6;922;94;1;1;0;0;1;1
2010;6;6;922;95;1;1;0;0;1;1
2010;6;6;922;96;1;1;0;0;1;1
2010;6;6;922;97;1;1;0;0;1;1
2010;6;6;922;98;1;1;0;0;1;1
2010;6;6;922;99;1;1;0;0;1;1
2010;6;6;922;100;1;1;0;0;1;1
2010;7;7;10;-9999;3;1;0;0;1;1
2010;7;7;11;-9999;3;1;0;0;1;1
2010;7;7;16;-9999;3;1;0;0;1;1
2010;8;8;64;-9999;2;1;1;0;1;1
2010;8;8;64;-9999;12;1;1;0;1;1
2010;8;8;74;-9999;2;1;1;0;1;1
2010;11;11;5;-9999;2;1;0;0;1;1
2010;11;11;6;-9999;2;1;0;0;1;1
2010;11;11;7;-9999;2;1;0;0;1;1
2010;11;11;10;-9999;2;1;0;0;1;1
2010;11;11;11;-9999;2;1;0;0;1;1
2010;11;11;13;-9999;2;1;0;0;1;1
2010;11;11;14;-9999;2;1;0;0;1;1
2010;11;11;17;-9999;2;1;0;0;1;1
2010;11;11;22;-9999;2;1;0;0;1;1
2010;11;11;25;-9999;2;1;0;0;1;1
2010;11;11;26;-9999;2;1;0;0;1;1
2010;11;11;27;-9999;2;1;0;0;1;1
2010;11;11;29;-9999;2;1;0;0;1;1
2010;11;11;30;-9999;2;1;0;0;1;1
2010;11;11;33;-9999;2;1;0;0;1;1
2010;11;11;37;-9999;2;1;0;0;1;1
2010;11;11;38;-9999;2;1;0;0;1;1
2010;11;11;40;-9999;2;1;0;0;1;1
2010;11;11;44;-9999;2;1;0;0;1;1
2010;11;11;45;-9999;2;1;0;0;1;1
2010;11;11;46;-9999;2;1;0;0;1;1
2010;11;11;47;-9999;2;1;0;0;1;1
2010;11;11;48;-9999;2;1;0;0;1;1
2010;11;11;51;-9999;2;1;0;0;1;1
2010;11;11;52;-9999;2;1;0;0;1;1
2010;11;11;53;-9999;2;1;0;0;1;1
2010;11;11;54;-9999;2;1;0;0;1;1
2010;11;11;102;-9999;2;1;0;0;1;1
2010;11;11;115;-9999;2;1;0;0;1;1
2010;11;11;209;-9999;2;1;0;0;1;1
2010;13;13;5751;-9999;1;1;0;0;1;1
2010;13;13;5751;-9999;2;1;0;0;1;1
2010;13;13;5751;-9999;3;1;0;0;1;1
2010;13;13;5751;-9999;4;1;0;0;1;1
2010;13;13;5752;-9999;1;1;0;0;1;1
2010;13;13;5752;-9999;2;1;0;0;1;1
2010;13;13;5752;-9999;3;1;0;0;1;1
2010;13;13;5752;-9999;4;1;0;0;1;1
2010;13;13;5753;-9999;1;1;0;0;1;1
2010;13;13;5753;-9999;2;1;0;0;1;1
2010;13;13;5753;-9999;3;1;0;0;1;1
2010;13;13;5753;-9999;4;1;0;0;1;1
2010;13;13;6451;-9999;1;1;0;0;1;1
2010;13;13;6451;-9999;2;1;0;0;1;1
2010;13;13;6451;-9999;3;1;0;0;1;1
2010;13;13;6451;-9999;4;1;0;0;1;1
2010;13;13;6452;-9999;1;1;0;0;1;1
2010;13;13;6452;-9999;2;1;0;0;1;1
2010;13;13;6452;-9999;3;1;0;0;1;1
2010;13;13;6452;-9999;4;1;0;0;1;1
2010;13;13;6453;-9999;1;1;0;0;1;1
2010;13;13;6453;-9999;2;1;0;0;1;1
2010;13;13;6453;-9999;3;1;0;0;1;1
2010;13;13;6453;-9999;4;1;0;0;1;1
2010;13;13;6851;-9999;1;1;0;0;1;1
2010;13;13;6851;-9999;2;1;0;0;1;1
2010;13;13;6851;-9999;3;1;0;0;1;1
2010;13;13;6851;-9999;4;1;0;0;1;1
2010;13;13;6852;-9999;1;1;0;0;1;1
2010;13;13;6852;-9999;2;1;0;0;1;1
2010;13;13;6852;-9999;3;1;0;0;1;1
2010;13;13;6852;-9999;4;1;0;0;1;1
2010;13;13;6853;-9999;1;1;0;0;1;1
2010;13;13;6853;-9999;2;1;0;0;1;1
2010;13;13;6853;-9999;3;1;0;0;1;1
2010;13;13;6853;-9999;4;1;0;0;1;1
2010;13;13;7251;-9999;1;1;0;0;1;1
2010;13;13;7251;-9999;2;1;0;0;1;1
2010;13;13;7251;-9999;3;1;0;0;1;1
2010;13;13;7251;-9999;4;1;0;0;1;1
2010;13;13;7452;-9999;1;1;0;0;1;1
2010;13;13;7452;-9999;2;1;0;0;1;1
2010;13;13;7452;-9999;3;1;0;0;1;1
2010;13;13;7452;-9999;4;1;0;0;1;1
2010;13;13;7453;-9999;1;1;0;0;1;1
2010;13;13;7453;-9999;2;1;0;0;1;1
2010;13;13;7453;-9999;3;1;0;0;1;1
2010;13;13;7453;-9999;4;1;0;0;1;1
2010;52;52;9;-9999;1;1;0;0;1;1
2010;52;52;10;-9999;1;1;0;0;1;1
2010;52;52;12;-9999;1;1;0;0;1;1
2010;55;55;9;2010;4;1;0;0;1;1
2010;55;55;14;2010;3;1;0;0;1;1
2010;56;56;1;-9999;7;0;0;0;1;1
2010;56;56;2;-9999;7;0;0;0;1;1
2010;56;56;3;-9999;7;0;0;0;1;1
2010;56;56;4;-9999;7;0;0;0;1;1
2010;56;56;5;-9999;7;0;0;0;1;1
2010;56;56;6;-9999;7;0;0;0;1;1
2010;56;56;7;-9999;7;0;0;0;1;1
2010;56;56;8;-9999;7;0;0;0;1;1
2010;56;56;10;-9999;1;0;0;0;1;1
2010;62;62;1001;-9999;1;0;0;0;1;1
2010;62;62;1008;-9999;1;0;0;0;1;1
2010;62;62;1009;-9999;1;0;0;0;1;1
2010;62;62;1010;-9999;1;0;0;0;1;1
2010;62;62;1011;-9999;1;0;0;0;1;1
2010;62;62;1018;-9999;1;0;0;0;1;1
2010;62;62;1019;-9999;1;0;0;0;1;1
2010;62;62;1020;-9999;1;0;0;0;1;1
2010;62;62;1021;-9999;1;0;0;0;1;1
2010;62;62;1023;-9999;1;0;0;0;1;1
2010;62;62;1030;-9999;1;0;0;0;1;1
2010;62;62;1031;-9999;1;0;0;0;1;1
2010;62;62;1032;-9999;1;0;0;0;1;1
2010;62;62;1033;-9999;1;0;0;0;1;1
2010;62;62;1034;-9999;1;0;0;0;1;1
2010;62;62;1035;-9999;1;0;0;0;1;1
2010;62;62;1036;-9999;1;0;0;0;1;1
2010;62;62;1043;-9999;1;0;0;0;1;1
2010;62;62;1044;-9999;1;0;0;0;1;1
2010;62;62;1046;-9999;1;0;0;0;1;1
2010;62;62;1047;-9999;1;0;0;0;1;1
2010;62;62;1048;-9999;1;0;0;0;1;1
2010;62;62;1049;-9999;1;0;0;0;1;1
2010;62;62;1050;-9999;1;0;0;0;1;1
2010;62;62;1051;-9999;1;0;0;0;1;1
2010;62;62;1060;-9999;1;0;0;0;1;1
2010;62;62;1061;-9999;1;0;0;0;1;1
2010;62;62;1062;-9999;1;0;0;0;1;1
2010;62;62;1063;-9999;1;0;0;0;1;1
2010;62;62;1065;-9999;1;0;0;0;1;1
2010;62;62;1066;-9999;1;0;0;0;1;1
2010;62;62;1067;-9999;1;0;0;0;1;1
2010;62;62;1069;-9999;1;0;0;0;1;1
2010;62;62;1078;-9999;1;0;0;0;1;1
2010;62;62;1079;-9999;1;0;0;0;1;1
2010;62;62;1080;-9999;1;0;0;0;1;1
2010;62;62;1081;-9999;1;0;0;0;1;1
2010;62;62;1082;-9999;1;0;0;0;1;1
2010;62;62;1083;-9999;1;0;0;0;1;1
2010;62;62;1095;-9999;1;0;0;0;1;1
2010;62;62;1096;-9999;1;0;0;0;1;1
2010;62;62;1097;-9999;1;0;0;0;1;1
2010;62;62;1098;-9999;1;0;0;0;1;1
2010;62;62;1113;-9999;1;0;0;0;1;1
2010;62;62;1114;-9999;1;0;0;0;1;1
2010;62;62;1130;-9999;1;0;0;0;1;1
2010;62;62;1131;-9999;1;0;0;0;1;1
2010;62;62;5016;-9999;1;0;0;0;1;1
2010;62;62;5018;-9999;1;0;0;0;1;1
2010;62;62;5037;-9999;1;0;0;0;1;1
2010;62;62;5041;-9999;1;0;0;0;1;1
2010;62;62;5043;-9999;1;0;0;0;1;1
2010;62;62;5060;-9999;1;0;0;0;1;1
2010;62;62;5062;-9999;1;0;0;0;1;1
2010;62;62;5066;-9999;1;0;0;0;1;1
2010;62;62;5068;-9999;1;0;0;0;1;1
2010;62;62;5070;-9999;1;0;0;0;1;1
2010;62;62;5087;-9999;1;0;0;0;1;1
2010;62;62;5089;-9999;1;0;0;0;1;1
2010;62;62;5091;-9999;1;0;0;0;1;1
2010;62;62;5093;-9999;1;0;0;0;1;1
2010;62;62;5112;-9999;1;0;0;0;1;1
2010;62;62;5114;-9999;1;0;0;0;1;1
2010;62;62;5116;-9999;1;0;0;0;1;1
2010;62;62;5120;-9999;1;0;0;0;1;1
2010;62;62;5122;-9999;1;0;0;0;1;1
2010;62;62;5124;-9999;1;0;0;0;1;1
2010;62;62;5140;-9999;1;0;0;0;1;1
2010;62;62;5146;-9999;1;0;0;0;1;1
2010;62;62;5148;-9999;1;0;0;0;1;1
2010;62;62;5150;-9999;1;0;0;0;1;1
2010;62;62;5152;-9999;1;0;0;0;1;1
2010;62;62;5169;-9999;1;0;0;0;1;1
2010;62;62;5171;-9999;1;0;0;0;1;1
2010;62;62;5173;-9999;1;0;0;0;1;1
2010;62;62;5177;-9999;1;0;0;0;1;1
2010;62;62;5205;-9999;1;0;0;0;1;1
2010;62;62;5207;-9999;1;0;0;0;1;1
2010;62;62;5209;-9999;1;0;0;0;1;1
2010;62;62;5232;-9999;1;0;0;0;1;1
2010;62;62;5238;-9999;1;0;0;0;1;1
2010;62;62;5240;-9999;1;0;0;0;1;1
2010;62;62;5271;-9999;1;0;0;0;1;1
2010;62;62;5277;-9999;1;0;0;0;1;1
2010;62;62;5279;-9999;1;0;0;0;1;1
2010;62;62;5310;-9999;1;0;0;0;1;1
2010;62;62;5312;-9999;1;0;0;0;1;1
2010;62;62;5349;-9999;1;0;0;0;1;1
2010;62;62;5351;-9999;1;0;0;0;1;1
2010;62;62;5353;-9999;1;0;0;0;1;1
2010;62;62;5371;-9999;1;0;0;0;1;1
2010;62;62;5403;-9999;1;0;0;0;1;1
2010;62;62;5405;-9999;1;0;0;0;1;1
2010;62;62;5407;-9999;1;0;0;0;1;1
2010;62;62;5411;-9999;1;0;0;0;1;1
2010;62;62;5442;-9999;1;0;0;0;1;1
2010;62;62;5446;-9999;1;0;0;0;1;1
2010;62;62;5448;-9999;1;0;0;0;1;1
2010;62;62;5450;-9999;1;0;0;0;1;1
2010;62;62;5454;-9999;1;0;0;0;1;1
2010;62;62;5485;-9999;1;0;0;0;1;1
2010;62;62;5487;-9999;1;0;0;0;1;1
2010;62;62;5489;-9999;1;0;0;0;1;1
2010;62;62;5491;-9999;1;0;0;0;1;1
2010;62;62;5493;-9999;1;0;0;0;1;1
2010;62;62;5499;-9999;1;0;0;0;1;1
2010;62;62;5538;-9999;1;0;0;0;1;1
2010;62;62;5542;-9999;1;0;0;0;1;1
2010;62;62;5586;-9999;1;0;0;0;1;1
2010;62;62;5590;-9999;1;0;0;0;1;1
2010;62;62;5592;-9999;1;0;0;0;1;1
2010;62;62;5667;-9999;1;0;0;0;1;1
2010;63;63;1;-9999;1;1;0;1;1;0
2010;63;63;1;-9999;5;1;0;1;0;1
2010;63;63;3;-9999;1;1;0;1;1;0
2010;63;63;3;-9999;5;1;0;1;0;1
2010;63;63;4;-9999;1;1;0;1;1;1
2010;67;67;1;1;1;1;0;0;1;1
2010;67;67;1;1;2;1;0;0;1;1
2010;67;67;1;1;3;1;0;0;1;1
2010;67;67;1;2;1;1;0;0;1;1
2010;67;67;1;2;2;1;0;0;1;1
2010;67;67;1;2;3;1;0;0;1;1
2010;67;67;1;3;1;1;0;0;1;1
2010;67;67;1;3;2;1;0;0;1;1
2010;67;67;1;3;3;1;0;0;1;1
2010;67;67;1;4;1;1;0;0;1;1
2010;67;67;1;4;2;1;0;0;1;1
2010;67;67;1;4;3;1;0;0;1;1
2010;67;67;1;5;1;1;0;0;1;1
2010;67;67;1;5;2;1;0;0;1;1
2010;67;67;1;5;3;1;0;0;1;1
2010;67;67;2;1;3;1;0;0;1;1
2010;67;67;2;2;3;1;0;0;1;1
2010;67;67;2;3;3;1;0;0;1;1
2010;67;67;2;4;3;1;0;0;1;1
2011;4;3004;101;1;1;1;0;0;1;1
2011;4;3004;301;1;1;1;0;0;1;1
2011;4;3004;302;1;1;1;0;0;1;1
2011;4;3004;303;1;1;1;0;0;1;1
2011;4;3004;304;1;1;1;0;0;1;1
2011;4;3004;305;1;1;1;0;0;1;1
2011;4;3004;306;1;1;1;0;0;1;1
2011;4;3004;306;1;2;1;0;0;1;1
2011;4;3004;307;1;1;1;0;0;1;1
2011;4;3004;308;1;1;1;0;0;1;1
2011;4;3004;604;1;1;1;0;0;1;1
2011;4;3004;606;1;1;1;0;0;1;1
2011;4;3004;609;1;1;1;0;0;1;1
2011;4;3504;1001;1;1;1;0;0;1;1
2011;4;3504;1001;2;2;1;0;0;1;1
2011;4;3504;1001;3;3;1;0;0;1;1
2011;4;3504;1001;4;4;1;0;0;1;1
2011;4;3104;1302;1;1;1;0;0;1;1
2011;4;3104;1303;1;1;1;0;0;1;1
2011;4;3604;1401;11;1;1;0;0;1;1
2011;4;3604;1402;21;2;1;0;0;1;1
2011;4;3604;1402;22;3;1;0;0;1;1
2011;4;3604;1403;31;4;1;0;0;1;1
2011;4;3604;1403;32;5;1;0;0;1;1
2011;4;3604;1404;41;6;1;0;0;1;1
2011;4;3604;1404;42;7;1;0;0;1;1
2011;4;3604;1405;51;8;1;0;0;1;1
2011;4;3604;1405;52;9;1;0;0;1;1
2011;4;3604;1406;61;10;1;0;0;1;1
2011;4;3004;1501;1;1;1;0;0;1;1
2011;4;3004;1502;1;1;1;0;0;1;1
2011;4;3704;1605;51;1;1;0;0;1;1
2011;4;3704;1605;52;2;1;0;0;1;1
2011;4;3704;1605;53;3;1;0;0;1;1
2011;4;3704;1605;54;4;1;0;0;1;1
2011;4;3704;1606;61;1;1;0;0;1;1
2011;4;3704;1606;62;2;1;0;0;1;1
2011;4;3704;1606;63;3;1;0;0;1;1
2011;4;3704;1606;64;4;1;0;0;1;1
2011;4;3704;1607;71;1;1;0;0;1;1
2011;4;3704;1607;72;2;1;0;0;1;1
2011;4;3704;1607;73;3;1;0;0;1;1
2011;4;3704;1607;74;4;1;0;0;1;1
2011;4;3704;1608;81;1;1;0;0;1;1
2011;4;3704;1608;82;2;1;0;0;1;1
2011;4;3704;1608;83;3;1;0;0;1;1
2011;4;3704;1608;84;4;1;0;0;1;1
2011;4;3704;1609;91;1;1;0;0;1;1
2011;4;3704;1609;92;2;1;0;0;1;1
2011;4;3704;1609;93;3;1;0;0;1;1
2011;4;3704;1609;94;4;1;0;0;1;1
2011;5;5;1;1;3;1;0;0;1;1
2011;5;5;1;2;4;1;0;0;1;1
2011;5;5;1;3;3;1;0;0;1;1
2011;5;5;1;4;4;1;0;0;1;1
2011;5;5;2;1;3;1;0;0;1;1
2011;5;5;2;2;4;1;0;0;1;1
2011;5;5;2;3;3;1;0;0;1;1
2011;5;5;2;4;4;1;0;0;1;1
2011;5;5;3;1;3;1;0;0;1;1
2011;5;5;3;2;4;1;0;0;1;1
2011;5;5;3;3;3;1;0;0;1;1
2011;5;5;3;4;4;1;0;0;1;1
2011;5;5;4;1;3;1;0;0;1;1
2011;5;5;4;2;4;1;0;0;1;1
2011;5;5;4;3;3;1;0;0;1;1
2011;5;5;4;4;4;1;0;0;1;1
2011;5;5;5;1;3;1;0;0;1;1
2011;5;5;5;2;4;1;0;0;1;1
2011;5;5;5;3;3;1;0;0;1;1
2011;5;5;5;4;4;1;0;0;1;1
2011;5;5;6;1;3;1;0;0;1;1
2011;5;5;6;2;4;1;0;0;1;1
2011;5;5;6;3;3;1;0;0;1;1
2011;5;5;6;4;4;1;0;0;1;1
2011;5;5;7;1;3;1;0;0;1;1
2011;5;5;7;2;4;1;0;0;1;1
2011;5;5;7;3;3;1;0;0;1;1
2011;5;5;7;4;4;1;0;0;1;1
2011;5;5;8;1;3;1;0;0;1;1
2011;5;5;8;2;4;1;0;0;1;1
2011;5;5;8;3;3;1;0;0;1;1
2011;5;5;8;4;4;1;0;0;1;1
2011;5;5;9;1;3;1;0;0;1;1
2011;5;5;9;2;4;1;0;0;1;1
2011;5;5;9;3;3;1;0;0;1;1
2011;5;5;9;4;4;1;0;0;1;1
2011;5;5;10;1;3;1;0;0;1;1
2011;5;5;10;2;4;1;0;0;1;1
2011;5;5;10;3;3;1;0;0;1;1
2011;5;5;10;4;4;1;0;0;1;1
2011;5;5;11;1;3;1;0;0;1;1
2011;5;5;11;2;4;1;0;0;1;1
2011;5;5;11;3;3;1;0;0;1;1
2011;5;5;11;4;4;1;0;0;1;1
2011;5;5;12;1;3;1;0;0;1;1
2011;5;5;12;2;4;1;0;0;1;1
2011;5;5;12;3;3;1;0;0;1;1
2011;5;5;12;4;4;1;0;0;1;1
2011;5;5;13;1;3;1;0;0;1;1
2011;5;5;13;2;4;1;0;0;1;1
2011;5;5;13;3;3;1;0;0;1;1
2011;5;5;13;4;4;1;0;0;1;1
2011;5;5;14;1;3;1;0;0;1;1
2011;5;5;14;2;4;1;0;0;1;1
2011;5;5;14;3;3;1;0;0;1;1
2011;5;5;14;4;4;1;0;0;1;1
2011;5;5;15;1;3;1;0;0;1;1
2011;5;5;15;2;4;1;0;0;1;1
2011;5;5;15;3;3;1;0;0;1;1
2011;5;5;15;4;4;1;0;0;1;1
2011;5;5;16;1;3;1;0;0;1;1
2011;5;5;16;2;4;1;0;0;1;1
2011;5;5;16;3;3;1;0;0;1;1
2011;5;5;16;4;4;1;0;0;1;1
2011;5;5;17;1;3;1;0;0;1;1
2011;5;5;17;2;4;1;0;0;1;1
2011;5;5;17;3;3;1;0;0;1;1
2011;5;5;17;4;4;1;0;0;1;1
2011;5;5;18;1;3;1;0;0;1;1
2011;5;5;18;2;4;1;0;0;1;1
2011;5;5;18;3;3;1;0;0;1;1
2011;5;5;18;4;4;1;0;0;1;1
2011;5;5;19;1;3;1;0;0;1;1
2011;5;5;19;2;4;1;0;0;1;1
2011;5;5;19;3;3;1;0;0;1;1
2011;5;5;19;4;4;1;0;0;1;1
2011;5;5;20;1;3;1;0;0;1;1
2011;5;5;20;2;4;1;0;0;1;1
2011;5;5;20;3;3;1;0;0;1;1
2011;5;5;20;4;4;1;0;0;1;1
2011;5;5;21;1;3;1;0;0;1;1
2011;5;5;21;2;3;1;0;0;0;1
2011;5;5;21;2;4;1;0;0;1;1
2011;5;5;21;3;3;1;0;0;1;1
2011;5;5;21;4;4;1;0;0;1;1
2011;5;5;22;1;3;1;0;0;1;1
2011;5;5;22;2;4;1;0;0;1;1
2011;5;5;22;3;3;1;0;0;1;1
2011;5;5;22;4;4;1;0;0;1;1
2011;5;5;23;1;3;1;0;0;1;1
2011;5;5;23;2;4;1;0;0;1;1
2011;5;5;23;3;3;1;0;0;1;1
2011;5;5;23;4;4;1;0;0;1;1
2011;5;5;24;1;3;1;0;0;1;1
2011;5;5;24;2;4;1;0;0;1;1
2011;5;5;24;3;3;1;0;0;1;1
2011;5;5;24;4;4;1;0;0;1;1
2011;5;5;25;1;3;1;0;0;1;1
2011;5;5;25;2;4;1;0;0;1;1
2011;5;5;25;3;3;1;0;0;1;1
2011;5;5;25;4;4;1;0;0;1;1
2011;5;5;26;1;3;1;0;0;1;1
2011;5;5;26;2;3;1;0;0;0;1
2011;5;5;26;2;4;1;0;0;1;1
2011;5;5;26;3;3;1;0;0;1;1
2011;5;5;26;4;4;1;0;0;1;1
2011;5;5;27;1;3;1;0;0;1;1
2011;5;5;27;2;4;1;0;0;1;1
2011;5;5;27;3;3;1;0;0;1;1
2011;5;5;27;4;4;1;0;0;1;1
2011;5;5;28;1;3;1;0;0;1;1
2011;5;5;28;2;4;1;0;0;1;1
2011;5;5;28;3;3;1;0;0;1;1
2011;5;5;28;4;4;1;0;0;1;1
2011;5;5;29;1;3;1;0;0;1;1
2011;5;5;29;2;4;1;0;0;1;1
2011;5;5;29;3;3;1;0;0;1;1
2011;5;5;29;4;4;1;0;0;1;1
2011;5;5;30;1;3;1;0;0;1;1
2011;5;5;30;2;4;1;0;0;1;1
2011;5;5;30;3;3;1;0;0;1;1
2011;5;5;30;4;4;1;0;0;1;1
2011;5;5;31;1;3;1;0;0;1;1
2011;5;5;31;2;4;1;0;0;1;1
2011;5;5;31;3;3;1;0;0;1;1
2011;5;5;31;4;4;1;0;0;1;1
2011;50;50;1;1;1;1;0;1;1;1
2011;50;50;1;2;1;1;0;1;1;1
2011;50;50;1;3;1;1;0;1;1;1
2011;50;50;1;4;1;1;0;1;1;1
2011;50;50;1;5;1;1;0;1;1;1
2011;50;50;1;6;1;1;0;1;1;1
2011;50;50;1;7;1;1;0;1;1;1
2011;50;50;1;8;1;1;0;1;1;1
2011;50;50;1;9;1;1;0;1;1;1
2011;50;50;1;10;1;1;0;1;1;1
2011;50;50;1;11;1;1;0;1;1;1
2011;50;50;1;12;1;1;0;1;1;1
2011;50;50;1;13;1;1;0;1;1;1
2011;50;50;1;14;1;1;0;1;1;1
2011;50;50;1;15;1;1;0;1;1;1
2011;50;50;1;16;1;1;0;1;1;1
2011;50;50;1;17;1;1;0;1;1;1
2011;50;50;1;18;1;1;0;1;1;1
2011;50;50;1;19;1;1;0;1;1;1
2011;50;50;1;20;1;1;0;1;1;1
2011;50;50;2;1;1;1;0;1;1;1
2011;50;50;2;2;1;1;0;1;1;1
2011;50;50;2;3;1;1;0;1;1;1
2011;50;50;2;4;1;1;0;1;1;1
2011;50;50;2;5;1;1;0;1;1;1
2011;50;50;2;6;1;1;0;1;1;1
2011;50;50;2;7;1;1;0;1;1;1
2011;50;50;2;8;1;1;0;1;1;1
2011;50;50;2;9;1;1;0;1;1;1
2011;50;50;2;10;1;1;0;1;1;1
2011;50;50;2;11;1;1;0;1;1;1
2011;50;50;2;12;1;1;0;1;1;1
2011;50;50;2;13;1;1;0;1;1;1
2011;50;50;2;14;1;1;0;1;1;1
2011;50;50;2;15;1;1;0;1;1;1
2011;50;50;2;16;1;1;0;1;1;1
2011;50;50;2;17;1;1;0;1;1;1
2011;50;50;2;18;1;1;0;1;1;1
2011;50;50;2;19;1;1;0;1;1;1
2011;50;50;2;20;1;1;0;1;1;1
2011;50;50;3;1;1;1;0;1;1;1
2011;50;50;3;2;1;1;0;1;1;1
2011;50;50;3;3;1;1;0;1;1;1
2011;50;50;3;4;1;1;0;1;1;1
2011;50;50;3;5;1;1;0;1;1;1
2011;50;50;3;6;1;1;0;1;1;1
2011;50;50;3;7;1;1;0;1;1;1
2011;50;50;3;8;1;1;0;1;1;1
2011;50;50;3;9;1;1;0;1;1;1
2011;50;50;3;10;1;1;0;1;1;1
2011;50;50;3;11;1;1;0;1;1;1
2011;50;50;3;12;1;1;0;1;1;1
2011;50;50;3;13;1;1;0;1;1;1
2011;50;50;3;14;1;1;0;1;1;1
2011;50;50;3;15;1;1;0;1;1;1
2011;50;50;3;16;1;1;0;1;1;1
2011;50;50;3;17;1;1;0;1;1;1
2011;50;50;3;18;1;1;0;1;1;1
2011;50;50;3;19;1;1;0;1;1;1
2011;50;50;3;20;1;1;0;1;1;1
2011;50;50;4;1;1;1;0;1;1;1
2011;50;50;4;2;1;1;0;1;1;1
2011;50;50;4;3;1;1;0;1;1;1
2011;50;50;4;4;1;1;0;1;1;1
2011;50;50;4;5;1;1;0;1;1;1
2011;50;50;4;6;1;1;0;1;1;1
2011;50;50;4;7;1;1;0;1;1;1
2011;50;50;4;8;1;1;0;1;1;1
2011;50;50;4;9;1;1;0;1;1;1
2011;50;50;4;10;1;1;0;1;1;1
2011;50;50;4;11;1;1;0;1;1;1
2011;50;50;4;12;1;1;0;1;1;1
2011;50;50;4;13;1;1;0;1;1;1
2011;50;50;4;14;1;1;0;1;1;1
2011;50;50;4;15;1;1;0;1;1;1
2011;50;50;4;16;1;1;0;1;1;1
2011;50;50;4;17;1;1;0;1;1;1
2011;50;50;4;18;1;1;0;1;1;1
2011;50;50;4;19;1;1;0;1;1;1
2011;50;50;4;20;1;1;0;1;1;1
2011;50;50;5;1;1;1;0;1;1;1
2011;50;50;5;2;1;1;0;1;1;1
2011;50;50;5;3;1;1;0;1;1;1
2011;50;50;5;4;1;1;0;1;1;1
2011;50;50;5;5;1;1;0;1;1;1
2011;50;50;5;6;1;1;0;1;1;1
2011;50;50;5;7;1;1;0;1;1;1
2011;50;50;5;8;1;1;0;1;1;1
2011;50;50;5;9;1;1;0;1;1;1
2011;50;50;5;10;1;1;0;1;1;1
2011;50;50;5;11;1;1;0;1;1;1
2011;50;50;5;12;1;1;0;1;1;1
2011;50;50;5;13;1;1;0;1;1;1
2011;50;50;5;14;1;1;0;1;1;1
2011;50;50;5;15;1;1;0;1;1;1
2011;50;50;5;16;1;1;0;1;1;1
2011;50;50;5;17;1;1;0;1;1;1
2011;50;50;5;18;1;1;0;1;1;1
2011;50;50;5;19;1;1;0;1;1;1
2011;50;50;5;20;1;1;0;1;1;1
2011;50;50;6;1;1;1;0;1;1;1
2011;50;50;6;2;1;1;0;1;1;1
2011;50;50;6;3;1;1;0;1;1;1
2011;50;50;6;4;1;1;0;1;1;1
2011;50;50;6;5;1;1;0;1;1;1
2011;50;50;6;6;1;1;0;1;1;1
2011;50;50;6;7;1;1;0;1;1;1
2011;50;50;6;8;1;1;0;1;1;1
2011;50;50;6;9;1;1;0;1;1;1
2011;50;50;6;10;1;1;0;1;1;1
2011;50;50;6;11;1;1;0;1;1;1
2011;50;50;6;12;1;1;0;1;1;1
2011;50;50;6;13;1;1;0;1;1;1
2011;50;50;6;14;1;1;0;1;1;1
2011;50;50;6;15;1;1;0;1;1;1
2011;50;50;6;16;1;1;0;1;1;1
2011;50;50;6;17;1;1;0;1;1;1
2011;50;50;6;18;1;1;0;1;1;1
2011;50;50;6;19;1;1;0;1;1;1
2011;50;50;6;20;1;1;0;1;1;1
2011;50;50;7;1;1;1;0;1;1;1
2011;50;50;7;2;1;1;0;1;1;1
2011;50;50;7;3;1;1;0;1;1;1
2011;50;50;7;4;1;1;0;1;1;1
2011;50;50;7;5;1;1;0;1;1;1
2011;50;50;7;6;1;1;0;1;1;1
2011;50;50;7;7;1;1;0;1;1;1
2011;50;50;7;8;1;1;0;1;1;1
2011;50;50;7;9;1;1;0;1;1;1
2011;50;50;7;10;1;1;0;1;1;1
2011;50;50;7;11;1;1;0;1;1;1
2011;50;50;7;12;1;1;0;1;1;1
2011;50;50;7;13;1;1;0;1;1;1
2011;50;50;7;14;1;1;0;1;1;1
2011;50;50;7;15;1;1;0;1;1;1
2011;50;50;7;16;1;1;0;1;1;1
2011;50;50;7;17;1;1;0;1;1;1
2011;50;50;7;18;1;1;0;1;1;1
2011;50;50;7;19;1;1;0;1;1;1
2011;50;50;7;20;1;1;0;1;1;1
2011;50;50;7;21;1;1;0;1;1;1
2011;50;50;7;22;1;1;0;1;1;1
2011;50;50;7;23;1;1;0;1;1;1
2011;50;50;7;24;1;1;0;1;1;1
2011;50;50;8;1;1;1;0;1;1;1
2011;50;50;8;2;1;1;0;1;1;1
2011;50;50;8;3;1;1;0;1;1;1
2011;50;50;8;4;1;1;0;1;1;1
2011;50;50;8;5;1;1;0;1;1;1
2011;50;50;8;6;1;1;0;1;1;1
2011;50;50;8;7;1;1;0;1;1;1
2011;50;50;8;8;1;1;0;1;1;1
2011;50;50;8;9;1;1;0;1;1;1
2011;50;50;8;10;1;1;0;1;1;1
2011;50;50;8;11;1;1;0;1;1;1
2011;50;50;8;12;1;1;0;1;1;1
2011;50;50;8;13;1;1;0;1;1;1
2011;50;50;8;14;1;1;0;1;1;1
2011;50;50;8;15;1;1;0;1;1;1
2011;50;50;8;16;1;1;0;1;1;1
2011;50;50;8;17;1;1;0;1;1;1
2011;50;50;8;18;1;1;0;1;1;1
2011;50;50;8;19;1;1;0;1;1;1
2011;50;50;8;20;1;1;0;1;1;1
2011;50;50;8;21;1;1;0;1;1;1
2011;50;50;8;22;1;1;0;1;1;1
2011;50;50;8;23;1;1;0;1;1;1
2011;50;50;8;24;1;1;0;1;1;1
2011;50;50;9;1;1;1;0;1;1;1
2011;50;50;9;2;1;1;0;1;1;1
2011;50;50;9;3;1;1;0;1;1;1
2011;50;50;9;4;1;1;0;1;1;1
2011;50;50;9;5;1;1;0;1;1;1
2011;50;50;9;6;1;1;0;1;1;1
2011;50;50;9;7;1;1;0;1;1;1
2011;50;50;9;8;1;1;0;1;1;1
2011;50;50;9;9;1;1;0;1;1;1
2011;50;50;9;10;1;1;0;1;1;1
2011;50;50;9;11;1;1;0;1;1;1
2011;50;50;9;12;1;1;0;1;1;1
2011;50;50;9;13;1;1;0;1;1;1
2011;50;50;9;14;1;1;0;1;1;1
2011;50;50;9;15;1;1;0;1;1;1
2011;50;50;9;16;1;1;0;1;1;1
2011;50;50;9;17;1;1;0;1;1;1
2011;50;50;9;18;1;1;0;1;1;1
2011;50;50;9;19;1;1;0;1;1;1
2011;50;50;9;20;1;1;0;1;1;1
2011;50;50;10;1;1;1;0;1;1;1
2011;50;50;10;2;1;1;0;1;1;1
2011;50;50;10;3;1;1;0;1;1;1
2011;50;50;10;4;1;1;0;1;1;1
2011;50;50;10;5;1;1;0;1;1;1
2011;50;50;10;6;1;1;0;1;1;1
2011;50;50;10;7;1;1;0;1;1;1
2011;50;50;10;8;1;1;0;1;1;1
2011;50;50;10;9;1;1;0;1;1;1
2011;50;50;10;10;1;1;0;1;1;1
2011;50;50;10;11;1;1;0;1;1;1
2011;50;50;10;12;1;1;0;1;1;1
2011;50;50;10;13;1;1;0;1;1;1
2011;50;50;10;14;1;1;0;1;1;1
2011;50;50;10;15;1;1;0;1;1;1
2011;50;50;10;16;1;1;0;1;1;1
2011;50;50;10;17;1;1;0;1;1;1
2011;50;50;10;18;1;1;0;1;1;1
2011;50;50;10;19;1;1;0;1;1;1
2011;50;50;10;20;1;1;0;1;1;1
2011;50;50;11;1;1;1;0;1;1;1
2011;50;50;11;2;1;1;0;1;1;1
2011;50;50;11;3;1;1;0;1;1;1
2011;50;50;11;4;1;1;0;1;1;1
2011;50;50;11;5;1;1;0;1;1;1
2011;50;50;11;6;1;1;0;1;1;1
2011;50;50;11;7;1;1;0;1;1;1
2011;50;50;11;8;1;1;0;1;1;1
2011;50;50;11;9;1;1;0;1;1;1
2011;50;50;11;10;1;1;0;1;1;1
2011;50;50;11;11;1;1;0;1;1;1
2011;50;50;11;12;1;1;0;1;1;1
2011;50;50;11;13;1;1;0;1;1;1
2011;50;50;11;14;1;1;0;1;1;1
2011;50;50;11;15;1;1;0;1;1;1
2011;50;50;11;16;1;1;0;1;1;1
2011;50;50;11;17;1;1;0;1;1;1
2011;50;50;11;18;1;1;0;1;1;1
2011;50;50;11;19;1;1;0;1;1;1
2011;50;50;11;20;1;1;0;1;1;1
2011;50;50;12;1;1;1;0;1;1;1
2011;50;50;12;2;1;1;0;1;1;1
2011;50;50;12;3;1;1;0;1;1;1
2011;50;50;12;4;1;1;0;1;1;1
2011;50;50;12;5;1;1;0;1;1;1
2011;50;50;12;6;1;1;0;1;1;1
2011;50;50;12;7;1;1;0;1;1;1
2011;50;50;12;8;1;1;0;1;1;1
2011;50;50;12;9;1;1;0;1;1;1
2011;50;50;12;10;1;1;0;1;1;1
2011;50;50;12;11;1;1;0;1;1;1
2011;50;50;12;12;1;1;0;1;1;1
2011;50;50;12;13;1;1;0;1;1;1
2011;50;50;12;14;1;1;0;1;1;1
2011;50;50;12;15;1;1;0;1;1;1
2011;50;50;12;16;1;1;0;1;1;1
2011;50;50;12;17;1;1;0;1;1;1
2011;50;50;12;18;1;1;0;1;1;1
2011;50;50;12;19;1;1;0;1;1;1
2011;50;50;12;20;1;1;0;1;1;1
2011;50;50;13;1;1;1;0;1;1;1
2011;50;50;13;2;1;1;0;1;1;1
2011;50;50;13;3;1;1;0;1;1;1
2011;50;50;13;4;1;1;0;1;1;1
2011;50;50;13;5;1;1;0;1;1;1
2011;50;50;13;6;1;1;0;1;1;1
2011;50;50;13;7;1;1;0;1;1;1
2011;50;50;13;8;1;1;0;1;1;1
2011;50;50;13;9;1;1;0;1;1;1
2011;50;50;13;10;1;1;0;1;1;1
2011;50;50;13;11;1;1;0;1;1;1
2011;50;50;13;12;1;1;0;1;1;1
2011;50;50;13;13;1;1;0;1;1;1
2011;50;50;13;14;1;1;0;1;1;1
2011;50;50;13;15;1;1;0;1;1;1
2011;50;50;13;16;1;1;0;1;1;1
2011;50;50;13;17;1;1;0;1;1;1
2011;50;50;13;18;1;1;0;1;1;1
2011;50;50;13;19;1;1;0;1;1;1
2011;50;50;13;20;1;1;0;1;1;1
2011;50;50;13;21;1;1;0;1;1;1
2011;50;50;13;22;1;1;0;1;1;1
2011;50;50;13;23;1;1;0;1;1;1
2011;50;50;13;24;1;1;0;1;1;1
2011;50;50;14;1;1;1;0;1;1;1
2011;50;50;14;2;1;1;0;1;1;1
2011;50;50;14;3;1;1;0;1;1;1
2011;50;50;14;4;1;1;0;1;1;1
2011;50;50;14;5;1;1;0;1;1;1
2011;50;50;14;6;1;1;0;1;1;1
2011;50;50;14;7;1;1;0;1;1;1
2011;50;50;14;8;1;1;0;1;1;1
2011;50;50;14;9;1;1;0;1;1;1
2011;50;50;14;10;1;1;0;1;1;1
2011;50;50;14;11;1;1;0;1;1;1
2011;50;50;14;12;1;1;0;1;1;1
2011;50;50;14;13;1;1;0;1;1;1
2011;50;50;14;14;1;1;0;1;1;1
2011;50;50;14;15;1;1;0;1;1;1
2011;50;50;14;16;1;1;0;1;1;1
2011;50;50;14;17;1;1;0;1;1;1
2011;50;50;14;18;1;1;0;1;1;1
2011;50;50;14;19;1;1;0;1;1;1
2011;50;50;14;20;1;1;0;1;1;1
2011;50;50;15;1;1;1;0;1;1;1
2011;50;50;15;2;1;1;0;1;1;1
2011;50;50;15;3;1;1;0;1;1;1
2011;50;50;15;4;1;1;0;1;1;1
2011;50;50;15;5;1;1;0;1;1;1
2011;50;50;15;6;1;1;0;1;1;1
2011;50;50;15;7;1;1;0;1;1;1
2011;50;50;15;8;1;1;0;1;1;1
2011;50;50;15;9;1;1;0;1;1;1
2011;50;50;15;10;1;1;0;1;1;1
2011;50;50;15;11;1;1;0;1;1;1
2011;50;50;15;12;1;1;0;1;1;1
2011;50;50;15;13;1;1;0;1;1;1
2011;50;50;15;14;1;1;0;1;1;1
2011;50;50;15;15;1;1;0;1;1;1
2011;50;50;15;16;1;1;0;1;1;1
2011;50;50;15;17;1;1;0;1;1;1
2011;50;50;15;18;1;1;0;1;1;1
2011;50;50;15;19;1;1;0;1;1;1
2011;50;50;15;20;1;1;0;1;1;1
2011;50;50;16;1;1;1;0;1;1;1
2011;50;50;16;2;1;1;0;1;1;1
2011;50;50;16;3;1;1;0;1;1;1
2011;50;50;16;4;1;1;0;1;1;1
2011;50;50;16;5;1;1;0;1;1;1
2011;50;50;16;6;1;1;0;1;1;1
2011;50;50;16;7;1;1;0;1;1;1
2011;50;50;16;8;1;1;0;1;1;1
2011;50;50;16;9;1;1;0;1;1;1
2011;50;50;16;10;1;1;0;1;1;1
2011;50;50;16;11;1;1;0;1;1;1
2011;50;50;16;12;1;1;0;1;1;1
2011;50;50;16;13;1;1;0;1;1;1
2011;50;50;16;14;1;1;0;1;1;1
2011;50;50;16;15;1;1;0;1;1;1
2011;50;50;16;16;1;1;0;1;1;1
2011;50;50;16;17;1;1;0;1;1;1
2011;50;50;16;18;1;1;0;1;1;1
2011;50;50;16;19;1;1;0;1;1;1
2011;50;50;16;20;1;1;0;1;1;1
2011;50;50;16;21;1;1;0;1;1;1
2011;50;50;16;22;1;1;0;1;1;1
2011;50;50;16;23;1;1;0;1;1;1
2011;50;50;16;24;1;1;0;1;1;1
2011;50;50;18;1;1;1;0;1;1;1
2011;50;50;18;2;1;1;0;1;1;1
2011;50;50;18;3;1;1;0;1;1;1
2011;50;50;18;4;1;1;0;1;1;1
2011;50;50;18;5;1;1;0;1;1;1
2011;50;50;18;6;1;1;0;1;1;1
2011;50;50;18;7;1;1;0;1;1;1
2011;50;50;18;8;1;1;0;1;1;1
2011;50;50;18;9;1;1;0;1;1;1
2011;50;50;18;10;1;1;0;1;1;1
2011;50;50;18;11;1;1;0;1;1;1
2011;50;50;18;12;1;1;0;1;1;1
2011;50;50;18;13;1;1;0;1;1;1
2011;50;50;18;14;1;1;0;1;1;1
2011;50;50;18;15;1;1;0;1;1;1
2011;50;50;18;16;1;1;0;1;1;1
2011;50;50;18;17;1;1;0;1;1;1
2011;50;50;18;18;1;1;0;1;1;1
2011;50;50;18;19;1;1;0;1;1;1
2011;50;50;18;20;1;1;0;1;1;1
2011;50;50;18;21;1;1;0;1;1;1
2011;50;50;18;22;1;1;0;1;1;1
2011;50;50;18;23;1;1;0;1;1;1
2011;50;50;18;24;1;1;0;1;1;1
2011;51;51;1;1;1;1;0;0;1;1
2011;51;51;1;1;3;1;0;0;1;1
2011;51;51;1;2;2;1;0;0;1;1
2011;51;51;1;2;4;1;0;0;1;1
2011;51;51;3;1;1;1;0;0;1;1
2011;51;51;3;1;3;1;0;0;1;1
2011;51;51;3;2;2;1;0;0;1;1
2011;51;51;3;2;4;1;0;0;1;1
2011;51;51;15;1;1;1;0;0;1;1
2011;51;51;15;1;2;1;0;0;1;1
2011;51;51;16;1;1;1;0;0;1;1
2011;51;51;16;1;2;1;0;0;1;1
2011;51;51;17;1;1;1;0;0;1;1
2011;51;51;17;1;3;1;0;0;1;1
2011;51;51;17;2;2;1;0;0;1;1
2011;51;51;17;2;4;1;0;0;1;1
2011;51;51;18;1;1;1;0;0;1;1
2011;51;51;18;1;3;1;0;0;1;1
2011;51;51;18;1;4;1;0;0;0;1
2011;51;51;18;2;2;1;0;0;1;1
2011;51;51;18;2;4;1;0;0;1;1
2011;51;51;19;1;1;1;0;0;1;1
2011;51;51;19;1;2;1;0;0;1;1
2011;51;51;20;1;1;1;0;0;1;1
2011;51;51;20;1;2;1;0;0;1;1
2011;52;52;2;1;1;1;1;0;1;1
2011;52;52;3;1;1;1;1;0;1;1
2011;52;52;4;1;1;1;1;0;1;1
2011;52;52;5;1;1;1;1;0;1;1
2011;52;52;8;1;1;1;1;0;1;1
2011;52;52;9;1;1;1;1;0;1;1
2011;52;52;11;1;1;1;1;0;1;1
2011;52;52;13;1;1;1;1;0;1;1
2011;63;63;1;1;1;1;0;1;1;1
2011;63;63;3;1;1;1;0;1;1;1
2011;63;63;4;1;1;1;0;1;1;1
2011;67;67;1;1;1;1;0;0;1;1
2011;67;67;1;1;2;1;0;0;1;1
2011;67;67;1;1;3;1;0;0;1;1
2011;67;67;1;2;1;1;0;0;1;1
2011;67;67;1;2;2;1;0;0;1;1
2011;67;67;1;2;3;1;0;0;1;1
2011;67;67;1;3;1;1;0;0;1;1
2011;67;67;1;3;2;1;0;0;1;1
2011;67;67;1;3;3;1;0;0;1;1
2011;67;67;1;4;1;1;0;0;1;1
2011;67;67;1;4;2;1;0;0;1;1
2011;67;67;1;4;3;1;0;0;1;1
2011;67;67;1;5;1;1;0;0;1;1
2011;67;67;1;5;2;1;0;0;1;1
2011;67;67;1;5;3;1;0;0;1;1
2011;67;67;2;1;1;1;0;0;1;1
2011;67;67;2;1;2;1;0;0;1;1
2011;67;67;2;1;3;1;0;0;1;1
2011;67;67;2;2;1;1;0;0;1;1
2011;67;67;2;2;2;1;0;0;1;1
2011;67;67;2;2;3;1;0;0;1;1
2011;67;67;2;3;1;1;0;0;1;1
2011;67;67;2;3;2;1;0;0;1;1
2011;67;67;2;3;3;1;0;0;1;1
2011;67;67;2;4;1;1;0;0;1;1
2011;67;67;2;4;2;1;0;0;1;1
2011;67;67;2;4;3;1;0;0;1;1
2011;67;67;3;1;1;1;0;0;1;1
2011;67;67;3;1;2;1;0;0;1;1
2011;67;67;3;1;3;1;0;0;1;1
2011;67;67;3;2;1;1;0;0;1;1
2011;67;67;3;2;2;1;0;0;1;1
2011;67;67;3;2;3;1;0;0;1;1
2011;67;67;3;3;1;1;0;0;1;1
2011;67;67;3;3;2;1;0;0;1;1
2011;67;67;3;3;3;1;0;0;1;1
2011;67;67;3;4;1;1;0;0;1;1
2011;67;67;3;4;2;1;0;0;1;1
2011;67;67;3;4;3;1;0;0;1;1
2011;67;67;3;5;1;1;0;0;1;1
2011;67;67;3;5;2;1;0;0;1;1
2011;67;67;3;5;3;1;0;0;1;1
2012;2;102;11;113;1;1;0;1;1;1
2012;2;102;11;114;1;1;0;1;1;1
2012;2;102;11;116;1;1;0;1;1;1
2012;2;102;11;117;1;1;0;1;1;1
2012;2;102;11;1199;1;1;0;1;1;0
2012;2;102;11;1199;3;1;0;1;0;1
2012;2;102;12;121;1;1;0;1;1;1
2012;2;102;12;121;2;1;0;1;1;1
2012;2;102;12;122;1;1;0;1;1;1
2012;2;102;12;122;2;1;0;1;1;1
2012;2;102;12;123;1;1;0;1;1;1
2012;2;102;12;123;2;1;0;1;1;1
2012;2;102;12;124;1;1;0;1;1;1
2012;2;102;12;124;2;1;0;1;1;1
2012;2;102;12;1299;1;1;0;1;1;0
2012;2;102;12;1299;2;1;0;1;1;0
2012;2;102;12;1299;3;1;0;1;0;1
2012;2;102;13;131;1;1;0;1;1;1
2012;2;102;13;131;2;1;0;1;1;1
2012;2;102;13;133;1;1;0;1;1;1
2012;2;102;13;133;2;1;0;1;1;1
2012;2;102;13;134;1;1;0;1;1;1
2012;2;102;13;134;2;1;0;1;1;1
2012;2;102;13;135;1;1;0;1;1;1
2012;2;102;13;135;2;1;0;1;1;1
2012;2;102;14;141;1;1;0;1;1;1
2012;2;102;14;142;1;1;0;1;1;1
2012;2;102;14;143;1;1;0;1;1;1
2012;2;102;14;144;1;1;0;1;1;1
2012;2;102;14;1499;1;1;0;1;1;0
2012;2;102;14;1499;3;1;0;1;0;1
2012;2;102;15;152;1;1;0;1;1;1
2012;2;102;15;153;1;1;0;1;1;1
2012;2;102;15;154;1;1;0;1;1;1
2012;2;102;15;155;1;1;0;1;1;1
2012;2;102;15;1599;1;1;0;1;1;0
2012;2;102;15;1599;3;1;0;1;0;1
2012;2;102;16;161;1;1;0;1;1;1
2012;2;102;16;161;2;1;0;1;1;1
2012;2;102;16;162;1;1;0;1;1;1
2012;2;102;16;162;2;1;0;1;1;1
2012;2;102;16;163;1;1;0;1;1;1
2012;2;102;16;163;2;1;0;1;1;1
2012;2;102;16;164;1;1;0;1;1;1
2012;2;102;16;164;2;1;0;1;1;1
2012;2;102;16;1699;1;1;0;1;1;0
2012;2;102;16;1699;2;1;0;1;1;0
2012;2;102;16;1699;3;1;0;1;0;1
2012;2;102;17;173;1;1;0;1;1;1
2012;2;102;17;1799;1;1;0;1;1;0
2012;2;102;17;1799;3;1;0;1;0;1
2012;2;102;18;181;1;1;0;1;1;1
2012;2;102;18;183;1;1;0;1;1;1
2012;2;102;18;184;1;1;0;1;1;1
2012;2;102;18;185;1;1;0;1;1;1
2012;2;102;18;1899;1;1;0;1;1;0
2012;2;102;18;1899;3;1;0;1;0;1
2012;2;102;19;191;1;1;0;1;1;1
2012;2;102;19;192;1;1;0;1;1;1
2012;2;102;19;193;1;1;0;1;1;1
2012;2;102;19;194;1;1;0;1;1;1
2012;2;102;19;1999;1;1;0;1;1;0
2012;2;102;19;1999;3;1;0;1;0;1
2012;2;102;20;201;1;1;0;1;1;1
2012;2;102;20;202;1;1;0;1;1;1
2012;2;102;20;203;1;1;0;1;1;1
2012;2;102;20;204;1;1;0;1;1;1
2012;2;102;20;2099;1;1;0;1;1;0
2012;2;102;20;2099;3;1;0;1;0;1
2012;2;102;21;211;1;1;0;1;1;1
2012;2;102;21;211;2;1;0;1;1;1
2012;2;102;21;212;1;1;0;1;1;1
2012;2;102;21;212;2;1;0;1;1;1
2012;2;102;21;213;1;1;0;1;1;1
2012;2;102;21;213;2;1;0;1;1;1
2012;2;102;21;214;1;1;0;1;1;1
2012;2;102;21;214;2;1;0;1;1;1
2012;2;102;21;2199;1;1;0;1;1;0
2012;2;102;21;2199;2;1;0;1;1;0
2012;2;102;21;2199;3;1;0;1;0;1
2012;4;3004;101;1;1;1;0;0;1;1
2012;4;3004;301;1;1;1;0;0;1;1
2012;4;3004;302;1;1;1;0;0;1;1
2012;4;3004;303;1;1;1;0;0;1;1
2012;4;3004;304;1;1;1;0;0;1;1
2012;4;3004;305;1;1;1;0;0;1;1
2012;4;3004;306;1;1;1;0;0;1;1
2012;4;3004;306;1;2;1;0;0;1;1
2012;4;3004;307;1;1;1;0;0;1;1
2012;4;3004;308;1;1;1;0;0;1;1
2012;4;3004;604;1;1;1;0;0;1;1
2012;4;3004;606;1;1;1;0;0;1;1
2012;4;3004;608;1;1;1;0;0;1;1
2012;4;3004;609;1;1;1;0;0;1;1
2012;4;3004;610;1;1;1;0;0;1;1
2012;4;3004;611;1;1;1;0;0;1;1
2012;4;3004;613;1;1;1;0;0;1;1
2012;4;2704;1101;17;1;1;0;0;1;1
2012;4;2704;1101;18;2;1;0;0;1;1
2012;4;2704;1102;19;1;1;0;0;1;1
2012;4;2704;1102;20;2;1;0;0;1;1
2012;4;2704;1103;21;1;1;0;0;1;1
2012;4;2704;1103;22;2;1;0;0;1;1
2012;4;2704;1201;1;1;1;0;0;1;1
2012;4;2704;1201;2;2;1;0;0;1;1
2012;4;2704;1202;3;1;1;0;0;1;1
2012;4;2704;1202;4;2;1;0;0;1;1
2012;4;2704;1203;5;1;1;0;0;1;1
2012;4;2704;1203;6;2;1;0;0;1;1
2012;4;2704;1204;7;1;1;0;0;1;1
2012;4;2704;1204;8;2;1;0;0;1;1
2012;4;2704;1205;9;1;1;0;0;1;1
2012;4;2704;1205;10;2;1;0;0;1;1
2012;4;2704;1206;11;1;1;0;0;1;1
2012;4;2704;1206;12;2;1;0;0;1;1
2012;4;3104;1302;1;1;1;0;0;1;1
2012;4;3104;1303;1;1;1;0;0;1;1
2012;4;3604;1401;11;1;1;0;0;1;1
2012;4;3604;1402;21;2;1;0;0;1;1
2012;4;3604;1402;22;3;1;0;0;1;1
2012;4;3604;1403;31;4;1;0;0;1;1
2012;4;3604;1403;32;5;1;0;0;1;1
2012;4;3604;1404;41;6;1;0;0;1;1
2012;4;3604;1404;42;7;1;0;0;1;1
2012;4;3604;1405;51;8;1;0;0;1;1
2012;4;3604;1405;52;9;1;0;0;1;1
2012;4;3604;1406;61;10;1;0;0;1;1
2012;4;3004;1501;1;1;1;0;0;1;1
2012;4;3004;1502;1;1;1;0;0;1;1
2012;4;3004;1503;1;1;1;0;0;1;1
2012;5;5;1;1;3;1;0;0;0;1
2012;5;5;1;1;5;1;0;0;1;0
2012;5;5;1;2;4;1;0;0;0;1
2012;5;5;1;2;6;1;0;0;1;0
2012;5;5;1;3;3;1;0;0;1;1
2012;5;5;1;4;4;1;0;0;1;1
2012;5;5;3;1;3;1;0;0;0;1
2012;5;5;3;1;5;1;0;0;1;0
2012;5;5;3;2;4;1;0;0;0;1
2012;5;5;3;2;6;1;0;0;1;0
2012;5;5;3;3;3;1;0;0;1;1
2012;5;5;3;4;4;1;0;0;1;1
2012;5;5;4;1;3;1;0;0;0;1
2012;5;5;4;1;5;1;0;0;1;0
2012;5;5;4;2;4;1;0;0;0;1
2012;5;5;4;2;6;1;0;0;1;0
2012;5;5;4;3;3;1;0;0;1;1
2012;5;5;4;4;4;1;0;0;1;1
2012;5;5;5;1;3;1;0;0;0;1
2012;5;5;5;1;5;1;0;0;1;0
2012;5;5;5;2;4;1;0;0;0;1
2012;5;5;5;2;6;1;0;0;1;0
2012;5;5;5;3;3;1;0;0;1;1
2012;5;5;5;4;4;1;0;0;1;1
2012;5;5;7;1;3;1;0;0;0;1
2012;5;5;7;1;5;1;0;0;1;0
2012;5;5;7;2;4;1;0;0;0;1
2012;5;5;7;2;6;1;0;0;1;0
2012;5;5;7;3;3;1;0;0;1;1
2012;5;5;7;4;4;1;0;0;1;1
2012;5;5;8;1;3;1;0;0;0;1
2012;5;5;8;1;5;1;0;0;1;0
2012;5;5;8;2;4;1;0;0;0;1
2012;5;5;8;2;6;1;0;0;1;0
2012;5;5;8;3;3;1;0;0;1;1
2012;5;5;8;4;4;1;0;0;1;1
2012;5;5;9;1;3;1;0;0;0;1
2012;5;5;9;1;5;1;0;0;1;0
2012;5;5;9;2;4;1;0;0;0;1
2012;5;5;9;2;6;1;0;0;1;0
2012;5;5;9;3;3;1;0;0;1;1
2012;5;5;9;4;4;1;0;0;1;1
2012;5;5;10;1;3;1;0;0;0;1
2012;5;5;10;1;5;1;0;0;1;0
2012;5;5;10;2;4;1;0;0;0;1
2012;5;5;10;2;6;1;0;0;1;0
2012;5;5;10;3;3;1;0;0;1;1
2012;5;5;10;4;4;1;0;0;1;1
2012;5;5;11;1;3;1;0;0;0;1
2012;5;5;11;1;5;1;0;0;1;0
2012;5;5;11;2;4;1;0;0;0;1
2012;5;5;11;2;6;1;0;0;1;0
2012;5;5;11;3;3;1;0;0;1;1
2012;5;5;11;4;4;1;0;0;1;1
2012;5;5;12;1;3;1;0;0;0;1
2012;5;5;12;1;5;1;0;0;1;0
2012;5;5;12;2;4;1;0;0;0;1
2012;5;5;12;2;6;1;0;0;1;0
2012;5;5;12;3;3;1;0;0;1;1
2012;5;5;12;4;4;1;0;0;1;1
2012;5;5;13;1;3;1;0;0;0;1
2012;5;5;13;1;5;1;0;0;1;0
2012;5;5;13;2;4;1;0;0;0;1
2012;5;5;13;2;6;1;0;0;1;0
2012;5;5;13;3;3;1;0;0;1;1
2012;5;5;13;4;4;1;0;0;1;1
2012;5;5;14;1;3;1;0;0;0;1
2012;5;5;14;1;5;1;0;0;1;0
2012;5;5;14;2;4;1;0;0;0;1
2012;5;5;14;2;6;1;0;0;1;0
2012;5;5;14;3;3;1;0;0;1;1
2012;5;5;14;4;4;1;0;0;1;1
2012;5;5;15;1;3;1;0;0;0;1
2012;5;5;15;1;5;1;0;0;1;0
2012;5;5;15;2;4;1;0;0;0;1
2012;5;5;15;2;6;1;0;0;1;0
2012;5;5;15;3;3;1;0;0;1;1
2012;5;5;15;4;4;1;0;0;1;1
2012;5;5;16;1;3;1;0;0;0;1
2012;5;5;16;1;5;1;0;0;1;0
2012;5;5;16;2;4;1;0;0;0;1
2012;5;5;16;2;6;1;0;0;1;0
2012;5;5;16;3;3;1;0;0;1;1
2012;5;5;16;4;4;1;0;0;1;1
2012;5;5;17;1;3;1;0;0;0;1
2012;5;5;17;1;5;1;0;0;1;0
2012;5;5;17;2;4;1;0;0;0;1
2012;5;5;17;2;6;1;0;0;1;0
2012;5;5;17;3;3;1;0;0;1;1
2012;5;5;17;4;4;1;0;0;1;1
2012;5;5;19;1;3;1;0;0;0;1
2012;5;5;19;1;5;1;0;0;1;0
2012;5;5;19;2;4;1;0;0;0;1
2012;5;5;19;2;6;1;0;0;1;0
2012;5;5;19;3;3;1;0;0;1;1
2012;5;5;19;4;4;1;0;0;1;1
2012;5;5;20;1;3;1;0;0;0;1
2012;5;5;20;1;5;1;0;0;1;0
2012;5;5;20;2;4;1;0;0;0;1
2012;5;5;20;2;6;1;0;0;1;0
2012;5;5;20;3;3;1;0;0;1;1
2012;5;5;20;4;4;1;0;0;1;1
2012;5;5;21;1;3;1;0;0;0;1
2012;5;5;21;1;5;1;0;0;1;0
2012;5;5;21;2;4;1;0;0;0;1
2012;5;5;21;2;6;1;0;0;1;0
2012;5;5;21;3;3;1;0;0;1;1
2012;5;5;21;4;4;1;0;0;1;1
2012;5;5;22;1;3;1;0;0;0;1
2012;5;5;22;1;5;1;0;0;1;0
2012;5;5;22;2;4;1;0;0;0;1
2012;5;5;22;2;6;1;0;0;1;0
2012;5;5;22;3;3;1;0;0;1;1
2012;5;5;22;4;4;1;0;0;1;1
2012;5;5;25;1;3;1;0;0;0;1
2012;5;5;25;1;5;1;0;0;1;0
2012;5;5;25;2;4;1;0;0;0;1
2012;5;5;25;2;6;1;0;0;1;0
2012;5;5;25;3;3;1;0;0;1;1
2012;5;5;25;4;4;1;0;0;1;1
2012;5;5;27;1;3;1;0;0;0;1
2012;5;5;27;1;5;1;0;0;1;0
2012;5;5;27;2;4;1;0;0;0;1
2012;5;5;27;2;6;1;0;0;1;0
2012;5;5;27;3;3;1;0;0;1;1
2012;5;5;27;4;4;1;0;0;1;1
2012;5;5;30;1;3;1;0;0;0;1
2012;5;5;30;1;5;1;0;0;1;0
2012;5;5;30;2;4;1;0;0;0;1
2012;5;5;30;2;6;1;0;0;1;0
2012;5;5;30;3;3;1;0;0;1;1
2012;5;5;30;4;4;1;0;0;1;1
2012;5;5;31;1;3;1;0;0;0;1
2012;5;5;31;1;5;1;0;0;1;0
2012;5;5;31;3;3;1;0;0;1;1
2012;67;67;1;1;1;1;0;0;1;1
2012;67;67;1;1;2;1;0;0;1;1
2012;67;67;1;1;3;1;0;0;1;1
2012;67;67;1;2;1;1;0;0;1;1
2012;67;67;1;2;2;1;0;0;1;1
2012;67;67;1;2;3;1;0;0;1;1
2012;67;67;1;3;1;1;0;0;1;1
2012;67;67;1;3;2;1;0;0;1;1
2012;67;67;1;3;3;1;0;0;1;1
2012;67;67;1;4;1;1;0;0;1;1
2012;67;67;1;4;2;1;0;0;1;1
2012;67;67;1;4;3;1;0;0;1;1
2012;67;67;1;5;1;1;0;0;1;1
2012;67;67;1;5;2;1;0;0;1;1
2012;67;67;1;5;3;1;0;0;1;1
2012;67;67;2;1;1;1;0;0;1;1
2012;67;67;2;1;2;1;0;0;1;1
2012;67;67;2;1;3;1;0;0;1;1
2012;67;67;2;2;1;1;0;0;1;1
2012;67;67;2;2;2;1;0;0;1;1
2012;67;67;2;2;3;1;0;0;1;1
2012;67;67;2;3;1;1;0;0;1;1
2012;67;67;2;3;2;1;0;0;1;1
2012;67;67;2;3;3;1;0;0;1;1
2012;67;67;2;4;1;1;0;0;1;1
2012;67;67;2;4;2;1;0;0;1;1
2012;67;67;2;4;3;1;0;0;1;1
2012;67;67;3;1;1;1;0;0;1;1
2012;67;67;3;1;2;1;0;0;1;1
2012;67;67;3;1;3;1;0;0;1;1
2012;67;67;3;2;1;1;0;0;1;1
2012;67;67;3;2;2;1;0;0;1;1
2012;67;67;3;2;3;1;0;0;1;1
2012;67;67;3;3;1;1;0;0;1;1
2012;67;67;3;3;2;1;0;0;1;1
2012;67;67;3;3;3;1;0;0;1;1
2012;67;67;3;4;1;1;0;0;1;1
2012;67;67;3;4;2;1;0;0;1;1
2012;67;67;3;4;3;1;0;0;1;1
2012;67;67;3;5;1;1;0;0;1;1
2012;67;67;3;5;2;1;0;0;1;1
2012;67;67;3;5;3;1;0;0;1;1
2013;4;3004;101;1;1;1;0;0;1;1
2013;4;3004;301;1;1;1;0;0;1;1
2013;4;3004;302;1;1;1;0;0;1;1
2013;4;3004;303;1;1;1;0;0;1;1
2013;4;3004;304;1;1;1;0;0;1;1
2013;4;3004;305;1;1;1;0;0;1;1
2013;4;3004;306;1;1;1;0;0;1;1
2013;4;3004;306;1;2;1;0;0;1;1
2013;4;3004;307;1;1;1;0;0;1;1
2013;4;3004;308;1;1;1;0;0;1;1
2013;4;3004;604;1;1;1;0;0;1;1
2013;4;3004;606;1;1;1;0;0;1;1
2013;4;3004;609;1;1;1;0;0;1;1
2013;4;3004;610;1;1;1;0;0;1;1
2013;4;3104;1302;1;1;1;0;0;1;1
2013;4;3104;1303;1;1;1;0;0;1;1
2013;4;3604;1401;11;1;1;0;0;1;1
2013;4;3604;1402;21;2;1;0;0;1;1
2013;4;3604;1402;22;3;1;0;0;1;1
2013;4;3604;1403;31;4;1;0;0;1;1
2013;4;3604;1403;32;5;1;0;0;1;1
2013;4;3604;1404;41;6;1;0;0;1;1
2013;4;3604;1404;42;7;1;0;0;1;1
2013;4;3604;1405;51;8;1;0;0;1;1
2013;4;3604;1405;52;9;1;0;0;1;1
2013;4;3604;1406;61;10;1;0;0;1;1
2013;4;3004;1501;1;1;1;0;0;1;1
2013;4;3004;1502;1;1;1;0;0;1;1
2013;5;5;1;1;5;1;0;0;1;1
2013;5;5;3;1;5;1;0;0;1;1
2013;5;5;4;1;5;1;0;0;1;1
2013;5;5;5;1;5;1;0;0;1;1
2013;5;5;7;1;5;1;0;0;1;1
2013;5;5;9;1;5;1;0;0;1;1
2013;5;5;10;1;5;1;0;0;1;1
2013;5;5;11;1;5;1;0;0;1;1
2013;5;5;12;1;5;1;0;0;1;1
2013;5;5;16;1;5;1;0;0;1;1
2013;5;5;19;1;5;1;0;0;1;1
2013;5;5;20;1;5;1;0;0;1;1
2013;5;5;31;1;5;1;0;0;1;1
2013;6;6;512;1;1;1;0;0;1;1
2013;6;6;512;2;1;1;0;0;1;1
2013;6;6;512;3;1;1;0;0;1;1
2013;6;6;512;4;1;1;0;0;1;1
2013;6;6;512;5;1;1;0;0;1;1
2013;6;6;512;6;1;1;0;0;1;1
2013;6;6;512;7;1;1;0;0;1;1
2013;6;6;512;8;1;1;0;0;1;1
2013;6;6;512;9;1;1;0;0;1;1
2013;6;6;512;10;1;1;0;0;1;1
2013;6;6;715;11;1;1;0;0;1;1
2013;6;6;715;12;1;1;0;0;1;1
2013;6;6;715;13;1;1;0;0;1;1
2013;6;6;715;14;1;1;0;0;1;1
2013;6;6;715;15;1;1;0;0;1;1
2013;6;6;715;16;1;1;0;0;1;1
2013;6;6;715;17;1;1;0;0;1;1
2013;6;6;715;18;1;1;0;0;1;1
2013;6;6;715;19;1;1;0;0;1;1
2013;6;6;715;20;1;1;0;0;1;1
2013;6;6;718;21;1;1;0;0;1;1
2013;6;6;718;22;1;1;0;0;1;1
2013;6;6;718;23;1;1;0;0;1;1
2013;6;6;718;24;1;1;0;0;1;1
2013;6;6;718;25;1;1;0;0;1;1
2013;6;6;718;26;1;1;0;0;1;1
2013;6;6;718;27;1;1;0;0;1;1
2013;6;6;718;28;1;1;0;0;1;1
2013;6;6;718;29;1;1;0;0;1;1
2013;6;6;718;30;1;1;0;0;1;1
2013;6;6;919;31;1;1;0;0;1;1
2013;6;6;919;32;1;1;0;0;1;1
2013;6;6;919;33;1;1;0;0;1;1
2013;6;6;919;34;1;1;0;0;1;1
2013;6;6;919;35;1;1;0;0;1;1
2013;6;6;919;36;1;1;0;0;1;1
2013;6;6;919;37;1;1;0;0;1;1
2013;6;6;919;38;1;1;0;0;1;1
2013;6;6;919;39;1;1;0;0;1;1
2013;6;6;919;40;1;1;0;0;1;1
2013;6;6;922;41;1;1;0;0;1;1
2013;6;6;922;42;1;1;0;0;1;1
2013;6;6;922;43;1;1;0;0;1;1
2013;6;6;922;44;1;1;0;0;1;1
2013;6;6;922;45;1;1;0;0;1;1
2013;6;6;922;46;1;1;0;0;1;1
2013;6;6;922;47;1;1;0;0;1;1
2013;6;6;922;48;1;1;0;0;1;1
2013;6;6;922;49;1;1;0;0;1;1
2013;6;6;922;50;1;1;0;0;1;1
2013;50;50;19;1;1;1;0;1;1;1
2013;50;50;19;2;1;1;0;1;1;1
2013;50;50;19;3;1;1;0;1;1;1
2013;50;50;19;4;1;1;0;1;1;1
2013;50;50;19;5;1;1;0;1;1;1
2013;50;50;19;6;1;1;0;1;1;1
2013;50;50;19;7;1;1;0;1;1;1
2013;50;50;19;8;1;1;0;1;1;1
2013;50;50;19;9;1;1;0;1;1;1
2013;50;50;19;10;1;1;0;1;1;1
2013;50;50;19;11;1;1;0;1;1;1
2013;50;50;19;12;1;1;0;1;1;1
2013;50;50;19;13;1;1;0;1;1;1
2013;50;50;19;14;1;1;0;1;1;1
2013;50;50;19;15;1;1;0;1;1;1
2013;50;50;19;16;1;1;0;1;1;1
2013;50;50;19;17;1;1;0;1;1;1
2013;50;50;19;18;1;1;0;1;1;1
2013;50;50;19;19;1;1;0;1;1;1
2013;50;50;19;20;1;1;0;1;1;1
2013;50;50;19;21;1;1;0;1;1;1
2013;50;50;19;22;1;1;0;1;1;1
2013;50;50;19;23;1;1;0;1;1;1
2013;50;50;19;24;1;1;0;1;1;1
2013;51;51;1;1;1;1;0;0;1;1
2013;51;51;1;1;3;1;0;0;1;1
2013;51;51;1;2;2;1;0;0;1;1
2013;51;51;1;2;4;1;0;0;1;1
2013;51;51;3;1;1;1;0;0;1;1
2013;51;51;3;1;3;1;0;0;1;1
2013;51;51;3;2;2;1;0;0;1;1
2013;51;51;3;2;4;1;0;0;1;1
2013;51;51;15;1;1;1;0;0;1;1
2013;51;51;15;1;2;1;0;0;1;1
2013;51;51;16;1;1;1;0;0;1;1
2013;51;51;16;1;2;1;0;0;1;1
2013;51;51;17;1;1;1;0;0;1;1
2013;51;51;17;1;3;1;0;0;1;1
2013;51;51;17;2;2;1;0;0;1;1
2013;51;51;17;2;4;1;0;0;1;1
2013;51;51;18;1;1;1;0;0;1;1
2013;51;51;18;1;3;1;0;0;1;1
2013;51;51;18;2;2;1;0;0;1;1
2013;51;51;18;2;4;1;0;0;1;1
2013;51;51;19;1;1;1;0;0;1;1
2013;51;51;19;1;2;1;0;0;1;1
2013;51;51;20;1;1;1;0;0;1;1
2013;51;51;20;1;2;1;0;0;1;1
2013;52;52;2;1;1;1;1;0;1;1
2013;52;52;3;1;1;1;1;0;1;1
2013;52;52;4;1;1;1;1;0;1;1
2013;52;52;5;1;1;1;1;0;1;1
2013;52;52;6;1;1;1;1;0;1;1
2013;52;52;7;1;1;1;1;0;1;1
2013;52;52;8;1;1;1;1;0;1;1
2013;52;52;9;1;1;1;1;0;1;1
2013;52;52;10;1;1;1;1;0;1;1
2013;52;52;11;1;1;1;1;0;1;1
2013;52;52;12;1;1;1;1;0;1;1
2013;52;52;13;1;1;1;1;0;1;1
2013;53;53;101;1;2;1;0;0;1;1
2013;53;53;102;1;2;1;0;0;1;1
2013;53;53;103;1;2;1;0;0;1;1
2013;53;53;104;1;2;1;0;0;1;1
2013;53;53;105;1;2;1;0;0;1;1
2013;53;53;106;1;2;1;0;0;1;1
2013;53;53;107;1;1;1;0;0;1;0
2013;53;53;107;1;2;1;0;0;1;1
2013;53;53;108;1;1;1;0;0;1;0
2013;53;53;108;1;2;1;0;0;1;1
2013;53;53;109;1;2;1;0;0;1;1
2013;53;53;110;1;2;1;0;0;1;1
2013;53;53;111;1;2;1;0;0;1;1
2013;53;53;112;1;2;1;0;0;1;1
2013;53;53;113;1;2;1;0;0;1;1
2013;53;53;114;1;2;1;0;0;1;1
2013;53;53;115;1;1;1;0;0;1;0
2013;53;53;115;1;2;1;0;0;1;1
2013;53;53;116;1;1;1;0;0;1;0
2013;53;53;116;1;2;1;0;0;1;1
2013;53;53;117;1;2;1;0;0;1;1
2013;53;53;118;1;2;1;0;0;1;1
2013;53;53;119;1;2;1;0;0;1;1
2013;53;53;120;1;2;1;0;0;1;1
2013;53;53;121;1;1;1;0;0;1;0
2013;53;53;121;1;2;1;0;0;1;1
2013;53;53;122;1;2;1;0;0;1;1
2013;53;53;123;1;2;1;0;0;1;1
2013;53;53;201;1;1;1;0;0;1;0
2013;53;53;201;1;2;1;0;0;1;1
2013;53;53;202;1;2;1;0;0;1;1
2013;53;53;203;1;2;1;0;0;1;1
2013;53;53;204;1;2;1;0;0;1;1
2013;53;53;205;1;2;1;0;0;1;1
2013;53;53;206;1;2;1;0;0;1;1
2013;53;53;207;1;2;1;0;0;1;1
2013;53;53;208;1;2;1;0;0;1;1
2013;53;53;209;1;1;1;0;0;1;0
2013;53;53;209;1;2;1;0;0;1;1
2013;53;53;210;1;2;1;0;0;1;1
2013;53;53;211;1;2;1;0;0;1;1
2013;53;53;212;1;2;1;0;0;1;1
2013;53;53;213;1;2;1;0;0;1;1
2013;53;53;214;1;2;1;0;0;1;1
2013;53;53;215;1;2;1;0;0;1;1
2013;53;53;301;1;1;1;0;0;1;0
2013;53;53;301;1;2;1;0;0;1;1
2013;53;53;302;1;2;1;0;0;1;1
2013;53;53;303;1;2;1;0;0;1;1
2013;53;53;304;1;2;1;0;0;1;1
2013;53;53;305;1;2;1;0;0;1;1
2013;53;53;306;1;2;1;0;0;1;1
2013;53;53;307;1;2;1;0;0;1;1
2013;53;53;309;1;2;1;0;0;1;1
2013;53;53;310;1;2;1;0;0;1;1
2013;53;53;311;1;2;1;0;0;1;1
2013;53;53;312;1;2;1;0;0;1;1
2013;53;53;313;1;2;1;0;0;1;1
2013;53;53;314;1;2;1;0;0;1;1
2013;53;53;315;1;2;1;0;0;1;1
2013;53;53;316;1;2;1;0;0;1;1
2013;53;53;317;1;1;1;0;0;1;0
2013;53;53;317;1;2;1;0;0;1;1
2013;53;53;318;1;2;1;0;0;1;1
2013;53;53;319;1;2;1;0;0;1;1
2013;53;53;320;1;2;1;0;0;1;1
2013;53;53;321;1;2;1;0;0;1;1
2013;53;53;322;1;1;1;0;0;1;0
2013;53;53;322;1;2;1;0;0;1;1
2013;53;53;323;1;2;1;0;0;1;1
2013;53;53;324;1;2;1;0;0;1;1
2013;53;53;325;1;2;1;0;0;1;1
2013;53;53;326;1;1;1;0;0;1;0
2013;53;53;326;1;2;1;0;0;1;1
2013;53;53;401;1;2;1;0;0;1;1
2013;53;53;402;1;2;1;0;0;1;1
2013;53;53;403;1;2;1;0;0;1;1
2013;53;53;405;1;2;1;0;0;1;1
2013;53;53;406;1;2;1;0;0;1;1
2013;53;53;407;1;2;1;0;0;1;1
2013;53;53;410;1;2;1;0;0;1;1
2013;53;53;411;1;2;1;0;0;1;1
2013;53;53;412;1;1;1;0;0;1;0
2013;53;53;412;1;2;1;0;0;1;1
2013;53;53;413;1;2;1;0;0;1;1
2013;53;53;414;1;1;1;0;0;1;0
2013;53;53;414;1;2;1;0;0;1;1
2013;53;53;415;1;2;1;0;0;1;1
2013;53;53;416;1;2;1;0;0;1;1
2013;53;53;417;1;2;1;0;0;1;1
2013;53;53;418;1;2;1;0;0;1;1
2013;53;53;501;1;2;1;0;0;1;1
2013;53;53;502;1;2;1;0;0;1;1
2013;53;53;503;1;1;1;0;0;1;0
2013;53;53;503;1;2;1;0;0;1;1
2013;53;53;504;1;2;1;0;0;1;1
2013;53;53;505;1;2;1;0;0;1;1
2013;53;53;506;1;2;1;0;0;1;1
2013;53;53;507;1;2;1;0;0;1;1
2013;53;53;508;1;2;1;0;0;1;1
2013;53;53;509;1;2;1;0;0;1;1
2013;53;53;510;1;1;1;0;0;1;0
2013;53;53;510;1;2;1;0;0;1;1
2013;53;53;511;1;1;1;0;0;1;0
2013;53;53;511;1;2;1;0;0;1;1
2013;53;53;512;1;2;1;0;0;1;1
2013;53;53;513;1;2;1;0;0;1;1
2013;53;53;514;1;2;1;0;0;1;1
2013;53;53;515;1;1;1;0;0;1;0
2013;53;53;515;1;2;1;0;0;1;1
2013;53;53;516;1;2;1;0;0;1;1
2013;53;53;601;1;2;1;0;0;1;1
2013;53;53;602;1;1;1;0;0;1;0
2013;53;53;602;1;2;1;0;0;1;1
2013;53;53;603;1;2;1;0;0;1;1
2013;53;53;604;1;2;1;0;0;1;1
2013;53;53;605;1;2;1;0;0;1;1
2013;53;53;606;1;2;1;0;0;1;1
2013;53;53;607;1;2;1;0;0;1;1
2013;53;53;608;1;2;1;0;0;1;1
2013;53;53;609;1;2;1;0;0;1;1
2013;53;53;610;1;2;1;0;0;1;1
2013;53;53;611;1;2;1;0;0;1;1
2013;53;53;612;1;1;1;0;0;1;0
2013;53;53;612;1;2;1;0;0;1;1
2013;53;53;613;1;2;1;0;0;1;1
2013;53;53;614;1;2;1;0;0;1;1
2013;53;53;615;1;2;1;0;0;1;1
2013;53;53;616;1;2;1;0;0;1;1
2013;53;53;617;1;2;1;0;0;1;1
2013;53;53;618;1;2;1;0;0;1;1
2013;53;53;619;1;2;1;0;0;1;1
2013;53;53;620;1;1;1;0;0;1;0
2013;53;53;620;1;2;1;0;0;1;1
2013;53;53;621;1;2;1;0;0;1;1
2013;53;53;622;1;2;1;0;0;1;1
2013;53;53;623;1;2;1;0;0;1;1
2013;53;53;624;1;2;1;0;0;1;1
2013;53;53;625;1;2;1;0;0;1;1
2013;53;53;626;1;2;1;0;0;1;1
2013;53;53;627;1;2;1;0;0;1;1
2013;53;53;701;1;2;1;0;0;1;1
2013;53;53;702;1;2;1;0;0;1;1
2013;53;53;703;1;1;1;0;0;1;0
2013;53;53;703;1;2;1;0;0;1;1
2013;53;53;704;1;1;1;0;0;1;0
2013;53;53;704;1;2;1;0;0;1;1
2013;53;53;705;1;2;1;0;0;1;1
2013;53;53;706;1;2;1;0;0;1;1
2013;53;53;707;1;2;1;0;0;1;1
2013;53;53;708;1;2;1;0;0;1;1
2013;53;53;801;1;2;1;0;0;1;1
2013;53;53;802;1;2;1;0;0;1;1
2013;53;53;803;1;1;1;0;0;1;0
2013;53;53;803;1;2;1;0;0;1;1
2013;53;53;804;1;1;1;0;0;1;0
2013;53;53;804;1;2;1;0;0;1;1
2013;53;53;805;1;2;1;0;0;1;1
2013;53;53;806;1;2;1;0;0;1;1
2013;53;53;807;1;2;1;0;0;1;1
2013;53;53;808;1;1;1;0;0;1;0
2013;53;53;808;1;2;1;0;0;1;1
2013;53;53;809;1;2;1;0;0;1;1
2013;53;53;810;1;2;1;0;0;1;1
2013;53;53;811;1;2;1;0;0;1;1
2013;53;53;812;1;1;1;0;0;1;0
2013;53;53;812;1;2;1;0;0;1;1
2013;53;53;813;1;2;1;0;0;1;1
2013;53;53;814;1;2;1;0;0;1;1
2013;53;53;815;1;2;1;0;0;1;1
2013;53;53;816;1;2;1;0;0;1;1
2013;53;53;817;1;2;1;0;0;1;1
2013;53;53;818;1;2;1;0;0;1;1
2013;53;53;819;1;2;1;0;0;1;1
2013;55;55;1;2013;6;1;0;0;1;1
2013;67;67;1;1;1;1;0;0;1;1
2013;67;67;1;1;2;1;0;0;1;1
2013;67;67;1;1;3;1;0;0;1;1
2013;67;67;1;2;1;1;0;0;1;1
2013;67;67;1;2;2;1;0;0;1;1
2013;67;67;1;2;3;1;0;0;1;1
2013;67;67;1;3;1;1;0;0;1;1
2013;67;67;1;3;2;1;0;0;1;1
2013;67;67;1;3;3;1;0;0;1;1
2013;67;67;1;4;1;1;0;0;1;1
2013;67;67;1;4;2;1;0;0;1;1
2013;67;67;1;4;3;1;0;0;1;1
2013;67;67;1;5;1;1;0;0;1;1
2013;67;67;1;5;2;1;0;0;1;1
2013;67;67;1;5;3;1;0;0;1;1
2013;67;67;2;1;1;1;0;0;1;1
2013;67;67;2;1;2;1;0;0;1;1
2013;67;67;2;1;3;1;0;0;1;1
2013;67;67;2;2;1;1;0;0;1;1
2013;67;67;2;2;2;1;0;0;1;1
2013;67;67;2;2;3;1;0;0;1;1
2013;67;67;2;3;1;1;0;0;1;1
2013;67;67;2;3;2;1;0;0;1;1
2013;67;67;2;3;3;1;0;0;1;1
2013;67;67;2;4;1;1;0;0;1;1
2013;67;67;2;4;2;1;0;0;1;1
2013;67;67;2;4;3;1;0;0;1;1
2013;67;67;3;1;1;1;0;0;1;1
2013;67;67;3;1;2;1;0;0;1;1
2013;67;67;3;1;3;1;0;0;1;1
2013;67;67;3;2;1;1;0;0;1;1
2013;67;67;3;2;2;1;0;0;1;1
2013;67;67;3;2;3;1;0;0;1;1
2013;67;67;3;3;1;1;0;0;1;1
2013;67;67;3;3;2;1;0;0;1;1
2013;67;67;3;3;3;1;0;0;1;1
2013;67;67;3;4;1;1;0;0;1;1
2013;67;67;3;4;2;1;0;0;1;1
2013;67;67;3;4;3;1;0;0;1;1
2013;67;67;3;5;1;1;0;0;1;1
2013;67;67;3;5;2;1;0;0;1;1
2013;67;67;3;5;3;1;0;0;1;1
2013;67;67;4;1;2;1;0;0;1;1
2013;67;67;4;1;3;1;0;0;1;1
2013;67;67;4;2;2;1;0;0;1;1
2013;67;67;4;2;3;1;0;0;1;1
2013;67;67;4;3;2;1;0;0;1;1
2013;67;67;4;3;3;1;0;0;1;1
2013;67;67;4;4;2;1;0;0;1;1
2013;67;67;4;4;3;1;0;0;1;1
2013;67;67;5;1;3;1;0;0;1;1
2013;67;67;5;2;3;1;0;0;1;1
2013;67;67;5;3;3;1;0;0;1;1
2013;67;67;5;4;3;1;0;0;1;1
2014;4;3004;101;1;1;1;0;0;1;1
2014;4;3004;301;1;1;1;0;0;1;1
2014;4;3004;302;1;1;1;0;0;1;1
2014;4;3004;303;1;1;1;0;0;1;1
2014;4;3004;304;1;1;1;0;0;1;1
2014;4;3004;305;1;1;1;0;0;1;1
2014;4;3004;306;1;1;1;0;0;1;1
2014;4;3004;306;1;2;1;0;0;1;1
2014;4;3004;307;1;1;1;0;0;1;1
2014;4;3004;308;1;1;1;0;0;1;1
2014;4;3004;604;1;1;1;0;0;1;1
2014;4;3004;606;1;1;1;0;0;1;1
2014;4;3004;609;1;1;1;0;0;1;1
2014;4;3104;1302;1;1;1;0;0;1;1
2014;4;3104;1303;1;1;1;0;0;1;1
2014;4;3604;1401;10;1;1;0;0;1;1
2014;4;3604;1401;11;1;1;0;0;1;1
2014;4;3604;1402;20;1;1;0;0;1;1
2014;4;3604;1402;21;1;1;0;0;1;1
2014;4;3604;1402;26;1;1;0;0;1;1
2014;4;3604;1403;30;1;1;0;0;1;1
2014;4;3604;1403;31;1;1;0;0;1;1
2014;4;3604;1403;36;1;1;0;0;1;1
2014;4;3604;1404;40;1;1;0;0;1;1
2014;4;3604;1404;41;1;1;0;0;1;1
2014;4;3604;1404;46;1;1;0;0;1;1
2014;4;3604;1405;50;1;1;0;0;1;1
2014;4;3604;1405;51;1;1;0;0;1;1
2014;4;3604;1405;56;1;1;0;0;1;1
2014;4;3604;1406;60;1;1;0;0;1;1
2014;4;3604;1406;61;1;1;0;0;1;1
2014;4;3004;1501;1;1;1;0;0;1;1
2014;4;3004;1502;1;1;1;0;0;1;1
2014;5;5;1;1;5;1;0;0;1;1
2014;5;5;3;1;5;1;0;0;1;1
2014;5;5;4;1;5;1;0;0;1;1
2014;5;5;5;1;5;1;0;0;1;1
2014;5;5;7;1;5;1;0;0;1;1
2014;5;5;9;1;5;1;0;0;1;1
2014;5;5;10;1;5;1;0;0;1;1
2014;5;5;11;1;5;1;0;0;1;1
2014;5;5;12;1;5;1;0;0;1;1
2014;5;5;16;1;5;1;0;0;1;1
2014;5;5;19;1;5;1;0;0;1;1
2014;5;5;20;1;5;1;0;0;1;1
2014;5;5;31;1;5;1;0;0;1;1
2014;15;15;1;2;4;1;0;0;1;1
2014;15;15;3;2;8;1;0;0;1;1
2014;15;15;5;3;4;1;0;0;1;1
2014;15;15;6;2;4;1;0;0;1;1
2014;15;15;10;3;4;1;0;0;1;1
2014;15;15;11;2;4;1;0;0;1;1
2014;15;15;12;3;8;1;0;0;1;1
2014;15;15;13;2;8;1;0;0;1;1
2014;15;15;16;1;4;1;0;0;1;1
2014;15;15;17;1;4;1;0;0;1;1
2014;15;15;19;1;4;1;0;0;1;1
2014;15;15;20;1;4;1;0;0;1;1
2014;15;15;21;2;4;1;0;0;1;1
2014;15;15;34;2;2;1;0;0;1;1
2014;15;15;35;3;2;1;0;0;1;1
2014;53;53;107;1;1;1;0;0;1;1
2014;53;53;108;1;1;1;0;0;1;1
2014;53;53;115;1;1;1;0;0;1;1
2014;53;53;116;1;1;1;0;0;1;1
2014;53;53;121;1;1;1;0;0;1;1
2014;53;53;201;1;1;1;0;0;1;1
2014;53;53;209;1;1;1;0;0;1;1
2014;53;53;301;1;1;1;0;0;1;1
2014;53;53;317;1;1;1;0;0;1;1
2014;53;53;322;1;1;1;0;0;1;1
2014;53;53;326;1;1;1;0;0;1;1
2014;53;53;412;1;1;1;0;0;1;1
2014;53;53;414;1;1;1;0;0;1;1
2014;53;53;503;1;1;1;0;0;1;1
2014;53;53;510;1;1;1;0;0;1;1
2014;53;53;511;1;1;1;0;0;1;1
2014;53;53;515;1;1;1;0;0;1;1
2014;53;53;602;1;1;1;0;0;1;1
2014;53;53;612;1;1;1;0;0;1;1
2014;53;53;620;1;1;1;0;0;1;1
2014;53;53;703;1;1;1;0;0;1;1
2014;53;53;704;1;1;1;0;0;1;1
2014;53;53;803;1;1;1;0;0;1;1
2014;53;53;804;1;1;1;0;0;1;1
2014;53;53;808;1;1;1;0;0;1;1
2014;53;53;812;1;1;1;0;0;1;1
2014;54;54;201;1;1;1;0;0;1;1
2014;54;54;203;1;1;1;0;0;1;1
2014;54;54;204;1;1;1;0;0;1;1
2014;54;54;204;2;1;1;0;0;1;1
2014;54;54;206;1;1;1;0;0;1;1
2014;54;54;207;1;1;1;0;0;1;1
2014;54;54;208;1;1;1;0;0;1;1
2014;54;54;210;1;1;1;0;0;1;1
2014;54;54;211;1;1;1;0;0;1;1
2014;54;54;212;1;1;1;0;0;1;1
2014;58;58;521;1;1;1;0;0;1;1
2014;58;58;541;1;1;1;0;0;1;1
2014;58;58;561;1;1;1;0;0;1;1
2014;58;58;2015;1;1;1;0;0;1;1
2014;58;58;2061;1;1;1;0;0;1;1
2014;58;58;2102;1;1;1;0;0;1;1
2014;58;58;2103;1;1;1;0;0;1;1
2014;58;58;2151;1;1;1;0;0;1;1
2014;58;58;2161;1;1;1;0;0;1;1
2014;58;58;2163;1;1;1;0;0;1;1
2014;58;58;2181;1;1;1;0;0;1;1
2014;58;58;2211;1;1;1;0;0;1;1
2014;58;58;2251;1;1;1;0;0;1;1
2014;58;58;2341;1;1;1;0;0;1;1
2014;58;58;2361;1;1;1;0;0;1;1
2014;58;58;2401;1;1;1;0;0;1;1
2014;59;59;1;11;1;1;0;0;1;1
2014;59;59;1;12;2;1;0;0;1;1
2014;59;59;1;13;3;1;0;0;1;1
2014;59;59;1;14;4;1;0;0;1;1
2014;59;59;2;21;1;1;0;0;1;1
2014;59;59;2;22;2;1;0;0;1;1
2014;59;59;2;23;3;1;0;0;1;1
2014;59;59;2;24;4;1;0;0;1;1
2014;59;59;3;31;1;1;0;0;1;1
2014;59;59;3;32;2;1;0;0;1;1
2014;59;59;3;33;3;1;0;0;1;1
2014;59;59;3;34;4;1;0;0;1;1
2014;59;59;7;71;1;1;0;0;1;1
2014;59;59;7;72;2;1;0;0;1;1
2014;59;59;7;73;3;1;0;0;1;1
2014;59;59;7;74;4;1;0;0;1;1
2014;59;59;8;81;1;1;0;0;1;1
2014;59;59;8;82;2;1;0;0;1;1
2014;59;59;8;83;3;1;0;0;1;1
2014;59;59;8;84;4;1;0;0;1;1
2014;59;59;9;91;1;1;0;0;1;1
2014;59;59;9;92;2;1;0;0;1;1
2014;59;59;9;93;3;1;0;0;1;1
2014;59;59;9;94;4;1;0;0;1;1
2014;60;60;2;1;1;1;0;0;1;1
2014;60;60;2;2;1;1;0;0;1;1
2014;60;60;4;1;1;1;0;0;1;1
2014;60;60;4;2;1;1;0;0;1;1
2014;60;60;5;1;1;1;0;0;1;1
2014;60;60;5;2;1;1;0;0;1;1
2014;60;60;6;2;1;1;0;0;1;1
2014;60;60;12;2;1;1;0;0;1;1
2014;63;63;1;1;1;1;0;1;1;1
2014;63;63;3;1;1;1;0;1;1;1
2014;63;63;4;1;1;1;0;1;1;1
2014;64;64;5;1;1;1;0;0;1;1
2014;64;64;5;1;2;1;0;0;0;1
2014;64;64;5;1;3;1;0;0;0;1
2014;64;64;5;1;4;1;0;0;0;1
2014;64;64;5;2;2;1;0;0;1;0
2014;64;64;5;3;3;1;0;0;1;0
2014;64;64;5;4;4;1;0;0;1;0
2014;67;67;1;1;1;1;0;0;1;1
2014;67;67;1;1;2;1;0;0;1;1
2014;67;67;1;1;3;1;0;0;1;1
2014;67;67;1;2;1;1;0;0;1;1
2014;67;67;1;2;2;1;0;0;1;1
2014;67;67;1;2;3;1;0;0;1;1
2014;67;67;1;3;1;1;0;0;1;1
2014;67;67;1;3;2;1;0;0;1;1
2014;67;67;1;3;3;1;0;0;1;1
2014;67;67;1;4;1;1;0;0;1;1
2014;67;67;1;4;2;1;0;0;1;1
2014;67;67;1;4;3;1;0;0;1;1
2014;67;67;1;5;1;1;0;0;1;1
2014;67;67;1;5;2;1;0;0;1;1
2014;67;67;1;5;3;1;0;0;1;1
2014;67;67;2;1;1;1;0;0;1;1
2014;67;67;2;1;2;1;0;0;1;1
2014;67;67;2;1;3;1;0;0;1;1
2014;67;67;2;2;1;1;0;0;1;1
2014;67;67;2;2;2;1;0;0;1;1
2014;67;67;2;2;3;1;0;0;1;1
2014;67;67;2;3;1;1;0;0;1;1
2014;67;67;2;3;2;1;0;0;1;1
2014;67;67;2;3;3;1;0;0;1;1
2014;67;67;2;4;1;1;0;0;1;1
2014;67;67;2;4;2;1;0;0;1;1
2014;67;67;2;4;3;1;0;0;1;1
2014;67;67;3;1;1;1;0;0;1;1
2014;67;67;3;1;2;1;0;0;1;1
2014;67;67;3;1;3;1;0;0;1;1
2014;67;67;3;2;1;1;0;0;1;1
2014;67;67;3;2;2;1;0;0;1;1
2014;67;67;3;2;3;1;0;0;1;1
2014;67;67;3;3;1;1;0;0;1;1
2014;67;67;3;3;2;1;0;0;1;1
2014;67;67;3;3;3;1;0;0;1;1
2014;67;67;3;4;1;1;0;0;1;1
2014;67;67;3;4;2;1;0;0;1;1
2014;67;67;3;4;3;1;0;0;1;1
2014;67;67;3;5;1;1;0;0;1;1
2014;67;67;3;5;2;1;0;0;1;1
2014;67;67;3;5;3;1;0;0;1;1
2014;67;67;4;1;1;1;0;0;1;1
2014;67;67;4;1;2;1;0;0;1;1
2014;67;67;4;1;3;1;0;0;1;1
2014;67;67;4;2;1;1;0;0;1;1
2014;67;67;4;2;2;1;0;0;1;1
2014;67;67;4;2;3;1;0;0;1;1
2014;67;67;4;3;1;1;0;0;1;1
2014;67;67;4;3;2;1;0;0;1;1
2014;67;67;4;3;3;1;0;0;1;1
2014;67;67;4;4;1;1;0;0;1;1
2014;67;67;4;4;2;1;0;0;1;1
2014;67;67;4;4;3;1;0;0;1;1
2014;67;67;5;1;1;1;0;0;1;1
2014;67;67;5;1;2;1;0;0;1;1
2014;67;67;5;1;3;1;0;0;1;1
2014;67;67;5;2;1;1;0;0;1;1
2014;67;67;5;2;2;1;0;0;1;1
2014;67;67;5;2;3;1;0;0;1;1
2014;67;67;5;3;1;1;0;0;1;1
2014;67;67;5;3;2;1;0;0;1;1
2014;67;67;5;3;3;1;0;0;1;1
2014;67;67;5;4;1;1;0;0;1;1
2014;67;67;5;4;2;1;0;0;1;1
2014;67;67;5;4;3;1;0;0;1;1
2015;1;1;1;1;1;1;0;0;1;1
2015;1;1;1;1;2;1;0;0;1;1
2015;1;1;1;2;1;1;0;0;1;1
2015;1;1;1;2;2;1;0;0;1;1
2015;1;1;1;3;1;1;0;0;1;1
2015;1;1;1;3;2;1;0;0;1;1
2015;1;1;1;4;1;1;0;0;1;1
2015;1;1;1;4;2;1;0;0;1;1
2015;1;1;1;5;1;1;0;0;1;1
2015;1;1;1;5;2;1;0;0;1;1
2015;1;1;1;6;1;1;0;0;1;1
2015;1;1;1;6;2;1;0;0;1;1
2015;1;1;1;7;1;1;0;0;1;1
2015;1;1;1;7;2;1;0;0;1;1
2015;1;1;1;8;1;1;0;0;1;1
2015;1;1;1;8;2;1;0;0;1;1
2015;1;1;2;1;1;1;0;0;1;1
2015;1;1;2;1;2;1;0;0;1;1
2015;1;1;2;2;1;1;0;0;1;1
2015;1;1;2;2;2;1;0;0;1;1
2015;1;1;2;3;1;1;0;0;1;1
2015;1;1;2;3;2;1;0;0;1;1
2015;1;1;2;4;1;1;0;0;1;1
2015;1;1;2;4;2;1;0;0;1;1
2015;1;1;2;5;1;1;0;0;1;1
2015;1;1;2;5;2;1;0;0;1;1
2015;1;1;2;6;1;1;0;0;1;1
2015;1;1;2;6;2;1;0;0;1;1
2015;1;1;2;7;1;1;0;0;1;1
2015;1;1;2;7;2;1;0;0;1;1
2015;1;1;2;8;1;1;0;0;1;1
2015;1;1;2;8;2;1;0;0;1;1
2015;1;1;3;1;1;1;0;0;1;1
2015;1;1;3;1;2;1;0;0;1;1
2015;1;1;3;2;1;1;0;0;1;1
2015;1;1;3;2;2;1;0;0;1;1
2015;1;1;3;3;1;1;0;0;1;1
2015;1;1;3;3;2;1;0;0;1;1
2015;1;1;3;4;1;1;0;0;1;1
2015;1;1;3;4;2;1;0;0;1;1
2015;1;1;3;5;1;1;0;0;1;1
2015;1;1;3;5;2;1;0;0;1;1
2015;1;1;3;6;1;1;0;0;1;1
2015;1;1;3;6;2;1;0;0;1;1
2015;1;1;3;7;1;1;0;0;1;1
2015;1;1;3;7;2;1;0;0;1;1
2015;1;1;3;8;1;1;0;0;1;1
2015;1;1;3;8;2;1;0;0;1;1
2015;1;1;4;1;1;1;0;0;1;1
2015;1;1;4;1;2;1;0;0;1;1
2015;1;1;4;2;1;1;0;0;1;1
2015;1;1;4;2;2;1;0;0;1;1
2015;1;1;4;3;1;1;0;0;1;0
2015;1;1;4;3;2;1;0;0;1;1
2015;1;1;4;4;1;1;0;0;1;1
2015;1;1;4;4;2;1;0;0;1;1
2015;1;1;4;5;1;1;0;0;1;1
2015;1;1;4;5;2;1;0;0;1;1
2015;1;1;4;6;1;1;0;0;1;1
2015;1;1;4;6;2;1;0;0;1;1
2015;1;1;4;7;1;1;0;0;1;1
2015;1;1;4;7;2;1;0;0;1;1
2015;1;1;4;8;1;1;0;0;1;1
2015;1;1;4;8;2;1;0;0;1;1
2015;1;1;5;1;1;1;0;0;1;1
2015;1;1;5;1;2;1;0;0;1;1
2015;1;1;5;2;1;1;0;0;1;1
2015;1;1;5;2;2;1;0;0;1;1
2015;1;1;5;3;1;1;0;0;1;1
2015;1;1;5;3;2;1;0;0;1;1
2015;1;1;5;4;1;1;0;0;1;1
2015;1;1;5;4;2;1;0;0;1;1
2015;1;1;5;5;1;1;0;0;1;1
2015;1;1;5;5;2;1;0;0;1;1
2015;1;1;5;6;1;1;0;0;1;1
2015;1;1;5;6;2;1;0;0;1;1
2015;1;1;5;7;1;1;0;0;1;1
2015;1;1;5;7;2;1;0;0;1;1
2015;1;1;5;8;1;1;0;0;1;1
2015;1;1;5;8;2;1;0;0;1;1
2015;1;1;6;1;1;1;0;0;1;1
2015;1;1;6;1;2;1;0;0;1;1
2015;1;1;6;2;1;1;0;0;1;1
2015;1;1;6;2;2;1;0;0;1;1
2015;1;1;6;3;1;1;0;0;1;1
2015;1;1;6;3;2;1;0;0;1;1
2015;1;1;6;4;1;1;0;0;1;1
2015;1;1;6;4;2;1;0;0;1;1
2015;1;1;6;5;1;1;0;0;1;1
2015;1;1;6;5;2;1;0;0;1;1
2015;1;1;6;6;1;1;0;0;1;1
2015;1;1;6;6;2;1;0;0;1;1
2015;1;1;6;7;1;1;0;0;1;1
2015;1;1;6;7;2;1;0;0;1;1
2015;1;1;6;8;1;1;0;0;1;1
2015;1;1;6;8;2;1;0;0;1;1
2015;1;1;7;1;1;1;0;0;1;1
2015;1;1;7;1;2;1;0;0;1;1
2015;1;1;7;2;1;1;0;0;1;1
2015;1;1;7;2;2;1;0;0;1;1
2015;1;1;7;3;1;1;0;0;1;1
2015;1;1;7;3;2;1;0;0;1;1
2015;1;1;7;4;1;1;0;0;1;1
2015;1;1;7;4;2;1;0;0;1;1
2015;1;1;7;5;1;1;0;0;1;1
2015;1;1;7;5;2;1;0;0;1;1
2015;1;1;7;6;1;1;0;0;1;1
2015;1;1;7;6;2;1;0;0;1;1
2015;1;1;7;7;1;1;0;0;1;1
2015;1;1;7;7;2;1;0;0;1;1
2015;1;1;7;8;1;1;0;0;1;1
2015;1;1;7;8;2;1;0;0;1;1
2015;1;1;8;1;1;1;0;0;1;1
2015;1;1;8;1;2;1;0;0;1;1
2015;1;1;8;1;5;1;0;0;1;1
2015;1;1;8;1;6;1;0;0;1;1
2015;1;1;8;2;1;1;0;0;1;1
2015;1;1;8;2;2;1;0;0;1;1
2015;1;1;8;2;5;1;0;0;1;1
2015;1;1;8;2;6;1;0;0;1;1
2015;1;1;8;3;1;1;0;0;1;1
2015;1;1;8;3;2;1;0;0;1;1
2015;1;1;8;3;5;1;0;0;1;1
2015;1;1;8;3;6;1;0;0;1;1
2015;1;1;8;4;1;1;0;0;1;1
2015;1;1;8;4;2;1;0;0;1;1
2015;1;1;8;4;5;1;0;0;1;1
2015;1;1;8;4;6;1;0;0;1;1
2015;1;1;8;5;1;1;0;0;1;1
2015;1;1;8;5;2;1;0;0;1;1
2015;1;1;8;5;5;1;0;0;1;1
2015;1;1;8;5;6;1;0;0;1;1
2015;1;1;8;6;1;1;0;0;1;1
2015;1;1;8;6;2;1;0;0;1;1
2015;1;1;8;6;5;1;0;0;1;1
2015;1;1;8;6;6;1;0;0;1;1
2015;1;1;8;7;1;1;0;0;1;1
2015;1;1;8;7;2;1;0;0;1;1
2015;1;1;8;7;5;1;0;0;1;1
2015;1;1;8;7;6;1;0;0;1;1
2015;1;1;8;8;1;1;0;0;1;1
2015;1;1;8;8;2;1;0;0;1;1
2015;1;1;8;8;5;1;0;0;1;1
2015;1;1;8;8;6;1;0;0;1;1
2015;1;1;9;1;1;1;0;0;1;1
2015;1;1;9;1;2;1;0;0;1;1
2015;1;1;9;2;1;1;0;0;1;1
2015;1;1;9;2;2;1;0;0;1;1
2015;1;1;9;3;1;1;0;0;1;1
2015;1;1;9;3;2;1;0;0;1;1
2015;1;1;9;4;1;1;0;0;1;1
2015;1;1;9;4;2;1;0;0;1;1
2015;1;1;9;5;1;1;0;0;1;1
2015;1;1;9;5;2;1;0;0;1;1
2015;1;1;9;6;1;1;0;0;1;1
2015;1;1;9;6;2;1;0;0;1;1
2015;1;1;9;7;1;1;0;0;1;1
2015;1;1;9;7;2;1;0;0;1;1
2015;1;1;9;8;1;1;0;0;1;1
2015;1;1;9;8;2;1;0;0;1;1
2015;1;1;10;1;1;1;0;0;1;1
2015;1;1;10;1;2;1;0;0;1;1
2015;1;1;10;1;5;1;0;0;1;1
2015;1;1;10;1;6;1;0;0;1;1
2015;1;1;10;2;1;1;0;0;1;1
2015;1;1;10;2;2;1;0;0;1;1
2015;1;1;10;2;5;1;0;0;1;1
2015;1;1;10;2;6;1;0;0;1;1
2015;1;1;10;3;1;1;0;0;1;1
2015;1;1;10;3;2;1;0;0;1;1
2015;1;1;10;3;5;1;0;0;1;1
2015;1;1;10;3;6;1;0;0;1;1
2015;1;1;10;4;1;1;0;0;1;1
2015;1;1;10;4;2;1;0;0;1;1
2015;1;1;10;4;5;1;0;0;1;1
2015;1;1;10;4;6;1;0;0;1;1
2015;1;1;10;5;1;1;0;0;1;0
2015;1;1;10;5;2;1;0;0;1;1
2015;1;1;10;5;5;1;0;0;1;0
2015;1;1;10;5;6;1;0;0;1;1
2015;1;1;10;6;1;1;0;0;1;1
2015;1;1;10;6;2;1;0;0;1;1
2015;1;1;10;6;5;1;0;0;1;1
2015;1;1;10;6;6;1;0;0;1;1
2015;1;1;10;7;1;1;0;0;1;1
2015;1;1;10;7;2;1;0;0;1;1
2015;1;1;10;7;5;1;0;0;1;1
2015;1;1;10;7;6;1;0;0;1;1
2015;1;1;10;8;1;1;0;0;1;1
2015;1;1;10;8;2;1;0;0;1;1
2015;1;1;10;8;5;1;0;0;1;1
2015;1;1;10;8;6;1;0;0;1;1
2015;1;1;11;1;1;1;0;0;1;1
2015;1;1;11;1;2;1;0;0;1;1
2015;1;1;11;2;1;1;0;0;1;1
2015;1;1;11;2;2;1;0;0;1;1
2015;1;1;11;3;1;1;0;0;1;1
2015;1;1;11;3;2;1;0;0;1;1
2015;1;1;11;4;1;1;0;0;1;1
2015;1;1;11;4;2;1;0;0;1;1
2015;1;1;11;5;1;1;0;0;1;1
2015;1;1;11;5;2;1;0;0;1;1
2015;1;1;11;6;1;1;0;0;1;1
2015;1;1;11;6;2;1;0;0;1;1
2015;1;1;11;7;1;1;0;0;1;1
2015;1;1;11;7;2;1;0;0;1;1
2015;1;1;11;8;1;1;0;0;1;1
2015;1;1;11;8;2;1;0;0;1;1
2015;1;1;12;1;1;1;0;0;1;1
2015;1;1;12;1;2;1;0;0;1;1
2015;1;1;12;2;1;1;0;0;1;1
2015;1;1;12;2;2;1;0;0;1;1
2015;1;1;12;3;1;1;0;0;1;1
2015;1;1;12;3;2;1;0;0;1;1
2015;1;1;12;4;1;1;0;0;1;1
2015;1;1;12;4;2;1;0;0;1;1
2015;1;1;12;5;1;1;0;0;1;1
2015;1;1;12;5;2;1;0;0;1;1
2015;1;1;12;6;1;1;0;0;1;1
2015;1;1;12;6;2;1;0;0;1;1
2015;1;1;12;7;1;1;0;0;1;1
2015;1;1;12;7;2;1;0;0;1;1
2015;1;1;12;8;1;1;0;0;1;1
2015;1;1;12;8;2;1;0;0;1;1
2015;1;1;13;1;1;1;0;0;1;1
2015;1;1;13;1;2;1;0;0;1;1
2015;1;1;13;2;1;1;0;0;1;1
2015;1;1;13;2;2;1;0;0;1;1
2015;1;1;13;3;1;1;0;0;1;1
2015;1;1;13;3;2;1;0;0;1;1
2015;1;1;13;4;1;1;0;0;1;1
2015;1;1;13;4;2;1;0;0;1;1
2015;1;1;13;5;1;1;0;0;1;1
2015;1;1;13;5;2;1;0;0;1;1
2015;1;1;13;6;1;1;0;0;1;1
2015;1;1;13;6;2;1;0;0;1;1
2015;1;1;13;7;1;1;0;0;1;1
2015;1;1;13;7;2;1;0;0;1;1
2015;1;1;13;8;1;1;0;0;1;1
2015;1;1;13;8;2;1;0;0;1;1
2015;1;1;14;1;1;1;0;0;1;1
2015;1;1;14;1;2;1;0;0;1;1
2015;1;1;14;2;1;1;0;0;1;1
2015;1;1;14;2;2;1;0;0;1;1
2015;1;1;14;3;1;1;0;0;1;1
2015;1;1;14;3;2;1;0;0;1;1
2015;1;1;14;4;1;1;0;0;1;1
2015;1;1;14;4;2;1;0;0;1;1
2015;1;1;14;5;1;1;0;0;1;1
2015;1;1;14;5;2;1;0;0;1;1
2015;1;1;14;6;1;1;0;0;1;1
2015;1;1;14;6;2;1;0;0;1;1
2015;1;1;14;7;1;1;0;0;1;1
2015;1;1;14;7;2;1;0;0;1;1
2015;1;1;14;8;1;1;0;0;1;1
2015;1;1;14;8;2;1;0;0;1;1
2015;1;1;15;1;1;1;0;0;1;1
2015;1;1;15;1;2;1;0;0;1;1
2015;1;1;15;2;1;1;0;0;1;1
2015;1;1;15;2;2;1;0;0;1;1
2015;1;1;15;3;1;1;0;0;1;1
2015;1;1;15;3;2;1;0;0;1;1
2015;1;1;15;4;1;1;0;0;1;1
2015;1;1;15;4;2;1;0;0;1;1
2015;1;1;15;5;1;1;0;0;1;1
2015;1;1;15;5;2;1;0;0;1;1
2015;1;1;15;6;1;1;0;0;1;1
2015;1;1;15;6;2;1;0;0;1;1
2015;1;1;15;7;1;1;0;0;1;1
2015;1;1;15;7;2;1;0;0;1;1
2015;1;1;15;8;1;1;0;0;1;1
2015;1;1;15;8;2;1;0;0;1;1
2015;1;1;16;1;1;1;0;0;1;1
2015;1;1;16;1;2;1;0;0;1;1
2015;1;1;16;2;1;1;0;0;1;1
2015;1;1;16;2;2;1;0;0;1;1
2015;1;1;16;3;1;1;0;0;1;1
2015;1;1;16;3;2;1;0;0;1;1
2015;1;1;16;4;1;1;0;0;1;1
2015;1;1;16;4;2;1;0;0;1;1
2015;1;1;16;5;1;1;0;0;1;1
2015;1;1;16;5;2;1;0;0;1;1
2015;1;1;16;6;1;1;0;0;1;1
2015;1;1;16;6;2;1;0;0;1;1
2015;1;1;16;7;1;1;0;0;1;1
2015;1;1;16;7;2;1;0;0;1;1
2015;1;1;16;8;1;1;0;0;1;1
2015;1;1;16;8;2;1;0;0;1;1
2015;1;1;17;1;1;1;0;0;1;1
2015;1;1;17;1;2;1;0;0;1;1
2015;1;1;17;2;1;1;0;0;1;1
2015;1;1;17;2;2;1;0;0;1;1
2015;1;1;17;3;1;1;0;0;1;1
2015;1;1;17;3;2;1;0;0;1;1
2015;1;1;17;4;1;1;0;0;1;1
2015;1;1;17;4;2;1;0;0;1;1
2015;1;1;17;5;1;1;0;0;1;1
2015;1;1;17;5;2;1;0;0;1;1
2015;1;1;17;6;1;1;0;0;1;1
2015;1;1;17;6;2;1;0;0;1;1
2015;1;1;17;7;1;1;0;0;1;1
2015;1;1;17;7;2;1;0;0;1;1
2015;1;1;17;8;1;1;0;0;1;1
2015;1;1;17;8;2;1;0;0;1;1
2015;1;1;18;1;1;1;0;0;1;1
2015;1;1;18;1;2;1;0;0;1;1
2015;1;1;18;2;1;1;0;0;1;1
2015;1;1;18;2;2;1;0;0;1;1
2015;1;1;18;3;1;1;0;0;1;1
2015;1;1;18;3;2;1;0;0;1;1
2015;1;1;18;4;1;1;0;0;1;1
2015;1;1;18;4;2;1;0;0;1;1
2015;1;1;18;5;1;1;0;0;1;1
2015;1;1;18;5;2;1;0;0;1;1
2015;1;1;18;6;1;1;0;0;1;1
2015;1;1;18;6;2;1;0;0;1;1
2015;1;1;18;7;1;1;0;0;1;1
2015;1;1;18;7;2;1;0;0;1;1
2015;1;1;18;8;1;1;0;0;1;1
2015;1;1;18;8;2;1;0;0;1;1
2015;1;1;19;1;1;1;0;0;1;1
2015;1;1;19;1;2;1;0;0;1;1
2015;1;1;19;2;1;1;0;0;1;1
2015;1;1;19;2;2;1;0;0;1;1
2015;1;1;19;3;1;1;0;0;1;1
2015;1;1;19;3;2;1;0;0;1;1
2015;1;1;19;4;1;1;0;0;1;1
2015;1;1;19;4;2;1;0;0;1;1
2015;1;1;19;5;1;1;0;0;1;1
2015;1;1;19;5;2;1;0;0;1;1
2015;1;1;19;6;1;1;0;0;1;1
2015;1;1;19;6;2;1;0;0;1;1
2015;1;1;19;7;1;1;0;0;1;1
2015;1;1;19;7;2;1;0;0;1;1
2015;1;1;19;8;1;1;0;0;1;1
2015;1;1;19;8;2;1;0;0;1;1
2015;1;1;20;1;1;1;0;0;1;1
2015;1;1;20;1;2;1;0;0;1;1
2015;1;1;20;2;1;1;0;0;1;1
2015;1;1;20;2;2;1;0;0;1;1
2015;1;1;20;3;1;1;0;0;1;1
2015;1;1;20;3;2;1;0;0;1;1
2015;1;1;20;4;1;1;0;0;1;1
2015;1;1;20;4;2;1;0;0;1;1
2015;1;1;20;5;1;1;0;0;1;1
2015;1;1;20;5;2;1;0;0;1;1
2015;1;1;20;6;1;1;0;0;1;1
2015;1;1;20;6;2;1;0;0;1;1
2015;1;1;20;7;1;1;0;0;1;1
2015;1;1;20;7;2;1;0;0;1;1
2015;1;1;20;8;1;1;0;0;1;1
2015;1;1;20;8;2;1;0;0;1;1
2015;1;1;21;1;1;1;0;0;1;1
2015;1;1;21;1;2;1;0;0;1;1
2015;1;1;21;2;1;1;0;0;1;1
2015;1;1;21;2;2;1;0;0;1;1
2015;1;1;21;3;1;1;0;0;1;1
2015;1;1;21;3;2;1;0;0;1;1
2015;1;1;21;4;1;1;0;0;1;1
2015;1;1;21;4;2;1;0;0;1;1
2015;1;1;21;5;1;1;0;0;1;1
2015;1;1;21;5;2;1;0;0;1;1
2015;1;1;21;6;1;1;0;0;1;1
2015;1;1;21;6;2;1;0;0;1;1
2015;1;1;21;7;1;1;0;0;1;1
2015;1;1;21;7;2;1;0;0;1;1
2015;1;1;21;8;1;1;0;0;1;1
2015;1;1;21;8;2;1;0;0;1;1
2015;1;1;22;1;1;1;0;0;1;1
2015;1;1;22;1;2;1;0;0;1;1
2015;1;1;22;1;5;1;0;0;1;1
2015;1;1;22;1;6;1;0;0;1;1
2015;1;1;22;2;1;1;0;0;1;1
2015;1;1;22;2;2;1;0;0;1;1
2015;1;1;22;2;5;1;0;0;1;1
2015;1;1;22;2;6;1;0;0;1;1
2015;1;1;22;3;1;1;0;0;1;1
2015;1;1;22;3;2;1;0;0;1;1
2015;1;1;22;3;5;1;0;0;1;1
2015;1;1;22;3;6;1;0;0;1;1
2015;1;1;22;4;1;1;0;0;1;1
2015;1;1;22;4;2;1;0;0;1;1
2015;1;1;22;4;5;1;0;0;1;1
2015;1;1;22;4;6;1;0;0;1;1
2015;1;1;22;5;1;1;0;0;1;1
2015;1;1;22;5;2;1;0;0;1;1
2015;1;1;22;5;5;1;0;0;1;1
2015;1;1;22;5;6;1;0;0;1;1
2015;1;1;22;6;1;1;0;0;1;1
2015;1;1;22;6;2;1;0;0;1;1
2015;1;1;22;6;5;1;0;0;1;1
2015;1;1;22;6;6;1;0;0;1;1
2015;1;1;22;7;1;1;0;0;1;1
2015;1;1;22;7;2;1;0;0;1;1
2015;1;1;22;7;5;1;0;0;1;1
2015;1;1;22;7;6;1;0;0;1;1
2015;1;1;22;8;1;1;0;0;1;1
2015;1;1;22;8;2;1;0;0;1;1
2015;1;1;22;8;5;1;0;0;1;1
2015;1;1;22;8;6;1;0;0;1;1
2015;1;1;23;1;1;1;0;0;1;1
2015;1;1;23;1;2;1;0;0;1;1
2015;1;1;23;1;5;1;0;0;1;1
2015;1;1;23;1;6;1;0;0;1;1
2015;1;1;23;2;1;1;0;0;1;1
2015;1;1;23;2;2;1;0;0;1;1
2015;1;1;23;2;5;1;0;0;1;1
2015;1;1;23;2;6;1;0;0;1;1
2015;1;1;23;3;1;1;0;0;1;1
2015;1;1;23;3;2;1;0;0;1;1
2015;1;1;23;3;5;1;0;0;1;1
2015;1;1;23;3;6;1;0;0;1;1
2015;1;1;23;4;1;1;0;0;1;1
2015;1;1;23;4;2;1;0;0;1;1
2015;1;1;23;4;5;1;0;0;1;1
2015;1;1;23;4;6;1;0;0;1;1
2015;1;1;23;5;1;1;0;0;1;1
2015;1;1;23;5;2;1;0;0;1;1
2015;1;1;23;5;5;1;0;0;1;1
2015;1;1;23;5;6;1;0;0;1;1
2015;1;1;23;6;1;1;0;0;1;1
2015;1;1;23;6;2;1;0;0;1;1
2015;1;1;23;6;5;1;0;0;1;1
2015;1;1;23;6;6;1;0;0;1;1
2015;1;1;23;7;1;1;0;0;1;1
2015;1;1;23;7;2;1;0;0;1;1
2015;1;1;23;7;5;1;0;0;1;1
2015;1;1;23;7;6;1;0;0;1;1
2015;1;1;23;8;1;1;0;0;1;1
2015;1;1;23;8;2;1;0;0;1;1
2015;1;1;23;8;5;1;0;0;1;1
2015;1;1;23;8;6;1;0;0;1;1
2015;1;1;24;1;1;1;0;0;1;1
2015;1;1;24;1;2;1;0;0;1;1
2015;1;1;24;2;1;1;0;0;1;1
2015;1;1;24;2;2;1;0;0;1;1
2015;1;1;24;3;1;1;0;0;1;1
2015;1;1;24;3;2;1;0;0;1;1
2015;1;1;24;4;1;1;0;0;1;1
2015;1;1;24;4;2;1;0;0;1;1
2015;1;1;24;5;1;1;0;0;1;1
2015;1;1;24;5;2;1;0;0;1;1
2015;1;1;24;6;1;1;0;0;1;1
2015;1;1;24;6;2;1;0;0;1;1
2015;1;1;24;7;1;1;0;0;1;1
2015;1;1;24;7;2;1;0;0;1;1
2015;1;1;24;8;1;1;0;0;1;1
2015;1;1;24;8;2;1;0;0;1;1
2015;1;1;25;1;1;1;0;0;1;1
2015;1;1;25;1;2;1;0;0;1;1
2015;1;1;25;2;1;1;0;0;1;1
2015;1;1;25;2;2;1;0;0;1;1
2015;1;1;25;3;1;1;0;0;1;1
2015;1;1;25;3;2;1;0;0;1;1
2015;1;1;25;4;1;1;0;0;1;1
2015;1;1;25;4;2;1;0;0;1;1
2015;1;1;25;5;1;1;0;0;1;1
2015;1;1;25;5;2;1;0;0;1;1
2015;1;1;25;6;1;1;0;0;1;1
2015;1;1;25;6;2;1;0;0;1;1
2015;1;1;25;7;1;1;0;0;1;1
2015;1;1;25;7;2;1;0;0;1;1
2015;1;1;25;8;1;1;0;0;1;1
2015;1;1;25;8;2;1;0;0;1;1
2015;1;1;26;1;1;1;0;0;1;1
2015;1;1;26;1;2;1;0;0;1;1
2015;1;1;26;2;1;1;0;0;1;1
2015;1;1;26;2;2;1;0;0;1;1
2015;1;1;26;3;1;1;0;0;1;1
2015;1;1;26;3;2;1;0;0;1;1
2015;1;1;26;4;1;1;0;0;1;1
2015;1;1;26;4;2;1;0;0;1;1
2015;1;1;26;5;1;1;0;0;1;1
2015;1;1;26;5;2;1;0;0;1;1
2015;1;1;26;6;1;1;0;0;1;1
2015;1;1;26;6;2;1;0;0;1;1
2015;1;1;26;7;1;1;0;0;1;1
2015;1;1;26;7;2;1;0;0;1;1
2015;1;1;26;8;1;1;0;0;1;1
2015;1;1;26;8;2;1;0;0;1;1
2015;1;1;27;1;1;1;0;0;1;1
2015;1;1;27;1;2;1;0;0;1;1
2015;1;1;27;1;5;1;0;0;1;1
2015;1;1;27;1;6;1;0;0;1;1
2015;1;1;27;2;1;1;0;0;1;1
2015;1;1;27;2;2;1;0;0;1;1
2015;1;1;27;2;5;1;0;0;1;1
2015;1;1;27;2;6;1;0;0;1;1
2015;1;1;27;3;1;1;0;0;1;1
2015;1;1;27;3;2;1;0;0;1;1
2015;1;1;27;3;5;1;0;0;1;1
2015;1;1;27;3;6;1;0;0;1;1
2015;1;1;27;4;1;1;0;0;1;1
2015;1;1;27;4;2;1;0;0;1;1
2015;1;1;27;4;5;1;0;0;1;1
2015;1;1;27;4;6;1;0;0;1;1
2015;1;1;27;5;1;1;0;0;1;1
2015;1;1;27;5;2;1;0;0;1;1
2015;1;1;27;5;5;1;0;0;1;1
2015;1;1;27;5;6;1;0;0;1;1
2015;1;1;27;6;1;1;0;0;1;1
2015;1;1;27;6;2;1;0;0;1;1
2015;1;1;27;6;5;1;0;0;1;1
2015;1;1;27;6;6;1;0;0;1;1
2015;1;1;27;7;1;1;0;0;1;1
2015;1;1;27;7;2;1;0;0;1;1
2015;1;1;27;7;5;1;0;0;1;1
2015;1;1;27;7;6;1;0;0;1;1
2015;1;1;27;8;1;1;0;0;1;1
2015;1;1;27;8;2;1;0;0;1;1
2015;1;1;27;8;5;1;0;0;1;1
2015;1;1;27;8;6;1;0;0;1;1
2015;1;1;28;1;1;1;0;0;1;1
2015;1;1;28;1;2;1;0;0;1;1
2015;1;1;28;2;1;1;0;0;1;1
2015;1;1;28;2;2;1;0;0;1;1
2015;1;1;28;3;1;1;0;0;1;1
2015;1;1;28;3;2;1;0;0;1;1
2015;1;1;28;4;1;1;0;0;1;1
2015;1;1;28;4;2;1;0;0;1;1
2015;1;1;28;5;1;1;0;0;1;1
2015;1;1;28;5;2;1;0;0;1;1
2015;1;1;28;6;1;1;0;0;1;1
2015;1;1;28;6;2;1;0;0;1;1
2015;1;1;28;7;1;1;0;0;1;1
2015;1;1;28;7;2;1;0;0;1;1
2015;1;1;28;8;1;1;0;0;1;1
2015;1;1;28;8;2;1;0;0;1;1
2015;1;1;29;1;1;1;0;0;1;1
2015;1;1;29;1;2;1;0;0;1;1
2015;1;1;29;2;1;1;0;0;1;1
2015;1;1;29;2;2;1;0;0;1;1
2015;1;1;29;3;1;1;0;0;1;1
2015;1;1;29;3;2;1;0;0;1;1
2015;1;1;29;4;1;1;0;0;1;1
2015;1;1;29;4;2;1;0;0;1;1
2015;1;1;29;5;1;1;0;0;1;1
2015;1;1;29;5;2;1;0;0;1;1
2015;1;1;29;6;1;1;0;0;1;1
2015;1;1;29;6;2;1;0;0;1;1
2015;1;1;29;7;1;1;0;0;1;1
2015;1;1;29;7;2;1;0;0;1;1
2015;1;1;29;8;1;1;0;0;1;1
2015;1;1;29;8;2;1;0;0;1;1
2015;1;1;30;1;1;1;0;0;1;1
2015;1;1;30;1;2;1;0;0;1;1
2015;1;1;30;1;6;1;0;0;1;1
2015;1;1;30;2;1;1;0;0;1;1
2015;1;1;30;2;2;1;0;0;1;1
2015;1;1;30;2;6;1;0;0;1;1
2015;1;1;30;3;1;1;0;0;1;1
2015;1;1;30;3;2;1;0;0;1;1
2015;1;1;30;3;6;1;0;0;1;1
2015;1;1;30;4;1;1;0;0;1;1
2015;1;1;30;4;2;1;0;0;1;1
2015;1;1;30;4;6;1;0;0;1;1
2015;1;1;30;5;1;1;0;0;1;1
2015;1;1;30;5;2;1;0;0;1;1
2015;1;1;30;5;6;1;0;0;1;1
2015;1;1;30;6;1;1;0;0;1;1
2015;1;1;30;6;2;1;0;0;1;1
2015;1;1;30;6;6;1;0;0;1;1
2015;1;1;30;7;1;1;0;0;1;1
2015;1;1;30;7;2;1;0;0;1;1
2015;1;1;30;7;6;1;0;0;1;1
2015;1;1;30;8;1;1;0;0;1;1
2015;1;1;30;8;2;1;0;0;1;1
2015;1;1;30;8;6;1;0;0;1;1
2015;1;1;31;1;1;1;0;0;1;1
2015;1;1;31;1;2;1;0;0;1;1
2015;1;1;31;2;1;1;0;0;1;1
2015;1;1;31;2;2;1;0;0;1;1
2015;1;1;31;3;1;1;0;0;1;1
2015;1;1;31;3;2;1;0;0;1;1
2015;1;1;31;4;1;1;0;0;1;1
2015;1;1;31;4;2;1;0;0;1;1
2015;1;1;31;5;1;1;0;0;1;1
2015;1;1;31;5;2;1;0;0;1;1
2015;1;1;31;6;1;1;0;0;1;1
2015;1;1;31;6;2;1;0;0;1;1
2015;1;1;31;7;1;1;0;0;1;1
2015;1;1;31;7;2;1;0;0;1;1
2015;1;1;31;8;1;1;0;0;1;1
2015;1;1;31;8;2;1;0;0;1;1
2015;1;1;32;1;1;1;0;0;1;1
2015;1;1;32;1;2;1;0;0;1;1
2015;1;1;32;2;1;1;0;0;1;1
2015;1;1;32;2;2;1;0;0;1;1
2015;1;1;32;3;1;1;0;0;1;1
2015;1;1;32;3;2;1;0;0;1;1
2015;1;1;32;4;1;1;0;0;1;1
2015;1;1;32;4;2;1;0;0;1;1
2015;1;1;32;5;1;1;0;0;1;1
2015;1;1;32;5;2;1;0;0;1;1
2015;1;1;32;6;1;1;0;0;1;1
2015;1;1;32;6;2;1;0;0;1;1
2015;1;1;32;7;1;1;0;0;1;1
2015;1;1;32;7;2;1;0;0;1;1
2015;1;1;32;8;1;1;0;0;1;1
2015;1;1;32;8;2;1;0;0;1;1
2015;1;1;33;1;1;1;0;0;1;1
2015;1;1;33;1;2;1;0;0;1;1
2015;1;1;33;2;1;1;0;0;1;1
2015;1;1;33;2;2;1;0;0;1;1
2015;1;1;33;3;1;1;0;0;1;1
2015;1;1;33;3;2;1;0;0;1;1
2015;1;1;33;4;1;1;0;0;1;1
2015;1;1;33;4;2;1;0;0;1;1
2015;1;1;33;5;1;1;0;0;1;1
2015;1;1;33;5;2;1;0;0;1;1
2015;1;1;33;6;1;1;0;0;1;1
2015;1;1;33;6;2;1;0;0;1;1
2015;1;1;33;7;1;1;0;0;1;1
2015;1;1;33;7;2;1;0;0;1;1
2015;1;1;33;8;1;1;0;0;1;1
2015;1;1;33;8;2;1;0;0;1;1
2015;1;1;34;1;1;1;0;0;1;1
2015;1;1;34;1;2;1;0;0;1;1
2015;1;1;34;2;1;1;0;0;1;1
2015;1;1;34;2;2;1;0;0;1;1
2015;1;1;34;3;1;1;0;0;1;1
2015;1;1;34;3;2;1;0;0;1;1
2015;1;1;34;4;1;1;0;0;1;1
2015;1;1;34;4;2;1;0;0;1;1
2015;1;1;34;5;1;1;0;0;1;1
2015;1;1;34;5;2;1;0;0;1;1
2015;1;1;34;6;1;1;0;0;1;1
2015;1;1;34;6;2;1;0;0;1;1
2015;1;1;34;7;1;1;0;0;1;1
2015;1;1;34;7;2;1;0;0;1;1
2015;1;1;34;8;1;1;0;0;1;1
2015;1;1;34;8;2;1;0;0;1;1
2015;1;1;35;1;1;1;0;0;1;1
2015;1;1;35;1;2;1;0;0;1;1
2015;1;1;35;2;1;1;0;0;1;1
2015;1;1;35;2;2;1;0;0;1;1
2015;1;1;35;3;1;1;0;0;1;1
2015;1;1;35;3;2;1;0;0;1;1
2015;1;1;35;4;1;1;0;0;1;1
2015;1;1;35;4;2;1;0;0;1;1
2015;1;1;35;5;1;1;0;0;1;1
2015;1;1;35;5;2;1;0;0;1;1
2015;1;1;35;6;1;1;0;0;1;1
2015;1;1;35;6;2;1;0;0;1;1
2015;1;1;35;7;1;1;0;0;1;1
2015;1;1;35;7;2;1;0;0;1;1
2015;1;1;35;8;1;1;0;0;1;1
2015;1;1;35;8;2;1;0;0;1;1
2015;1;1;36;1;1;1;0;0;1;1
2015;1;1;36;1;2;1;0;0;1;1
2015;1;1;36;2;1;1;0;0;1;1
2015;1;1;36;2;2;1;0;0;1;1
2015;1;1;36;3;1;1;0;0;1;1
2015;1;1;36;3;2;1;0;0;1;1
2015;1;1;36;4;1;1;0;0;1;1
2015;1;1;36;4;2;1;0;0;1;1
2015;1;1;36;5;1;1;0;0;1;1
2015;1;1;36;5;2;1;0;0;1;1
2015;1;1;36;6;1;1;0;0;1;1
2015;1;1;36;6;2;1;0;0;1;1
2015;1;1;36;7;1;1;0;0;1;1
2015;1;1;36;7;2;1;0;0;1;1
2015;1;1;36;8;1;1;0;0;1;1
2015;1;1;36;8;2;1;0;0;1;1
2015;1;1;37;1;1;1;0;0;1;1
2015;1;1;37;1;2;1;0;0;1;1
2015;1;1;37;2;1;1;0;0;1;1
2015;1;1;37;2;2;1;0;0;1;1
2015;1;1;37;3;1;1;0;0;1;1
2015;1;1;37;3;2;1;0;0;1;1
2015;1;1;37;4;1;1;0;0;1;1
2015;1;1;37;4;2;1;0;0;1;1
2015;1;1;37;5;1;1;0;0;1;1
2015;1;1;37;5;2;1;0;0;1;1
2015;1;1;37;6;1;1;0;0;1;1
2015;1;1;37;6;2;1;0;0;1;1
2015;1;1;37;7;1;1;0;0;1;1
2015;1;1;37;7;2;1;0;0;1;1
2015;1;1;37;8;1;1;0;0;1;1
2015;1;1;37;8;2;1;0;0;1;1
2015;1;1;38;1;1;1;0;0;1;1
2015;1;1;38;1;2;1;0;0;1;1
2015;1;1;38;2;1;1;0;0;1;1
2015;1;1;38;2;2;1;0;0;1;1
2015;1;1;38;3;1;1;0;0;1;1
2015;1;1;38;3;2;1;0;0;1;1
2015;1;1;38;4;1;1;0;0;1;1
2015;1;1;38;4;2;1;0;0;1;1
2015;1;1;38;5;1;1;0;0;1;1
2015;1;1;38;5;2;1;0;0;1;1
2015;1;1;38;6;1;1;0;0;1;1
2015;1;1;38;6;2;1;0;0;1;1
2015;1;1;38;7;1;1;0;0;1;1
2015;1;1;38;7;2;1;0;0;1;1
2015;1;1;38;8;1;1;0;0;1;1
2015;1;1;38;8;2;1;0;0;1;1
2015;1;1;39;1;1;1;0;0;1;1
2015;1;1;39;1;2;1;0;0;1;1
2015;1;1;39;2;1;1;0;0;1;1
2015;1;1;39;2;2;1;0;0;1;1
2015;1;1;39;3;1;1;0;0;1;1
2015;1;1;39;3;2;1;0;0;1;1
2015;1;1;39;4;1;1;0;0;1;1
2015;1;1;39;4;2;1;0;0;1;1
2015;1;1;39;5;1;1;0;0;1;1
2015;1;1;39;5;2;1;0;0;1;1
2015;1;1;39;6;1;1;0;0;1;1
2015;1;1;39;6;2;1;0;0;1;1
2015;1;1;39;7;1;1;0;0;1;1
2015;1;1;39;7;2;1;0;0;1;1
2015;1;1;39;8;1;1;0;0;1;1
2015;1;1;39;8;2;1;0;0;1;1
2015;1;1;40;1;1;1;0;0;1;1
2015;1;1;40;1;2;1;0;0;1;1
2015;1;1;40;2;1;1;0;0;1;1
2015;1;1;40;2;2;1;0;0;1;1
2015;1;1;40;3;1;1;0;0;1;1
2015;1;1;40;3;2;1;0;0;1;1
2015;1;1;40;4;1;1;0;0;1;1
2015;1;1;40;4;2;1;0;0;1;1
2015;1;1;40;5;1;1;0;0;1;1
2015;1;1;40;5;2;1;0;0;1;1
2015;1;1;40;6;1;1;0;0;1;1
2015;1;1;40;6;2;1;0;0;1;1
2015;1;1;40;7;1;1;0;0;1;1
2015;1;1;40;7;2;1;0;0;1;1
2015;1;1;40;8;1;1;0;0;1;1
2015;1;1;40;8;2;1;0;0;1;1
2015;1;1;41;1;1;1;0;0;1;1
2015;1;1;41;1;2;1;0;0;1;1
2015;1;1;41;2;1;1;0;0;1;1
2015;1;1;41;2;2;1;0;0;1;1
2015;1;1;41;3;1;1;0;0;1;1
2015;1;1;41;3;2;1;0;0;1;1
2015;1;1;41;4;1;1;0;0;1;1
2015;1;1;41;4;2;1;0;0;1;1
2015;1;1;41;5;1;1;0;0;1;1
2015;1;1;41;5;2;1;0;0;1;1
2015;1;1;41;6;1;1;0;0;1;1
2015;1;1;41;6;2;1;0;0;1;1
2015;1;1;41;7;1;1;0;0;1;1
2015;1;1;41;7;2;1;0;0;1;1
2015;1;1;41;8;1;1;0;0;1;1
2015;1;1;41;8;2;1;0;0;1;1
2015;1;1;42;1;1;1;0;0;1;1
2015;1;1;42;1;2;1;0;0;1;1
2015;1;1;42;2;1;1;0;0;1;1
2015;1;1;42;2;2;1;0;0;1;1
2015;1;1;42;3;1;1;0;0;1;1
2015;1;1;42;3;2;1;0;0;1;1
2015;1;1;42;4;1;1;0;0;1;1
2015;1;1;42;4;2;1;0;0;1;1
2015;1;1;42;5;1;1;0;0;1;1
2015;1;1;42;5;2;1;0;0;1;1
2015;1;1;42;6;1;1;0;0;1;1
2015;1;1;42;6;2;1;0;0;1;1
2015;1;1;42;7;1;1;0;0;1;1
2015;1;1;42;7;2;1;0;0;1;1
2015;1;1;42;8;1;1;0;0;1;1
2015;1;1;42;8;2;1;0;0;1;1
2015;1;1;43;1;1;1;0;0;1;1
2015;1;1;43;1;2;1;0;0;1;1
2015;1;1;43;2;1;1;0;0;1;1
2015;1;1;43;2;2;1;0;0;1;1
2015;1;1;43;3;1;1;0;0;1;1
2015;1;1;43;3;2;1;0;0;1;1
2015;1;1;43;4;1;1;0;0;1;1
2015;1;1;43;4;2;1;0;0;1;1
2015;1;1;43;5;1;1;0;0;1;1
2015;1;1;43;5;2;1;0;0;1;1
2015;1;1;43;6;1;1;0;0;1;1
2015;1;1;43;6;2;1;0;0;1;1
2015;1;1;43;7;1;1;0;0;1;1
2015;1;1;43;7;2;1;0;0;1;1
2015;1;1;43;8;1;1;0;0;1;1
2015;1;1;43;8;2;1;0;0;1;1
2015;1;1;44;1;1;1;0;0;1;1
2015;1;1;44;1;2;1;0;0;1;1
2015;1;1;44;2;1;1;0;0;1;1
2015;1;1;44;2;2;1;0;0;1;1
2015;1;1;44;3;1;1;0;0;1;1
2015;1;1;44;3;2;1;0;0;1;1
2015;1;1;44;4;1;1;0;0;1;1
2015;1;1;44;4;2;1;0;0;1;1
2015;1;1;44;5;1;1;0;0;1;1
2015;1;1;44;5;2;1;0;0;1;1
2015;1;1;44;6;1;1;0;0;1;1
2015;1;1;44;6;2;1;0;0;1;1
2015;1;1;44;7;1;1;0;0;1;1
2015;1;1;44;7;2;1;0;0;1;1
2015;1;1;44;8;1;1;0;0;1;1
2015;1;1;44;8;2;1;0;0;1;1
2015;1;1;45;1;1;1;0;0;1;1
2015;1;1;45;1;2;1;0;0;1;1
2015;1;1;45;2;1;1;0;0;1;1
2015;1;1;45;2;2;1;0;0;1;1
2015;1;1;45;3;1;1;0;0;1;1
2015;1;1;45;3;2;1;0;0;1;1
2015;1;1;45;4;1;1;0;0;1;1
2015;1;1;45;4;2;1;0;0;1;1
2015;1;1;45;5;1;1;0;0;1;1
2015;1;1;45;5;2;1;0;0;1;1
2015;1;1;45;6;1;1;0;0;1;1
2015;1;1;45;6;2;1;0;0;1;1
2015;1;1;45;7;1;1;0;0;1;1
2015;1;1;45;7;2;1;0;0;1;1
2015;1;1;45;8;1;1;0;0;1;1
2015;1;1;45;8;2;1;0;0;1;1
2015;1;1;46;1;1;1;0;0;1;1
2015;1;1;46;1;2;1;0;0;1;1
2015;1;1;46;2;1;1;0;0;1;1
2015;1;1;46;2;2;1;0;0;1;1
2015;1;1;46;3;1;1;0;0;1;1
2015;1;1;46;3;2;1;0;0;1;1
2015;1;1;46;4;1;1;0;0;1;1
2015;1;1;46;4;2;1;0;0;1;1
2015;1;1;46;5;1;1;0;0;1;1
2015;1;1;46;5;2;1;0;0;1;1
2015;1;1;46;6;1;1;0;0;1;1
2015;1;1;46;6;2;1;0;0;1;1
2015;1;1;46;7;1;1;0;0;1;1
2015;1;1;46;7;2;1;0;0;1;1
2015;1;1;46;8;1;1;0;0;1;1
2015;1;1;46;8;2;1;0;0;1;1
2015;1;1;47;1;1;1;0;0;1;1
2015;1;1;47;1;2;1;0;0;1;1
2015;1;1;47;2;1;1;0;0;1;1
2015;1;1;47;2;2;1;0;0;1;1
2015;1;1;47;3;1;1;0;0;1;1
2015;1;1;47;3;2;1;0;0;1;1
2015;1;1;47;4;1;1;0;0;1;1
2015;1;1;47;4;2;1;0;0;1;1
2015;1;1;47;5;1;1;0;0;1;1
2015;1;1;47;5;2;1;0;0;1;1
2015;1;1;47;6;1;1;0;0;1;1
2015;1;1;47;6;2;1;0;0;1;1
2015;1;1;47;7;1;1;0;0;1;1
2015;1;1;47;7;2;1;0;0;1;1
2015;1;1;47;8;1;1;0;0;1;1
2015;1;1;47;8;2;1;0;0;1;1
2015;1;1;48;1;1;1;0;0;1;1
2015;1;1;48;1;2;1;0;0;1;1
2015;1;1;48;2;1;1;0;0;1;1
2015;1;1;48;2;2;1;0;0;1;1
2015;1;1;48;3;1;1;0;0;1;1
2015;1;1;48;3;2;1;0;0;1;1
2015;1;1;48;4;1;1;0;0;1;1
2015;1;1;48;4;2;1;0;0;1;1
2015;1;1;48;5;1;1;0;0;1;1
2015;1;1;48;5;2;1;0;0;1;1
2015;1;1;48;6;1;1;0;0;1;1
2015;1;1;48;6;2;1;0;0;1;1
2015;1;1;48;7;1;1;0;0;1;1
2015;1;1;48;7;2;1;0;0;1;1
2015;1;1;48;8;1;1;0;0;1;1
2015;1;1;48;8;2;1;0;0;1;1
2015;1;1;49;1;1;1;0;0;1;1
2015;1;1;49;1;2;1;0;0;1;1
2015;1;1;49;2;1;1;0;0;1;1
2015;1;1;49;2;2;1;0;0;1;1
2015;1;1;49;3;1;1;0;0;1;1
2015;1;1;49;3;2;1;0;0;1;1
2015;1;1;49;4;1;1;0;0;1;1
2015;1;1;49;4;2;1;0;0;1;1
2015;1;1;49;5;1;1;0;0;1;1
2015;1;1;49;5;2;1;0;0;1;1
2015;1;1;49;6;1;1;0;0;1;1
2015;1;1;49;6;2;1;0;0;1;1
2015;1;1;49;7;1;1;0;0;1;1
2015;1;1;49;7;2;1;0;0;1;1
2015;1;1;49;8;1;1;0;0;1;1
2015;1;1;49;8;2;1;0;0;1;1
2015;1;1;50;1;1;1;0;0;1;1
2015;1;1;50;1;2;1;0;0;1;1
2015;1;1;50;2;1;1;0;0;1;1
2015;1;1;50;2;2;1;0;0;1;1
2015;1;1;50;3;1;1;0;0;1;1
2015;1;1;50;3;2;1;0;0;1;1
2015;1;1;50;4;1;1;0;0;1;1
2015;1;1;50;4;2;1;0;0;1;1
2015;1;1;50;5;1;1;0;0;1;1
2015;1;1;50;5;2;1;0;0;1;1
2015;1;1;50;6;1;1;0;0;1;1
2015;1;1;50;6;2;1;0;0;1;1
2015;1;1;50;7;1;1;0;0;1;1
2015;1;1;50;7;2;1;0;0;1;1
2015;1;1;50;8;1;1;0;0;1;1
2015;1;1;50;8;2;1;0;0;1;1
2015;1;1;51;1;1;1;0;0;1;1
2015;1;1;51;1;2;1;0;0;1;1
2015;1;1;51;2;1;1;0;0;1;1
2015;1;1;51;2;2;1;0;0;1;1
2015;1;1;51;3;1;1;0;0;1;1
2015;1;1;51;3;2;1;0;0;1;1
2015;1;1;51;4;1;1;0;0;1;1
2015;1;1;51;4;2;1;0;0;1;1
2015;1;1;51;5;1;1;0;0;1;1
2015;1;1;51;5;2;1;0;0;1;1
2015;1;1;51;6;1;1;0;0;1;1
2015;1;1;51;6;2;1;0;0;1;1
2015;1;1;51;7;1;1;0;0;1;1
2015;1;1;51;7;2;1;0;0;1;1
2015;1;1;51;8;1;1;0;0;1;1
2015;1;1;51;8;2;1;0;0;1;1
2015;1;1;52;1;1;1;0;0;1;1
2015;1;1;52;1;2;1;0;0;1;1
2015;1;1;52;2;1;1;0;0;1;1
2015;1;1;52;2;2;1;0;0;1;1
2015;1;1;52;3;1;1;0;0;1;1
2015;1;1;52;3;2;1;0;0;1;1
2015;1;1;52;4;1;1;0;0;1;1
2015;1;1;52;4;2;1;0;0;1;1
2015;1;1;52;5;1;1;0;0;1;1
2015;1;1;52;5;2;1;0;0;1;1
2015;1;1;52;6;1;1;0;0;1;1
2015;1;1;52;6;2;1;0;0;1;1
2015;1;1;52;7;1;1;0;0;1;1
2015;1;1;52;7;2;1;0;0;1;1
2015;1;1;52;8;1;1;0;0;1;1
2015;1;1;52;8;2;1;0;0;1;1
2015;1;1;53;1;1;1;0;0;1;1
2015;1;1;53;1;2;1;0;0;1;1
2015;1;1;53;1;5;1;0;0;1;1
2015;1;1;53;1;6;1;0;0;1;1
2015;1;1;53;2;1;1;0;0;1;1
2015;1;1;53;2;2;1;0;0;1;1
2015;1;1;53;2;5;1;0;0;1;1
2015;1;1;53;2;6;1;0;0;1;1
2015;1;1;53;3;1;1;0;0;1;1
2015;1;1;53;3;2;1;0;0;1;1
2015;1;1;53;3;5;1;0;0;1;1
2015;1;1;53;3;6;1;0;0;1;1
2015;1;1;53;4;1;1;0;0;1;1
2015;1;1;53;4;2;1;0;0;1;1
2015;1;1;53;4;5;1;0;0;1;1
2015;1;1;53;4;6;1;0;0;1;1
2015;1;1;53;5;1;1;0;0;1;1
2015;1;1;53;5;2;1;0;0;1;1
2015;1;1;53;5;5;1;0;0;1;1
2015;1;1;53;5;6;1;0;0;1;1
2015;1;1;53;6;1;1;0;0;1;1
2015;1;1;53;6;2;1;0;0;1;1
2015;1;1;53;6;5;1;0;0;1;1
2015;1;1;53;6;6;1;0;0;1;1
2015;1;1;53;7;1;1;0;0;1;1
2015;1;1;53;7;2;1;0;0;1;1
2015;1;1;53;7;5;1;0;0;1;1
2015;1;1;53;7;6;1;0;0;1;1
2015;1;1;53;8;1;1;0;0;1;1
2015;1;1;53;8;2;1;0;0;1;1
2015;1;1;53;8;5;1;0;0;1;1
2015;1;1;53;8;6;1;0;0;1;1
2015;1;1;54;1;1;1;0;0;1;1
2015;1;1;54;1;2;1;0;0;1;1
2015;1;1;54;2;1;1;0;0;1;1
2015;1;1;54;2;2;1;0;0;1;1
2015;1;1;54;3;1;1;0;0;1;1
2015;1;1;54;3;2;1;0;0;1;1
2015;1;1;54;4;1;1;0;0;1;1
2015;1;1;54;4;2;1;0;0;1;1
2015;1;1;54;5;1;1;0;0;1;1
2015;1;1;54;5;2;1;0;0;1;1
2015;1;1;54;6;1;1;0;0;1;1
2015;1;1;54;6;2;1;0;0;1;1
2015;1;1;54;7;1;1;0;0;1;1
2015;1;1;54;7;2;1;0;0;1;1
2015;1;1;54;8;1;1;0;0;1;1
2015;1;1;54;8;2;1;0;0;1;1
2015;1;1;55;1;1;1;0;0;1;1
2015;1;1;55;1;2;1;0;0;1;1
2015;1;1;55;2;1;1;0;0;1;1
2015;1;1;55;2;2;1;0;0;1;1
2015;1;1;55;3;1;1;0;0;1;1
2015;1;1;55;3;2;1;0;0;1;1
2015;1;1;55;4;1;1;0;0;1;1
2015;1;1;55;4;2;1;0;0;1;1
2015;1;1;55;5;1;1;0;0;1;1
2015;1;1;55;5;2;1;0;0;1;1
2015;1;1;55;6;1;1;0;0;1;1
2015;1;1;55;6;2;1;0;0;1;1
2015;1;1;55;7;1;1;0;0;1;1
2015;1;1;55;7;2;1;0;0;1;1
2015;1;1;55;8;1;1;0;0;1;1
2015;1;1;55;8;2;1;0;0;1;1
2015;1;1;56;1;1;1;0;0;1;1
2015;1;1;56;1;2;1;0;0;1;1
2015;1;1;56;2;1;1;0;0;1;1
2015;1;1;56;2;2;1;0;0;1;1
2015;1;1;56;3;1;1;0;0;1;1
2015;1;1;56;3;2;1;0;0;1;1
2015;1;1;56;4;1;1;0;0;1;1
2015;1;1;56;4;2;1;0;0;1;1
2015;1;1;56;5;1;1;0;0;1;1
2015;1;1;56;5;2;1;0;0;1;1
2015;1;1;56;6;1;1;0;0;1;1
2015;1;1;56;6;2;1;0;0;1;1
2015;1;1;56;7;1;1;0;0;1;1
2015;1;1;56;7;2;1;0;0;1;1
2015;1;1;56;8;1;1;0;0;1;1
2015;1;1;56;8;2;1;0;0;1;1
2015;1;1;57;1;1;1;0;0;1;1
2015;1;1;57;1;2;1;0;0;1;1
2015;1;1;57;1;5;1;0;0;1;1
2015;1;1;57;1;6;1;0;0;1;1
2015;1;1;57;2;1;1;0;0;1;1
2015;1;1;57;2;2;1;0;0;1;1
2015;1;1;57;2;5;1;0;0;1;1
2015;1;1;57;2;6;1;0;0;1;1
2015;1;1;57;3;1;1;0;0;1;1
2015;1;1;57;3;2;1;0;0;1;1
2015;1;1;57;3;5;1;0;0;1;1
2015;1;1;57;3;6;1;0;0;1;1
2015;1;1;57;4;1;1;0;0;1;1
2015;1;1;57;4;2;1;0;0;1;1
2015;1;1;57;4;5;1;0;0;1;1
2015;1;1;57;4;6;1;0;0;1;1
2015;1;1;57;5;1;1;0;0;1;1
2015;1;1;57;5;2;1;0;0;1;1
2015;1;1;57;5;5;1;0;0;1;1
2015;1;1;57;5;6;1;0;0;1;1
2015;1;1;57;6;1;1;0;0;1;1
2015;1;1;57;6;2;1;0;0;1;1
2015;1;1;57;6;5;1;0;0;1;1
2015;1;1;57;6;6;1;0;0;1;1
2015;1;1;57;7;1;1;0;0;1;1
2015;1;1;57;7;2;1;0;0;1;1
2015;1;1;57;7;5;1;0;0;1;1
2015;1;1;57;7;6;1;0;0;1;1
2015;1;1;57;8;1;1;0;0;1;1
2015;1;1;57;8;2;1;0;0;1;1
2015;1;1;57;8;5;1;0;0;1;1
2015;1;1;57;8;6;1;0;0;1;1
2015;1;1;58;1;1;1;0;0;1;1
2015;1;1;58;1;2;1;0;0;1;1
2015;1;1;58;2;1;1;0;0;1;1
2015;1;1;58;2;2;1;0;0;1;1
2015;1;1;58;3;1;1;0;0;1;1
2015;1;1;58;3;2;1;0;0;1;1
2015;1;1;58;4;1;1;0;0;1;1
2015;1;1;58;4;2;1;0;0;1;1
2015;1;1;58;5;1;1;0;0;1;1
2015;1;1;58;5;2;1;0;0;1;1
2015;1;1;58;6;1;1;0;0;1;1
2015;1;1;58;6;2;1;0;0;1;1
2015;1;1;58;7;1;1;0;0;1;1
2015;1;1;58;7;2;1;0;0;1;1
2015;1;1;58;8;1;1;0;0;1;1
2015;1;1;58;8;2;1;0;0;1;1
2015;1;1;59;1;1;1;0;0;1;1
2015;1;1;59;1;2;1;0;0;1;1
2015;1;1;59;2;1;1;0;0;1;1
2015;1;1;59;2;2;1;0;0;1;1
2015;1;1;59;3;1;1;0;0;1;1
2015;1;1;59;3;2;1;0;0;1;1
2015;1;1;59;4;1;1;0;0;1;1
2015;1;1;59;4;2;1;0;0;1;1
2015;1;1;59;5;1;1;0;0;1;1
2015;1;1;59;5;2;1;0;0;1;1
2015;1;1;59;6;1;1;0;0;1;1
2015;1;1;59;6;2;1;0;0;1;1
2015;1;1;59;7;1;1;0;0;1;1
2015;1;1;59;7;2;1;0;0;1;1
2015;1;1;59;8;1;1;0;0;1;1
2015;1;1;59;8;2;1;0;0;1;1
2015;1;1;60;1;1;1;0;0;1;1
2015;1;1;60;1;2;1;0;0;1;1
2015;1;1;60;2;1;1;0;0;1;1
2015;1;1;60;2;2;1;0;0;1;1
2015;1;1;60;3;1;1;0;0;1;1
2015;1;1;60;3;2;1;0;0;1;1
2015;1;1;60;4;1;1;0;0;1;1
2015;1;1;60;4;2;1;0;0;1;1
2015;1;1;60;5;1;1;0;0;1;1
2015;1;1;60;5;2;1;0;0;1;1
2015;1;1;60;6;1;1;0;0;1;1
2015;1;1;60;6;2;1;0;0;1;1
2015;1;1;60;7;1;1;0;0;1;1
2015;1;1;60;7;2;1;0;0;1;1
2015;1;1;60;8;1;1;0;0;1;1
2015;1;1;60;8;2;1;0;0;1;1
2015;1;1;61;1;1;1;0;0;1;1
2015;1;1;61;1;2;1;0;0;1;1
2015;1;1;61;2;1;1;0;0;1;1
2015;1;1;61;2;2;1;0;0;1;1
2015;1;1;61;3;1;1;0;0;1;1
2015;1;1;61;3;2;1;0;0;1;1
2015;1;1;61;4;1;1;0;0;1;1
2015;1;1;61;4;2;1;0;0;1;1
2015;1;1;61;5;1;1;0;0;1;1
2015;1;1;61;5;2;1;0;0;1;1
2015;1;1;61;6;1;1;0;0;1;1
2015;1;1;61;6;2;1;0;0;1;1
2015;1;1;61;7;1;1;0;0;1;1
2015;1;1;61;7;2;1;0;0;1;1
2015;1;1;61;8;1;1;0;0;1;1
2015;1;1;61;8;2;1;0;0;1;1
2015;1;1;62;1;1;1;0;0;1;1
2015;1;1;62;1;2;1;0;0;1;1
2015;1;1;62;2;1;1;0;0;1;1
2015;1;1;62;2;2;1;0;0;1;1
2015;1;1;62;3;1;1;0;0;1;1
2015;1;1;62;3;2;1;0;0;1;1
2015;1;1;62;4;1;1;0;0;1;1
2015;1;1;62;4;2;1;0;0;1;1
2015;1;1;62;5;1;1;0;0;1;1
2015;1;1;62;5;2;1;0;0;1;1
2015;1;1;62;6;1;1;0;0;1;1
2015;1;1;62;6;2;1;0;0;1;1
2015;1;1;62;7;1;1;0;0;1;1
2015;1;1;62;7;2;1;0;0;1;1
2015;1;1;62;8;1;1;0;0;1;1
2015;1;1;62;8;2;1;0;0;1;1
2015;1;1;63;1;1;1;0;0;1;1
2015;1;1;63;1;2;1;0;0;1;1
2015;1;1;63;1;5;1;0;0;1;1
2015;1;1;63;1;6;1;0;0;1;1
2015;1;1;63;2;1;1;0;0;1;1
2015;1;1;63;2;2;1;0;0;1;1
2015;1;1;63;2;5;1;0;0;1;1
2015;1;1;63;2;6;1;0;0;1;1
2015;1;1;63;3;1;1;0;0;1;1
2015;1;1;63;3;2;1;0;0;1;1
2015;1;1;63;3;5;1;0;0;1;1
2015;1;1;63;3;6;1;0;0;1;1
2015;1;1;63;4;1;1;0;0;1;1
2015;1;1;63;4;2;1;0;0;1;1
2015;1;1;63;4;5;1;0;0;1;1
2015;1;1;63;4;6;1;0;0;1;1
2015;1;1;63;5;1;1;0;0;1;1
2015;1;1;63;5;2;1;0;0;1;1
2015;1;1;63;5;5;1;0;0;1;1
2015;1;1;63;5;6;1;0;0;1;1
2015;1;1;63;6;1;1;0;0;1;1
2015;1;1;63;6;2;1;0;0;1;1
2015;1;1;63;6;5;1;0;0;1;1
2015;1;1;63;6;6;1;0;0;1;1
2015;1;1;63;7;1;1;0;0;1;1
2015;1;1;63;7;2;1;0;0;1;1
2015;1;1;63;7;5;1;0;0;1;1
2015;1;1;63;7;6;1;0;0;1;1
2015;1;1;63;8;1;1;0;0;1;1
2015;1;1;63;8;2;1;0;0;1;1
2015;1;1;63;8;5;1;0;0;1;1
2015;1;1;63;8;6;1;0;0;1;1
2015;1;1;64;1;1;1;0;0;1;1
2015;1;1;64;1;2;1;0;0;1;1
2015;1;1;64;2;1;1;0;0;1;1
2015;1;1;64;2;2;1;0;0;1;1
2015;1;1;64;3;1;1;0;0;1;1
2015;1;1;64;3;2;1;0;0;1;1
2015;1;1;64;4;1;1;0;0;1;1
2015;1;1;64;4;2;1;0;0;1;1
2015;1;1;64;5;1;1;0;0;1;1
2015;1;1;64;5;2;1;0;0;1;1
2015;1;1;64;6;1;1;0;0;1;1
2015;1;1;64;6;2;1;0;0;1;1
2015;1;1;64;7;1;1;0;0;1;1
2015;1;1;64;7;2;1;0;0;1;1
2015;1;1;64;8;1;1;0;0;1;1
2015;1;1;64;8;2;1;0;0;1;1
2015;1;1;65;1;1;1;0;0;1;1
2015;1;1;65;1;2;1;0;0;1;1
2015;1;1;65;2;1;1;0;0;1;1
2015;1;1;65;2;2;1;0;0;1;1
2015;1;1;65;3;1;1;0;0;1;1
2015;1;1;65;3;2;1;0;0;1;1
2015;1;1;65;4;1;1;0;0;1;1
2015;1;1;65;4;2;1;0;0;1;1
2015;1;1;65;5;1;1;0;0;1;1
2015;1;1;65;5;2;1;0;0;1;1
2015;1;1;65;6;1;1;0;0;1;1
2015;1;1;65;6;2;1;0;0;1;1
2015;1;1;65;7;1;1;0;0;1;1
2015;1;1;65;7;2;1;0;0;1;1
2015;1;1;65;8;1;1;0;0;1;1
2015;1;1;65;8;2;1;0;0;1;1
2015;1;1;66;1;1;1;0;0;1;1
2015;1;1;66;1;2;1;0;0;1;1
2015;1;1;66;2;1;1;0;0;1;1
2015;1;1;66;2;2;1;0;0;1;1
2015;1;1;66;3;1;1;0;0;1;1
2015;1;1;66;3;2;1;0;0;1;1
2015;1;1;66;4;1;1;0;0;1;1
2015;1;1;66;4;2;1;0;0;1;1
2015;1;1;66;5;1;1;0;0;1;1
2015;1;1;66;5;2;1;0;0;1;1
2015;1;1;66;6;1;1;0;0;1;1
2015;1;1;66;6;2;1;0;0;1;1
2015;1;1;66;7;1;1;0;0;1;1
2015;1;1;66;7;2;1;0;0;1;1
2015;1;1;66;8;1;1;0;0;1;1
2015;1;1;66;8;2;1;0;0;1;1
2015;1;1;67;1;1;1;0;0;1;1
2015;1;1;67;1;2;1;0;0;1;1
2015;1;1;67;2;1;1;0;0;1;1
2015;1;1;67;2;2;1;0;0;1;1
2015;1;1;67;3;1;1;0;0;1;1
2015;1;1;67;3;2;1;0;0;1;1
2015;1;1;67;4;1;1;0;0;1;1
2015;1;1;67;4;2;1;0;0;1;1
2015;1;1;67;5;1;1;0;0;1;1
2015;1;1;67;5;2;1;0;0;1;1
2015;1;1;67;6;1;1;0;0;1;1
2015;1;1;67;6;2;1;0;0;1;1
2015;1;1;67;7;1;1;0;0;1;1
2015;1;1;67;7;2;1;0;0;1;1
2015;1;1;67;8;1;1;0;0;1;1
2015;1;1;67;8;2;1;0;0;1;1
2015;1;1;68;1;1;1;0;0;1;1
2015;1;1;68;1;2;1;0;0;1;1
2015;1;1;68;2;1;1;0;0;1;1
2015;1;1;68;2;2;1;0;0;1;1
2015;1;1;68;3;1;1;0;0;1;1
2015;1;1;68;3;2;1;0;0;1;1
2015;1;1;68;4;1;1;0;0;1;1
2015;1;1;68;4;2;1;0;0;1;1
2015;1;1;68;5;1;1;0;0;1;1
2015;1;1;68;5;2;1;0;0;1;1
2015;1;1;68;6;1;1;0;0;1;1
2015;1;1;68;6;2;1;0;0;1;1
2015;1;1;68;7;1;1;0;0;1;1
2015;1;1;68;7;2;1;0;0;1;1
2015;1;1;68;8;1;1;0;0;1;1
2015;1;1;68;8;2;1;0;0;1;1
2015;1;1;69;1;1;1;0;0;1;1
2015;1;1;69;1;2;1;0;0;1;1
2015;1;1;69;2;1;1;0;0;1;1
2015;1;1;69;2;2;1;0;0;1;1
2015;1;1;69;3;1;1;0;0;1;1
2015;1;1;69;3;2;1;0;0;1;1
2015;1;1;69;4;1;1;0;0;1;1
2015;1;1;69;4;2;1;0;0;1;1
2015;1;1;69;5;1;1;0;0;1;1
2015;1;1;69;5;2;1;0;0;1;1
2015;1;1;69;6;1;1;0;0;1;1
2015;1;1;69;6;2;1;0;0;1;1
2015;1;1;69;7;1;1;0;0;1;1
2015;1;1;69;7;2;1;0;0;1;1
2015;1;1;69;8;1;1;0;0;1;1
2015;1;1;69;8;2;1;0;0;1;1
2015;1;1;70;1;1;1;0;0;1;1
2015;1;1;70;1;2;1;0;0;1;1
2015;1;1;70;2;1;1;0;0;1;1
2015;1;1;70;2;2;1;0;0;1;1
2015;1;1;70;3;1;1;0;0;1;1
2015;1;1;70;3;2;1;0;0;1;1
2015;1;1;70;4;1;1;0;0;1;1
2015;1;1;70;4;2;1;0;0;1;1
2015;1;1;70;5;1;1;0;0;1;1
2015;1;1;70;5;2;1;0;0;1;1
2015;1;1;70;6;1;1;0;0;1;1
2015;1;1;70;6;2;1;0;0;1;1
2015;1;1;70;7;1;1;0;0;1;1
2015;1;1;70;7;2;1;0;0;1;1
2015;1;1;70;8;1;1;0;0;1;1
2015;1;1;70;8;2;1;0;0;1;1
2015;1;1;71;1;1;1;0;0;1;1
2015;1;1;71;1;2;1;0;0;1;1
2015;1;1;71;2;1;1;0;0;1;1
2015;1;1;71;2;2;1;0;0;1;1
2015;1;1;71;3;1;1;0;0;1;1
2015;1;1;71;3;2;1;0;0;1;1
2015;1;1;71;4;1;1;0;0;1;1
2015;1;1;71;4;2;1;0;0;1;1
2015;1;1;71;5;1;1;0;0;1;1
2015;1;1;71;5;2;1;0;0;1;1
2015;1;1;71;6;1;1;0;0;1;1
2015;1;1;71;6;2;1;0;0;1;1
2015;1;1;71;7;1;1;0;0;1;1
2015;1;1;71;7;2;1;0;0;1;1
2015;1;1;71;8;1;1;0;0;1;1
2015;1;1;71;8;2;1;0;0;1;1
2015;1;1;72;1;1;1;0;0;1;1
2015;1;1;72;1;2;1;0;0;1;1
2015;1;1;72;2;1;1;0;0;1;1
2015;1;1;72;2;2;1;0;0;1;1
2015;1;1;72;3;1;1;0;0;1;1
2015;1;1;72;3;2;1;0;0;1;1
2015;1;1;72;4;1;1;0;0;1;1
2015;1;1;72;4;2;1;0;0;1;1
2015;1;1;72;5;1;1;0;0;1;1
2015;1;1;72;5;2;1;0;0;1;1
2015;1;1;72;6;1;1;0;0;1;1
2015;1;1;72;6;2;1;0;0;1;1
2015;1;1;72;7;1;1;0;0;1;1
2015;1;1;72;7;2;1;0;0;1;1
2015;1;1;72;8;1;1;0;0;1;1
2015;1;1;72;8;2;1;0;0;1;1
2015;1;1;73;1;1;1;0;0;1;1
2015;1;1;73;1;2;1;0;0;1;1
2015;1;1;73;2;1;1;0;0;1;1
2015;1;1;73;2;2;1;0;0;1;1
2015;1;1;73;3;1;1;0;0;1;1
2015;1;1;73;3;2;1;0;0;1;1
2015;1;1;73;4;1;1;0;0;1;1
2015;1;1;73;4;2;1;0;0;1;1
2015;1;1;73;5;1;1;0;0;1;1
2015;1;1;73;5;2;1;0;0;1;1
2015;1;1;73;6;1;1;0;0;1;1
2015;1;1;73;6;2;1;0;0;1;1
2015;1;1;73;7;1;1;0;0;1;1
2015;1;1;73;7;2;1;0;0;1;1
2015;1;1;73;8;1;1;0;0;1;0
2015;1;1;73;8;2;1;0;0;1;0
2015;1;1;74;1;1;1;0;0;1;1
2015;1;1;74;1;2;1;0;0;1;1
2015;1;1;74;2;1;1;0;0;1;1
2015;1;1;74;2;2;1;0;0;1;1
2015;1;1;74;3;1;1;0;0;1;1
2015;1;1;74;3;2;1;0;0;1;1
2015;1;1;74;4;1;1;0;0;1;1
2015;1;1;74;4;2;1;0;0;1;1
2015;1;1;74;5;1;1;0;0;1;1
2015;1;1;74;5;2;1;0;0;1;1
2015;1;1;74;6;1;1;0;0;1;1
2015;1;1;74;6;2;1;0;0;1;1
2015;1;1;74;7;1;1;0;0;1;1
2015;1;1;74;7;2;1;0;0;1;1
2015;1;1;74;8;1;1;0;0;1;1
2015;1;1;74;8;2;1;0;0;1;1
2015;1;1;75;1;1;1;0;0;1;1
2015;1;1;75;1;2;1;0;0;1;1
2015;1;1;75;2;1;1;0;0;1;1
2015;1;1;75;2;2;1;0;0;1;1
2015;1;1;75;3;1;1;0;0;1;1
2015;1;1;75;3;2;1;0;0;1;1
2015;1;1;75;4;1;1;0;0;1;1
2015;1;1;75;4;2;1;0;0;1;1
2015;1;1;75;5;1;1;0;0;1;1
2015;1;1;75;5;2;1;0;0;1;1
2015;1;1;75;6;1;1;0;0;1;1
2015;1;1;75;6;2;1;0;0;1;1
2015;1;1;75;7;1;1;0;0;1;1
2015;1;1;75;7;2;1;0;0;1;1
2015;1;1;75;8;1;1;0;0;1;1
2015;1;1;75;8;2;1;0;0;1;1
2015;1;1;76;1;1;1;0;0;1;1
2015;1;1;76;1;2;1;0;0;1;1
2015;1;1;76;2;1;1;0;0;1;1
2015;1;1;76;2;2;1;0;0;1;1
2015;1;1;76;3;1;1;0;0;1;1
2015;1;1;76;3;2;1;0;0;1;1
2015;1;1;76;4;1;1;0;0;1;1
2015;1;1;76;4;2;1;0;0;1;1
2015;1;1;76;5;1;1;0;0;1;1
2015;1;1;76;5;2;1;0;0;1;1
2015;1;1;76;6;1;1;0;0;1;1
2015;1;1;76;6;2;1;0;0;1;1
2015;1;1;76;7;1;1;0;0;1;1
2015;1;1;76;7;2;1;0;0;1;1
2015;1;1;76;8;1;1;0;0;1;1
2015;1;1;76;8;2;1;0;0;1;1
2015;1;1;77;1;1;1;0;0;1;1
2015;1;1;77;1;2;1;0;0;1;1
2015;1;1;77;2;1;1;0;0;1;1
2015;1;1;77;2;2;1;0;0;1;1
2015;1;1;77;3;1;1;0;0;1;1
2015;1;1;77;3;2;1;0;0;1;1
2015;1;1;77;4;1;1;0;0;1;1
2015;1;1;77;4;2;1;0;0;1;1
2015;1;1;77;5;1;1;0;0;1;1
2015;1;1;77;5;2;1;0;0;1;1
2015;1;1;77;6;1;1;0;0;1;1
2015;1;1;77;6;2;1;0;0;1;1
2015;1;1;77;7;1;1;0;0;1;1
2015;1;1;77;7;2;1;0;0;1;1
2015;1;1;77;8;1;1;0;0;1;1
2015;1;1;77;8;2;1;0;0;1;1
2015;1;1;78;1;1;1;0;0;1;1
2015;1;1;78;1;2;1;0;0;1;1
2015;1;1;78;2;1;1;0;0;1;1
2015;1;1;78;2;2;1;0;0;1;1
2015;1;1;78;3;1;1;0;0;1;1
2015;1;1;78;3;2;1;0;0;1;1
2015;1;1;78;4;1;1;0;0;1;1
2015;1;1;78;4;2;1;0;0;1;1
2015;1;1;78;5;1;1;0;0;1;1
2015;1;1;78;5;2;1;0;0;1;1
2015;1;1;78;6;1;1;0;0;1;1
2015;1;1;78;6;2;1;0;0;1;1
2015;1;1;78;7;1;1;0;0;1;1
2015;1;1;78;7;2;1;0;0;1;1
2015;1;1;78;8;1;1;0;0;1;1
2015;1;1;78;8;2;1;0;0;1;1
2015;1;1;79;1;1;1;0;0;1;1
2015;1;1;79;1;2;1;0;0;1;1
2015;1;1;79;2;1;1;0;0;1;1
2015;1;1;79;2;2;1;0;0;1;1
2015;1;1;79;3;1;1;0;0;1;1
2015;1;1;79;3;2;1;0;0;1;1
2015;1;1;79;4;1;1;0;0;1;1
2015;1;1;79;4;2;1;0;0;1;1
2015;1;1;79;5;1;1;0;0;1;1
2015;1;1;79;5;2;1;0;0;1;1
2015;1;1;79;6;1;1;0;0;1;1
2015;1;1;79;6;2;1;0;0;1;1
2015;1;1;79;7;1;1;0;0;1;1
2015;1;1;79;7;2;1;0;0;1;1
2015;1;1;79;8;1;1;0;0;1;1
2015;1;1;79;8;2;1;0;0;1;1
2015;1;1;80;1;1;1;0;0;1;1
2015;1;1;80;1;2;1;0;0;1;1
2015;1;1;80;2;1;1;0;0;1;1
2015;1;1;80;2;2;1;0;0;1;1
2015;1;1;80;3;1;1;0;0;1;1
2015;1;1;80;3;2;1;0;0;1;1
2015;1;1;80;4;1;1;0;0;1;1
2015;1;1;80;4;2;1;0;0;1;1
2015;1;1;80;5;1;1;0;0;1;1
2015;1;1;80;5;2;1;0;0;1;1
2015;1;1;80;6;1;1;0;0;1;1
2015;1;1;80;6;2;1;0;0;1;1
2015;1;1;80;7;1;1;0;0;1;1
2015;1;1;80;7;2;1;0;0;1;1
2015;1;1;80;8;1;1;0;0;1;1
2015;1;1;80;8;2;1;0;0;1;1
2015;1;1;81;1;1;1;0;0;1;1
2015;1;1;81;1;2;1;0;0;1;1
2015;1;1;81;2;1;1;0;0;1;1
2015;1;1;81;2;2;1;0;0;1;1
2015;1;1;81;3;1;1;0;0;1;1
2015;1;1;81;3;2;1;0;0;1;1
2015;1;1;81;4;1;1;0;0;1;1
2015;1;1;81;4;2;1;0;0;1;1
2015;1;1;81;5;1;1;0;0;1;1
2015;1;1;81;5;2;1;0;0;1;1
2015;1;1;81;6;1;1;0;0;1;1
2015;1;1;81;6;2;1;0;0;1;1
2015;1;1;81;7;1;1;0;0;1;1
2015;1;1;81;7;2;1;0;0;1;1
2015;1;1;81;8;1;1;0;0;1;1
2015;1;1;81;8;2;1;0;0;1;1
2015;1;1;82;1;1;1;0;0;1;0
2015;1;1;82;1;2;1;0;0;1;1
2015;1;1;82;2;1;1;0;0;1;0
2015;1;1;82;2;2;1;0;0;1;1
2015;1;1;82;3;1;1;0;0;1;0
2015;1;1;82;3;2;1;0;0;1;1
2015;1;1;82;4;1;1;0;0;1;0
2015;1;1;82;4;2;1;0;0;1;1
2015;1;1;82;5;1;1;0;0;1;0
2015;1;1;82;5;2;1;0;0;1;1
2015;1;1;82;6;1;1;0;0;1;0
2015;1;1;82;6;2;1;0;0;1;1
2015;1;1;82;7;1;1;0;0;1;0
2015;1;1;82;7;2;1;0;0;1;1
2015;1;1;82;8;1;1;0;0;1;0
2015;1;1;82;8;2;1;0;0;1;1
2015;1;1;83;1;1;1;0;0;1;1
2015;1;1;83;1;2;1;0;0;1;1
2015;1;1;83;2;1;1;0;0;1;1
2015;1;1;83;2;2;1;0;0;1;1
2015;1;1;83;3;1;1;0;0;1;1
2015;1;1;83;3;2;1;0;0;1;1
2015;1;1;83;4;1;1;0;0;1;1
2015;1;1;83;4;2;1;0;0;1;1
2015;1;1;83;5;1;1;0;0;1;1
2015;1;1;83;5;2;1;0;0;1;1
2015;1;1;83;6;1;1;0;0;1;1
2015;1;1;83;6;2;1;0;0;1;1
2015;1;1;83;7;1;1;0;0;1;1
2015;1;1;83;7;2;1;0;0;1;1
2015;1;1;83;8;1;1;0;0;1;1
2015;1;1;83;8;2;1;0;0;1;1
2015;1;1;84;1;1;1;0;0;1;1
2015;1;1;84;1;2;1;0;0;1;1
2015;1;1;84;2;1;1;0;0;1;1
2015;1;1;84;2;2;1;0;0;1;1
2015;1;1;84;3;1;1;0;0;1;1
2015;1;1;84;3;2;1;0;0;1;1
2015;1;1;84;4;1;1;0;0;1;1
2015;1;1;84;4;2;1;0;0;1;1
2015;1;1;84;5;1;1;0;0;1;1
2015;1;1;84;5;2;1;0;0;1;1
2015;1;1;84;6;1;1;0;0;1;1
2015;1;1;84;6;2;1;0;0;1;1
2015;1;1;84;7;1;1;0;0;1;1
2015;1;1;84;7;2;1;0;0;1;1
2015;1;1;84;8;1;1;0;0;1;1
2015;1;1;84;8;2;1;0;0;1;1
2015;1;1;85;1;1;1;0;0;1;1
2015;1;1;85;1;2;1;0;0;1;1
2015;1;1;85;2;1;1;0;0;1;1
2015;1;1;85;2;2;1;0;0;1;1
2015;1;1;85;3;1;1;0;0;1;1
2015;1;1;85;3;2;1;0;0;1;1
2015;1;1;85;4;1;1;0;0;1;1
2015;1;1;85;4;2;1;0;0;1;1
2015;1;1;85;5;1;1;0;0;1;1
2015;1;1;85;5;2;1;0;0;1;1
2015;1;1;85;6;1;1;0;0;1;1
2015;1;1;85;6;2;1;0;0;1;1
2015;1;1;85;7;1;1;0;0;1;1
2015;1;1;85;7;2;1;0;0;1;1
2015;1;1;85;8;1;1;0;0;1;1
2015;1;1;85;8;2;1;0;0;1;1
2015;1;1;86;1;1;1;0;0;1;1
2015;1;1;86;1;2;1;0;0;1;1
2015;1;1;86;2;1;1;0;0;1;1
2015;1;1;86;2;2;1;0;0;1;1
2015;1;1;86;3;1;1;0;0;1;1
2015;1;1;86;3;2;1;0;0;1;1
2015;1;1;86;4;1;1;0;0;1;1
2015;1;1;86;4;2;1;0;0;1;1
2015;1;1;86;5;1;1;0;0;1;1
2015;1;1;86;5;2;1;0;0;1;1
2015;1;1;86;6;1;1;0;0;1;1
2015;1;1;86;6;2;1;0;0;1;1
2015;1;1;86;7;1;1;0;0;1;1
2015;1;1;86;7;2;1;0;0;1;1
2015;1;1;86;8;1;1;0;0;1;1
2015;1;1;86;8;2;1;0;0;1;1
2015;1;1;87;1;1;1;0;0;1;1
2015;1;1;87;1;2;1;0;0;1;1
2015;1;1;87;2;1;1;0;0;1;1
2015;1;1;87;2;2;1;0;0;1;1
2015;1;1;87;3;1;1;0;0;1;1
2015;1;1;87;3;2;1;0;0;1;1
2015;1;1;87;4;1;1;0;0;1;1
2015;1;1;87;4;2;1;0;0;1;1
2015;1;1;87;5;1;1;0;0;1;1
2015;1;1;87;5;2;1;0;0;1;1
2015;1;1;87;6;1;1;0;0;1;1
2015;1;1;87;6;2;1;0;0;1;1
2015;1;1;87;7;1;1;0;0;1;1
2015;1;1;87;7;2;1;0;0;1;1
2015;1;1;87;8;1;1;0;0;1;1
2015;1;1;87;8;2;1;0;0;1;1
2015;1;1;88;1;1;1;0;0;1;1
2015;1;1;88;1;2;1;0;0;1;1
2015;1;1;88;2;1;1;0;0;1;1
2015;1;1;88;2;2;1;0;0;1;1
2015;1;1;88;3;1;1;0;0;1;1
2015;1;1;88;3;2;1;0;0;1;1
2015;1;1;88;4;1;1;0;0;1;1
2015;1;1;88;4;2;1;0;0;1;1
2015;1;1;88;5;1;1;0;0;1;1
2015;1;1;88;5;2;1;0;0;1;1
2015;1;1;88;6;1;1;0;0;1;1
2015;1;1;88;6;2;1;0;0;1;1
2015;1;1;88;7;1;1;0;0;1;1
2015;1;1;88;7;2;1;0;0;1;1
2015;1;1;88;8;1;1;0;0;1;1
2015;1;1;88;8;2;1;0;0;1;1
2015;1;1;89;1;1;1;0;0;1;1
2015;1;1;89;1;2;1;0;0;1;1
2015;1;1;89;2;1;1;0;0;1;1
2015;1;1;89;2;2;1;0;0;1;1
2015;1;1;89;3;1;1;0;0;1;1
2015;1;1;89;3;2;1;0;0;1;1
2015;1;1;89;4;1;1;0;0;1;1
2015;1;1;89;4;2;1;0;0;1;1
2015;1;1;89;5;1;1;0;0;1;1
2015;1;1;89;5;2;1;0;0;1;1
2015;1;1;89;6;1;1;0;0;1;1
2015;1;1;89;6;2;1;0;0;1;1
2015;1;1;89;7;1;1;0;0;1;1
2015;1;1;89;7;2;1;0;0;1;1
2015;1;1;89;8;1;1;0;0;1;1
2015;1;1;89;8;2;1;0;0;1;1
2015;1;1;90;1;1;1;0;0;1;1
2015;1;1;90;1;2;1;0;0;1;1
2015;1;1;90;2;1;1;0;0;1;1
2015;1;1;90;2;2;1;0;0;1;1
2015;1;1;90;3;1;1;0;0;1;1
2015;1;1;90;3;2;1;0;0;1;1
2015;1;1;90;4;1;1;0;0;1;1
2015;1;1;90;4;2;1;0;0;1;1
2015;1;1;90;5;1;1;0;0;1;1
2015;1;1;90;5;2;1;0;0;1;1
2015;1;1;90;6;1;1;0;0;1;1
2015;1;1;90;6;2;1;0;0;1;1
2015;1;1;90;7;1;1;0;0;1;1
2015;1;1;90;7;2;1;0;0;1;1
2015;1;1;90;8;1;1;0;0;1;1
2015;1;1;90;8;2;1;0;0;1;1
2015;1;1;91;1;1;1;0;0;1;1
2015;1;1;91;1;2;1;0;0;1;1
2015;1;1;91;1;5;1;0;0;1;1
2015;1;1;91;1;6;1;0;0;1;1
2015;1;1;91;2;1;1;0;0;1;1
2015;1;1;91;2;2;1;0;0;1;1
2015;1;1;91;2;5;1;0;0;1;1
2015;1;1;91;2;6;1;0;0;1;1
2015;1;1;91;3;1;1;0;0;1;1
2015;1;1;91;3;2;1;0;0;1;1
2015;1;1;91;3;5;1;0;0;1;1
2015;1;1;91;3;6;1;0;0;1;1
2015;1;1;91;4;1;1;0;0;1;1
2015;1;1;91;4;2;1;0;0;1;1
2015;1;1;91;4;5;1;0;0;1;1
2015;1;1;91;4;6;1;0;0;1;1
2015;1;1;91;5;1;1;0;0;1;1
2015;1;1;91;5;2;1;0;0;1;1
2015;1;1;91;5;5;1;0;0;1;1
2015;1;1;91;5;6;1;0;0;1;1
2015;1;1;91;6;1;1;0;0;1;1
2015;1;1;91;6;2;1;0;0;1;1
2015;1;1;91;6;5;1;0;0;1;1
2015;1;1;91;6;6;1;0;0;1;1
2015;1;1;91;7;1;1;0;0;1;1
2015;1;1;91;7;2;1;0;0;1;1
2015;1;1;91;7;5;1;0;0;1;1
2015;1;1;91;7;6;1;0;0;1;1
2015;1;1;91;8;1;1;0;0;1;1
2015;1;1;91;8;2;1;0;0;1;1
2015;1;1;91;8;5;1;0;0;1;1
2015;1;1;91;8;6;1;0;0;1;1
2015;1;1;92;1;1;1;0;0;1;1
2015;1;1;92;1;2;1;0;0;1;1
2015;1;1;92;2;1;1;0;0;1;1
2015;1;1;92;2;2;1;0;0;1;1
2015;1;1;92;3;1;1;0;0;1;1
2015;1;1;92;3;2;1;0;0;1;1
2015;1;1;92;4;1;1;0;0;1;1
2015;1;1;92;4;2;1;0;0;1;1
2015;1;1;92;5;1;1;0;0;1;1
2015;1;1;92;5;2;1;0;0;1;1
2015;1;1;92;6;1;1;0;0;1;1
2015;1;1;92;6;2;1;0;0;1;1
2015;1;1;92;7;1;1;0;0;1;1
2015;1;1;92;7;2;1;0;0;1;1
2015;1;1;92;8;1;1;0;0;1;1
2015;1;1;92;8;2;1;0;0;1;1
2015;1;1;93;1;1;1;0;0;1;1
2015;1;1;93;1;2;1;0;0;1;1
2015;1;1;93;2;1;1;0;0;1;1
2015;1;1;93;2;2;1;0;0;1;1
2015;1;1;93;3;1;1;0;0;1;1
2015;1;1;93;3;2;1;0;0;1;1
2015;1;1;93;4;1;1;0;0;1;1
2015;1;1;93;4;2;1;0;0;1;1
2015;1;1;93;5;1;1;0;0;1;1
2015;1;1;93;5;2;1;0;0;1;1
2015;1;1;93;6;1;1;0;0;1;1
2015;1;1;93;6;2;1;0;0;1;1
2015;1;1;93;7;1;1;0;0;1;1
2015;1;1;93;7;2;1;0;0;1;1
2015;1;1;93;8;1;1;0;0;1;1
2015;1;1;93;8;2;1;0;0;1;1
2015;1;1;94;1;1;1;0;0;1;1
2015;1;1;94;1;2;1;0;0;1;1
2015;1;1;94;2;1;1;0;0;1;1
2015;1;1;94;2;2;1;0;0;1;1
2015;1;1;94;3;1;1;0;0;1;1
2015;1;1;94;3;2;1;0;0;1;1
2015;1;1;94;4;1;1;0;0;1;1
2015;1;1;94;4;2;1;0;0;1;1
2015;1;1;94;5;1;1;0;0;1;1
2015;1;1;94;5;2;1;0;0;1;1
2015;1;1;94;6;1;1;0;0;1;1
2015;1;1;94;6;2;1;0;0;1;1
2015;1;1;94;7;1;1;0;0;1;1
2015;1;1;94;7;2;1;0;0;1;1
2015;1;1;94;8;1;1;0;0;1;1
2015;1;1;94;8;2;1;0;0;1;1
2015;1;1;95;1;1;1;0;0;1;1
2015;1;1;95;1;2;1;0;0;1;1
2015;1;1;95;2;1;1;0;0;1;1
2015;1;1;95;2;2;1;0;0;1;1
2015;1;1;95;3;1;1;0;0;1;1
2015;1;1;95;3;2;1;0;0;1;1
2015;1;1;95;4;1;1;0;0;1;1
2015;1;1;95;4;2;1;0;0;1;1
2015;1;1;95;5;1;1;0;0;1;1
2015;1;1;95;5;2;1;0;0;1;1
2015;1;1;95;6;1;1;0;0;1;1
2015;1;1;95;6;2;1;0;0;1;1
2015;1;1;95;7;1;1;0;0;1;1
2015;1;1;95;7;2;1;0;0;1;1
2015;1;1;95;8;1;1;0;0;1;1
2015;1;1;95;8;2;1;0;0;1;1
2015;1;1;96;1;1;1;0;0;1;1
2015;1;1;96;1;2;1;0;0;1;1
2015;1;1;96;2;1;1;0;0;1;1
2015;1;1;96;2;2;1;0;0;1;1
2015;1;1;96;3;1;1;0;0;1;1
2015;1;1;96;3;2;1;0;0;1;1
2015;1;1;96;4;1;1;0;0;1;1
2015;1;1;96;4;2;1;0;0;1;1
2015;1;1;96;5;1;1;0;0;1;1
2015;1;1;96;5;2;1;0;0;1;1
2015;1;1;96;6;1;1;0;0;1;1
2015;1;1;96;6;2;1;0;0;1;1
2015;1;1;96;7;1;1;0;0;1;1
2015;1;1;96;7;2;1;0;0;1;1
2015;1;1;96;8;1;1;0;0;1;1
2015;1;1;96;8;2;1;0;0;1;1
2015;1;1;97;1;1;1;0;0;1;1
2015;1;1;97;1;2;1;0;0;1;1
2015;1;1;97;2;1;1;0;0;1;1
2015;1;1;97;2;2;1;0;0;1;1
2015;1;1;97;3;1;1;0;0;1;1
2015;1;1;97;3;2;1;0;0;1;1
2015;1;1;97;4;1;1;0;0;1;1
2015;1;1;97;4;2;1;0;0;1;1
2015;1;1;97;5;1;1;0;0;1;1
2015;1;1;97;5;2;1;0;0;1;1
2015;1;1;97;6;1;1;0;0;1;1
2015;1;1;97;6;2;1;0;0;1;1
2015;1;1;97;7;1;1;0;0;1;1
2015;1;1;97;7;2;1;0;0;1;1
2015;1;1;97;8;1;1;0;0;1;1
2015;1;1;97;8;2;1;0;0;1;1
2015;1;1;98;1;1;1;0;0;1;1
2015;1;1;98;1;2;1;0;0;1;1
2015;1;1;98;2;1;1;0;0;1;1
2015;1;1;98;2;2;1;0;0;1;1
2015;1;1;98;3;1;1;0;0;1;1
2015;1;1;98;3;2;1;0;0;1;1
2015;1;1;98;4;1;1;0;0;1;1
2015;1;1;98;4;2;1;0;0;1;1
2015;1;1;98;5;1;1;0;0;1;1
2015;1;1;98;5;2;1;0;0;1;1
2015;1;1;98;6;1;1;0;0;1;1
2015;1;1;98;6;2;1;0;0;1;1
2015;1;1;98;7;1;1;0;0;1;1
2015;1;1;98;7;2;1;0;0;1;1
2015;1;1;98;8;1;1;0;0;1;1
2015;1;1;98;8;2;1;0;0;1;1
2015;1;1;99;1;1;1;0;0;1;1
2015;1;1;99;1;2;1;0;0;1;1
2015;1;1;99;2;1;1;0;0;1;1
2015;1;1;99;2;2;1;0;0;1;1
2015;1;1;99;3;1;1;0;0;1;1
2015;1;1;99;3;2;1;0;0;1;1
2015;1;1;99;4;1;1;0;0;1;1
2015;1;1;99;4;2;1;0;0;1;1
2015;1;1;99;5;1;1;0;0;1;1
2015;1;1;99;5;2;1;0;0;1;1
2015;1;1;99;6;1;1;0;0;1;1
2015;1;1;99;6;2;1;0;0;1;1
2015;1;1;99;7;1;1;0;0;1;1
2015;1;1;99;7;2;1;0;0;1;1
2015;1;1;99;8;1;1;0;0;1;1
2015;1;1;99;8;2;1;0;0;1;1
2015;1;1;100;1;1;1;0;0;1;1
2015;1;1;100;1;2;1;0;0;1;1
2015;1;1;100;2;1;1;0;0;1;1
2015;1;1;100;2;2;1;0;0;1;1
2015;1;1;100;3;1;1;0;0;1;1
2015;1;1;100;3;2;1;0;0;1;1
2015;1;1;100;4;1;1;0;0;1;1
2015;1;1;100;4;2;1;0;0;1;1
2015;1;1;100;5;1;1;0;0;1;1
2015;1;1;100;5;2;1;0;0;1;1
2015;1;1;100;6;1;1;0;0;1;1
2015;1;1;100;6;2;1;0;0;1;1
2015;1;1;100;7;1;1;0;0;1;1
2015;1;1;100;7;2;1;0;0;1;1
2015;1;1;100;8;1;1;0;0;1;1
2015;1;1;100;8;2;1;0;0;1;1
2015;1;1;101;1;1;1;0;0;1;1
2015;1;1;101;1;2;1;0;0;1;1
2015;1;1;101;2;1;1;0;0;1;1
2015;1;1;101;2;2;1;0;0;1;1
2015;1;1;101;3;1;1;0;0;1;1
2015;1;1;101;3;2;1;0;0;1;1
2015;1;1;101;4;1;1;0;0;1;1
2015;1;1;101;4;2;1;0;0;1;1
2015;1;1;101;5;1;1;0;0;1;1
2015;1;1;101;5;2;1;0;0;1;1
2015;1;1;101;6;1;1;0;0;1;1
2015;1;1;101;6;2;1;0;0;1;1
2015;1;1;101;7;1;1;0;0;1;1
2015;1;1;101;7;2;1;0;0;1;1
2015;1;1;101;8;1;1;0;0;1;1
2015;1;1;101;8;2;1;0;0;1;1
2015;1;1;102;1;1;1;0;0;1;1
2015;1;1;102;1;2;1;0;0;1;1
2015;1;1;102;2;1;1;0;0;1;1
2015;1;1;102;2;2;1;0;0;1;1
2015;1;1;102;3;1;1;0;0;1;1
2015;1;1;102;3;2;1;0;0;1;1
2015;1;1;102;4;1;1;0;0;1;1
2015;1;1;102;4;2;1;0;0;1;1
2015;1;1;102;5;1;1;0;0;1;1
2015;1;1;102;5;2;1;0;0;1;1
2015;1;1;102;6;1;1;0;0;1;1
2015;1;1;102;6;2;1;0;0;1;1
2015;1;1;102;7;1;1;0;0;1;1
2015;1;1;102;7;2;1;0;0;1;1
2015;1;1;102;8;1;1;0;0;1;1
2015;1;1;102;8;2;1;0;0;1;1
2015;2;202;1;1;1;1;0;0;1;1
2015;2;202;1;1;2;1;0;0;1;1
2015;2;202;1;1;3;1;0;0;1;1
2015;2;202;1;2;1;1;0;0;1;1
2015;2;202;1;2;2;1;0;0;1;1
2015;2;202;1;2;3;1;0;0;1;1
2015;2;202;2;1;1;1;0;0;1;1
2015;2;202;2;1;2;1;0;0;1;1
2015;2;202;2;1;3;1;0;0;1;1
2015;2;202;2;2;1;1;0;0;1;1
2015;2;202;2;2;2;1;0;0;1;1
2015;2;202;2;2;3;1;0;0;1;1
2015;2;202;3;1;1;1;0;0;1;1
2015;2;202;3;1;2;1;0;0;1;1
2015;2;202;3;1;3;1;0;0;1;1
2015;2;202;3;2;1;1;0;0;1;1
2015;2;202;3;2;2;1;0;0;1;1
2015;2;202;3;2;3;1;0;0;1;1
2015;2;202;5;1;1;1;0;0;1;1
2015;2;202;5;1;2;1;0;0;1;1
2015;2;202;5;1;3;1;0;0;1;1
2015;2;202;5;2;1;1;0;0;1;1
2015;2;202;5;2;2;1;0;0;1;1
2015;2;202;5;2;3;1;0;0;1;1
2015;2;202;6;1;1;1;0;0;1;1
2015;2;202;6;1;2;1;0;0;1;1
2015;2;202;6;1;3;1;0;0;1;1
2015;2;202;6;2;1;1;0;0;1;1
2015;2;202;6;2;2;1;0;0;1;1
2015;2;202;6;2;3;1;0;0;1;1
2015;2;202;7;1;1;1;0;0;1;1
2015;2;202;7;1;2;1;0;0;1;1
2015;2;202;7;1;3;1;0;0;1;1
2015;2;202;7;2;1;1;0;0;1;1
2015;2;202;7;2;2;1;0;0;1;1
2015;2;202;7;2;3;1;0;0;1;1
2015;2;202;8;1;1;1;0;0;1;1
2015;2;202;8;1;2;1;0;0;1;1
2015;2;202;8;1;3;1;0;0;1;1
2015;2;202;8;2;1;1;0;0;1;1
2015;2;202;8;2;2;1;0;0;1;1
2015;2;202;8;2;3;1;0;0;1;1
2015;2;202;9;1;1;1;0;0;1;1
2015;2;202;9;1;2;1;0;0;1;1
2015;2;202;9;1;3;1;0;0;1;1
2015;2;202;9;2;1;1;0;0;1;1
2015;2;202;9;2;2;1;0;0;1;1
2015;2;202;9;2;3;1;0;0;1;1
2015;4;3004;101;1;1;1;0;0;1;1
2015;4;3004;301;1;1;1;0;0;1;1
2015;4;3004;302;1;1;1;0;0;1;1
2015;4;3004;303;1;1;1;0;0;1;1
2015;4;3004;304;1;1;1;0;0;1;1
2015;4;3004;305;1;1;1;0;0;1;1
2015;4;3004;306;1;1;1;0;0;1;1
2015;4;3004;306;1;2;1;0;0;1;1
2015;4;3004;307;1;1;1;0;0;1;1
2015;4;3004;308;1;1;1;0;0;1;1
2015;4;3004;604;1;1;1;0;0;1;1
2015;4;3004;606;1;1;1;0;0;1;1
2015;4;3004;609;1;1;1;0;0;1;1
2015;4;2904;901;1;1;1;0;0;1;1
2015;4;2904;902;1;1;1;0;0;1;1
2015;4;2904;903;1;1;1;0;0;1;1
2015;4;2904;904;1;1;1;0;0;1;1
2015;4;2904;905;1;1;1;0;0;1;1
2015;4;2904;906;1;1;1;0;0;1;1
2015;4;2904;907;1;1;1;0;0;1;1
2015;4;2904;908;1;1;1;0;0;1;1
2015;4;2904;909;1;1;1;0;0;1;1
2015;4;2904;911;1;1;1;0;0;1;1
2015;4;2904;913;1;1;1;0;0;1;1
2015;4;2904;914;1;1;1;0;0;1;1
2015;4;2904;919;1;1;1;0;0;1;1
2015;4;2904;920;1;1;1;0;0;1;1
2015;4;2904;921;1;1;1;0;0;1;1
2015;4;2904;922;1;1;1;0;0;1;1
2015;4;2904;923;1;1;1;0;0;1;1
2015;4;3604;1401;10;1;1;0;0;1;1
2015;4;3604;1401;11;1;1;0;0;1;1
2015;4;3604;1402;20;1;1;0;0;1;1
2015;4;3604;1402;21;1;1;0;0;1;1
2015;4;3604;1402;26;1;1;0;0;1;1
2015;4;3604;1403;30;1;1;0;0;1;1
2015;4;3604;1403;31;1;1;0;0;1;1
2015;4;3604;1403;36;1;1;0;0;1;1
2015;4;3604;1404;40;1;1;0;0;1;1
2015;4;3604;1404;41;1;1;0;0;1;1
2015;4;3604;1404;46;1;1;0;0;1;1
2015;4;3604;1405;50;1;1;0;0;1;1
2015;4;3604;1405;51;1;1;0;0;1;1
2015;4;3604;1405;56;1;1;0;0;1;1
2015;4;3604;1406;60;1;1;0;0;1;1
2015;4;3604;1406;61;1;1;0;0;1;1
2015;4;3004;1501;1;1;1;0;0;1;1
2015;4;3004;1502;1;1;1;0;0;1;1
2015;51;51;1;1;1;1;0;0;1;1
2015;51;51;1;1;3;1;0;0;1;1
2015;51;51;1;2;2;1;0;0;1;1
2015;51;51;1;2;4;1;0;0;1;1
2015;51;51;3;1;1;1;0;0;1;1
2015;51;51;3;1;3;1;0;0;1;1
2015;51;51;3;2;2;1;0;0;1;1
2015;51;51;3;2;4;1;0;0;1;1
2015;51;51;15;1;1;1;0;0;1;1
2015;51;51;15;1;2;1;0;0;1;1
2015;51;51;16;1;1;1;0;0;1;1
2015;51;51;16;1;2;1;0;0;1;1
2015;51;51;17;1;1;1;0;0;1;1
2015;51;51;17;1;3;1;0;0;1;1
2015;51;51;17;2;2;1;0;0;1;1
2015;51;51;17;2;4;1;0;0;1;1
2015;51;51;18;1;1;1;0;0;1;1
2015;51;51;18;1;3;1;0;0;1;1
2015;51;51;18;2;2;1;0;0;1;1
2015;51;51;18;2;4;1;0;0;1;1
2015;51;51;19;1;1;1;0;0;1;1
2015;51;51;19;1;2;1;0;0;1;1
2015;51;51;20;1;1;1;0;0;1;1
2015;51;51;20;1;2;1;0;0;1;1
2015;55;55;19;2015;4;1;0;0;1;1
2015;60;60;1;2;1;1;0;0;1;1
2015;60;60;3;2;1;1;0;0;1;1
2015;60;60;8;1;1;1;0;0;1;1
2015;60;60;8;2;1;1;0;0;1;1
2015;60;60;9;2;1;1;0;0;1;1
2015;60;60;10;2;1;1;0;0;1;1
2015;60;60;11;1;1;1;0;0;1;1
2015;60;60;11;2;1;1;0;0;1;1
2015;63;63;1;1;1;1;1;0;1;1
2015;63;63;3;1;1;1;1;0;1;1
2015;63;63;4;1;1;1;1;0;1;1
2015;67;67;1;1;1;1;0;0;1;1
2015;67;67;1;1;2;1;0;0;1;1
2015;67;67;1;1;3;1;0;0;1;1
2015;67;67;1;2;1;1;0;0;1;1
2015;67;67;1;2;2;1;0;0;1;1
2015;67;67;1;2;3;1;0;0;1;1
2015;67;67;1;3;1;1;0;0;1;1
2015;67;67;1;3;2;1;0;0;1;1
2015;67;67;1;3;3;1;0;0;1;1
2015;67;67;1;4;1;1;0;0;1;1
2015;67;67;1;4;2;1;0;0;1;1
2015;67;67;1;4;3;1;0;0;1;1
2015;67;67;1;5;1;1;0;0;1;1
2015;67;67;1;5;2;1;0;0;1;1
2015;67;67;1;5;3;1;0;0;1;1
2015;67;67;2;1;1;1;0;0;1;1
2015;67;67;2;1;2;1;0;0;1;1
2015;67;67;2;1;3;1;0;0;1;1
2015;67;67;2;2;1;1;0;0;1;1
2015;67;67;2;2;2;1;0;0;1;1
2015;67;67;2;2;3;1;0;0;1;1
2015;67;67;2;3;1;1;0;0;1;1
2015;67;67;2;3;2;1;0;0;1;1
2015;67;67;2;3;3;1;0;0;1;1
2015;67;67;2;4;1;1;0;0;1;1
2015;67;67;2;4;2;1;0;0;1;1
2015;67;67;2;4;3;1;0;0;1;1
2015;67;67;3;1;1;1;0;0;1;1
2015;67;67;3;1;2;1;0;0;1;1
2015;67;67;3;1;3;1;0;0;1;1
2015;67;67;3;2;1;1;0;0;1;1
2015;67;67;3;2;2;1;0;0;1;1
2015;67;67;3;2;3;1;0;0;1;1
2015;67;67;3;3;1;1;0;0;1;1
2015;67;67;3;3;2;1;0;0;1;1
2015;67;67;3;3;3;1;0;0;1;1
2015;67;67;3;4;1;1;0;0;1;1
2015;67;67;3;4;2;1;0;0;1;1
2015;67;67;3;4;3;1;0;0;1;1
2015;67;67;3;5;1;1;0;0;1;1
2015;67;67;3;5;2;1;0;0;1;1
2015;67;67;3;5;3;1;0;0;1;1
2015;67;67;4;1;1;1;0;0;1;1
2015;67;67;4;1;2;1;0;0;1;1
2015;67;67;4;1;3;1;0;0;1;1
2015;67;67;4;2;1;1;0;0;1;1
2015;67;67;4;2;2;1;0;0;1;1
2015;67;67;4;2;3;1;0;0;1;1
2015;67;67;4;3;1;1;0;0;1;1
2015;67;67;4;3;2;1;0;0;1;1
2015;67;67;4;3;3;1;0;0;1;1
2015;67;67;4;4;1;1;0;0;1;1
2015;67;67;4;4;2;1;0;0;1;1
2015;67;67;4;4;3;1;0;0;1;1
2015;67;67;5;1;1;1;0;0;1;1
2015;67;67;5;1;2;1;0;0;1;1
2015;67;67;5;1;3;1;0;0;1;1
2015;67;67;5;2;1;1;0;0;1;1
2015;67;67;5;2;2;1;0;0;1;1
2015;67;67;5;2;3;1;0;0;1;1
2015;67;67;5;3;1;1;0;0;1;1
2015;67;67;5;3;2;1;0;0;1;1
2015;67;67;5;3;3;1;0;0;1;1
2015;67;67;5;4;1;1;0;0;1;1
2015;67;67;5;4;2;1;0;0;1;1
2015;67;67;5;4;3;1;0;0;1;1
2016;4;3004;101;1;1;1;0;0;1;1
2016;4;3004;301;1;1;1;0;0;1;1
2016;4;3004;302;1;1;1;0;0;1;1
2016;4;3004;303;1;1;1;0;0;1;1
2016;4;3004;304;1;1;1;0;0;1;1
2016;4;3004;305;1;1;1;0;0;1;1
2016;4;3004;306;1;1;1;0;0;1;1
2016;4;3004;306;1;2;1;0;0;1;1
2016;4;3004;307;1;1;1;0;0;1;1
2016;4;3004;308;1;1;1;0;0;1;1
2016;4;3204;502;1;1;1;0;0;1;1
2016;4;3204;502;2;1;1;0;0;1;1
2016;4;3204;502;3;1;1;0;0;1;1
2016;4;3204;502;4;1;1;0;0;1;1
2016;4;3204;503;1;1;1;0;0;1;1
2016;4;3204;503;2;1;1;0;0;1;1
2016;4;3204;503;3;1;1;0;0;1;1
2016;4;3204;503;4;1;1;0;0;1;1
2016;4;3204;506;1;1;1;0;0;1;1
2016;4;3204;506;2;1;1;0;0;1;1
2016;4;3204;506;3;1;1;0;0;1;1
2016;4;3204;506;4;1;1;0;0;1;1
2016;4;3204;508;1;1;1;0;0;1;1
2016;4;3204;508;1;2;1;0;0;1;1
2016;4;3204;508;2;1;1;0;0;1;1
2016;4;3204;508;2;2;1;0;0;1;1
2016;4;3204;508;3;1;1;0;0;1;1
2016;4;3204;508;3;2;1;0;0;1;1
2016;4;3204;508;4;1;1;0;0;1;1
2016;4;3204;508;4;2;1;0;0;1;1
2016;4;3004;604;1;1;1;0;0;1;1
2016;4;3004;606;1;1;1;0;0;1;1
2016;4;3004;609;1;1;1;0;0;1;1
2016;4;3104;1302;1;1;1;0;0;1;1
2016;4;3104;1303;1;1;1;0;0;1;1
2016;4;3604;1401;11;1;1;0;0;1;1
2016;4;3604;1402;21;1;1;0;0;1;1
2016;4;3604;1402;26;1;1;0;0;1;1
2016;4;3604;1403;31;1;1;0;0;1;1
2016;4;3604;1403;36;1;1;0;0;1;1
2016;4;3604;1404;41;1;1;0;0;1;1
2016;4;3604;1404;46;1;1;0;0;1;1
2016;4;3604;1405;51;1;1;0;0;1;1
2016;4;3604;1405;56;1;1;0;0;1;1
2016;4;3604;1406;61;1;1;0;0;1;1
2016;4;3004;1501;1;1;1;0;0;1;1
2016;4;3004;1502;1;1;1;0;0;1;1
2016;4;3704;1605;51;1;1;0;0;1;1
2016;4;3704;1605;52;2;1;0;0;1;1
2016;4;3704;1605;53;3;1;0;0;1;1
2016;4;3704;1605;54;4;1;0;0;1;1
2016;4;3704;1606;61;1;1;0;0;1;1
2016;4;3704;1606;62;2;1;0;0;1;1
2016;4;3704;1606;63;3;1;0;0;1;1
2016;4;3704;1606;64;4;1;0;0;1;1
2016;4;3704;1607;71;1;1;0;0;1;1
2016;4;3704;1607;72;2;1;0;0;1;1
2016;4;3704;1607;73;3;1;0;0;1;1
2016;4;3704;1607;74;4;1;0;0;1;1
2016;4;3704;1608;81;1;1;0;0;1;1
2016;4;3704;1608;82;2;1;0;0;1;1
2016;4;3704;1608;83;3;1;0;0;1;1
2016;4;3704;1608;84;4;1;0;0;1;1
2016;4;3704;1609;91;1;1;0;0;1;1
2016;4;3704;1609;92;2;1;0;0;1;1
2016;4;3704;1609;93;3;1;0;0;1;1
2016;4;3704;1609;94;4;1;0;0;1;1
2016;5;5;1;1;5;1;0;0;1;1
2016;5;5;1;3;3;1;0;0;1;1
2016;5;5;3;1;5;1;0;0;1;1
2016;5;5;3;3;3;1;0;0;1;1
2016;5;5;5;1;5;1;0;0;1;1
2016;5;5;5;3;3;1;0;0;1;1
2016;5;5;9;1;5;1;0;0;1;1
2016;5;5;9;3;3;1;0;0;1;1
2016;5;5;12;1;5;1;0;0;1;1
2016;5;5;12;3;3;1;0;0;1;1
2016;5;5;20;1;5;1;0;0;1;1
2016;5;5;20;3;3;1;0;0;1;1
2016;5;5;31;1;5;1;0;0;1;1
2016;5;5;31;3;3;1;0;0;1;1
2016;6;6;512;1;1;1;0;0;1;1
2016;6;6;512;2;1;1;0;0;1;1
2016;6;6;512;3;1;1;0;0;1;1
2016;6;6;512;4;1;1;0;0;1;1
2016;6;6;512;5;1;1;0;0;1;1
2016;6;6;512;6;1;1;0;0;1;1
2016;6;6;512;7;1;1;0;0;1;1
2016;6;6;512;8;1;1;0;0;1;1
2016;6;6;512;9;1;1;0;0;1;1
2016;6;6;512;10;1;1;0;0;1;1
2016;6;6;715;1;1;1;0;0;1;0
2016;6;6;715;2;1;1;0;0;1;0
2016;6;6;715;3;1;1;0;0;1;0
2016;6;6;715;4;1;1;0;0;1;0
2016;6;6;715;5;1;1;0;0;1;0
2016;6;6;715;6;1;1;0;0;1;0
2016;6;6;715;7;1;1;0;0;1;0
2016;6;6;715;8;1;1;0;0;1;0
2016;6;6;715;9;1;1;0;0;1;0
2016;6;6;715;10;1;1;0;0;1;0
2016;6;6;715;11;1;1;0;0;0;1
2016;6;6;715;12;1;1;0;0;0;1
2016;6;6;715;13;1;1;0;0;0;1
2016;6;6;715;14;1;1;0;0;0;1
2016;6;6;715;15;1;1;0;0;0;1
2016;6;6;715;16;1;1;0;0;0;1
2016;6;6;715;17;1;1;0;0;0;1
2016;6;6;715;18;1;1;0;0;0;1
2016;6;6;715;19;1;1;0;0;0;1
2016;6;6;715;20;1;1;0;0;0;1
2016;6;6;718;1;1;1;0;0;1;0
2016;6;6;718;2;1;1;0;0;1;0
2016;6;6;718;3;1;1;0;0;1;0
2016;6;6;718;4;1;1;0;0;1;0
2016;6;6;718;5;1;1;0;0;1;0
2016;6;6;718;6;1;1;0;0;1;0
2016;6;6;718;7;1;1;0;0;1;0
2016;6;6;718;8;1;1;0;0;1;0
2016;6;6;718;9;1;1;0;0;1;0
2016;6;6;718;10;1;1;0;0;1;0
2016;6;6;718;21;1;1;0;0;0;1
2016;6;6;718;22;1;1;0;0;0;1
2016;6;6;718;23;1;1;0;0;0;1
2016;6;6;718;24;1;1;0;0;0;1
2016;6;6;718;25;1;1;0;0;0;1
2016;6;6;718;26;1;1;0;0;0;1
2016;6;6;718;27;1;1;0;0;0;1
2016;6;6;718;28;1;1;0;0;0;1
2016;6;6;718;29;1;1;0;0;0;1
2016;6;6;718;30;1;1;0;0;0;1
2016;6;6;919;1;1;1;0;0;1;0
2016;6;6;919;2;1;1;0;0;1;0
2016;6;6;919;3;1;1;0;0;1;0
2016;6;6;919;4;1;1;0;0;1;0
2016;6;6;919;5;1;1;0;0;1;0
2016;6;6;919;6;1;1;0;0;1;0
2016;6;6;919;7;1;1;0;0;1;0
2016;6;6;919;8;1;1;0;0;1;0
2016;6;6;919;9;1;1;0;0;1;0
2016;6;6;919;10;1;1;0;0;1;0
2016;6;6;919;31;1;1;0;0;0;1
2016;6;6;919;32;1;1;0;0;0;1
2016;6;6;919;33;1;1;0;0;0;1
2016;6;6;919;34;1;1;0;0;0;1
2016;6;6;919;35;1;1;0;0;0;1
2016;6;6;919;36;1;1;0;0;0;1
2016;6;6;919;37;1;1;0;0;0;1
2016;6;6;919;38;1;1;0;0;0;1
2016;6;6;919;39;1;1;0;0;0;1
2016;6;6;919;40;1;1;0;0;0;1
2016;55;55;7;2016;5;1;0;0;1;1
2016;67;67;1;1;1;1;0;0;1;1
2016;67;67;1;1;2;1;0;0;1;1
2016;67;67;1;1;3;1;0;0;1;1
2016;67;67;1;2;1;1;0;0;1;1
2016;67;67;1;2;2;1;0;0;1;1
2016;67;67;1;2;3;1;0;0;1;1
2016;67;67;1;3;1;1;0;0;1;1
2016;67;67;1;3;2;1;0;0;1;1
2016;67;67;1;3;3;1;0;0;1;1
2016;67;67;1;4;1;1;0;0;1;1
2016;67;67;1;4;2;1;0;0;1;1
2016;67;67;1;4;3;1;0;0;1;1
2016;67;67;1;5;1;1;0;0;1;1
2016;67;67;1;5;2;1;0;0;1;1
2016;67;67;1;5;3;1;0;0;1;1
2016;67;67;2;1;1;1;0;0;1;1
2016;67;67;2;1;2;1;0;0;1;1
2016;67;67;2;1;3;1;0;0;1;1
2016;67;67;2;2;1;1;0;0;1;1
2016;67;67;2;2;2;1;0;0;1;1
2016;67;67;2;2;3;1;0;0;1;1
2016;67;67;2;3;1;1;0;0;1;1
2016;67;67;2;3;2;1;0;0;1;1
2016;67;67;2;3;3;1;0;0;1;1
2016;67;67;2;4;1;1;0;0;1;1
2016;67;67;2;4;2;1;0;0;1;1
2016;67;67;2;4;3;1;0;0;1;1
2016;67;67;3;1;1;1;0;0;1;1
2016;67;67;3;1;2;1;0;0;1;1
2016;67;67;3;1;3;1;0;0;1;1
2016;67;67;3;2;1;1;0;0;1;1
2016;67;67;3;2;2;1;0;0;1;1
2016;67;67;3;2;3;1;0;0;1;1
2016;67;67;3;3;1;1;0;0;1;1
2016;67;67;3;3;2;1;0;0;1;1
2016;67;67;3;3;3;1;0;0;1;1
2016;67;67;3;4;1;1;0;0;1;1
2016;67;67;3;4;2;1;0;0;1;1
2016;67;67;3;4;3;1;0;0;1;1
2016;67;67;3;5;1;1;0;0;1;1
2016;67;67;3;5;2;1;0;0;1;1
2016;67;67;3;5;3;1;0;0;1;1
2016;67;67;4;1;1;1;0;0;1;1
2016;67;67;4;1;2;1;0;0;1;1
2016;67;67;4;1;3;1;0;0;1;1
2016;67;67;4;2;1;1;0;0;1;1
2016;67;67;4;2;2;1;0;0;1;1
2016;67;67;4;2;3;1;0;0;1;1
2016;67;67;4;3;1;1;0;0;1;1
2016;67;67;4;3;2;1;0;0;1;1
2016;67;67;4;3;3;1;0;0;1;1
2016;67;67;4;4;1;1;0;0;1;1
2016;67;67;4;4;2;1;0;0;1;1
2016;67;67;4;4;3;1;0;0;1;1
2016;67;67;5;1;1;1;0;0;1;1
2016;67;67;5;1;2;1;0;0;1;1
2016;67;67;5;1;3;1;0;0;1;1
2016;67;67;5;2;1;1;0;0;1;1
2016;67;67;5;2;2;1;0;0;1;1
2016;67;67;5;2;3;1;0;0;1;1
2016;67;67;5;3;1;1;0;0;1;1
2016;67;67;5;3;2;1;0;0;1;1
2016;67;67;5;3;3;1;0;0;1;1
2016;67;67;5;4;1;1;0;0;1;1
2016;67;67;5;4;2;1;0;0;1;1
2016;67;67;5;4;3;1;0;0;1;1
2017;2;102;11;113;1;1;0;1;1;1
2017;2;102;11;114;1;1;0;1;1;1
2017;2;102;11;116;1;1;0;1;1;1
2017;2;102;11;117;1;1;0;1;1;1
2017;2;102;12;121;1;1;0;1;1;1
2017;2;102;12;121;2;1;0;1;1;1
2017;2;102;12;122;2;1;0;1;1;1
2017;2;102;12;123;1;1;0;1;1;1
2017;2;102;12;123;2;1;0;1;1;1
2017;2;102;12;124;1;1;0;1;1;1
2017;2;102;12;124;2;1;0;1;1;1
2017;2;102;12;1299;1;1;0;1;1;0
2017;2;102;12;1299;2;1;0;1;1;0
2017;2;102;12;1299;3;1;0;1;0;1
2017;2;102;13;131;1;1;0;1;1;1
2017;2;102;13;131;2;1;0;1;1;1
2017;2;102;13;133;1;1;0;1;1;1
2017;2;102;13;133;2;1;0;1;1;1
2017;2;102;13;134;1;1;0;1;1;1
2017;2;102;13;134;2;1;0;1;1;1
2017;2;102;13;135;1;1;0;1;1;1
2017;2;102;13;135;2;1;0;1;1;1
2017;2;102;14;141;1;1;0;1;1;1
2017;2;102;14;142;1;1;0;1;1;1
2017;2;102;14;143;1;1;0;1;1;1
2017;2;102;14;144;1;1;0;1;1;1
2017;2;102;14;1499;1;1;0;1;1;0
2017;2;102;14;1499;3;1;0;1;0;1
2017;2;102;15;152;1;1;0;1;1;1
2017;2;102;15;153;1;1;0;1;1;1
2017;2;102;15;154;1;1;0;1;1;1
2017;2;102;15;155;1;1;0;1;1;1
2017;2;102;16;161;1;1;0;1;1;1
2017;2;102;16;161;2;1;0;1;1;1
2017;2;102;16;162;1;1;0;1;1;1
2017;2;102;16;162;2;1;0;1;1;1
2017;2;102;16;163;1;1;0;1;1;1
2017;2;102;16;163;2;1;0;1;1;1
2017;2;102;16;164;1;1;0;1;1;1
2017;2;102;16;164;2;1;0;1;1;1
2017;2;102;17;173;1;1;0;1;1;1
2017;2;102;18;181;1;1;0;1;1;1
2017;2;102;18;183;1;1;0;1;1;1
2017;2;102;18;184;1;1;0;1;1;1
2017;2;102;18;185;1;1;0;1;1;1
2017;2;102;18;1899;1;1;0;1;1;0
2017;2;102;18;1899;3;1;0;1;0;1
2017;2;102;19;191;1;1;0;1;1;1
2017;2;102;19;192;1;1;0;1;1;1
2017;2;102;19;193;1;1;0;1;1;1
2017;2;102;19;194;1;1;0;1;1;1
2017;2;102;19;1999;1;1;0;1;1;0
2017;2;102;19;1999;3;1;0;1;0;1
2017;2;102;20;201;1;1;0;1;1;1
2017;2;102;20;202;1;1;0;1;1;1
2017;2;102;20;203;1;1;0;1;1;1
2017;2;102;20;204;1;1;0;1;1;1
2017;2;102;21;211;1;1;0;1;1;1
2017;2;102;21;211;2;1;0;1;1;1
2017;2;102;21;212;1;1;0;1;1;1
2017;2;102;21;212;2;1;0;1;1;1
2017;2;102;21;213;1;1;0;1;1;1
2017;2;102;21;213;2;1;0;1;1;1
2017;2;102;21;214;1;1;0;1;1;1
2017;2;102;21;214;2;1;0;1;1;1
2017;4;3004;101;1;1;1;0;0;1;1
2017;4;3004;301;1;1;1;0;0;1;1
2017;4;3004;302;1;1;1;0;0;1;1
2017;4;3004;303;1;1;1;0;0;1;1
2017;4;3004;304;1;1;1;0;0;1;1
2017;4;3004;305;1;1;1;0;0;1;1
2017;4;3004;306;1;1;1;0;0;1;1
2017;4;3004;306;1;2;1;0;0;1;1
2017;4;3004;307;1;1;1;0;0;1;1
2017;4;3004;308;1;1;1;0;0;1;1
2017;4;3004;604;1;1;1;0;0;1;1
2017;4;3004;606;1;1;1;0;0;1;1
2017;4;3004;608;1;1;1;0;0;1;1
2017;4;3004;609;1;1;1;0;0;1;1
2017;4;3004;611;1;1;1;0;0;1;1
2017;4;3004;613;1;1;1;0;0;1;1
2017;4;2804;802;1;1;1;0;0;1;1
2017;4;2804;802;2;1;1;0;0;1;1
2017;4;2804;802;3;1;1;0;0;1;1
2017;4;2804;802;4;1;1;0;0;1;1
2017;4;2804;802;5;1;1;0;0;1;1
2017;4;2804;806;1;1;1;0;0;1;1
2017;4;2804;806;2;1;1;0;0;1;1
2017;4;2804;806;3;1;1;0;0;1;1
2017;4;2804;806;4;1;1;0;0;1;1
2017;4;2804;806;5;1;1;0;0;1;1
2017;4;2804;808;1;1;1;0;0;1;1
2017;4;2804;808;2;1;1;0;0;1;1
2017;4;2804;808;3;1;1;0;0;1;1
2017;4;2804;808;4;1;1;0;0;1;1
2017;4;2804;808;5;1;1;0;0;1;1
2017;4;2804;812;1;1;1;0;0;1;1
2017;4;2804;812;2;1;1;0;0;1;1
2017;4;2804;812;3;1;1;0;0;1;1
2017;4;2804;812;4;1;1;0;0;1;1
2017;4;2804;812;5;1;1;0;0;1;1
2017;4;2804;819;1;1;1;0;0;1;1
2017;4;2804;819;2;1;1;0;0;1;1
2017;4;2804;819;3;1;1;0;0;1;1
2017;4;2804;819;4;1;1;0;0;1;1
2017;4;2804;819;5;1;1;0;0;1;1
2017;4;2804;852;1;1;1;0;0;1;1
2017;4;2804;852;2;1;1;0;0;1;1
2017;4;2804;852;3;1;1;0;0;1;1
2017;4;2804;852;4;1;1;0;0;1;1
2017;4;2804;852;5;1;1;0;0;1;1
2017;4;2804;856;1;1;1;0;0;1;1
2017;4;2804;856;2;1;1;0;0;1;1
2017;4;2804;856;3;1;1;0;0;1;1
2017;4;2804;856;4;1;1;0;0;1;1
2017;4;2804;856;5;1;1;0;0;1;1
2017;4;2804;858;1;1;1;0;0;1;1
2017;4;2804;858;2;1;1;0;0;1;1
2017;4;2804;858;3;1;1;0;0;1;1
2017;4;2804;858;4;1;1;0;0;1;1
2017;4;2804;858;5;1;1;0;0;1;1
2017;4;2804;859;1;1;1;0;0;1;1
2017;4;2804;859;2;1;1;0;0;1;1
2017;4;2804;859;3;1;1;0;0;1;1
2017;4;2804;859;4;1;1;0;0;1;1
2017;4;2804;859;5;1;1;0;0;1;1
2017;4;2804;862;1;1;1;0;0;1;1
2017;4;2804;862;2;1;1;0;0;1;1
2017;4;2804;862;3;1;1;0;0;1;1
2017;4;2804;862;4;1;1;0;0;1;1
2017;4;2804;862;5;1;1;0;0;1;1
2017;4;2704;1101;17;1;1;0;0;1;1
2017;4;2704;1101;18;2;1;0;0;1;1
2017;4;2704;1102;19;1;1;0;0;1;1
2017;4;2704;1102;20;2;1;0;0;1;1
2017;4;2704;1103;21;1;1;0;0;1;1
2017;4;2704;1103;22;2;1;0;0;1;1
2017;4;2704;1201;1;1;1;0;0;1;1
2017;4;2704;1201;2;2;1;0;0;1;1
2017;4;2704;1202;3;1;1;0;0;1;1
2017;4;2704;1202;4;2;1;0;0;1;1
2017;4;2704;1203;5;1;1;0;0;1;1
2017;4;2704;1203;6;2;1;0;0;1;1
2017;4;2704;1204;7;1;1;0;0;1;1
2017;4;2704;1204;8;2;1;0;0;1;1
2017;4;2704;1205;9;1;1;0;0;1;1
2017;4;2704;1205;10;2;1;0;0;1;1
2017;4;2704;1206;11;1;1;0;0;1;1
2017;4;2704;1206;12;2;1;0;0;1;1
2017;4;2704;1207;13;1;1;0;0;1;1
2017;4;2704;1207;14;2;1;0;0;1;1
2017;4;2704;1208;15;1;1;0;0;1;1
2017;4;2704;1208;16;2;1;0;0;1;1
2017;4;3104;1302;1;1;1;0;0;1;1
2017;4;3104;1303;1;1;1;0;0;1;1
2017;4;3604;1401;11;1;1;0;0;1;1
2017;4;3604;1402;21;1;1;0;0;1;1
2017;4;3604;1402;26;1;1;0;0;1;1
2017;4;3604;1403;31;1;1;0;0;1;1
2017;4;3604;1403;36;1;1;0;0;1;1
2017;4;3604;1404;41;1;1;0;0;1;1
2017;4;3604;1404;46;1;1;0;0;1;1
2017;4;3604;1405;51;1;1;0;0;1;1
2017;4;3604;1405;56;1;1;0;0;1;1
2017;4;3604;1406;61;1;1;0;0;1;1
2017;4;3004;1501;1;1;1;0;0;1;1
2017;4;3004;1502;1;1;1;0;0;1;1
2017;4;3004;1503;1;1;1;0;0;1;1
2017;8;8;34;1;1;1;0;1;1;1
2017;8;8;34;1;2;1;0;1;1;1
2017;8;8;34;2;1;1;0;1;1;1
2017;8;8;34;2;2;1;0;1;1;1
2017;8;8;34;3;1;1;0;1;1;1
2017;8;8;34;3;2;1;0;1;1;1
2017;8;8;34;4;1;1;0;1;1;1
2017;8;8;34;4;2;1;0;1;1;1
2017;8;8;74;1;1;1;0;1;1;1
2017;8;8;74;1;2;1;0;1;1;1
2017;8;8;74;2;1;1;0;1;1;1
2017;8;8;74;2;2;1;0;1;1;1
2017;8;8;74;3;1;1;0;1;1;1
2017;8;8;74;3;2;1;0;1;1;1
2017;8;8;74;4;1;1;0;1;1;1
2017;8;8;74;4;2;1;0;1;1;1
2017;8;8;85;1;1;1;0;1;1;1
2017;8;8;85;1;2;1;0;1;1;1
2017;8;8;85;2;1;1;0;1;1;1
2017;8;8;85;2;2;1;0;1;1;1
2017;8;8;85;3;1;1;0;1;1;1
2017;8;8;85;3;2;1;0;1;1;1
2017;8;8;85;4;1;1;0;1;1;1
2017;8;8;85;4;2;1;0;1;1;1
2017;8;8;101;1;1;1;0;1;1;1
2017;8;8;101;2;1;1;0;1;1;1
2017;8;8;101;3;1;1;0;1;1;1
2017;8;8;101;4;1;1;0;1;1;1
2017;51;51;1;1;1;1;0;0;1;1
2017;51;51;1;1;3;1;0;0;1;1
2017;51;51;1;2;2;1;0;0;1;1
2017;51;51;1;2;4;1;0;0;1;1
2017;51;51;3;1;1;1;0;0;1;1
2017;51;51;3;1;3;1;0;0;1;1
2017;51;51;3;2;2;1;0;0;1;1
2017;51;51;3;2;4;1;0;0;1;1
2017;51;51;15;1;1;1;0;0;1;1
2017;51;51;15;1;2;1;0;0;1;1
2017;51;51;16;1;1;1;0;0;1;1
2017;51;51;16;1;2;1;0;0;1;1
2017;51;51;17;1;1;1;0;0;1;1
2017;51;51;17;1;3;1;0;0;1;1
2017;51;51;17;2;2;1;0;0;1;1
2017;51;51;17;2;4;1;0;0;1;1
2017;51;51;18;1;1;1;0;0;1;1
2017;51;51;18;1;3;1;0;0;1;1
2017;51;51;18;2;2;1;0;0;1;1
2017;51;51;18;2;4;1;0;0;1;1
2017;51;51;19;1;1;1;0;0;1;1
2017;51;51;19;1;2;1;0;0;1;1
2017;51;51;20;1;1;1;0;0;1;1
2017;52;52;2;1;1;1;1;0;1;1
2017;52;52;3;1;1;1;1;0;1;1
2017;52;52;4;1;1;1;1;0;1;1
2017;52;52;5;1;1;1;1;0;1;1
2017;52;52;6;1;1;1;1;0;1;1
2017;52;52;7;1;1;1;1;0;1;1
2017;52;52;8;1;1;1;1;0;1;1
2017;52;52;9;1;1;1;1;0;1;1
2017;52;52;10;1;1;1;1;0;1;1
2017;52;52;11;1;1;1;1;0;1;1
2017;52;52;12;1;1;1;1;0;1;1
2017;52;52;13;1;1;1;1;0;1;1
2017;63;63;1;1;1;1;0;1;1;1
2017;63;63;3;1;1;1;0;1;1;1
2017;63;63;4;1;1;1;0;1;1;1
2017;63;63;5;1;1;1;0;1;1;1
2017;67;67;1;1;1;1;0;0;1;1
2017;67;67;1;1;2;1;0;0;1;1
2017;67;67;1;1;3;1;0;0;1;1
2017;67;67;1;2;1;1;0;0;1;1
2017;67;67;1;2;2;1;0;0;1;1
2017;67;67;1;2;3;1;0;0;1;1
2017;67;67;1;3;1;1;0;0;1;1
2017;67;67;1;3;2;1;0;0;1;1
2017;67;67;1;3;3;1;0;0;1;1
2017;67;67;1;4;1;1;0;0;1;1
2017;67;67;1;4;2;1;0;0;1;1
2017;67;67;1;4;3;1;0;0;1;1
2017;67;67;1;5;1;1;0;0;1;1
2017;67;67;1;5;2;1;0;0;1;1
2017;67;67;1;5;3;1;0;0;1;1
2017;67;67;2;1;1;1;0;0;1;1
2017;67;67;2;1;2;1;0;0;1;1
2017;67;67;2;1;3;1;0;0;1;1
2017;67;67;2;2;1;1;0;0;1;1
2017;67;67;2;2;2;1;0;0;1;1
2017;67;67;2;2;3;1;0;0;1;1
2017;67;67;2;3;1;1;0;0;1;1
2017;67;67;2;3;2;1;0;0;1;1
2017;67;67;2;3;3;1;0;0;1;1
2017;67;67;2;4;1;1;0;0;1;1
2017;67;67;2;4;2;1;0;0;1;1
2017;67;67;2;4;3;1;0;0;1;1
2017;67;67;3;1;1;1;0;0;1;1
2017;67;67;3;1;2;1;0;0;1;1
2017;67;67;3;1;3;1;0;0;1;1
2017;67;67;3;2;1;1;0;0;1;1
2017;67;67;3;2;2;1;0;0;1;1
2017;67;67;3;2;3;1;0;0;1;1
2017;67;67;3;3;1;1;0;0;1;1
2017;67;67;3;3;2;1;0;0;1;1
2017;67;67;3;3;3;1;0;0;1;1
2017;67;67;3;4;1;1;0;0;1;1
2017;67;67;3;4;2;1;0;0;1;1
2017;67;67;3;4;3;1;0;0;1;1
2017;67;67;3;5;1;1;0;0;1;1
2017;67;67;3;5;2;1;0;0;1;1
2017;67;67;3;5;3;1;0;0;1;1
2017;67;67;4;1;1;1;0;0;1;1
2017;67;67;4;1;2;1;0;0;1;1
2017;67;67;4;1;3;1;0;0;1;1
2017;67;67;4;2;1;1;0;0;1;1
2017;67;67;4;2;2;1;0;0;1;1
2017;67;67;4;2;3;1;0;0;1;1
2017;67;67;4;3;1;1;0;0;1;1
2017;67;67;4;3;2;1;0;0;1;1
2017;67;67;4;3;3;1;0;0;1;1
2017;67;67;4;4;1;1;0;0;1;1
2017;67;67;4;4;2;1;0;0;1;1
2017;67;67;4;4;3;1;0;0;1;1
2017;67;67;5;1;1;1;0;0;1;1
2017;67;67;5;1;2;1;0;0;1;1
2017;67;67;5;1;3;1;0;0;1;1
2017;67;67;5;2;1;1;0;0;1;1
2017;67;67;5;2;2;1;0;0;1;1
2017;67;67;5;2;3;1;0;0;1;1
2017;67;67;5;3;1;1;0;0;1;1
2017;67;67;5;3;2;1;0;0;1;1
2017;67;67;5;3;3;1;0;0;1;1
2017;67;67;5;4;1;1;0;0;1;1
2017;67;67;5;4;2;1;0;0;1;1
2017;67;67;5;4;3;1;0;0;1;1
2018;4;3004;101;1;1;1;0;0;1;1
2018;4;3004;301;1;1;1;0;0;1;1
2018;4;3004;302;1;1;1;0;0;1;1
2018;4;3004;303;1;1;1;0;0;1;1
2018;4;3004;304;1;1;1;0;0;1;1
2018;4;3004;305;1;1;1;0;0;1;1
2018;4;3004;306;1;1;1;0;0;1;1
2018;4;3004;306;1;2;1;0;0;1;1
2018;4;3004;307;1;1;1;0;0;1;1
2018;4;3004;604;1;1;1;0;0;1;1
2018;4;3004;606;1;1;1;0;0;1;1
2018;4;3004;608;1;1;1;0;0;1;1
2018;4;3004;609;1;1;1;0;0;1;1
2018;4;3004;610;1;1;1;0;0;1;1
2018;4;3104;1302;1;1;1;0;0;1;1
2018;4;3104;1303;1;1;1;0;0;1;1
2018;4;3604;1401;11;1;1;0;0;1;1
2018;4;3604;1402;21;1;1;0;0;1;1
2018;4;3604;1402;26;1;1;0;0;1;1
2018;4;3604;1403;31;1;1;0;0;1;1
2018;4;3604;1403;36;1;1;0;0;1;1
2018;4;3604;1404;41;1;1;0;0;1;1
2018;4;3604;1404;46;1;1;0;0;1;1
2018;4;3604;1405;51;1;1;0;0;1;1
2018;4;3604;1405;56;1;1;0;0;1;1
2018;4;3604;1406;61;1;1;0;0;1;1
2018;4;3004;1501;1;1;1;0;0;1;1
2018;4;3004;1502;1;1;1;0;0;1;1
2018;55;55;1;2018;7;1;0;0;1;1
2018;67;67;1;1;1;1;0;0;1;1
2018;67;67;1;1;2;1;0;0;1;1
2018;67;67;1;1;3;1;0;0;1;1
2018;67;67;1;2;1;1;0;0;1;1
2018;67;67;1;2;2;1;0;0;1;1
2018;67;67;1;2;3;1;0;0;1;1
2018;67;67;1;3;1;1;0;0;1;1
2018;67;67;1;3;2;1;0;0;1;1
2018;67;67;1;3;3;1;0;0;1;1
2018;67;67;1;4;1;1;0;0;1;1
2018;67;67;1;4;2;1;0;0;1;1
2018;67;67;1;4;3;1;0;0;1;1
2018;67;67;1;5;1;1;0;0;1;1
2018;67;67;1;5;2;1;0;0;1;1
2018;67;67;1;5;3;1;0;0;1;1
2018;67;67;2;1;1;1;0;0;1;1
2018;67;67;2;1;2;1;0;0;1;1
2018;67;67;2;1;3;1;0;0;1;1
2018;67;67;2;2;1;1;0;0;1;1
2018;67;67;2;2;2;1;0;0;1;1
2018;67;67;2;2;3;1;0;0;1;1
2018;67;67;2;3;1;1;0;0;1;1
2018;67;67;2;3;2;1;0;0;1;1
2018;67;67;2;3;3;1;0;0;1;1
2018;67;67;2;4;1;1;0;0;1;1
2018;67;67;2;4;2;1;0;0;1;1
2018;67;67;2;4;3;1;0;0;1;1
2018;67;67;3;1;1;1;0;0;1;1
2018;67;67;3;1;2;1;0;0;1;1
2018;67;67;3;1;3;1;0;0;1;1
2018;67;67;3;2;1;1;0;0;1;1
2018;67;67;3;2;2;1;0;0;1;1
2018;67;67;3;2;3;1;0;0;1;1
2018;67;67;3;3;1;1;0;0;1;1
2018;67;67;3;3;2;1;0;0;1;1
2018;67;67;3;3;3;1;0;0;1;1
2018;67;67;3;4;1;1;0;0;1;1
2018;67;67;3;4;2;1;0;0;1;1
2018;67;67;3;4;3;1;0;0;1;1
2018;67;67;3;5;1;1;0;0;1;1
2018;67;67;3;5;2;1;0;0;1;1
2018;67;67;3;5;3;1;0;0;1;1
2018;67;67;4;1;1;1;0;0;1;1
2018;67;67;4;1;2;1;0;0;1;1
2018;67;67;4;1;3;1;0;0;1;1
2018;67;67;4;2;1;1;0;0;1;1
2018;67;67;4;2;2;1;0;0;1;1
2018;67;67;4;2;3;1;0;0;1;1
2018;67;67;4;3;1;1;0;0;1;1
2018;67;67;4;3;2;1;0;0;1;1
2018;67;67;4;3;3;1;0;0;1;1
2018;67;67;4;4;1;1;0;0;1;1
2018;67;67;4;4;2;1;0;0;1;1
2018;67;67;4;4;3;1;0;0;1;1
2018;67;67;5;1;1;1;0;0;1;1
2018;67;67;5;1;2;1;0;0;1;1
2018;67;67;5;1;3;1;0;0;1;1
2018;67;67;5;2;1;1;0;0;1;1
2018;67;67;5;2;2;1;0;0;1;1
2018;67;67;5;2;3;1;0;0;1;1
2018;67;67;5;3;1;1;0;0;1;1
2018;67;67;5;3;2;1;0;0;1;1
2018;67;67;5;3;3;1;0;0;1;1
2018;67;67;5;4;1;1;0;0;1;1
2018;67;67;5;4;2;1;0;0;1;1
2018;67;67;5;4;3;1;0;0;1;1
2019;4;3004;101;1;1;1;0;0;1;1
2019;4;3004;301;1;1;1;0;0;1;1
2019;4;3004;302;1;1;1;0;0;1;1
2019;4;3004;303;1;1;1;0;0;1;1
2019;4;3004;304;1;1;1;0;0;1;1
2019;4;3004;305;1;1;1;0;0;1;1
2019;4;3004;306;1;1;1;0;0;1;1
2019;4;3004;306;1;2;1;0;0;1;1
2019;4;3004;306;1;3;1;0;0;1;1
2019;4;3004;306;1;4;1;0;0;1;1
2019;4;3004;307;1;1;1;0;0;1;1
2019;4;3004;308;1;1;1;0;0;1;1
2019;4;3004;604;1;1;1;0;0;1;1
2019;4;3004;606;1;1;1;0;0;1;1
2019;4;3004;606;1;2;1;0;0;1;1
2019;4;3004;609;1;1;1;0;0;1;1
2019;4;3104;1302;1;1;1;0;0;1;1
2019;4;3104;1303;1;1;1;0;0;1;1
2019;4;3604;1401;11;1;1;0;0;1;1
2019;4;3604;1402;21;2;1;0;0;1;1
2019;4;3604;1402;26;3;1;0;0;1;1
2019;4;3604;1403;31;4;1;0;0;1;1
2019;4;3604;1403;36;5;1;0;0;1;1
2019;4;3604;1404;41;6;1;0;0;1;1
2019;4;3604;1405;51;8;1;0;0;1;1
2019;4;3604;1405;56;9;1;0;0;1;1
2019;4;3604;1406;61;10;1;0;0;1;1
2019;4;3004;1501;1;1;1;0;0;1;1
2019;4;3004;1502;1;1;1;0;0;1;1
2019;5;5;1;1;3;1;0;0;0;1
2019;5;5;1;1;5;1;0;0;1;0
2019;5;5;1;2;4;1;0;0;0;1
2019;5;5;1;2;6;1;0;0;1;0
2019;5;5;1;3;3;1;0;0;1;1
2019;5;5;1;4;4;1;0;0;1;1
2019;5;5;3;1;3;1;0;0;0;1
2019;5;5;3;1;5;1;0;0;1;0
2019;5;5;3;2;4;1;0;0;0;1
2019;5;5;3;2;6;1;0;0;1;0
2019;5;5;3;3;3;1;0;0;1;1
2019;5;5;3;4;4;1;0;0;1;1
2019;5;5;5;1;3;1;0;0;0;1
2019;5;5;5;1;5;1;0;0;1;0
2019;5;5;5;2;4;1;0;0;0;1
2019;5;5;5;2;6;1;0;0;1;0
2019;5;5;5;3;3;1;0;0;1;1
2019;5;5;5;4;4;1;0;0;1;1
2019;5;5;9;1;3;1;0;0;0;1
2019;5;5;9;1;5;1;0;0;1;0
2019;5;5;9;2;4;1;0;0;0;1
2019;5;5;9;2;6;1;0;0;1;0
2019;5;5;9;3;3;1;0;0;1;1
2019;5;5;9;4;4;1;0;0;1;1
2019;5;5;12;1;3;1;0;0;0;1
2019;5;5;12;1;5;1;0;0;1;0
2019;5;5;12;2;4;1;0;0;0;1
2019;5;5;12;2;6;1;0;0;1;0
2019;5;5;12;3;3;1;0;0;1;1
2019;5;5;12;4;4;1;0;0;1;1
2019;5;5;20;1;3;1;0;0;0;1
2019;5;5;20;1;5;1;0;0;1;0
2019;5;5;20;2;4;1;0;0;0;1
2019;5;5;20;2;6;1;0;0;1;0
2019;5;5;20;3;3;1;0;0;1;1
2019;5;5;20;4;4;1;0;0;1;1
2019;6;6;512;1;1;1;0;0;1;1
2019;6;6;512;2;1;1;0;0;1;1
2019;6;6;512;3;1;1;0;0;1;1
2019;6;6;512;4;1;1;0;0;1;1
2019;6;6;512;5;1;1;0;0;1;1
2019;6;6;512;6;1;1;0;0;1;1
2019;6;6;512;7;1;1;0;0;1;1
2019;6;6;512;8;1;1;0;0;1;1
2019;6;6;512;9;1;1;0;0;1;1
2019;6;6;512;10;1;1;0;0;1;1
2019;6;6;715;1;1;1;0;0;1;1
2019;6;6;715;2;1;1;0;0;1;1
2019;6;6;715;3;1;1;0;0;1;1
2019;6;6;715;4;1;1;0;0;1;1
2019;6;6;715;5;1;1;0;0;1;1
2019;6;6;715;6;1;1;0;0;1;1
2019;6;6;715;7;1;1;0;0;1;1
2019;6;6;715;8;1;1;0;0;1;1
2019;6;6;715;9;1;1;0;0;1;1
2019;6;6;715;10;1;1;0;0;1;1
2019;6;6;718;1;1;1;0;0;1;1
2019;6;6;718;2;1;1;0;0;1;1
2019;6;6;718;3;1;1;0;0;1;1
2019;6;6;718;4;1;1;0;0;1;1
2019;6;6;718;5;1;1;0;0;1;1
2019;6;6;718;6;1;1;0;0;1;1
2019;6;6;718;7;1;1;0;0;1;1
2019;6;6;718;8;1;1;0;0;1;1
2019;6;6;718;9;1;1;0;0;1;1
2019;6;6;718;10;1;1;0;0;1;1
2019;6;6;919;1;1;1;0;0;1;1
2019;6;6;919;2;1;1;0;0;1;1
2019;6;6;919;3;1;1;0;0;1;1
2019;6;6;919;4;1;1;0;0;1;1
2019;6;6;919;5;1;1;0;0;1;1
2019;6;6;919;6;1;1;0;0;1;1
2019;6;6;919;7;1;1;0;0;1;1
2019;6;6;919;8;1;1;0;0;1;1
2019;6;6;919;9;1;1;0;0;1;1
2019;6;6;919;10;1;1;0;0;1;1
2019;11;11;5;3;1;1;0;0;1;1
2019;11;11;6;3;1;1;0;0;1;1
2019;11;11;7;3;1;1;0;0;1;1
2019;11;11;10;3;1;1;0;0;1;1
2019;11;11;11;3;1;1;0;0;1;1
2019;11;11;22;3;1;1;0;0;1;1
2019;11;11;25;3;1;1;0;0;1;1
2019;11;11;26;3;1;1;0;0;1;1
2019;11;11;30;3;1;1;0;0;1;1
2019;11;11;33;3;1;1;0;0;1;1
2019;11;11;37;3;1;1;0;0;1;1
2019;11;11;54;3;1;1;0;0;1;1
2019;11;11;102;3;1;1;0;0;1;1
2019;11;11;115;3;1;1;0;0;1;1
2019;15;15;1;2;5;1;0;0;1;1
2019;15;15;2;2;9;1;0;0;1;1
2019;15;15;3;2;9;1;0;0;1;1
2019;15;15;10;3;5;1;0;0;1;1
2019;15;15;11;2;5;1;0;0;1;1
2019;15;15;12;3;9;1;0;0;1;1
2019;15;15;13;2;9;1;0;0;1;1
2019;15;15;19;1;5;1;0;0;1;1
2019;15;15;20;1;5;1;0;0;1;1
2019;50;50;8;1;1;1;0;1;1;1
2019;50;50;8;2;1;1;0;1;1;1
2019;50;50;8;3;1;1;0;1;1;1
2019;50;50;8;4;1;1;0;1;1;1
2019;50;50;8;5;1;1;0;1;1;1
2019;50;50;8;6;1;1;0;1;1;1
2019;50;50;8;7;1;1;0;1;1;1
2019;50;50;8;8;1;1;0;1;1;1
2019;50;50;8;9;1;1;0;1;1;1
2019;50;50;8;10;1;1;0;1;1;1
2019;50;50;8;11;1;1;0;1;1;1
2019;50;50;8;12;1;1;0;1;1;1
2019;50;50;8;13;1;1;0;1;1;1
2019;50;50;8;14;1;1;0;1;1;1
2019;50;50;8;15;1;1;0;1;1;1
2019;50;50;8;16;1;1;0;1;1;1
2019;50;50;8;17;1;1;0;1;1;1
2019;50;50;8;18;1;1;0;1;1;1
2019;50;50;8;19;1;1;0;1;1;1
2019;50;50;8;20;1;1;0;1;1;1
2019;50;50;8;21;1;1;0;1;1;1
2019;50;50;8;22;1;1;0;1;1;1
2019;50;50;8;23;1;1;0;1;1;1
2019;50;50;8;24;1;1;0;1;1;1
2019;50;50;15;1;1;1;0;1;1;1
2019;50;50;15;2;1;1;0;1;1;1
2019;50;50;15;3;1;1;0;1;1;1
2019;50;50;15;4;1;1;0;1;1;1
2019;50;50;15;5;1;1;0;1;1;1
2019;50;50;15;6;1;1;0;1;1;1
2019;50;50;15;7;1;1;0;1;1;1
2019;50;50;15;8;1;1;0;1;1;1
2019;50;50;15;9;1;1;0;1;1;1
2019;50;50;15;10;1;1;0;1;1;1
2019;50;50;15;11;1;1;0;1;1;1
2019;50;50;15;12;1;1;0;1;1;1
2019;50;50;15;13;1;1;0;1;1;1
2019;50;50;15;14;1;1;0;1;1;1
2019;50;50;15;15;1;1;0;1;1;1
2019;50;50;15;16;1;1;0;1;1;1
2019;50;50;15;17;1;1;0;1;1;1
2019;50;50;15;18;1;1;0;1;1;1
2019;50;50;15;19;1;1;0;1;1;1
2019;50;50;15;20;1;1;0;1;1;1
2019;50;50;16;1;1;1;0;1;1;1
2019;50;50;16;2;1;1;0;1;1;1
2019;50;50;16;3;1;1;0;1;1;1
2019;50;50;16;4;1;1;0;1;1;1
2019;50;50;16;5;1;1;0;1;1;1
2019;50;50;16;6;1;1;0;1;1;1
2019;50;50;16;7;1;1;0;1;1;1
2019;50;50;16;8;1;1;0;1;1;1
2019;50;50;16;9;1;1;0;1;1;1
2019;50;50;16;10;1;1;0;1;1;1
2019;50;50;16;11;1;1;0;1;1;1
2019;50;50;16;12;1;1;0;1;1;1
2019;50;50;16;13;1;1;0;1;1;1
2019;50;50;16;14;1;1;0;1;1;1
2019;50;50;16;15;1;1;0;1;1;1
2019;50;50;16;16;1;1;0;1;1;1
2019;50;50;16;17;1;1;0;1;1;1
2019;50;50;16;18;1;1;0;1;1;1
2019;50;50;16;19;1;1;0;1;1;1
2019;50;50;16;20;1;1;0;1;1;1
2019;50;50;16;21;1;1;0;1;1;1
2019;50;50;16;22;1;1;0;1;1;1
2019;50;50;16;23;1;1;0;1;1;1
2019;50;50;16;24;1;1;0;1;1;1
2019;51;51;1;1;1;1;0;0;1;1
2019;51;51;1;1;3;1;0;0;1;1
2019;51;51;1;2;2;1;0;0;1;1
2019;51;51;1;2;4;1;0;0;1;1
2019;51;51;3;1;1;1;0;0;1;1
2019;51;51;3;1;3;1;0;0;1;1
2019;51;51;3;2;2;1;0;0;1;1
2019;51;51;3;2;4;1;0;0;1;1
2019;51;51;15;1;1;1;0;0;1;1
2019;51;51;15;1;2;1;0;0;1;1
2019;51;51;16;1;1;1;0;0;1;1
2019;51;51;16;1;2;1;0;0;1;1
2019;51;51;17;1;1;1;0;0;1;1
2019;51;51;17;1;3;1;0;0;1;1
2019;51;51;17;2;2;1;0;0;1;1
2019;51;51;17;2;4;1;0;0;1;1
2019;51;51;19;1;1;1;0;0;1;1
2019;51;51;19;1;2;1;0;0;1;1
2019;52;52;2;1;1;1;1;0;1;1
2019;52;52;3;1;1;1;1;0;1;1
2019;52;52;4;1;1;1;1;0;1;1
2019;52;52;5;1;1;1;1;0;1;1
2019;52;52;6;1;1;1;1;0;1;1
2019;52;52;7;1;1;1;1;0;1;1
2019;52;52;8;1;1;1;1;0;1;1
2019;52;52;9;1;1;1;1;0;1;1
2019;52;52;10;1;1;1;1;0;1;1
2019;52;52;11;1;1;1;1;0;1;1
2019;52;52;12;1;1;1;1;0;1;1
2019;52;52;13;1;1;1;1;0;1;1
2019;53;53;101;1;2;1;0;0;1;1
2019;53;53;102;1;2;1;0;0;1;1
2019;53;53;103;1;2;1;0;0;1;1
2019;53;53;104;1;2;1;0;0;1;1
2019;53;53;105;1;2;1;0;0;1;1
2019;53;53;106;1;2;1;0;0;1;1
2019;53;53;107;1;2;1;0;0;1;1
2019;53;53;108;1;2;1;0;0;1;1
2019;53;53;109;1;2;1;0;0;1;1
2019;53;53;110;1;2;1;0;0;1;1
2019;53;53;111;1;2;1;0;0;1;1
2019;53;53;112;1;2;1;0;0;1;1
2019;53;53;113;1;2;1;0;0;1;1
2019;53;53;114;1;2;1;0;0;1;1
2019;53;53;115;1;2;1;0;0;1;1
2019;53;53;116;1;2;1;0;0;1;1
2019;53;53;117;1;2;1;0;0;1;1
2019;53;53;118;1;2;1;0;0;1;1
2019;53;53;119;1;2;1;0;0;1;1
2019;53;53;120;1;2;1;0;0;1;1
2019;53;53;121;1;2;1;0;0;1;1
2019;53;53;122;1;2;1;0;0;1;1
2019;53;53;123;1;2;1;0;0;1;1
2019;53;53;201;1;2;1;0;0;1;1
2019;53;53;202;1;2;1;0;0;1;1
2019;53;53;203;1;2;1;0;0;1;1
2019;53;53;204;1;2;1;0;0;1;1
2019;53;53;205;1;2;1;0;0;1;1
2019;53;53;206;1;2;1;0;0;1;1
2019;53;53;207;1;2;1;0;0;1;1
2019;53;53;208;1;2;1;0;0;1;1
2019;53;53;209;1;2;1;0;0;1;1
2019;53;53;210;1;2;1;0;0;1;1
2019;53;53;211;1;2;1;0;0;1;1
2019;53;53;212;1;2;1;0;0;1;1
2019;53;53;213;1;2;1;0;0;1;1
2019;53;53;214;1;2;1;0;0;1;1
2019;53;53;215;1;2;1;0;0;1;1
2019;53;53;301;1;2;1;0;0;1;1
2019;53;53;302;1;2;1;0;0;1;1
2019;53;53;303;1;2;1;0;0;1;1
2019;53;53;304;1;2;1;0;0;1;1
2019;53;53;305;1;2;1;0;0;1;1
2019;53;53;306;1;2;1;0;0;1;1
2019;53;53;307;1;2;1;0;0;1;1
2019;53;53;309;1;2;1;0;0;1;1
2019;53;53;310;1;2;1;0;0;1;1
2019;53;53;311;1;2;1;0;0;1;1
2019;53;53;312;1;2;1;0;0;1;1
2019;53;53;313;1;2;1;0;0;1;1
2019;53;53;314;1;2;1;0;0;1;1
2019;53;53;315;1;2;1;0;0;1;1
2019;53;53;316;1;2;1;0;0;1;1
2019;53;53;317;1;2;1;0;0;1;1
2019;53;53;318;1;2;1;0;0;1;1
2019;53;53;319;1;2;1;0;0;1;1
2019;53;53;320;1;2;1;0;0;1;1
2019;53;53;321;1;2;1;0;0;1;1
2019;53;53;322;1;2;1;0;0;1;1
2019;53;53;323;1;2;1;0;0;1;1
2019;53;53;324;1;2;1;0;0;1;1
2019;53;53;325;1;2;1;0;0;1;1
2019;53;53;326;1;2;1;0;0;1;1
2019;53;53;401;1;2;1;0;0;1;1
2019;53;53;402;1;2;1;0;0;1;1
2019;53;53;403;1;2;1;0;0;1;1
2019;53;53;405;1;2;1;0;0;1;1
2019;53;53;406;1;2;1;0;0;1;1
2019;53;53;407;1;2;1;0;0;1;1
2019;53;53;410;1;2;1;0;0;1;1
2019;53;53;411;1;2;1;0;0;1;1
2019;53;53;412;1;2;1;0;0;1;1
2019;53;53;413;1;2;1;0;0;1;1
2019;53;53;414;1;2;1;0;0;1;1
2019;53;53;415;1;2;1;0;0;1;1
2019;53;53;416;1;2;1;0;0;1;1
2019;53;53;417;1;2;1;0;0;1;1
2019;53;53;418;1;2;1;0;0;1;1
2019;53;53;501;1;2;1;0;0;1;1
2019;53;53;502;1;2;1;0;0;1;1
2019;53;53;503;1;2;1;0;0;1;1
2019;53;53;504;1;2;1;0;0;1;1
2019;53;53;505;1;2;1;0;0;1;1
2019;53;53;506;1;2;1;0;0;1;1
2019;53;53;507;1;2;1;0;0;1;1
2019;53;53;508;1;2;1;0;0;1;1
2019;53;53;509;1;2;1;0;0;1;1
2019;53;53;510;1;2;1;0;0;1;1
2019;53;53;511;1;2;1;0;0;1;1
2019;53;53;512;1;2;1;0;0;1;1
2019;53;53;513;1;2;1;0;0;1;1
2019;53;53;514;1;2;1;0;0;1;1
2019;53;53;515;1;2;1;0;0;1;1
2019;53;53;516;1;2;1;0;0;1;1
2019;53;53;601;1;2;1;0;0;1;1
2019;53;53;602;1;2;1;0;0;1;1
2019;53;53;603;1;2;1;0;0;1;1
2019;53;53;604;1;2;1;0;0;1;1
2019;53;53;605;1;2;1;0;0;1;1
2019;53;53;606;1;2;1;0;0;1;1
2019;53;53;607;1;2;1;0;0;1;1
2019;53;53;608;1;2;1;0;0;1;1
2019;53;53;609;1;2;1;0;0;1;1
2019;53;53;610;1;2;1;0;0;1;1
2019;53;53;611;1;2;1;0;0;1;1
2019;53;53;612;1;2;1;0;0;1;1
2019;53;53;613;1;2;1;0;0;1;1
2019;53;53;614;1;2;1;0;0;1;1
2019;53;53;615;1;2;1;0;0;1;1
2019;53;53;616;1;2;1;0;0;1;1
2019;53;53;617;1;2;1;0;0;1;1
2019;53;53;618;1;2;1;0;0;1;1
2019;53;53;619;1;2;1;0;0;1;1
2019;53;53;620;1;2;1;0;0;1;1
2019;53;53;621;1;2;1;0;0;1;1
2019;53;53;622;1;2;1;0;0;1;1
2019;53;53;623;1;2;1;0;0;1;1
2019;53;53;624;1;2;1;0;0;1;1
2019;53;53;625;1;2;1;0;0;1;1
2019;53;53;626;1;2;1;0;0;1;1
2019;53;53;627;1;2;1;0;0;1;1
2019;53;53;701;1;2;1;0;0;1;1
2019;53;53;702;1;2;1;0;0;1;1
2019;53;53;703;1;2;1;0;0;1;1
2019;53;53;704;1;2;1;0;0;1;1
2019;53;53;705;1;2;1;0;0;1;1
2019;53;53;706;1;2;1;0;0;1;1
2019;53;53;707;1;2;1;0;0;1;1
2019;53;53;708;1;2;1;0;0;1;1
2019;53;53;801;1;2;1;0;0;1;1
2019;53;53;802;1;2;1;0;0;1;1
2019;53;53;803;1;2;1;0;0;1;1
2019;53;53;804;1;2;1;0;0;1;1
2019;53;53;805;1;2;1;0;0;1;1
2019;53;53;806;1;2;1;0;0;1;1
2019;53;53;807;1;2;1;0;0;1;1
2019;53;53;808;1;2;1;0;0;1;1
2019;53;53;809;1;2;1;0;0;1;1
2019;53;53;810;1;2;1;0;0;1;1
2019;53;53;811;1;2;1;0;0;1;1
2019;53;53;812;1;2;1;0;0;1;1
2019;53;53;813;1;2;1;0;0;1;1
2019;53;53;814;1;2;1;0;0;1;1
2019;53;53;815;1;2;1;0;0;1;1
2019;53;53;816;1;2;1;0;0;1;1
2019;53;53;817;1;2;1;0;0;1;1
2019;53;53;818;1;2;1;0;0;1;1
2019;53;53;819;1;2;1;0;0;1;1
2019;54;54;201;1;1;1;0;0;1;1
2019;54;54;203;1;1;1;0;0;1;1
2019;54;54;204;1;1;1;0;0;1;1
2019;54;54;204;2;1;1;0;0;1;1
2019;54;54;206;1;1;1;0;0;1;1
2019;54;54;207;1;1;1;0;0;1;1
2019;54;54;208;1;1;1;0;0;1;1
2019;54;54;210;1;1;1;0;0;1;1
2019;54;54;211;1;1;1;0;0;1;1
2019;54;54;212;1;1;1;0;0;1;1
2019;54;54;213;1;1;1;0;0;1;1
2019;58;58;521;1;1;1;0;0;1;1
2019;58;58;541;1;1;1;0;0;1;1
2019;58;58;561;1;1;1;0;0;1;1
2019;58;58;2015;1;1;1;0;0;1;1
2019;58;58;2061;1;1;1;0;0;1;1
2019;58;58;2102;1;1;1;0;0;1;1
2019;58;58;2103;1;1;1;0;0;1;1
2019;58;58;2151;1;1;1;0;0;1;1
2019;58;58;2161;1;1;1;0;0;1;1
2019;58;58;2163;1;1;1;0;0;1;1
2019;58;58;2181;1;1;1;0;0;1;1
2019;58;58;2211;1;1;1;0;0;1;1
2019;58;58;2251;1;1;1;0;0;1;1
2019;58;58;2341;1;1;1;0;0;1;1
2019;58;58;2361;1;1;1;0;0;1;1
2019;58;58;2401;1;1;1;0;0;1;1
2019;59;59;1;11;1;1;0;0;1;1
2019;59;59;1;12;2;1;0;0;1;1
2019;59;59;1;13;3;1;0;0;1;1
2019;59;59;1;14;4;1;0;0;1;1
2019;59;59;2;21;1;1;0;0;1;1
2019;59;59;2;22;2;1;0;0;1;1
2019;59;59;2;23;3;1;0;0;1;1
2019;59;59;2;24;4;1;0;0;1;1
2019;59;59;3;31;1;1;0;0;1;1
2019;59;59;3;32;2;1;0;0;1;1
2019;59;59;3;33;3;1;0;0;1;1
2019;59;59;3;34;4;1;0;0;1;1
2019;59;59;7;71;1;1;0;0;1;1
2019;59;59;7;72;2;1;0;0;1;1
2019;59;59;7;73;3;1;0;0;1;1
2019;59;59;7;74;4;1;0;0;1;1
2019;59;59;8;81;1;1;0;0;1;1
2019;59;59;8;82;2;1;0;0;1;1
2019;59;59;8;83;3;1;0;0;1;1
2019;59;59;8;84;4;1;0;0;1;1
2019;59;59;9;91;1;1;0;0;1;1
2019;59;59;9;92;2;1;0;0;1;1
2019;59;59;9;93;3;1;0;0;1;1
2019;59;59;9;94;4;1;0;0;1;1
2019;60;60;1;2;1;1;0;0;1;1
2019;60;60;2;1;1;1;0;0;1;1
2019;60;60;2;2;1;1;0;0;1;1
2019;60;60;4;1;1;1;0;0;1;1
2019;60;60;4;2;1;1;0;0;1;1
2019;60;60;5;1;1;1;0;0;1;1
2019;60;60;5;2;1;1;0;0;1;1
2019;60;60;6;2;1;1;0;0;1;1
2019;60;60;12;2;1;1;0;0;1;1
2019;67;67;1;1;1;1;0;0;1;1
2019;67;67;1;1;2;1;0;0;1;1
2019;67;67;1;1;3;1;0;0;1;1
2019;67;67;1;2;1;1;0;0;1;1
2019;67;67;1;2;2;1;0;0;1;1
2019;67;67;1;2;3;1;0;0;1;1
2019;67;67;1;3;1;1;0;0;1;1
2019;67;67;1;3;2;1;0;0;1;1
2019;67;67;1;3;3;1;0;0;1;1
2019;67;67;1;4;1;1;0;0;1;1
2019;67;67;1;4;2;1;0;0;1;1
2019;67;67;1;4;3;1;0;0;1;1
2019;67;67;1;5;1;1;0;0;1;1
2019;67;67;1;5;2;1;0;0;1;1
2019;67;67;1;5;3;1;0;0;1;1
2019;67;67;2;1;1;1;0;0;1;1
2019;67;67;2;1;2;1;0;0;1;1
2019;67;67;2;1;3;1;0;0;1;1
2019;67;67;2;2;1;1;0;0;1;1
2019;67;67;2;2;2;1;0;0;1;1
2019;67;67;2;2;3;1;0;0;1;1
2019;67;67;2;3;1;1;0;0;1;1
2019;67;67;2;3;2;1;0;0;1;1
2019;67;67;2;3;3;1;0;0;1;1
2019;67;67;2;4;1;1;0;0;1;1
2019;67;67;2;4;2;1;0;0;1;1
2019;67;67;2;4;3;1;0;0;1;1
2019;67;67;3;1;1;1;0;0;1;1
2019;67;67;3;1;2;1;0;0;1;1
2019;67;67;3;1;3;1;0;0;1;1
2019;67;67;3;2;1;1;0;0;1;1
2019;67;67;3;2;2;1;0;0;1;1
2019;67;67;3;2;3;1;0;0;1;1
2019;67;67;3;3;1;1;0;0;1;1
2019;67;67;3;3;2;1;0;0;1;1
2019;67;67;3;3;3;1;0;0;1;1
2019;67;67;3;4;1;1;0;0;1;1
2019;67;67;3;4;2;1;0;0;1;1
2019;67;67;3;4;3;1;0;0;1;1
2019;67;67;3;5;1;1;0;0;1;1
2019;67;67;3;5;2;1;0;0;1;1
2019;67;67;3;5;3;1;0;0;1;1
2019;67;67;4;1;1;1;0;0;1;1
2019;67;67;4;1;2;1;0;0;1;1
2019;67;67;4;1;3;1;0;0;1;1
2019;67;67;4;2;1;1;0;0;1;1
2019;67;67;4;2;2;1;0;0;1;1
2019;67;67;4;2;3;1;0;0;1;1
2019;67;67;4;3;1;1;0;0;1;1
2019;67;67;4;3;2;1;0;0;1;1
2019;67;67;4;3;3;1;0;0;1;1
2019;67;67;4;4;1;1;0;0;1;1
2019;67;67;4;4;2;1;0;0;1;1
2019;67;67;4;4;3;1;0;0;1;1
2019;67;67;5;1;1;1;0;0;1;1
2019;67;67;5;1;2;1;0;0;1;1
2019;67;67;5;1;3;1;0;0;1;1
2019;67;67;5;2;1;1;0;0;1;1
2019;67;67;5;2;2;1;0;0;1;1
2019;67;67;5;2;3;1;0;0;1;1
2019;67;67;5;3;1;1;0;0;1;1
2019;67;67;5;3;2;1;0;0;1;1
2019;67;67;5;3;3;1;0;0;1;1
2019;67;67;5;4;1;1;0;0;1;1
2019;67;67;5;4;2;1;0;0;1;1
2019;67;67;5;4;3;1;0;0;1;1
2020;2;202;1;1;1;1;0;0;1;1
2020;2;202;1;1;2;1;0;0;1;1
2020;2;202;1;2;1;1;0;0;1;1
2020;2;202;1;2;2;1;0;0;1;1
2020;2;202;2;1;1;1;0;0;1;1
2020;2;202;2;1;2;1;0;0;1;1
2020;2;202;2;2;1;1;0;0;1;1
2020;2;202;2;2;2;1;0;0;1;1
2020;2;202;5;1;1;1;0;0;1;1
2020;2;202;5;1;2;1;0;0;1;1
2020;2;202;5;2;1;1;0;0;1;1
2020;2;202;5;2;2;1;0;0;1;1
2020;2;202;6;1;1;1;0;0;1;1
2020;2;202;6;1;2;1;0;0;1;1
2020;2;202;6;2;1;1;0;0;1;1
2020;2;202;6;2;2;1;0;0;1;1
2020;2;202;7;1;1;1;0;0;1;1
2020;2;202;7;1;2;1;0;0;1;1
2020;2;202;7;2;1;1;0;0;1;1
2020;2;202;7;2;2;1;0;0;1;1
2020;2;202;8;1;1;1;0;0;1;1
2020;2;202;8;1;2;1;0;0;1;1
2020;2;202;8;2;1;1;0;0;1;1
2020;2;202;8;2;2;1;0;0;1;1
2020;2;202;9;1;1;1;0;0;1;1
2020;2;202;9;1;2;1;0;0;1;1
2020;2;202;9;2;1;1;0;0;1;1
2020;2;202;9;2;2;1;0;0;1;1
2020;4;3004;101;1;1;1;0;0;1;1
2020;4;3004;301;1;1;1;0;0;1;1
2020;4;3004;302;1;1;1;0;0;1;1
2020;4;3004;303;1;1;1;0;0;1;1
2020;4;3004;304;1;1;1;0;0;1;1
2020;4;3004;304;1;2;1;0;0;1;1
2020;4;3004;305;1;1;1;0;0;1;1
2020;4;3004;306;1;1;1;0;0;1;1
2020;4;3004;306;1;2;1;0;0;1;1
2020;4;3004;307;1;1;1;0;0;1;1
2020;4;3004;308;1;1;1;0;0;1;1
2020;4;3004;604;1;1;1;0;0;1;1
2020;4;3004;606;1;1;1;0;0;1;1
2020;4;3004;609;1;1;1;0;0;1;1
2020;4;2904;901;1;1;1;0;0;1;1
2020;4;2904;902;1;1;1;0;0;1;1
2020;4;2904;903;1;1;1;0;0;1;1
2020;4;2904;904;1;1;1;0;0;1;1
2020;4;2904;905;1;1;1;0;0;1;1
2020;4;2904;906;1;1;1;0;0;1;1
2020;4;2904;907;1;1;1;0;0;1;1
2020;4;2904;908;1;1;1;0;0;1;1
2020;4;2904;909;1;1;1;0;0;1;1
2020;4;2904;911;1;1;1;0;0;1;1
2020;4;2904;913;1;1;1;0;0;1;1
2020;4;2904;914;1;1;1;0;0;1;1
2020;4;2904;919;1;1;1;0;0;1;1
2020;4;2904;920;1;1;1;0;0;1;1
2020;4;2904;921;1;1;1;0;0;1;1
2020;4;2904;922;1;1;1;0;0;1;1
2020;4;2904;923;1;1;1;0;0;1;1
2020;4;3104;1302;1;1;1;0;0;1;1
2020;4;3104;1303;1;1;1;0;0;1;1
2020;4;3604;1401;11;1;1;0;0;1;1
2020;4;3604;1402;21;1;1;0;0;1;1
2020;4;3604;1402;26;1;1;0;0;1;1
2020;4;3604;1403;31;1;1;0;0;1;1
2020;4;3604;1403;36;1;1;0;0;1;1
2020;4;3604;1405;51;1;1;0;0;1;1
2020;4;3604;1405;56;1;1;0;0;1;1
2020;4;3604;1406;61;1;1;0;0;1;1
2020;4;3004;1501;1;1;1;0;0;1;1
2020;4;3004;1502;1;1;1;0;0;1;1
2020;5;5;1;1;3;1;0;0;0;1
2020;5;5;1;1;5;1;0;0;1;0
2020;5;5;1;2;4;1;0;0;0;1
2020;5;5;1;2;6;1;0;0;1;0
2020;5;5;1;3;3;1;0;0;1;1
2020;5;5;1;4;4;1;0;0;1;1
2020;5;5;3;1;3;1;0;0;0;1
2020;5;5;3;1;5;1;0;0;1;0
2020;5;5;3;2;4;1;0;0;0;1
2020;5;5;3;2;6;1;0;0;1;0
2020;5;5;3;3;3;1;0;0;1;1
2020;5;5;3;4;4;1;0;0;1;1
2020;5;5;5;1;3;1;0;0;0;1
2020;5;5;5;1;5;1;0;0;1;0
2020;5;5;5;2;4;1;0;0;0;1
2020;5;5;5;2;6;1;0;0;1;0
2020;5;5;5;3;3;1;0;0;1;1
2020;5;5;5;4;4;1;0;0;1;1
2020;5;5;9;1;3;1;0;0;0;1
2020;5;5;9;1;5;1;0;0;1;0
2020;5;5;9;2;4;1;0;0;0;1
2020;5;5;9;2;6;1;0;0;1;0
2020;5;5;9;3;3;1;0;0;1;1
2020;5;5;9;4;4;1;0;0;1;1
2020;5;5;11;1;3;1;0;0;0;1
2020;5;5;11;1;5;1;0;0;1;0
2020;5;5;11;2;4;1;0;0;0;1
2020;5;5;11;2;6;1;0;0;1;0
2020;5;5;11;3;3;1;0;0;1;1
2020;5;5;11;4;4;1;0;0;1;1
2020;5;5;12;1;3;1;0;0;0;1
2020;5;5;12;1;5;1;0;0;1;0
2020;5;5;12;2;4;1;0;0;0;1
2020;5;5;12;2;6;1;0;0;1;0
2020;5;5;12;3;3;1;0;0;1;1
2020;5;5;12;4;4;1;0;0;1;1
2020;5;5;20;1;3;1;0;0;0;1
2020;5;5;20;1;5;1;0;0;1;0
2020;5;5;20;2;4;1;0;0;0;1
2020;5;5;20;2;6;1;0;0;1;0
2020;5;5;20;3;3;1;0;0;1;1
2020;5;5;20;4;4;1;0;0;1;1
2020;5;5;31;1;3;1;0;0;0;1
2020;5;5;31;1;5;1;0;0;1;0
2020;5;5;31;3;3;1;0;0;1;1
2020;55;55;19;2020;5;1;0;0;1;1
2020;56;56;1;1;10;1;0;0;1;1
2020;56;56;1;2;10;1;0;0;0;1
2020;56;56;1;3;10;1;0;0;0;1
2020;56;56;2;1;10;1;0;0;1;1
2020;56;56;2;2;10;1;0;0;0;1
2020;56;56;3;1;10;1;0;0;1;1
2020;56;56;4;1;10;1;0;0;1;1
2020;56;56;5;1;10;1;0;0;1;1
2020;56;56;5;2;10;1;0;0;0;1
2020;56;56;7;1;10;1;0;0;1;1
2020;56;56;8;1;10;1;0;0;1;1
2020;56;56;10;1;4;1;0;0;1;1
2020;56;56;11;1;1;1;0;0;1;1
2020;60;60;3;2;1;1;0;0;1;1
2020;60;60;8;1;1;1;0;0;1;1
2020;60;60;8;2;1;1;0;0;1;1
2020;60;60;9;2;1;1;0;0;1;1
2020;60;60;10;2;1;1;0;0;1;1
2020;60;60;11;1;1;1;0;0;1;1
2020;60;60;11;2;1;1;0;0;1;1
2020;63;63;1;1;1;1;1;0;1;1
2020;63;63;3;1;1;1;1;0;1;1
2020;63;63;4;1;1;1;1;0;1;1
2020;63;63;5;1;1;1;1;0;1;1
2020;67;67;1;1;1;1;0;0;1;1
2020;67;67;1;1;2;1;0;0;1;1
2020;67;67;1;1;3;1;0;0;1;1
2020;67;67;1;2;1;1;0;0;1;1
2020;67;67;1;2;2;1;0;0;1;1
2020;67;67;1;2;3;1;0;0;1;1
2020;67;67;1;3;1;1;0;0;1;1
2020;67;67;1;3;2;1;0;0;1;1
2020;67;67;1;3;3;1;0;0;1;1
2020;67;67;1;4;1;1;0;0;1;1
2020;67;67;1;4;2;1;0;0;1;1
2020;67;67;1;4;3;1;0;0;1;1
2020;67;67;1;5;1;1;0;0;1;1
2020;67;67;1;5;2;1;0;0;1;1
2020;67;67;1;5;3;1;0;0;1;1
2020;67;67;2;1;1;1;0;0;1;1
2020;67;67;2;1;2;1;0;0;1;1
2020;67;67;2;1;3;1;0;0;1;1
2020;67;67;2;2;1;1;0;0;1;1
2020;67;67;2;2;2;1;0;0;1;1
2020;67;67;2;2;3;1;0;0;1;1
2020;67;67;2;3;1;1;0;0;1;1
2020;67;67;2;3;2;1;0;0;1;1
2020;67;67;2;3;3;1;0;0;1;1
2020;67;67;2;4;1;1;0;0;1;1
2020;67;67;2;4;2;1;0;0;1;1
2020;67;67;2;4;3;1;0;0;1;1
2020;67;67;3;1;1;1;0;0;1;1
2020;67;67;3;1;2;1;0;0;1;1
2020;67;67;3;1;3;1;0;0;1;1
2020;67;67;3;2;1;1;0;0;1;1
2020;67;67;3;2;2;1;0;0;1;1
2020;67;67;3;2;3;1;0;0;1;1
2020;67;67;3;3;1;1;0;0;1;1
2020;67;67;3;3;2;1;0;0;1;1
2020;67;67;3;3;3;1;0;0;1;1
2020;67;67;3;4;1;1;0;0;1;1
2020;67;67;3;4;2;1;0;0;1;1
2020;67;67;3;4;3;1;0;0;1;1
2020;67;67;3;5;1;1;0;0;1;1
2020;67;67;3;5;2;1;0;0;1;1
2020;67;67;3;5;3;1;0;0;1;1
2020;67;67;4;1;1;1;0;0;1;1
2020;67;67;4;1;2;1;0;0;1;1
2020;67;67;4;1;3;1;0;0;1;1
2020;67;67;4;2;1;1;0;0;1;1
2020;67;67;4;2;2;1;0;0;1;1
2020;67;67;4;2;3;1;0;0;1;1
2020;67;67;4;3;1;1;0;0;1;1
2020;67;67;4;3;2;1;0;0;1;1
2020;67;67;4;3;3;1;0;0;1;1
2020;67;67;4;4;1;1;0;0;1;1
2020;67;67;4;4;2;1;0;0;1;1
2020;67;67;4;4;3;1;0;0;1;1
2020;67;67;5;1;1;1;0;0;1;1
2020;67;67;5;1;2;1;0;0;1;1
2020;67;67;5;1;3;1;0;0;1;1
2020;67;67;5;2;1;1;0;0;1;1
2020;67;67;5;2;2;1;0;0;1;1
2020;67;67;5;2;3;1;0;0;1;1
2020;67;67;5;3;1;1;0;0;1;1
2020;67;67;5;3;2;1;0;0;1;1
2020;67;67;5;3;3;1;0;0;1;1
2020;67;67;5;4;1;1;0;0;1;1
2020;67;67;5;4;2;1;0;0;1;1
2020;67;67;5;4;3;1;0;0;1;1
2021;4;3004;101;1;1;1;0;0;1;1
2021;4;3004;301;1;1;1;0;0;1;1
2021;4;3004;302;1;1;1;0;0;1;1
2021;4;3004;303;1;1;1;0;0;1;1
2021;4;3004;304;1;1;1;0;0;1;1
2021;4;3004;305;1;1;1;0;0;1;1
2021;4;3004;306;1;1;1;0;0;1;1
2021;4;3004;306;1;2;1;0;0;1;1
2021;4;3004;307;1;1;1;0;0;1;1
2021;4;3004;308;1;1;1;0;0;1;1
2021;4;3004;604;1;1;1;0;0;1;1
2021;4;3004;606;1;1;1;0;0;1;1
2021;4;3004;609;1;1;1;0;0;1;1
2021;4;2804;802;1;1;1;0;0;1;1
2021;4;2804;802;2;1;1;0;0;1;1
2021;4;2804;802;3;1;1;0;0;1;1
2021;4;2804;802;4;1;1;0;0;1;1
2021;4;2804;802;5;1;1;0;0;1;1
2021;4;2804;806;1;1;1;0;0;1;1
2021;4;2804;806;2;1;1;0;0;1;1
2021;4;2804;806;3;1;1;0;0;1;1
2021;4;2804;806;4;1;1;0;0;1;1
2021;4;2804;806;5;1;1;0;0;1;1
2021;4;2804;808;1;1;1;0;0;1;1
2021;4;2804;808;2;1;1;0;0;1;1
2021;4;2804;808;3;1;1;0;0;1;1
2021;4;2804;808;4;1;1;0;0;1;1
2021;4;2804;808;5;1;1;0;0;1;1
2021;4;2804;812;1;1;1;0;0;1;1
2021;4;2804;812;2;1;1;0;0;1;1
2021;4;2804;812;3;1;1;0;0;1;1
2021;4;2804;812;4;1;1;0;0;1;1
2021;4;2804;812;5;1;1;0;0;1;1
2021;4;2804;819;1;1;1;0;0;1;1
2021;4;2804;819;2;1;1;0;0;1;1
2021;4;2804;819;3;1;1;0;0;1;1
2021;4;2804;819;4;1;1;0;0;1;1
2021;4;2804;819;5;1;1;0;0;1;1
2021;4;2804;852;1;1;1;0;0;1;1
2021;4;2804;852;2;1;1;0;0;1;1
2021;4;2804;852;3;1;1;0;0;1;1
2021;4;2804;852;4;1;1;0;0;1;1
2021;4;2804;852;5;1;1;0;0;1;1
2021;4;2804;856;1;1;1;0;0;1;1
2021;4;2804;856;2;1;1;0;0;1;1
2021;4;2804;856;3;1;1;0;0;1;1
2021;4;2804;856;4;1;1;0;0;1;1
2021;4;2804;856;5;1;1;0;0;1;1
2021;4;2804;858;1;1;1;0;0;1;1
2021;4;2804;858;2;1;1;0;0;1;1
2021;4;2804;858;3;1;1;0;0;1;1
2021;4;2804;858;4;1;1;0;0;1;1
2021;4;2804;858;5;1;1;0;0;1;1
2021;4;2804;859;1;1;1;0;0;1;1
2021;4;2804;859;2;1;1;0;0;1;1
2021;4;2804;859;3;1;1;0;0;1;1
2021;4;2804;859;4;1;1;0;0;1;1
2021;4;2804;859;5;1;1;0;0;1;1
2021;4;2804;862;1;1;1;0;0;1;1
2021;4;2804;862;2;1;1;0;0;1;1
2021;4;2804;862;3;1;1;0;0;1;1
2021;4;2804;862;4;1;1;0;0;1;1
2021;4;2804;862;5;1;1;0;0;1;1
2021;4;3604;1401;11;1;1;0;0;1;1
2021;4;3604;1402;21;1;1;0;0;1;1
2021;4;3604;1402;26;1;1;0;0;1;1
2021;4;3604;1403;31;1;1;0;0;1;1
2021;4;3604;1403;36;1;1;0;0;1;1
2021;4;3604;1405;51;1;1;0;0;1;1
2021;4;3604;1405;56;1;1;0;0;1;1
2021;4;3604;1406;61;1;1;0;0;1;1
2021;4;3004;1501;1;1;1;0;0;1;1
2021;4;3004;1502;1;1;1;0;0;1;1
2021;4;3704;1605;51;1;1;0;0;1;1
2021;4;3704;1605;52;2;1;0;0;1;1
2021;4;3704;1605;53;3;1;0;0;1;1
2021;4;3704;1605;54;4;1;0;0;1;1
2021;4;3704;1606;61;1;1;0;0;1;1
2021;4;3704;1606;62;2;1;0;0;1;1
2021;4;3704;1606;63;3;1;0;0;1;1
2021;4;3704;1606;64;4;1;0;0;1;1
2021;4;3704;1607;71;1;1;0;0;1;1
2021;4;3704;1607;72;2;1;0;0;1;1
2021;4;3704;1608;81;1;1;0;0;1;1
2021;4;3704;1608;82;2;1;0;0;1;1
2021;4;3704;1608;83;3;1;0;0;1;1
2021;4;3704;1608;84;4;1;0;0;1;1
2021;4;3704;1609;91;1;1;0;0;1;1
2021;4;3704;1609;92;2;1;0;0;1;1
2021;4;3704;1609;93;3;1;0;0;1;1
2021;4;3704;1609;94;4;1;0;0;1;1
2021;8;8;34;1;1;1;0;0;1;1
2021;8;8;34;1;2;1;0;0;1;0
2021;8;8;34;2;1;1;0;0;1;1
2021;8;8;34;2;2;1;0;0;1;0
2021;8;8;34;3;1;1;0;0;1;1
2021;8;8;34;3;2;1;0;0;1;0
2021;8;8;34;4;1;1;0;0;1;1
2021;8;8;34;4;2;1;0;0;1;1
2021;8;8;34;4;3;1;0;0;0;1
2021;8;8;34;4;4;1;0;0;0;1
2021;8;8;74;1;1;1;0;0;1;1
2021;8;8;74;1;2;1;0;0;1;1
2021;8;8;74;2;1;1;0;0;1;1
2021;8;8;74;2;2;1;0;0;1;1
2021;8;8;74;3;1;1;0;0;1;1
2021;8;8;74;3;2;1;0;0;1;1
2021;8;8;74;4;1;1;0;0;1;1
2021;8;8;74;4;2;1;0;0;1;1
2021;8;8;85;1;1;1;0;0;1;1
2021;8;8;85;1;2;1;0;0;1;0
2021;8;8;85;2;1;1;0;0;1;1
2021;8;8;85;2;2;1;0;0;1;0
2021;8;8;85;3;1;1;0;0;1;1
2021;8;8;85;3;2;1;0;0;1;0
2021;8;8;85;4;1;1;0;0;1;1
2021;8;8;85;4;2;1;0;0;1;0
2021;8;8;101;1;1;1;0;0;1;1
2021;8;8;101;2;1;1;0;0;1;1
2021;8;8;101;3;1;1;0;0;1;1
2021;8;8;101;4;1;1;0;0;1;1
2021;50;50;1;1;1;1;0;1;1;1
2021;50;50;1;2;1;1;0;1;1;1
2021;50;50;1;3;1;1;0;1;1;1
2021;50;50;1;4;1;1;0;1;1;1
2021;50;50;1;5;1;1;0;1;1;1
2021;50;50;1;6;1;1;0;1;1;1
2021;50;50;1;7;1;1;0;1;1;1
2021;50;50;1;8;1;1;0;1;1;1
2021;50;50;1;9;1;1;0;1;1;1
2021;50;50;1;10;1;1;0;1;1;1
2021;50;50;1;11;1;1;0;1;1;1
2021;50;50;1;12;1;1;0;1;1;1
2021;50;50;1;13;1;1;0;1;1;1
2021;50;50;1;14;1;1;0;1;1;1
2021;50;50;1;15;1;1;0;1;1;1
2021;50;50;1;16;1;1;0;1;1;1
2021;50;50;1;17;1;1;0;1;1;1
2021;50;50;1;18;1;1;0;1;1;1
2021;50;50;1;19;1;1;0;1;1;1
2021;50;50;1;20;1;1;0;1;1;1
2021;50;50;2;1;1;1;0;1;1;1
2021;50;50;2;2;1;1;0;1;1;1
2021;50;50;2;3;1;1;0;1;1;1
2021;50;50;2;4;1;1;0;1;1;1
2021;50;50;2;5;1;1;0;1;1;1
2021;50;50;2;6;1;1;0;1;1;1
2021;50;50;2;7;1;1;0;1;1;1
2021;50;50;2;8;1;1;0;1;1;1
2021;50;50;2;9;1;1;0;1;1;1
2021;50;50;2;10;1;1;0;1;1;1
2021;50;50;2;11;1;1;0;1;1;1
2021;50;50;2;12;1;1;0;1;1;1
2021;50;50;2;13;1;1;0;1;1;1
2021;50;50;2;14;1;1;0;1;1;1
2021;50;50;2;15;1;1;0;1;1;1
2021;50;50;2;16;1;1;0;1;1;1
2021;50;50;2;17;1;1;0;1;1;1
2021;50;50;2;18;1;1;0;1;1;1
2021;50;50;2;19;1;1;0;1;1;1
2021;50;50;2;20;1;1;0;1;1;1
2021;50;50;3;1;1;1;0;1;1;1
2021;50;50;3;2;1;1;0;1;1;1
2021;50;50;3;3;1;1;0;1;1;1
2021;50;50;3;4;1;1;0;1;1;1
2021;50;50;3;5;1;1;0;1;1;1
2021;50;50;3;6;1;1;0;1;1;1
2021;50;50;3;7;1;1;0;1;1;1
2021;50;50;3;8;1;1;0;1;1;1
2021;50;50;3;9;1;1;0;1;1;1
2021;50;50;3;10;1;1;0;1;1;1
2021;50;50;3;11;1;1;0;1;1;1
2021;50;50;3;12;1;1;0;1;1;1
2021;50;50;3;13;1;1;0;1;1;1
2021;50;50;3;14;1;1;0;1;1;1
2021;50;50;3;15;1;1;0;1;1;1
2021;50;50;3;16;1;1;0;1;1;1
2021;50;50;3;17;1;1;0;1;1;1
2021;50;50;3;18;1;1;0;1;1;1
2021;50;50;3;19;1;1;0;1;1;1
2021;50;50;3;20;1;1;0;1;1;1
2021;50;50;4;1;1;1;0;1;1;1
2021;50;50;4;2;1;1;0;1;1;1
2021;50;50;4;3;1;1;0;1;1;1
2021;50;50;4;4;1;1;0;1;1;1
2021;50;50;4;5;1;1;0;1;1;1
2021;50;50;4;6;1;1;0;1;1;1
2021;50;50;4;7;1;1;0;1;1;1
2021;50;50;4;8;1;1;0;1;1;1
2021;50;50;4;9;1;1;0;1;1;1
2021;50;50;4;10;1;1;0;1;1;1
2021;50;50;4;11;1;1;0;1;1;1
2021;50;50;4;12;1;1;0;1;1;1
2021;50;50;4;13;1;1;0;1;1;1
2021;50;50;4;14;1;1;0;1;1;1
2021;50;50;4;15;1;1;0;1;1;1
2021;50;50;4;16;1;1;0;1;1;1
2021;50;50;4;17;1;1;0;1;1;1
2021;50;50;4;18;1;1;0;1;1;1
2021;50;50;4;19;1;1;0;1;1;1
2021;50;50;4;20;1;1;0;1;1;1
2021;50;50;5;1;1;1;0;1;1;1
2021;50;50;5;2;1;1;0;1;1;1
2021;50;50;5;3;1;1;0;1;1;1
2021;50;50;5;4;1;1;0;1;1;1
2021;50;50;5;5;1;1;0;1;1;1
2021;50;50;5;6;1;1;0;1;1;1
2021;50;50;5;7;1;1;0;1;1;1
2021;50;50;5;8;1;1;0;1;1;1
2021;50;50;5;9;1;1;0;1;1;1
2021;50;50;5;10;1;1;0;1;1;1
2021;50;50;5;11;1;1;0;1;1;1
2021;50;50;5;12;1;1;0;1;1;1
2021;50;50;5;13;1;1;0;1;1;1
2021;50;50;5;14;1;1;0;1;1;1
2021;50;50;5;15;1;1;0;1;1;1
2021;50;50;5;16;1;1;0;1;1;1
2021;50;50;5;17;1;1;0;1;1;1
2021;50;50;5;18;1;1;0;1;1;1
2021;50;50;5;19;1;1;0;1;1;1
2021;50;50;5;20;1;1;0;1;1;1
2021;50;50;6;1;1;1;0;1;1;1
2021;50;50;6;2;1;1;0;1;1;1
2021;50;50;6;3;1;1;0;1;1;1
2021;50;50;6;4;1;1;0;1;1;1
2021;50;50;6;5;1;1;0;1;1;1
2021;50;50;6;6;1;1;0;1;1;1
2021;50;50;6;7;1;1;0;1;1;1
2021;50;50;6;8;1;1;0;1;1;1
2021;50;50;6;9;1;1;0;1;1;1
2021;50;50;6;10;1;1;0;1;1;1
2021;50;50;6;11;1;1;0;1;1;1
2021;50;50;6;12;1;1;0;1;1;1
2021;50;50;6;13;1;1;0;1;1;1
2021;50;50;6;14;1;1;0;1;1;1
2021;50;50;6;15;1;1;0;1;1;1
2021;50;50;6;16;1;1;0;1;1;1
2021;50;50;6;17;1;1;0;1;1;1
2021;50;50;6;18;1;1;0;1;1;1
2021;50;50;6;19;1;1;0;1;1;1
2021;50;50;6;20;1;1;0;1;1;1
2021;50;50;7;1;1;1;0;1;1;1
2021;50;50;7;1;2;1;0;1;1;1
2021;50;50;7;2;1;1;0;1;1;1
2021;50;50;7;2;2;1;0;1;1;1
2021;50;50;7;3;1;1;0;1;1;1
2021;50;50;7;3;2;1;0;1;1;1
2021;50;50;7;4;1;1;0;1;1;1
2021;50;50;7;4;2;1;0;1;1;1
2021;50;50;7;5;1;1;0;1;1;1
2021;50;50;7;5;2;1;0;1;1;1
2021;50;50;7;6;1;1;0;1;1;1
2021;50;50;7;6;2;1;0;1;1;1
2021;50;50;7;7;1;1;0;1;1;1
2021;50;50;7;7;2;1;0;1;1;1
2021;50;50;7;8;1;1;0;1;1;1
2021;50;50;7;8;2;1;0;1;1;1
2021;50;50;7;9;1;1;0;1;1;1
2021;50;50;7;9;2;1;0;1;1;1
2021;50;50;7;10;1;1;0;1;1;1
2021;50;50;7;10;2;1;0;1;1;1
2021;50;50;7;11;1;1;0;1;1;1
2021;50;50;7;12;1;1;0;1;1;1
2021;50;50;7;12;2;1;0;1;1;1
2021;50;50;7;13;1;1;0;1;1;1
2021;50;50;7;13;2;1;0;1;1;1
2021;50;50;7;14;1;1;0;1;1;1
2021;50;50;7;14;2;1;0;1;1;1
2021;50;50;7;15;1;1;0;1;1;1
2021;50;50;7;15;2;1;0;1;1;1
2021;50;50;7;16;1;1;0;1;1;1
2021;50;50;7;16;2;1;0;1;1;1
2021;50;50;7;17;1;1;0;1;1;1
2021;50;50;7;17;2;1;0;1;1;1
2021;50;50;7;18;1;1;0;1;1;1
2021;50;50;7;18;2;1;0;1;1;1
2021;50;50;7;19;1;1;0;1;1;1
2021;50;50;7;19;2;1;0;1;1;1
2021;50;50;7;20;1;1;0;1;1;1
2021;50;50;7;20;2;1;0;1;1;1
2021;50;50;7;21;1;1;0;1;1;1
2021;50;50;7;21;2;1;0;1;1;1
2021;50;50;7;22;1;1;0;1;1;1
2021;50;50;7;22;2;1;0;1;1;1
2021;50;50;7;23;1;1;0;1;1;1
2021;50;50;7;23;2;1;0;1;1;1
2021;50;50;7;24;1;1;0;1;1;1
2021;50;50;7;24;2;1;0;1;1;1
2021;50;50;8;1;1;1;0;1;1;1
2021;50;50;8;2;1;1;0;1;1;1
2021;50;50;8;3;1;1;0;1;1;1
2021;50;50;8;4;1;1;0;1;1;1
2021;50;50;8;5;1;1;0;1;1;1
2021;50;50;8;6;1;1;0;1;1;1
2021;50;50;8;7;1;1;0;1;1;1
2021;50;50;8;8;1;1;0;1;1;1
2021;50;50;8;9;1;1;0;1;1;1
2021;50;50;8;10;1;1;0;1;1;1
2021;50;50;8;11;1;1;0;1;1;1
2021;50;50;8;12;1;1;0;1;1;1
2021;50;50;8;13;1;1;0;1;1;1
2021;50;50;8;14;1;1;0;1;1;1
2021;50;50;8;15;1;1;0;1;1;1
2021;50;50;8;16;1;1;0;1;1;1
2021;50;50;8;17;1;1;0;1;1;1
2021;50;50;8;18;1;1;0;1;1;1
2021;50;50;8;19;1;1;0;1;1;1
2021;50;50;8;20;1;1;0;1;1;1
2021;50;50;8;21;1;1;0;1;1;1
2021;50;50;8;22;1;1;0;1;1;1
2021;50;50;8;23;1;1;0;1;1;1
2021;50;50;8;24;1;1;0;1;1;1
2021;50;50;9;1;1;1;0;1;1;1
2021;50;50;9;2;1;1;0;1;1;1
2021;50;50;9;3;1;1;0;1;1;1
2021;50;50;9;4;1;1;0;1;1;1
2021;50;50;9;5;1;1;0;1;1;1
2021;50;50;9;6;1;1;0;1;1;1
2021;50;50;9;7;1;1;0;1;1;1
2021;50;50;9;8;1;1;0;1;1;1
2021;50;50;9;9;1;1;0;1;1;1
2021;50;50;9;10;1;1;0;1;1;1
2021;50;50;9;11;1;1;0;1;1;1
2021;50;50;9;12;1;1;0;1;1;1
2021;50;50;9;13;1;1;0;1;1;1
2021;50;50;9;14;1;1;0;1;1;1
2021;50;50;9;15;1;1;0;1;1;1
2021;50;50;9;16;1;1;0;1;1;1
2021;50;50;9;17;1;1;0;1;1;1
2021;50;50;9;18;1;1;0;1;1;1
2021;50;50;9;19;1;1;0;1;1;1
2021;50;50;9;20;1;1;0;1;1;1
2021;50;50;10;1;1;1;0;1;1;1
2021;50;50;10;2;1;1;0;1;1;1
2021;50;50;10;3;1;1;0;1;1;1
2021;50;50;10;4;1;1;0;1;1;1
2021;50;50;10;5;1;1;0;1;1;1
2021;50;50;10;6;1;1;0;1;1;1
2021;50;50;10;7;1;1;0;1;1;1
2021;50;50;10;8;1;1;0;1;1;1
2021;50;50;10;9;1;1;0;1;1;1
2021;50;50;10;10;1;1;0;1;1;1
2021;50;50;10;11;1;1;0;1;1;1
2021;50;50;10;12;1;1;0;1;1;1
2021;50;50;10;13;1;1;0;1;1;1
2021;50;50;10;14;1;1;0;1;1;1
2021;50;50;10;15;1;1;0;1;1;1
2021;50;50;10;16;1;1;0;1;1;1
2021;50;50;10;17;1;1;0;1;1;1
2021;50;50;10;18;1;1;0;1;1;1
2021;50;50;10;19;1;1;0;1;1;1
2021;50;50;10;20;1;1;0;1;1;1
2021;50;50;11;1;1;1;0;1;1;1
2021;50;50;11;2;1;1;0;1;1;1
2021;50;50;11;3;1;1;0;1;1;1
2021;50;50;11;4;1;1;0;1;1;1
2021;50;50;11;5;1;1;0;1;1;1
2021;50;50;11;6;1;1;0;1;1;1
2021;50;50;11;7;1;1;0;1;1;1
2021;50;50;11;8;1;1;0;1;1;1
2021;50;50;11;9;1;1;0;1;1;1
2021;50;50;11;10;1;1;0;1;1;1
2021;50;50;11;11;1;1;0;1;1;1
2021;50;50;11;12;1;1;0;1;1;1
2021;50;50;11;13;1;1;0;1;1;1
2021;50;50;11;14;1;1;0;1;1;1
2021;50;50;11;15;1;1;0;1;1;1
2021;50;50;11;16;1;1;0;1;1;1
2021;50;50;11;17;1;1;0;1;1;1
2021;50;50;11;18;1;1;0;1;1;1
2021;50;50;11;19;1;1;0;1;1;1
2021;50;50;11;20;1;1;0;1;1;1
2021;50;50;12;1;1;1;0;1;1;1
2021;50;50;12;2;1;1;0;1;1;1
2021;50;50;12;3;1;1;0;1;1;1
2021;50;50;12;4;1;1;0;1;1;1
2021;50;50;12;5;1;1;0;1;1;1
2021;50;50;12;6;1;1;0;1;1;1
2021;50;50;12;7;1;1;0;1;1;1
2021;50;50;12;8;1;1;0;1;1;1
2021;50;50;12;9;1;1;0;1;1;1
2021;50;50;12;10;1;1;0;1;1;1
2021;50;50;12;11;1;1;0;1;1;1
2021;50;50;12;12;1;1;0;1;1;1
2021;50;50;12;13;1;1;0;1;1;1
2021;50;50;12;14;1;1;0;1;1;1
2021;50;50;12;15;1;1;0;1;1;1
2021;50;50;12;16;1;1;0;1;1;1
2021;50;50;12;17;1;1;0;1;1;1
2021;50;50;12;18;1;1;0;1;1;1
2021;50;50;12;19;1;1;0;1;1;1
2021;50;50;12;20;1;1;0;1;1;1
2021;50;50;13;1;1;1;0;1;1;1
2021;50;50;13;2;1;1;0;1;1;1
2021;50;50;13;3;1;1;0;1;1;1
2021;50;50;13;4;1;1;0;1;1;1
2021;50;50;13;5;1;1;0;1;1;1
2021;50;50;13;6;1;1;0;1;1;1
2021;50;50;13;7;1;1;0;1;1;1
2021;50;50;13;8;1;1;0;1;1;1
2021;50;50;13;9;1;1;0;1;1;1
2021;50;50;13;10;1;1;0;1;1;1
2021;50;50;13;11;1;1;0;1;1;1
2021;50;50;13;12;1;1;0;1;1;1
2021;50;50;13;13;1;1;0;1;1;1
2021;50;50;13;14;1;1;0;1;1;1
2021;50;50;13;15;1;1;0;1;1;1
2021;50;50;13;16;1;1;0;1;1;1
2021;50;50;13;17;1;1;0;1;1;1
2021;50;50;13;18;1;1;0;1;1;1
2021;50;50;13;19;1;1;0;1;1;1
2021;50;50;13;20;1;1;0;1;1;1
2021;50;50;13;21;1;1;0;1;1;1
2021;50;50;13;22;1;1;0;1;1;1
2021;50;50;13;23;1;1;0;1;1;1
2021;50;50;13;24;1;1;0;1;1;1
2021;50;50;14;1;1;1;0;1;1;1
2021;50;50;14;2;1;1;0;1;1;1
2021;50;50;14;3;1;1;0;1;1;1
2021;50;50;14;4;1;1;0;1;1;1
2021;50;50;14;5;1;1;0;1;1;1
2021;50;50;14;6;1;1;0;1;1;1
2021;50;50;14;7;1;1;0;1;1;1
2021;50;50;14;8;1;1;0;1;1;1
2021;50;50;14;9;1;1;0;1;1;1
2021;50;50;14;10;1;1;0;1;1;1
2021;50;50;14;11;1;1;0;1;1;1
2021;50;50;14;12;1;1;0;1;1;1
2021;50;50;14;13;1;1;0;1;1;1
2021;50;50;14;14;1;1;0;1;1;1
2021;50;50;14;15;1;1;0;1;1;1
2021;50;50;14;16;1;1;0;1;1;1
2021;50;50;14;18;1;1;0;1;1;1
2021;50;50;14;19;1;1;0;1;1;1
2021;50;50;15;1;1;1;0;1;1;1
2021;50;50;15;2;1;1;0;1;1;1
2021;50;50;15;3;1;1;0;1;1;1
2021;50;50;15;4;1;1;0;1;1;1
2021;50;50;15;5;1;1;0;1;1;1
2021;50;50;15;6;1;1;0;1;1;1
2021;50;50;15;7;1;1;0;1;1;1
2021;50;50;15;8;1;1;0;1;1;1
2021;50;50;15;9;1;1;0;1;1;1
2021;50;50;15;10;1;1;0;1;1;1
2021;50;50;15;11;1;1;0;1;1;1
2021;50;50;15;12;1;1;0;1;1;1
2021;50;50;15;13;1;1;0;1;1;1
2021;50;50;15;14;1;1;0;1;1;1
2021;50;50;15;15;1;1;0;1;1;1
2021;50;50;15;16;1;1;0;1;1;1
2021;50;50;15;17;1;1;0;1;1;1
2021;50;50;15;18;1;1;0;1;1;1
2021;50;50;15;19;1;1;0;1;1;1
2021;50;50;15;20;1;1;0;1;1;1
2021;50;50;16;1;1;1;0;1;1;1
2021;50;50;16;1;2;1;0;1;1;1
2021;50;50;16;2;1;1;0;1;1;1
2021;50;50;16;2;2;1;0;1;1;1
2021;50;50;16;3;1;1;0;1;1;1
2021;50;50;16;3;2;1;0;1;1;1
2021;50;50;16;4;1;1;0;1;1;1
2021;50;50;16;4;2;1;0;1;1;1
2021;50;50;16;5;1;1;0;1;1;1
2021;50;50;16;5;2;1;0;1;1;1
2021;50;50;16;6;1;1;0;1;1;1
2021;50;50;16;6;2;1;0;1;1;1
2021;50;50;16;7;1;1;0;1;1;1
2021;50;50;16;7;2;1;0;1;1;1
2021;50;50;16;8;1;1;0;1;1;1
2021;50;50;16;8;2;1;0;1;1;1
2021;50;50;16;9;1;1;0;1;1;1
2021;50;50;16;9;2;1;0;1;1;1
2021;50;50;16;10;1;1;0;1;1;1
2021;50;50;16;10;2;1;0;1;1;1
2021;50;50;16;11;1;1;0;1;1;1
2021;50;50;16;11;2;1;0;1;1;1
2021;50;50;16;12;1;1;0;1;1;1
2021;50;50;16;12;2;1;0;1;1;1
2021;50;50;16;13;1;1;0;1;1;1
2021;50;50;16;13;2;1;0;1;1;1
2021;50;50;16;14;1;1;0;1;1;1
2021;50;50;16;14;2;1;0;1;1;1
2021;50;50;16;15;1;1;0;1;1;1
2021;50;50;16;15;2;1;0;1;1;1
2021;50;50;16;16;1;1;0;1;1;1
2021;50;50;16;16;2;1;0;1;1;1
2021;50;50;16;17;1;1;0;1;1;1
2021;50;50;16;17;2;1;0;1;1;1
2021;50;50;16;18;1;1;0;1;1;1
2021;50;50;16;18;2;1;0;1;1;1
2021;50;50;16;19;1;1;0;1;1;1
2021;50;50;16;19;2;1;0;1;1;1
2021;50;50;16;20;1;1;0;1;1;1
2021;50;50;16;20;2;1;0;1;1;1
2021;50;50;16;21;1;1;0;1;1;1
2021;50;50;16;21;2;1;0;1;1;1
2021;50;50;16;22;1;1;0;1;1;1
2021;50;50;16;22;2;1;0;1;1;1
2021;50;50;16;23;1;1;0;1;1;1
2021;50;50;16;23;2;1;0;1;1;1
2021;50;50;16;24;1;1;0;1;1;1
2021;50;50;16;24;2;1;0;1;1;1
2021;50;50;18;1;1;1;0;1;1;1
2021;50;50;18;2;1;1;0;1;1;1
2021;50;50;18;3;1;1;0;1;1;1
2021;50;50;18;4;1;1;0;1;1;1
2021;50;50;18;5;1;1;0;1;1;1
2021;50;50;18;6;1;1;0;1;1;1
2021;50;50;18;7;1;1;0;1;1;1
2021;50;50;18;8;1;1;0;1;1;1
2021;50;50;18;9;1;1;0;1;1;1
2021;50;50;18;10;1;1;0;1;1;1
2021;50;50;18;11;1;1;0;1;1;1
2021;50;50;18;12;1;1;0;1;1;1
2021;50;50;18;13;1;1;0;1;1;1
2021;50;50;18;14;1;1;0;1;1;1
2021;50;50;18;15;1;1;0;1;1;1
2021;50;50;18;16;1;1;0;1;1;1
2021;50;50;18;17;1;1;0;1;1;1
2021;50;50;18;18;1;1;0;1;1;1
2021;50;50;18;19;1;1;0;1;1;1
2021;50;50;18;20;1;1;0;1;1;1
2021;50;50;18;21;1;1;0;1;1;1
2021;50;50;18;22;1;1;0;1;1;1
2021;50;50;18;23;1;1;0;1;1;1
2021;50;50;18;24;1;1;0;1;1;1
2021;50;50;19;1;1;1;0;1;1;1
2021;50;50;19;2;1;1;0;1;1;1
2021;50;50;19;3;1;1;0;1;1;1
2021;50;50;19;4;1;1;0;1;1;1
2021;50;50;19;5;1;1;0;1;1;1
2021;50;50;19;6;1;1;0;1;1;1
2021;50;50;19;7;1;1;0;1;1;1
2021;50;50;19;8;1;1;0;1;1;1
2021;50;50;19;9;1;1;0;1;1;1
2021;50;50;19;10;1;1;0;1;1;1
2021;50;50;19;11;1;1;0;1;1;1
2021;50;50;19;12;1;1;0;1;1;1
2021;50;50;19;13;1;1;0;1;1;1
2021;50;50;19;14;1;1;0;1;1;1
2021;50;50;19;15;1;1;0;1;1;1
2021;50;50;19;16;1;1;0;1;1;1
2021;50;50;19;17;1;1;0;1;1;1
2021;50;50;19;18;1;1;0;1;1;1
2021;50;50;19;19;1;1;0;1;1;1
2021;50;50;19;20;1;1;0;1;1;1
2021;50;50;19;21;1;1;0;1;1;1
2021;50;50;19;22;1;1;0;1;1;1
2021;50;50;19;23;1;1;0;1;1;1
2021;50;50;19;24;1;1;0;1;1;1
2021;51;51;1;1;1;1;0;0;1;1
2021;51;51;1;1;3;1;0;0;1;1
2021;51;51;1;2;2;1;0;0;1;1
2021;51;51;1;2;4;1;0;0;1;1
2021;51;51;3;1;1;1;0;0;1;1
2021;51;51;3;1;3;1;0;0;1;1
2021;51;51;3;2;2;1;0;0;1;1
2021;51;51;3;2;4;1;0;0;1;1
2021;51;51;15;1;1;1;0;0;1;1
2021;51;51;15;1;2;1;0;0;1;1
2021;51;51;16;1;1;1;0;0;1;1
2021;51;51;16;1;2;1;0;0;1;1
2021;51;51;17;1;1;1;0;0;1;1
2021;51;51;17;1;3;1;0;0;1;1
2021;51;51;17;2;2;1;0;0;1;1
2021;51;51;17;2;4;1;0;0;1;1
2021;51;51;19;1;1;1;0;0;1;1
2021;51;51;19;1;2;1;0;0;1;1
2021;51;51;21;1;1;1;0;0;1;1
2021;51;51;21;1;3;1;0;0;1;1
2021;51;51;21;2;2;1;0;0;1;1
2021;51;51;21;2;4;1;0;0;1;1
2021;52;52;2;1;1;1;0;0;1;1
2021;52;52;3;1;1;1;0;0;1;1
2021;52;52;4;1;1;1;0;0;1;1
2021;52;52;5;1;1;1;0;0;1;1
2021;52;52;6;1;1;1;0;0;1;1
2021;52;52;7;1;1;1;0;0;1;1
2021;52;52;8;1;1;1;0;0;1;1
2021;52;52;9;1;1;1;0;0;1;1
2021;52;52;10;1;1;1;0;0;1;1
2021;52;52;11;1;1;1;0;0;1;1
2021;52;52;12;1;1;1;0;0;1;1
2021;52;52;13;1;1;1;0;0;1;1
2021;55;55;7;2021;6;1;0;0;1;1
2021;67;67;1;1;1;1;0;0;1;1
2021;67;67;1;1;2;1;0;0;1;1
2021;67;67;1;1;3;1;0;0;1;1
2021;67;67;1;2;1;1;0;0;1;1
2021;67;67;1;2;2;1;0;0;1;1
2021;67;67;1;2;3;1;0;0;1;1
2021;67;67;1;3;1;1;0;0;1;1
2021;67;67;1;3;2;1;0;0;1;1
2021;67;67;1;3;3;1;0;0;1;1
2021;67;67;1;4;1;1;0;0;1;1
2021;67;67;1;4;2;1;0;0;1;1
2021;67;67;1;4;3;1;0;0;1;1
2021;67;67;1;5;1;1;0;0;1;1
2021;67;67;1;5;2;1;0;0;1;1
2021;67;67;1;5;3;1;0;0;1;1
2021;67;67;2;1;1;1;0;0;1;1
2021;67;67;2;1;2;1;0;0;1;1
2021;67;67;2;1;3;1;0;0;1;1
2021;67;67;2;2;1;1;0;0;1;1
2021;67;67;2;2;2;1;0;0;1;1
2021;67;67;2;2;3;1;0;0;1;1
2021;67;67;2;3;1;1;0;0;1;1
2021;67;67;2;3;2;1;0;0;1;1
2021;67;67;2;3;3;1;0;0;1;1
2021;67;67;2;4;1;1;0;0;1;1
2021;67;67;2;4;2;1;0;0;1;1
2021;67;67;2;4;3;1;0;0;1;1
2021;67;67;3;1;1;1;0;0;1;1
2021;67;67;3;1;2;1;0;0;1;1
2021;67;67;3;1;3;1;0;0;1;1
2021;67;67;3;2;1;1;0;0;1;1
2021;67;67;3;2;2;1;0;0;1;1
2021;67;67;3;2;3;1;0;0;1;1
2021;67;67;3;3;1;1;0;0;1;1
2021;67;67;3;3;2;1;0;0;1;1
2021;67;67;3;3;3;1;0;0;1;1
2021;67;67;3;4;1;1;0;0;1;1
2021;67;67;3;4;2;1;0;0;1;1
2021;67;67;3;4;3;1;0;0;1;1
2021;67;67;3;5;1;1;0;0;1;1
2021;67;67;3;5;2;1;0;0;1;1
2021;67;67;3;5;3;1;0;0;1;1
2021;67;67;4;1;1;1;0;0;1;1
2021;67;67;4;1;2;1;0;0;1;1
2021;67;67;4;1;3;1;0;0;1;1
2021;67;67;4;2;1;1;0;0;1;1
2021;67;67;4;2;2;1;0;0;1;1
2021;67;67;4;2;3;1;0;0;1;1
2021;67;67;4;3;1;1;0;0;1;1
2021;67;67;4;3;2;1;0;0;1;1
2021;67;67;4;3;3;1;0;0;1;1
2021;67;67;4;4;1;1;0;0;1;1
2021;67;67;4;4;2;1;0;0;1;1
2021;67;67;4;4;3;1;0;0;1;1
2021;67;67;5;1;1;1;0;0;1;1
2021;67;67;5;1;2;1;0;0;1;1
2021;67;67;5;1;3;1;0;0;1;1
2021;67;67;5;2;1;1;0;0;1;1
2021;67;67;5;2;2;1;0;0;1;1
2021;67;67;5;2;3;1;0;0;1;1
2021;67;67;5;3;1;1;0;0;1;1
2021;67;67;5;3;2;1;0;0;1;1
2021;67;67;5;3;3;1;0;0;1;1
2021;67;67;5;4;1;1;0;0;1;1
2021;67;67;5;4;2;1;0;0;1;1
2021;67;67;5;4;3;1;0;0;1;1
2022;2;102;11;113;1;1;0;1;1;1
2022;2;102;11;114;1;1;0;1;1;1
2022;2;102;11;116;1;1;0;1;1;1
2022;2;102;11;117;1;1;0;1;1;1
2022;2;102;12;121;1;1;0;1;1;1
2022;2;102;12;121;2;1;0;1;1;1
2022;2;102;12;122;1;1;0;1;1;1
2022;2;102;12;122;2;1;0;1;1;1
2022;2;102;12;123;1;1;0;1;1;1
2022;2;102;12;123;2;1;0;1;1;1
2022;2;102;12;124;1;1;0;1;1;1
2022;2;102;12;124;2;1;0;1;1;1
2022;2;102;12;1299;1;1;0;1;1;0
2022;2;102;12;1299;2;1;0;1;1;0
2022;2;102;13;131;1;1;0;1;1;1
2022;2;102;13;131;2;1;0;1;1;1
2022;2;102;13;133;1;1;0;1;1;1
2022;2;102;13;133;2;1;0;1;1;1
2022;2;102;13;134;1;1;0;1;1;1
2022;2;102;13;134;2;1;0;1;1;1
2022;2;102;13;135;1;1;0;1;1;1
2022;2;102;13;135;2;1;0;1;1;1
2022;2;102;14;141;1;1;0;1;1;1
2022;2;102;14;142;1;1;0;1;1;1
2022;2;102;14;143;1;1;0;1;1;1
2022;2;102;14;144;1;1;0;1;1;1
2022;2;102;15;152;1;1;0;1;1;1
2022;2;102;15;153;1;1;0;1;1;1
2022;2;102;15;154;1;1;0;1;1;1
2022;2;102;15;155;1;1;0;1;1;1
2022;2;102;16;161;1;1;0;1;1;1
2022;2;102;16;161;2;1;0;1;1;1
2022;2;102;16;162;1;1;0;1;1;1
2022;2;102;16;162;2;1;0;1;1;1
2022;2;102;16;163;1;1;0;1;1;1
2022;2;102;16;163;2;1;0;1;1;1
2022;2;102;16;164;1;1;0;1;1;1
2022;2;102;16;164;2;1;0;1;1;1
2022;2;102;17;173;1;1;0;1;1;1
2022;2;102;18;181;1;1;0;1;1;1
2022;2;102;18;183;1;1;0;1;1;1
2022;2;102;18;184;1;1;0;1;1;1
2022;2;102;18;185;1;1;0;1;1;1
2022;2;102;19;191;1;1;0;1;1;1
2022;2;102;19;192;1;1;0;1;1;1
2022;2;102;19;193;1;1;0;1;1;1
2022;2;102;19;194;1;1;0;1;1;1
2022;2;102;20;201;1;1;0;1;1;1
2022;2;102;20;202;1;1;0;1;1;1
2022;2;102;20;203;1;1;0;1;1;1
2022;2;102;20;204;1;1;0;1;1;1
2022;2;102;21;211;1;1;0;1;1;1
2022;2;102;21;211;2;1;0;1;1;1
2022;2;102;21;212;1;1;0;1;1;1
2022;2;102;21;212;2;1;0;1;1;1
2022;2;102;21;213;1;1;0;1;1;1
2022;2;102;21;213;2;1;0;1;1;1
2022;2;102;21;214;1;1;0;1;1;1
2022;2;102;21;214;2;1;0;1;1;1
2022;4;3004;101;1;1;1;0;0;1;1
2022;4;3004;301;1;1;1;0;0;1;1
2022;4;3004;302;1;1;1;0;0;1;1
2022;4;3004;303;1;1;1;0;0;1;1
2022;4;3004;304;1;1;1;0;0;1;1
2022;4;3004;305;1;1;1;0;0;1;1
2022;4;3004;306;1;1;1;0;0;1;1
2022;4;3004;306;1;2;1;0;0;1;1
2022;4;3004;307;1;1;1;0;0;1;1
2022;4;3004;308;1;1;1;0;0;1;1
2022;4;3004;604;1;1;1;0;0;1;1
2022;4;3004;606;1;1;1;0;0;1;1
2022;4;3004;608;1;1;1;0;0;1;1
2022;4;3004;609;1;1;1;0;0;1;1
2022;4;3004;610;1;1;1;0;0;1;1
2022;4;3004;613;1;1;1;0;0;1;1
2022;4;2704;1101;1;1;1;0;0;1;1
2022;4;2704;1101;2;2;1;0;0;1;1
2022;4;2704;1202;3;1;1;0;0;1;1
2022;4;2704;1202;4;2;1;0;0;1;1
2022;4;2704;1203;5;1;1;0;0;1;1
2022;4;2704;1203;6;2;1;0;0;1;1
2022;4;2704;1204;7;1;1;0;0;1;1
2022;4;2704;1204;8;2;1;0;0;1;1
2022;4;2704;1205;9;1;1;0;0;1;1
2022;4;2704;1205;10;2;1;0;0;1;1
2022;4;2704;1207;11;1;1;0;0;1;1
2022;4;2704;1207;12;2;1;0;0;1;1
2022;4;2704;1208;13;1;1;0;0;1;1
2022;4;2704;1208;14;2;1;0;0;1;1
2022;4;2704;1209;15;1;1;0;0;1;1
2022;4;2704;1209;16;2;1;0;0;1;1
2022;4;3604;1401;11;1;1;0;0;1;1
2022;4;3604;1402;21;1;1;0;0;1;1
2022;4;3604;1402;26;1;1;0;0;1;1
2022;4;3604;1403;31;1;1;0;0;1;1
2022;4;3604;1403;36;1;1;0;0;1;1
2022;4;3604;1405;51;1;1;0;0;1;1
2022;4;3604;1405;56;1;1;0;0;1;1
2022;4;3604;1406;61;1;1;0;0;1;1
2022;4;3004;1501;1;1;1;0;0;1;1
2022;4;3004;1502;1;1;1;0;0;1;1
2022;4;3004;1503;1;1;1;0;0;1;1
2022;6;6;512;1;1;1;0;0;1;1
2022;6;6;512;2;1;1;0;0;1;1
2022;6;6;512;3;1;1;0;0;1;1
2022;6;6;512;4;1;1;0;0;1;1
2022;6;6;512;5;1;1;0;0;1;1
2022;6;6;512;6;1;1;0;0;1;1
2022;6;6;512;7;1;1;0;0;1;1
2022;6;6;512;8;1;1;0;0;1;1
2022;6;6;512;9;1;1;0;0;1;1
2022;6;6;512;10;1;1;0;0;1;1
2022;6;6;520;1;1;1;0;0;1;1
2022;6;6;520;2;1;1;0;0;1;1
2022;6;6;520;3;1;1;0;0;1;1
2022;6;6;520;4;1;1;0;0;1;1
2022;6;6;520;5;1;1;0;0;1;1
2022;6;6;520;6;1;1;0;0;1;1
2022;6;6;520;7;1;1;0;0;1;1
2022;6;6;520;8;1;1;0;0;1;1
2022;6;6;520;9;1;1;0;0;1;1
2022;6;6;520;10;1;1;0;0;1;1
2022;6;6;522;1;1;1;0;0;1;1
2022;6;6;522;2;1;1;0;0;1;1
2022;6;6;522;3;1;1;0;0;1;1
2022;6;6;522;4;1;1;0;0;1;1
2022;6;6;522;5;1;1;0;0;1;1
2022;6;6;522;6;1;1;0;0;1;1
2022;6;6;522;7;1;1;0;0;1;1
2022;6;6;522;8;1;1;0;0;1;1
2022;6;6;522;9;1;1;0;0;1;1
2022;6;6;522;10;1;1;0;0;1;1
2022;6;6;715;1;1;1;0;0;1;1
2022;6;6;715;2;1;1;0;0;1;1
2022;6;6;715;3;1;1;0;0;1;1
2022;6;6;715;4;1;1;0;0;1;1
2022;6;6;715;5;1;1;0;0;1;1
2022;6;6;715;6;1;1;0;0;1;1
2022;6;6;715;7;1;1;0;0;1;1
2022;6;6;715;8;1;1;0;0;1;1
2022;6;6;715;9;1;1;0;0;1;1
2022;6;6;715;10;1;1;0;0;1;1
2022;6;6;718;1;1;1;0;0;1;1
2022;6;6;718;2;1;1;0;0;1;1
2022;6;6;718;3;1;1;0;0;1;1
2022;6;6;718;4;1;1;0;0;1;1
2022;6;6;718;5;1;1;0;0;1;1
2022;6;6;718;6;1;1;0;0;1;1
2022;6;6;718;7;1;1;0;0;1;1
2022;6;6;718;8;1;1;0;0;1;1
2022;6;6;718;9;1;1;0;0;1;1
2022;6;6;718;10;1;1;0;0;1;1
2022;6;6;919;1;1;1;0;0;1;1
2022;6;6;919;2;1;1;0;0;1;1
2022;6;6;919;3;1;1;0;0;1;1
2022;6;6;919;4;1;1;0;0;1;1
2022;6;6;919;5;1;1;0;0;1;1
2022;6;6;919;6;1;1;0;0;1;1
2022;6;6;919;7;1;1;0;0;1;1
2022;6;6;919;8;1;1;0;0;1;1
2022;6;6;919;9;1;1;0;0;1;1
2022;6;6;919;10;1;1;0;0;1;1
2022;63;63;1;1;1;1;0;0;1;1
2022;63;63;3;1;1;1;0;0;1;1
2022;63;63;4;1;1;1;0;0;1;1
2022;63;63;5;1;1;1;0;0;1;1
2022;67;67;1;1;1;1;0;0;1;1
2022;67;67;1;1;2;1;0;0;1;1
2022;67;67;1;1;3;1;0;0;1;1
2022;67;67;1;2;1;1;0;0;1;1
2022;67;67;1;2;2;1;0;0;1;1
2022;67;67;1;2;3;1;0;0;1;1
2022;67;67;1;3;1;1;0;0;1;1
2022;67;67;1;3;2;1;0;0;1;1
2022;67;67;1;3;3;1;0;0;1;1
2022;67;67;1;4;1;1;0;0;1;1
2022;67;67;1;4;2;1;0;0;1;1
2022;67;67;1;4;3;1;0;0;1;1
2022;67;67;1;5;1;1;0;0;1;1
2022;67;67;1;5;2;1;0;0;1;1
2022;67;67;1;5;3;1;0;0;1;0
2022;67;67;2;1;1;1;0;0;1;1
2022;67;67;2;1;2;1;0;0;1;1
2022;67;67;2;1;3;1;0;0;1;1
2022;67;67;2;2;1;1;0;0;1;1
2022;67;67;2;2;2;1;0;0;1;1
2022;67;67;2;2;3;1;0;0;1;1
2022;67;67;2;3;1;1;0;0;1;1
2022;67;67;2;3;2;1;0;0;1;1
2022;67;67;2;3;3;1;0;0;1;1
2022;67;67;2;4;1;1;0;0;1;1
2022;67;67;2;4;2;1;0;0;1;1
2022;67;67;2;4;3;1;0;0;1;1
2022;67;67;3;1;1;1;0;0;1;1
2022;67;67;3;1;2;1;0;0;1;1
2022;67;67;3;1;3;1;0;0;1;1
2022;67;67;3;2;1;1;0;0;1;1
2022;67;67;3;2;2;1;0;0;1;1
2022;67;67;3;2;3;1;0;0;1;1
2022;67;67;3;3;1;1;0;0;1;1
2022;67;67;3;3;2;1;0;0;1;1
2022;67;67;3;3;3;1;0;0;1;1
2022;67;67;3;4;1;1;0;0;1;1
2022;67;67;3;4;2;1;0;0;1;1
2022;67;67;3;4;3;1;0;0;1;1
2022;67;67;3;5;1;1;0;0;1;1
2022;67;67;3;5;2;1;0;0;1;1
2022;67;67;3;5;3;1;0;0;1;1
2022;67;67;4;1;1;1;0;0;1;1
2022;67;67;4;1;2;1;0;0;1;1
2022;67;67;4;1;3;1;0;0;1;1
2022;67;67;4;2;1;1;0;0;1;1
2022;67;67;4;2;2;1;0;0;1;1
2022;67;67;4;2;3;1;0;0;1;1
2022;67;67;4;3;1;1;0;0;1;1
2022;67;67;4;3;2;1;0;0;1;1
2022;67;67;4;3;3;1;0;0;1;1
2022;67;67;4;4;1;1;0;0;1;1
2022;67;67;4;4;2;1;0;0;1;1
2022;67;67;4;4;3;1;0;0;1;1
2022;67;67;5;1;1;1;0;0;1;1
2022;67;67;5;1;2;1;0;0;1;1
2022;67;67;5;1;3;1;0;0;1;1
2022;67;67;5;2;1;1;0;0;1;1
2022;67;67;5;2;2;1;0;0;1;1
2022;67;67;5;2;3;1;0;0;1;1
2022;67;67;5;3;1;1;0;0;1;1
2022;67;67;5;3;2;1;0;0;1;1
2022;67;67;5;3;3;1;0;0;1;1
2022;67;67;5;4;1;1;0;0;1;1
2022;67;67;5;4;2;1;0;0;1;1
2022;67;67;5;4;3;1;0;0;1;1
2023;4;3004;101;1;1;1;0;0;1;1
2023;4;3004;301;1;1;1;0;0;1;1
2023;4;3004;302;1;1;1;0;0;1;1
2023;4;3004;303;1;1;1;0;0;1;1
2023;4;3004;304;1;1;1;0;0;1;1
2023;4;3004;305;1;1;1;0;0;1;1
2023;4;3004;306;1;1;1;0;0;1;1
2023;4;3004;306;1;2;1;0;0;1;1
2023;4;3004;307;1;1;1;0;0;1;1
2023;4;3004;308;1;1;1;0;0;1;1
2023;4;3004;604;1;1;1;0;0;1;1
2023;4;3004;606;1;1;1;0;0;1;1
2023;4;3004;609;1;1;1;0;0;1;1
2023;4;3604;1401;11;1;1;0;0;1;1
2023;4;3604;1402;21;1;1;0;0;1;1
2023;4;3604;1402;26;1;1;0;0;1;1
2023;4;3604;1403;31;1;1;0;0;1;1
2023;4;3604;1403;36;1;1;0;0;1;1
2023;4;3604;1404;41;1;1;0;0;1;1
2023;4;3604;1405;51;1;1;0;0;1;1
2023;4;3604;1405;56;1;1;0;0;1;1
2023;4;3604;1406;61;1;1;0;0;1;1
2023;4;3004;1501;1;1;1;0;0;1;1
2023;4;3004;1502;1;1;1;0;0;1;1
2023;4;3004;1503;1;1;1;0;0;1;1
2023;5;5;1;1;3;1;0;0;0;1
2023;5;5;1;1;5;1;0;0;1;0
2023;5;5;1;2;4;1;0;0;0;1
2023;5;5;1;2;6;1;0;0;1;0
2023;5;5;1;3;3;1;0;0;1;1
2023;5;5;1;4;4;1;0;0;1;1
2023;5;5;3;1;3;1;0;0;0;1
2023;5;5;3;1;5;1;0;0;1;0
2023;5;5;3;2;4;1;0;0;0;1
2023;5;5;3;2;6;1;0;0;1;0
2023;5;5;3;3;3;1;0;0;1;1
2023;5;5;3;4;4;1;0;0;1;1
2023;5;5;5;1;3;1;0;0;0;1
2023;5;5;5;1;5;1;0;0;1;0
2023;5;5;5;2;4;1;0;0;0;1
2023;5;5;5;2;6;1;0;0;1;0
2023;5;5;5;3;3;1;0;0;1;1
2023;5;5;5;4;4;1;0;0;1;1
2023;5;5;9;1;3;1;0;0;0;1
2023;5;5;9;1;5;1;0;0;1;0
2023;5;5;9;2;4;1;0;0;0;1
2023;5;5;9;2;6;1;0;0;1;0
2023;5;5;9;3;3;1;0;0;1;1
2023;5;5;9;4;4;1;0;0;1;1
2023;5;5;12;1;3;1;0;0;0;1
2023;5;5;12;1;5;1;0;0;1;0
2023;5;5;12;2;4;1;0;0;0;1
2023;5;5;12;2;6;1;0;0;1;0
2023;5;5;12;3;3;1;0;0;1;1
2023;5;5;12;4;4;1;0;0;1;1
2023;5;5;20;1;3;1;0;0;0;1
2023;5;5;20;1;5;1;0;0;1;0
2023;5;5;20;2;4;1;0;0;0;1
2023;5;5;20;2;6;1;0;0;1;0
2023;5;5;20;3;3;1;0;0;1;1
2023;5;5;20;4;4;1;0;0;1;1
2023;5;5;25;1;3;1;0;0;0;1
2023;5;5;25;1;5;1;0;0;1;0
2023;5;5;25;2;4;1;0;0;0;1
2023;5;5;25;2;6;1;0;0;1;0
2023;5;5;25;3;3;1;0;0;1;1
2023;5;5;25;4;4;1;0;0;1;1
2023;5;5;27;1;3;1;0;0;0;1
2023;5;5;27;1;5;1;0;0;1;0
2023;5;5;27;2;4;1;0;0;0;1
2023;5;5;27;2;6;1;0;0;1;0
2023;5;5;27;3;3;1;0;0;1;1
2023;5;5;27;4;4;1;0;0;1;1
2023;5;5;31;1;3;1;0;0;0;1
2023;5;5;31;1;5;1;0;0;1;0
2023;5;5;31;3;3;1;0;0;1;1
2023;8;8;34;1;1;1;0;0;1;1
2023;8;8;34;1;2;1;0;0;1;1
2023;8;8;34;2;1;1;0;0;1;1
2023;8;8;34;2;2;1;0;0;1;1
2023;8;8;34;3;1;1;0;0;1;1
2023;8;8;34;3;2;1;0;0;1;1
2023;8;8;34;4;1;1;0;0;1;1
2023;8;8;34;4;2;1;0;0;1;1
2023;8;8;74;1;1;1;0;0;1;1
2023;8;8;74;1;2;1;0;0;1;1
2023;8;8;74;2;1;1;0;0;1;1
2023;8;8;74;2;2;1;0;0;1;1
2023;8;8;74;3;1;1;0;0;1;1
2023;8;8;74;3;2;1;0;0;1;1
2023;8;8;74;4;1;1;0;0;1;1
2023;8;8;74;4;2;1;0;0;1;1
2023;8;8;85;1;1;1;0;0;1;1
2023;8;8;85;1;2;1;0;0;1;1
2023;8;8;85;2;1;1;0;0;1;1
2023;8;8;85;2;2;1;0;0;1;1
2023;8;8;85;3;1;1;0;0;1;1
2023;8;8;85;3;2;1;0;0;1;1
2023;8;8;85;4;1;1;0;0;1;1
2023;8;8;85;4;2;1;0;0;1;1
2023;8;8;101;1;1;1;0;0;1;1
2023;8;8;101;2;1;1;0;0;1;1
2023;8;8;101;3;1;1;0;0;1;1
2023;8;8;101;4;1;1;0;0;1;1
2023;55;55;1;2023;8;1;0;0;1;1
2023;67;67;1;1;1;1;0;0;1;1
2023;67;67;1;1;2;1;0;0;1;1
2023;67;67;1;1;3;1;0;0;1;1
2023;67;67;1;2;1;1;0;0;1;1
2023;67;67;1;2;2;1;0;0;1;1
2023;67;67;1;2;3;1;0;0;1;1
2023;67;67;1;3;1;1;0;0;1;1
2023;67;67;1;3;2;1;0;0;1;1
2023;67;67;1;3;3;1;0;0;1;1
2023;67;67;1;4;1;1;0;0;1;1
2023;67;67;1;4;2;1;0;0;1;1
2023;67;67;1;4;3;1;0;0;1;1
2023;67;67;1;5;1;1;0;0;1;1
2023;67;67;1;5;2;1;0;0;1;1
2023;67;67;1;5;3;1;0;0;1;1
2023;67;67;2;1;1;1;0;0;1;1
2023;67;67;2;1;2;1;0;0;1;1
2023;67;67;2;1;3;1;0;0;1;1
2023;67;67;2;2;1;1;0;0;1;1
2023;67;67;2;2;2;1;0;0;1;1
2023;67;67;2;2;3;1;0;0;1;1
2023;67;67;2;3;1;1;0;0;1;1
2023;67;67;2;3;2;1;0;0;1;1
2023;67;67;2;3;3;1;0;0;1;1
2023;67;67;2;4;1;1;0;0;1;1
2023;67;67;2;4;2;1;0;0;1;1
2023;67;67;2;4;3;1;0;0;1;1
2023;67;67;3;1;1;1;0;0;1;1
2023;67;67;3;1;2;1;0;0;1;1
2023;67;67;3;1;3;1;0;0;1;1
2023;67;67;3;2;1;1;0;0;1;1
2023;67;67;3;2;2;1;0;0;1;1
2023;67;67;3;2;3;1;0;0;1;1
2023;67;67;3;3;1;1;0;0;1;1
2023;67;67;3;3;2;1;0;0;1;1
2023;67;67;3;3;3;1;0;0;1;1
2023;67;67;3;4;1;1;0;0;1;1
2023;67;67;3;4;2;1;0;0;1;1
2023;67;67;3;4;3;1;0;0;1;1
2023;67;67;3;5;1;1;0;0;1;1
2023;67;67;3;5;2;1;0;0;1;1
2023;67;67;3;5;3;1;0;0;1;1
2023;67;67;4;1;1;1;0;0;1;1
2023;67;67;4;1;2;1;0;0;1;1
2023;67;67;4;1;3;1;0;0;1;1
2023;67;67;4;2;1;1;0;0;1;1
2023;67;67;4;2;2;1;0;0;1;1
2023;67;67;4;2;3;1;0;0;1;1
2023;67;67;4;3;1;1;0;0;1;1
2023;67;67;4;3;2;1;0;0;1;1
2023;67;67;4;3;3;1;0;0;1;1
2023;67;67;4;4;1;1;0;0;1;1
2023;67;67;4;4;2;1;0;0;1;1
2023;67;67;4;4;3;1;0;0;1;1
2023;67;67;5;1;1;1;0;0;1;1
2023;67;67;5;1;2;1;0;0;1;1
2023;67;67;5;1;3;1;0;0;1;1
2023;67;67;5;2;1;1;0;0;1;1
2023;67;67;5;2;2;1;0;0;1;1
2023;67;67;5;2;3;1;0;0;1;1
2023;67;67;5;3;1;1;0;0;1;1
2023;67;67;5;3;2;1;0;0;1;1
2023;67;67;5;3;3;1;0;0;1;1
2023;67;67;5;4;1;1;0;0;1;1
2023;67;67;5;4;2;1;0;0;1;1
2023;67;67;5;4;3;1;0;0;1;1
2024;4;3004;101;1;1;1;0;0;1;1
2024;4;3004;301;1;1;1;0;0;1;1
2024;4;3004;302;1;1;1;0;0;1;1
2024;4;3004;303;1;1;1;0;0;1;1
2024;4;3004;304;1;1;1;0;0;1;1
2024;4;3004;305;1;1;1;0;0;1;1
2024;4;3004;306;1;1;1;0;0;1;1
2024;4;3004;306;1;2;1;0;0;1;1
2024;4;3004;307;1;1;1;0;0;1;1
2024;4;3004;308;1;1;1;0;0;1;1
2024;4;3204;501;29;1;1;0;0;1;1
2024;4;3204;501;30;1;1;0;0;1;1
2024;4;3204;501;31;1;1;0;0;1;1
2024;4;3204;501;32;1;1;0;0;1;1
2024;4;3204;502;33;1;1;0;0;1;1
2024;4;3204;502;34;1;1;0;0;1;1
2024;4;3204;502;35;1;1;0;0;1;1
2024;4;3204;502;36;1;1;0;0;1;1
2024;4;3204;503;37;1;1;0;0;1;1
2024;4;3204;503;38;1;1;0;0;1;1
2024;4;3204;503;39;1;1;0;0;1;1
2024;4;3204;503;40;1;1;0;0;1;1
2024;4;3204;504;87;1;1;0;0;1;1
2024;4;3204;504;88;1;1;0;0;1;1
2024;4;3204;504;89;1;1;0;0;1;1
2024;4;3204;504;90;1;1;0;0;1;1
2024;4;3204;505;1;1;1;0;0;1;1
2024;4;3204;505;1;2;1;0;0;1;1
2024;4;3204;505;2;1;1;0;0;1;1
2024;4;3204;505;2;2;1;0;0;1;1
2024;4;3204;505;3;1;1;0;0;1;1
2024;4;3204;505;3;2;1;0;0;1;1
2024;4;3204;505;4;1;1;0;0;1;1
2024;4;3204;505;4;2;1;0;0;1;1
2024;4;3204;506;45;1;1;0;0;1;1
2024;4;3204;506;46;1;1;0;0;1;1
2024;4;3204;506;47;1;1;0;0;1;1
2024;4;3204;506;48;1;1;0;0;1;1
2024;4;3204;508;5;1;1;0;0;1;1
2024;4;3204;508;5;2;1;0;0;1;1
2024;4;3204;508;6;2;1;0;0;1;1
2024;4;3204;508;7;2;1;0;0;1;1
2024;4;3204;508;8;1;1;0;0;1;1
2024;4;3204;508;8;2;1;0;0;1;1
2024;4;3204;508;53;1;1;0;0;1;1
2024;4;3204;508;54;1;1;0;0;1;1
2024;4;3204;509;55;1;1;0;0;1;1
2024;4;3204;509;56;1;1;0;0;1;1
2024;4;3204;509;57;1;1;0;0;1;1
2024;4;3204;509;58;1;1;0;0;1;1
2024;4;3204;510;59;1;1;0;0;1;1
2024;4;3204;510;60;1;1;0;0;1;1
2024;4;3204;510;61;1;1;0;0;1;1
2024;4;3204;510;62;1;1;0;0;1;1
2024;4;3204;511;63;1;1;0;0;1;1
2024;4;3204;511;64;1;1;0;0;1;1
2024;4;3204;511;65;1;1;0;0;1;1
2024;4;3204;511;66;1;1;0;0;1;1
2024;4;3204;566;71;1;1;0;0;1;1
2024;4;3204;566;72;1;1;0;0;1;1
2024;4;3204;566;73;1;1;0;0;1;1
2024;4;3204;566;74;1;1;0;0;1;1
2024;4;3204;570;49;1;1;0;0;1;1
2024;4;3204;570;50;1;1;0;0;1;1
2024;4;3204;570;51;1;1;0;0;1;1
2024;4;3204;570;52;1;1;0;0;1;1
2024;4;3004;604;1;1;1;0;0;1;1
2024;4;3004;606;1;1;1;0;0;1;1
2024;4;3004;609;1;1;1;0;0;1;1
2024;4;3004;1501;1;1;1;0;0;1;1
2024;4;3004;1502;1;1;1;0;0;1;1
2024;4;3004;1503;1;1;1;0;0;1;1
2024;5;5;1;1;3;1;0;0;0;1
2024;5;5;1;1;5;1;0;0;1;0
2024;5;5;1;2;4;1;0;0;0;1
2024;5;5;1;2;6;1;0;0;1;0
2024;5;5;1;3;3;1;0;0;1;1
2024;5;5;1;4;4;1;0;0;1;1
2024;5;5;3;1;3;1;0;0;0;1
2024;5;5;3;1;5;1;0;0;1;0
2024;5;5;3;2;4;1;0;0;0;1
2024;5;5;3;2;6;1;0;0;1;0
2024;5;5;3;3;3;1;0;0;1;1
2024;5;5;3;4;4;1;0;0;1;1
2024;5;5;5;1;3;1;0;0;0;1
2024;5;5;5;1;5;1;0;0;1;0
2024;5;5;5;2;4;1;0;0;0;1
2024;5;5;5;2;6;1;0;0;1;0
2024;5;5;5;3;3;1;0;0;1;1
2024;5;5;5;4;4;1;0;0;1;1
2024;5;5;9;1;3;1;0;0;0;1
2024;5;5;9;1;5;1;0;0;1;0
2024;5;5;9;2;4;1;0;0;0;1
2024;5;5;9;2;6;1;0;0;1;0
2024;5;5;9;3;3;1;0;0;1;1
2024;5;5;9;4;4;1;0;0;1;1
2024;5;5;12;1;3;1;0;0;0;1
2024;5;5;12;1;5;1;0;0;1;0
2024;5;5;12;2;4;1;0;0;0;1
2024;5;5;12;2;6;1;0;0;1;0
2024;5;5;12;3;3;1;0;0;1;1
2024;5;5;12;4;4;1;0;0;1;1
2024;5;5;14;1;3;1;0;0;0;1
2024;5;5;14;1;5;1;0;0;1;0
2024;5;5;14;2;4;1;0;0;0;1
2024;5;5;14;2;6;1;0;0;1;0
2024;5;5;14;3;3;1;0;0;1;1
2024;5;5;14;4;4;1;0;0;1;1
2024;5;5;20;1;3;1;0;0;0;1
2024;5;5;20;1;5;1;0;0;1;0
2024;5;5;20;2;4;1;0;0;0;1
2024;5;5;20;2;6;1;0;0;1;0
2024;5;5;20;3;3;1;0;0;1;1
2024;5;5;20;4;4;1;0;0;1;1
2024;5;5;25;1;3;1;0;0;0;1
2024;5;5;25;1;5;1;0;0;1;0
2024;5;5;25;2;4;1;0;0;0;1
2024;5;5;25;2;6;1;0;0;1;0
2024;5;5;25;3;3;1;0;0;1;1
2024;5;5;25;4;4;1;0;0;1;1
2024;5;5;27;1;3;1;0;0;0;1
2024;5;5;27;1;5;1;0;0;1;0
2024;5;5;27;2;4;1;0;0;0;1
2024;5;5;27;2;6;1;0;0;1;0
2024;5;5;27;3;3;1;0;0;1;1
2024;5;5;27;4;4;1;0;0;1;1
2024;5;5;31;1;3;1;0;0;0;1
2024;5;5;31;1;5;1;0;0;1;0
2024;5;5;31;3;3;1;0;0;1;1
2024;15;15;1;2;6;1;0;0;1;1
2024;15;15;3;2;10;1;0;0;1;1
2024;15;15;10;3;6;1;0;0;1;1
2024;15;15;11;2;6;1;0;0;1;1
2024;15;15;12;3;10;1;0;0;1;1
2024;15;15;13;2;10;1;0;0;1;1
2024;15;15;19;1;6;1;0;0;1;1
2024;15;15;20;1;6;1;0;0;1;1
2024;58;58;521;1;1;1;0;0;1;1
2024;58;58;541;1;1;1;0;0;1;1
2024;58;58;561;1;1;1;0;0;1;1
2024;58;58;2015;1;1;1;0;0;1;1
2024;58;58;2061;1;1;1;0;0;1;1
2024;58;58;2102;1;1;1;0;0;1;1
2024;58;58;2103;1;1;1;0;0;1;1
2024;58;58;2151;1;1;1;0;0;1;1
2024;58;58;2161;1;1;1;0;0;1;1
2024;58;58;2163;1;1;1;0;0;1;1
2024;58;58;2181;1;1;1;0;0;1;0
2024;58;58;2211;1;1;1;0;0;1;1
2024;58;58;2251;1;1;1;0;0;1;1
2024;58;58;2341;1;1;1;0;0;1;1
2024;58;58;2361;1;1;1;0;0;1;1
2024;58;58;2401;1;1;1;0;0;1;1
2025;55;55;19;2025;6;1;0;0;1;1
