survey_year;code_country;partner_code;code_plot;latitude;longitude;latitude_precise;longitude_precise
2015;4;3004;606;+512200;+091600;+512216;+091604
2000;1;1;91;+444200;+035700;+444236;+035757
2008;4;3004;610;+493800;+085000;+493837;+085013
1999;8;8;11;+561700;+082500;+561726;+082535
1995;1;1;24;+474100;+072800;+474133;+072806
2000;1;1;95;+445600;+051900;+445653;+051950
2021;67;67;4;+440700;+215800;+440755;+215838
2021;51;51;1;+475300;+195700;+475331;+195731
2000;5;5;7;+454900;+131000;+454958;+131004
1995;1;1;37;+495600;+044800;+495651;+044835
2012;2;102;18;+505800;+025700;+505815;+025735
2001;4;2804;801;+484800;+082300;+484849;+082354
2006;4;3004;607;+505500;+092000;+505545;+092029
2016;4;3004;101;+540500;+101400;+540554;+101427
2019;53;53;607;+511200;+212300;+511220;+212320
2000;4;2704;1103;+522500;+133600;+522557;+133654
1999;54;54;204;+483800;+193200;+483824;+193222
2024;4;3204;509;+504000;+061700;+504000;+061743
2009;58;58;2161;+494000;+151300;+494031;+151347
1994;1;1;16;+481000;-013200;+481041;-013201
1995;1;1;55;+445500;+051700;+445504;+051746
2011;50;50;13;+472300;+081300;+472358;+081336
2010;1;1;73;+440600;+000600;+440623;+000634
1992;4;3004;306;+513100;+100200;+513142;+100248
2009;15;15;5;+661900;+263800;+661958;+263830
2001;50;50;11;+474100;+083200;+474101;+083208
2005;5;5;24;+455300;+092300;+455347;+092318
2011;5;5;5;+444300;+101200;+444306;+101213
1995;1;1;12;+481700;+042700;+481754;+042736
2000;5;5;11;+431700;+130400;+431738;+130424
1997;1;1;64;+430100;+002600;+430136;+002612
2003;4;2904;919;+482400;+113900;+482430;+113924
2006;4;3704;1606;+512000;+105100;+512005;+105155
2006;5;5;1;+415000;+133500;+415051;+133523
2003;53;53;802;+494500;+214900;+494520;+214900
1993;4;3004;308;+531000;+095400;+531040;+095409
1995;1;1;101;+455800;-011600;+455859;-011625
2023;4;3604;1402;+503800;+131800;+503820;+131804
2020;67;67;5;+434500;+192900;+434527;+192900
2003;53;53;207;+535800;+230700;+535835;+230750
2005;4;2704;1205;+514700;+133300;+514754;+133350
1999;53;53;804;+493900;+222900;+493930;+222930
2024;15;15;10;+615200;+241300;+615200;+241300
2003;4;3004;307;+525400;+075100;+525428;+075133
1995;1;1;41;+454500;+025700;+454520;+025758
2015;1;1;65;+494200;+011900;+494239;+011934
2003;53;53;317;+514900;+154700;+514937;+154735
2003;15;15;23;+633300;+222900;+633349;+222915
2000;1;1;69;+421500;+085000;+421556;+085049
2005;1;1;83;+452400;+034100;+452421;+034144
2001;51;51;14;+474000;+163000;+474007;+163011
2015;1;1;97;+465000;+054700;+465033;+054718
2024;58;58;2163;+490100;+145800;+490139;+145853
2010;1;1;27;+463700;+002900;+463738;+002944
2001;4;3704;1606;+512000;+105100;+512005;+105155
2008;53;53;302;+534900;+175100;+534929;+175132
2013;53;53;625;+500300;+203400;+500319;+203416
2011;50;50;8;+463500;+063900;+463501;+063928
1998;53;53;608;+511300;+223900;+511342;+223942
2015;4;2904;902;+481300;+124400;+481305;+124434
2005;1;1;40;+463100;+060300;+463100;+060344
2017;4;2804;812;+484500;+092500;+484532;+092545
2016;4;3604;1406;+511100;+124900;+511104;+124944
2019;58;58;541;+500600;+171200;+500608;+171240
2025;55;55;19;+602200;+110400;+602219;+110439
2009;4;3004;305;+514500;+093400;+514553;+093447
2000;4;2704;1203;+525800;+133800;+525825;+133838
2015;67;67;3;+452700;+191000;+452717;+191028
2004;4;2704;1204;+521100;+123300;+521130;+123336
2000;13;13;6902;+594800;+152900;+594839;+152934
2008;5;5;20;+460300;+120100;+460326;+120156
2019;53;53;626;+500400;+204800;+500421;+204846
2015;4;2904;907;+495100;+103100;+495118;+103145
2005;58;58;2163;+490100;+145800;+490139;+145853
2008;53;53;305;+531800;+165000;+531850;+165000
2015;1;1;16;+481000;-013200;+481041;-013201
2013;53;53;615;+501200;+192400;+501202;+192438
2015;1;1;92;+425100;+012000;+425152;+012043
2009;53;53;212;+524000;+234300;+524030;+234320
2016;4;3004;304;+514500;+093400;+514541;+093441
1995;1;1;74;+440200;-000000;+440246;-000002
2005;1;1;97;+465000;+054700;+465033;+054718
2015;1;1;102;+465200;-020800;+465237;-020818
2020;4;3604;1402;+503800;+131800;+503820;+131804
2024;5;5;14;+392000;+083400;+392056;+083408
2005;63;63;1;+424600;+234500;+424612;+234536
2012;2;102;12;+504700;+044200;+504742;+044220
2003;53;53;413;+512600;+224600;+512630;+224640
2014;54;54;204;+483800;+193200;+483824;+193222
2003;53;53;708;+501400;+164700;+501430;+164700
2008;53;53;702;+505100;+153100;+505110;+153120
2015;51;51;17;+463500;+164400;+463550;+164434
2012;4;3004;303;+515100;+102500;+515136;+102503
2023;4;3604;1404;+510700;+143300;+510714;+143303
1999;53;53;511;+503700;+171500;+503730;+171520
2019;53;53;620;+502900;+200700;+502912;+200731
2013;53;53;507;+502300;+173300;+502310;+173340
2008;53;53;410;+531100;+210500;+531101;+210501
1998;2;202;5;+503500;+060600;+503514;+060606
2007;4;3004;308;+531000;+095400;+531040;+095409
2017;4;3004;303;+515100;+102500;+515136;+102503
2022;4;2704;1209;+525700;+134000;+525708;+134042
2019;58;58;561;+491500;+154200;+491552;+154201
2015;1;1;44;+461300;+062000;+461342;+062058
2012;5;5;5;+444300;+101200;+444306;+101213
2019;53;53;316;+522100;+154800;+522105;+154849
2005;1;1;79;+473900;+020500;+473914;+020541
2009;5;5;9;+424900;+115400;+424950;+115410
2009;4;3604;1404;+510700;+143300;+510709;+143306
2006;59;59;9;+581600;+262700;+581625;+262732
2005;1;1;25;+474700;+002200;+474746;+002249
1998;53;53;122;+534600;+190200;+534623;+190251
2024;5;5;1;+415000;+133500;+415051;+133523
2024;4;3004;306;+513100;+100200;+513142;+100248
2009;4;3604;1403;+504900;+140500;+504951;+140542
2021;50;50;18;+464800;+095100;+464855;+095120
2008;53;53;204;+542000;+222100;+542010;+222120
2019;53;53;819;+492700;+195900;+492733;+195927
1995;1;1;80;+473200;-014800;+473224;-014805
2005;1;1;62;+491900;+025200;+491927;+025234
2000;13;13;6308;+571200;+122700;+571231;+122758
2003;53;53;803;+495100;+223600;+495158;+223619
1995;1;1;97;+465000;+054700;+465033;+054718
2019;53;53;613;+504500;+184000;+504540;+184040
1998;53;53;814;+494100;+201000;+494112;+201055
2000;1;1;28;+480100;+060200;+480136;+060224
2010;2;102;21;+504400;+042400;+504445;+042447
2001;50;50;7;+461300;+061700;+461347;+061727
2008;53;53;313;+525700;+183100;+525714;+183159
2003;4;3104;1303;+533800;+135600;+533821;+135630
2010;1;1;29;+485900;+074300;+485925;+074346
2006;4;3704;1608;+505600;+110100;+505617;+110140
2023;5;5;1;+415000;+133500;+415051;+133523
1997;7;7;12;+541100;-083700;+541125;-083741
2020;5;5;5;+444300;+101200;+444306;+101213
2012;4;3004;613;+494200;+083200;+494207;+083202
2011;4;3004;604;+500900;+092300;+500910;+092345
2005;1;1;34;+430600;-000600;+430600;-000625
2019;5;5;20;+460300;+120100;+460326;+120156
1998;4;3004;306;+513100;+100200;+513142;+100248
2019;4;3604;1405;+511400;+134900;+511454;+134909
2003;53;53;617;+502000;+193900;+502057;+193908
2014;58;58;2151;+490000;+144800;+490015;+144857
1998;55;55;1;+582300;+081400;+582302;+081424
1988;2;102;11;+510400;+030200;+510411;+030214
2006;4;2904;906;+480700;+115500;+480721;+115502
2003;53;53;211;+531200;+232100;+531240;+232150
1998;4;3604;1403;+504900;+140500;+504951;+140542
2003;15;15;31;+662000;+263800;+662009;+263834
1995;1;1;51;+425500;+011600;+425553;+011656
2018;4;3004;306;+513100;+100200;+513142;+100248
1995;1;1;40;+463100;+060300;+463100;+060344
2019;53;53;107;+524400;+145200;+524445;+145220
2005;1;1;38;+433800;+025500;+433814;+025516
2006;5;5;4;+402500;+152600;+402558;+152610
1998;15;15;10;+615200;+241300;+615200;+241300
2010;1;1;90;+442900;+062700;+442925;+062733
2011;5;5;17;+462100;+112900;+462137;+112942
2008;53;53;215;+531700;+220300;+531710;+220310
1994;4;3004;304;+514500;+093400;+514541;+093441
1990;4;3004;301;+525000;+101500;+525022;+101559
1996;50;50;1;+470200;+084200;+470255;+084245
1998;55;55;3;+590200;+073400;+590252;+073427
2015;4;2904;922;+474300;+114000;+474341;+114030
2013;53;53;326;+522900;+193600;+522900;+193600
2019;53;53;213;+525100;+234000;+525105;+234030
2013;4;3004;308;+531000;+095400;+531040;+095409
2005;51;51;16;+464900;+162400;+464920;+162415
2014;15;15;10;+615200;+241300;+615200;+241300
2003;58;58;2251;+501700;+162300;+501737;+162327
2000;1;1;33;+483400;-000400;+483429;-000405
1994;4;3004;306;+513100;+100200;+513142;+100248
2005;1;1;50;+440700;+054800;+440752;+054800
2010;1;1;64;+430100;+002600;+430136;+002612
2000;13;13;5506;+581300;+155500;+581311;+155538
2008;53;53;202;+541700;+230000;+541700;+230020
2009;5;5;30;+461600;+081400;+461638;+081404
2019;4;3004;1501;+523400;+111000;+523451;+111017
2019;53;53;102;+544800;+175600;+544845;+175646
2011;50;50;18;+464800;+095100;+464855;+095118
2001;50;50;3;+471300;+072400;+471330;+072459
1998;53;53;819;+492700;+195900;+492733;+195927
2000;1;1;29;+485900;+074300;+485925;+074346
1999;50;50;6;+460700;+090000;+460730;+090028
2023;67;67;1;+450900;+194800;+450926;+194839
2001;51;51;3;+475100;+195800;+475146;+195801
2017;4;3104;1303;+533800;+135600;+533821;+135630
1999;15;15;3;+675900;+241300;+675959;+241354
2019;53;53;207;+535800;+230700;+535835;+230750
2013;53;53;208;+535400;+231900;+535444;+231951
2019;53;53;112;+534800;+162100;+534840;+162120
1995;1;1;60;+483800;+060400;+483857;+060404
2009;51;51;1;+475300;+195700;+475331;+195731
2013;53;53;805;+493700;+222800;+493750;+222850
2005;1;1;81;+474900;+022600;+474912;+022604
2000;4;2904;914;+495800;+092700;+495837;+092735
2013;53;53;201;+535100;+203200;+535150;+203250
2019;53;53;108;+525200;+154300;+525245;+154315
1998;15;15;14;+603800;+260500;+603810;+260543
2015;1;1;25;+474700;+002200;+474746;+002249
2019;53;53;313;+525700;+183100;+525714;+183159
2013;53;53;123;+532700;+192500;+532732;+192552
2000;15;15;3;+675900;+241300;+675959;+241354
1996;1;1;19;+485200;+062900;+485218;+062902
2013;53;53;321;+523800;+173900;+523840;+173920
2022;67;67;4;+440700;+215800;+440755;+215838
2010;4;2904;921;+494300;+095300;+494354;+095312
2005;1;1;26;+440200;+014400;+440244;+014456
2008;4;3004;607;+505500;+092000;+505545;+092029
1998;53;53;418;+503800;+234500;+503850;+234540
2005;1;1;57;+440600;+033200;+440655;+033236
1998;53;53;415;+515800;+225900;+515845;+225901
2002;4;3604;1404;+510700;+143300;+510709;+143306
2015;1;1;20;+490000;+072700;+490059;+072745
2001;4;2704;1202;+530800;+125700;+530805;+125754
2015;2;202;2;+501300;+053700;+501326;+053705
2024;4;3004;604;+500900;+092300;+500910;+092345
2013;4;3004;604;+500900;+092300;+500910;+092345
1997;50;50;15;+471600;+075300;+471626;+075312
2007;51;51;17;+463500;+164400;+463550;+164434
2013;53;53;605;+504200;+204600;+504240;+204630
1998;15;15;3;+675900;+241300;+675959;+241354
2003;53;53;205;+533900;+200900;+533900;+200900
2021;55;55;7;+611700;+115100;+611703;+115110
2005;63;63;2;+430300;+274600;+430306;+274648
1999;4;2704;1202;+530800;+125700;+530805;+125754
2011;5;5;19;+454300;+065500;+454326;+065555
2006;5;5;31;+451200;+104400;+451203;+104408
2021;4;3004;604;+500900;+092300;+500910;+092345
2012;5;5;1;+415000;+133500;+415051;+133523
2015;1;1;14;+470400;+050400;+470458;+050430
2017;4;3004;604;+500900;+092300;+500910;+092345
2015;4;3604;1406;+511100;+124900;+511104;+124944
2000;4;2904;902;+481300;+124400;+481305;+124434
2003;53;53;623;+503000;+225600;+503057;+225623
2024;4;3204;503;+514100;+071500;+514113;+071522
1998;53;53;325;+513600;+165500;+513650;+165510
2018;4;3604;1406;+511100;+124900;+511104;+124944
2000;4;2704;1204;+521100;+123300;+521130;+123336
2008;53;53;814;+494100;+201000;+494112;+201055
2005;1;1;92;+425100;+012000;+425152;+012043
1996;9;9;3;+394700;+224600;+394752;+224637
1999;4;2904;913;+485500;+114500;+485545;+114540
2008;53;53;509;+503200;+174200;+503220;+174240
2017;4;2704;1101;+522800;+131300;+522823;+131330
1995;1;1;52;+491000;-005100;+491057;-005123
1995;1;1;27;+463700;+002900;+463738;+002944
2011;5;5;7;+454900;+131000;+454958;+131004
2000;1;1;1;+482000;+041800;+482051;+041817
2009;4;3004;606;+512200;+091600;+512216;+091604
2012;4;2704;1206;+520800;+140000;+520817;+140042
2013;53;53;403;+522200;+195400;+522200;+195410
2012;4;2704;1205;+514700;+133300;+514754;+133350
2001;4;3004;307;+525400;+075100;+525428;+075133
2014;67;67;3;+452700;+191000;+452717;+191028
2004;5;5;5;+444300;+101200;+444306;+101213
1998;53;53;103;+534700;+150300;+534720;+150325
1998;53;53;207;+535800;+230700;+535835;+230750
2019;58;58;2102;+495400;+143200;+495409;+143258
2021;4;3604;1405;+511400;+134900;+511454;+134909
2013;53;53;317;+514900;+154700;+514937;+154735
1999;8;8;31;+555700;+122100;+555720;+122114
2000;4;3604;1406;+511100;+124900;+511104;+124932
2011;50;50;10;+463900;+101300;+463944;+101347
2018;4;3604;1404;+510700;+143300;+510714;+143303
2013;53;53;705;+501600;+163800;+501650;+163800
2013;51;51;18;+465700;+193300;+465757;+193318
2005;8;8;6402;+550000;+095500;+550047;+095541
2005;1;1;68;+444200;+063300;+444218;+063342
2005;1;1;41;+454500;+025700;+454520;+025758
2003;53;53;120;+540900;+201000;+540901;+201001
2020;4;3104;1302;+534000;+120300;+534029;+120331
2010;1;1;75;+474400;+002000;+474453;+002004
2012;4;3004;608;+510900;+090100;+510928;+090150
2019;53;53;322;+514600;+173400;+514603;+173431
2008;4;3004;1502;+520300;+121800;+520314;+121841
2009;4;3204;503;+514100;+071500;+514111;+071538
2013;53;53;209;+533500;+231600;+533500;+231645
1998;8;8;32;+555700;+122100;+555722;+122113
2013;53;53;323;+515700;+171200;+515750;+171220
2013;53;53;509;+503200;+174200;+503220;+174240
2000;4;2904;905;+490700;+103500;+490700;+103520
2019;53;53;414;+520200;+224300;+520258;+224347
2005;1;1;7;+431200;-000200;+431213;-000217
2013;5;5;10;+461400;+093300;+461416;+093316
1999;15;15;13;+603700;+235000;+603700;+235000
2015;1;1;89;+475600;+034300;+475657;+034305
2000;1;1;30;+482700;+024300;+482714;+024302
2019;4;3004;606;+512200;+091600;+512216;+091604
2002;5;5;14;+392000;+083400;+392056;+083408
2017;63;63;4;+425400;+274500;+425441;+274546
2009;5;5;4;+402500;+152600;+402558;+152610
2003;53;53;118;+540500;+191200;+540523;+191217
2001;4;3004;306;+513100;+100200;+513142;+100248
2003;53;53;415;+515800;+225900;+515845;+225901
2000;13;13;5705;+562800;+150700;+562837;+150703
2011;4;3004;308;+531000;+095400;+531040;+095409
2006;4;3604;1403;+504900;+140500;+504951;+140542
1998;2;202;1;+495700;+044900;+495722;+044959
1998;53;53;109;+530700;+160200;+530740;+160240
2024;4;3204;502;+514300;+061000;+514343;+061015
1996;1;1;100;+475600;+070700;+475601;+070731
2015;4;2904;901;+492400;+111900;+492449;+111918
2021;4;3604;1403;+504900;+140500;+504986;+140569
1998;8;8;15;+561700;+082500;+561727;+082543
1998;4;3004;305;+514500;+093400;+514553;+093447
2002;4;2704;1205;+514700;+133400;+514750;+133400
2008;53;53;705;+501600;+163800;+501650;+163800
2011;63;63;4;+425400;+274500;+425441;+274546
2024;5;5;3;+382500;+161000;+382538;+161047
2011;4;3004;101;+540500;+101400;+540554;+101427
2000;1;1;22;+492300;+021800;+492351;+021800
2008;53;53;514;+500500;+183900;+500525;+183942
2019;59;59;1;+593300;+260200;+593342;+260246
2022;2;102;15;+511800;+043100;+511828;+043111
2000;13;13;6204;+555900;+132300;+555927;+132307
1999;4;3304;703;+493800;+075500;+493804;+075507
2003;53;53;309;+525900;+191400;+525952;+191444
2013;53;53;616;+502100;+192100;+502153;+192145
1997;1;1;90;+442900;+062700;+442925;+062733
1991;55;55;18;+624700;+085300;+624704;+085334
1993;4;3004;304;+514500;+093400;+514541;+093441
2022;2;102;14;+512400;+050300;+512407;+050315
2013;4;3604;1401;+502500;+123200;+502541;+123200
1999;50;50;4;+462900;+095300;+462931;+095319
2021;67;67;2;+431700;+204800;+431730;+204850
2003;53;53;625;+500300;+203400;+500319;+203416
2004;4;3004;101;+540500;+101400;+540554;+101427
2023;5;5;27;+463500;+112600;+463516;+112605
2024;4;3004;308;+531000;+095400;+531040;+095409
2015;4;3004;307;+525400;+075100;+525428;+075133
2005;4;2904;909;+495800;+114800;+495824;+114815
1999;4;3304;706;+490100;+080700;+490116;+080749
2008;53;53;301;+534100;+164600;+534110;+164600
1998;53;53;320;+514800;+163000;+514830;+163050
2005;1;1;31;+460900;+014900;+460947;+014933
2010;5;5;18;+432700;+122700;+432757;+122757
2005;1;1;55;+445500;+051700;+445504;+051746
2019;53;53;813;+494500;+194800;+494501;+194837
2010;4;2804;802;+492700;+084500;+492740;+084514
1999;54;54;205;+475300;+173500;+475338;+173546
2000;13;13;6706;+594000;+115700;+594005;+115717
1995;1;1;98;+483600;+070800;+483636;+070802
2021;4;3004;308;+531000;+095400;+531040;+095409
2019;4;3004;305;+514500;+093400;+514553;+093447
2008;53;53;617;+502000;+193900;+502057;+193908
1995;1;1;78;+481200;-013300;+481204;-013317
1999;4;2704;1205;+514700;+133300;+514754;+133350
2005;1;1;35;+455600;+042800;+455651;+042842
1998;8;8;11;+561700;+082500;+561726;+082535
2014;53;53;808;+541600;+225000;+541640;+225000
2019;53;53;310;+523300;+151500;+523330;+151505
2020;4;3004;308;+531000;+095400;+531040;+095409
2000;13;13;6011;+561800;+154200;+561859;+154219
2005;1;1;46;+454800;+014800;+454800;+014855
1999;53;53;808;+492700;+221700;+492730;+221701
2005;4;2904;903;+502100;+095500;+502110;+095553
2020;4;3004;306;+513100;+100200;+513142;+100248
2008;5;5;4;+402500;+152600;+402558;+152610
2014;53;53;326;+544000;+175900;+544057;+175917
1995;1;1;76;+440100;+064000;+440130;+064016
1998;53;53;117;+540500;+190900;+540510;+190938
1999;4;3004;301;+525000;+101500;+525022;+101559
1998;53;53;119;+540300;+202400;+540300;+202400
2021;4;2804;819;+483500;+083700;+483532;+083757
2020;4;3004;606;+512200;+091600;+512216;+091604
2022;4;3004;306;+513100;+100200;+513142;+100248
2008;53;53;818;+492400;+215700;+492430;+215700
2005;51;51;14;+474000;+163000;+474007;+163011
2007;4;2704;1204;+521100;+123300;+521130;+123336
2003;53;53;602;+510200;+193600;+510210;+193610
2019;53;53;301;+534100;+164600;+534110;+164600
1995;1;1;99;+452600;+033100;+452651;+033139
2013;53;53;305;+531800;+165000;+531850;+165000
1998;8;8;13;+561700;+082500;+561743;+082539
1996;1;1;59;+483000;+064200;+483035;+064223
2014;15;15;12;+603900;+234800;+603900;+234800
2006;59;59;7;+574200;+263100;+574202;+263103
1999;5;5;14;+392000;+083400;+392056;+083408
2003;50;50;14;+461700;+075100;+461748;+075129
2003;51;51;10;+472000;+210500;+472029;+210542
2008;4;3604;1401;+502500;+123200;+502523;+123203
1996;4;2804;811;+493100;+091000;+493141;+091028
2013;53;53;627;+501600;+220700;+501640;+220730
2000;4;2704;1102;+522800;+131300;+522820;+131336
1999;4;3304;701;+494100;+070100;+494152;+070138
2015;4;2904;923;+481700;+110400;+481724;+110419
2014;15;15;16;+614600;+292000;+614625;+292002
1995;1;1;11;+464000;+024300;+464005;+024337
2009;4;3004;302;+515100;+102400;+515123;+102447
1999;5;5;4;+402500;+152600;+402558;+152610
2000;4;2804;805;+474700;+074200;+474704;+074236
2015;1;1;95;+445600;+051900;+445653;+051950
2015;4;3604;1402;+503800;+131800;+503820;+131804
2017;4;3004;1502;+520300;+121800;+520314;+121841
2013;53;53;117;+540500;+190900;+540510;+190938
2005;5;5;17;+462100;+112900;+462137;+112942
2008;53;53;412;+522000;+223900;+522038;+223918
2009;4;2704;1205;+514700;+133300;+514754;+133350
2000;1;1;31;+460900;+014900;+460947;+014933
1998;53;53;617;+502000;+193900;+502057;+193908
2005;4;2904;922;+474300;+114000;+474341;+114030
2005;1;1;17;+473400;+011500;+473409;+011536
2009;53;53;405;+520100;+210600;+520100;+210600
2013;4;3604;1403;+504900;+140500;+504986;+140569
2019;54;54;203;+485500;+192900;+485531;+192915
1996;1;1;43;+453500;+064700;+453512;+064723
2017;51;51;3;+475100;+195800;+475146;+195801
2020;2;202;2;+501300;+053700;+501326;+053709
1999;50;50;14;+461700;+075100;+461748;+075129
2006;4;3004;604;+500900;+092300;+500910;+092345
2023;67;67;4;+440700;+215800;+440755;+215838
2014;4;3004;307;+525400;+075100;+525428;+075133
2013;53;53;121;+535900;+192600;+535901;+192601
1998;53;53;112;+534800;+162100;+534840;+162120
2022;67;67;1;+450900;+194800;+450926;+194839
2015;4;3004;308;+531000;+095400;+531040;+095409
2009;51;51;17;+463500;+164400;+463550;+164434
1995;1;1;75;+474400;+002000;+474453;+002004
2008;53;53;511;+503700;+171500;+503730;+171520
1995;1;1;29;+485900;+074300;+485925;+074346
2017;2;102;21;+504400;+042400;+504445;+042447
2005;1;1;58;+474700;+050400;+474746;+050417
1995;1;1;17;+473400;+011500;+473409;+011536
2011;5;5;10;+461400;+093300;+461416;+093316
2015;4;3004;302;+515100;+102400;+515123;+102447
2001;4;2704;1201;+530600;+122500;+530604;+122543
2010;4;2904;913;+485500;+114500;+485545;+114540
1995;1;1;6;+501000;+034500;+501016;+034516
2019;4;3604;1406;+511100;+124900;+511104;+124944
2003;51;51;16;+464900;+162400;+464920;+162415
2024;15;15;19;+611400;+250300;+611434;+250355
2013;53;53;406;+514800;+212700;+514840;+212740
2010;2;102;15;+511800;+043100;+511828;+043111
2010;8;8;74;+552200;+113300;+552252;+113341
2015;1;1;35;+455600;+042800;+455651;+042842
2002;4;2704;1204;+521100;+123300;+521140;+123340
2013;53;53;414;+520200;+224300;+520258;+224347
2003;58;58;2361;+490400;+171600;+490420;+171621
2004;5;5;7;+454900;+131000;+454958;+131004
1998;53;53;211;+531200;+232100;+531240;+232150
2000;1;1;37;+495600;+044800;+495651;+044835
2006;4;2704;1101;+522800;+131300;+522823;+131330
1998;15;15;29;+640700;+264100;+640735;+264142
2011;4;3604;1406;+511100;+124900;+511104;+124932
1998;4;3304;703;+493800;+075500;+493804;+075507
2022;4;3004;608;+510900;+090100;+510928;+090150
2005;5;5;23;+455700;+100700;+455726;+100753
1999;5;5;19;+454300;+065500;+454326;+065555
1994;1;1;53;+474800;+045100;+474850;+045118
2005;1;1;21;+465800;+033900;+465813;+033939
2011;51;51;15;+464900;+162400;+464924;+162417
1995;1;1;7;+431200;-000200;+431213;-000217
2019;53;53;612;+503000;+232800;+503002;+232810
2003;4;3004;304;+514500;+093400;+514541;+093441
2000;1;1;94;+465800;+062700;+465834;+062742
2013;53;53;103;+534700;+150300;+534720;+150325
2005;1;1;66;+432400;+021000;+432438;+021040
2008;4;2904;901;+492400;+111900;+492449;+111918
2018;4;3004;1501;+523400;+111000;+523451;+111017
1997;7;7;14;+535800;-073900;+535833;-073953
2010;1;1;88;+481300;+064100;+481317;+064145
1997;59;59;2;+593400;+260700;+593442;+260757
2009;4;2904;904;+473400;+125600;+473436;+125631
2009;54;54;212;+485700;+192300;+485717;+192320
2009;4;3004;303;+515100;+102500;+515136;+102503
1998;53;53;622;+502800;+220700;+502827;+220756
2010;1;1;16;+481000;-013200;+481041;-013201
2005;1;1;18;+490200;+045700;+490200;+045738
2016;4;3004;1502;+520300;+121800;+520314;+121841
2012;4;3004;307;+525400;+075100;+525428;+075133
2019;50;50;8;+463500;+063900;+463501;+063928
2017;4;2704;1207;+530900;+125900;+530912;+125918
2022;4;3004;606;+512200;+091600;+512216;+091604
2019;5;5;12;+454000;+080400;+454055;+080402
2005;1;1;16;+481000;-013200;+481041;-013201
2013;53;53;811;+493100;+185400;+493110;+185424
2003;53;53;801;+494000;+185800;+494002;+185850
2020;4;3004;1501;+523400;+111000;+523451;+111017
2003;50;50;3;+471300;+072400;+471330;+072459
2008;5;5;11;+431700;+130400;+431738;+130424
2013;5;5;20;+460300;+120100;+460326;+120156
2001;5;5;3;+382500;+161000;+382538;+161047
1998;53;53;504;+512100;+163000;+512120;+163040
2015;1;1;94;+465800;+062700;+465834;+062742
2015;1;1;37;+495600;+044800;+495651;+044835
2013;53;53;316;+522100;+154800;+522105;+154849
1994;1;1;95;+445600;+051900;+445653;+051950
2008;53;53;614;+510000;+190300;+510010;+190340
2000;5;5;5;+444300;+101200;+444306;+101213
2004;5;5;20;+460300;+120100;+460326;+120156
1999;58;58;2171;+500800;+155200;+500807;+155250
2000;1;1;7;+431200;-000200;+431213;-000217
2020;4;2904;903;+502100;+095500;+502110;+095553
2017;67;67;3;+452700;+191000;+452717;+191028
1988;2;102;16;+505800;+034800;+505831;+034815
1988;2;102;18;+505800;+025700;+505815;+025735
2011;4;3604;1404;+510700;+143300;+510709;+143306
2000;1;1;81;+474900;+022600;+474912;+022604
2005;1;1;49;+461100;+025900;+461137;+025954
2006;63;63;2;+430300;+274600;+430306;+274648
2016;4;3004;1501;+523400;+111000;+523451;+111017
1998;4;3604;1401;+502500;+123200;+502523;+123203
2017;4;3604;1401;+502500;+123200;+502541;+123200
2016;67;67;3;+452700;+191000;+452717;+191028
2017;4;2704;1204;+521100;+123300;+521130;+123336
2005;4;3004;305;+514500;+093400;+514553;+093447
2009;15;15;34;+605900;+271600;+605900;+271600
2000;4;2804;810;+485200;+093400;+485257;+093448
2022;4;2704;1202;+530800;+125700;+530850;+125754
2013;53;53;802;+494500;+214900;+494520;+214900
2010;1;1;68;+444200;+063300;+444218;+063342
2017;2;102;13;+504200;+041800;+504222;+041807
2005;4;2704;1101;+522800;+131300;+522823;+131330
2003;53;53;116;+543300;+181600;+543333;+181614
2001;50;50;1;+470200;+084200;+470255;+084245
2013;53;53;302;+534900;+175100;+534929;+175132
1998;53;53;214;+532600;+214900;+532630;+214955
2008;53;53;117;+540500;+190900;+540510;+190938
2003;15;15;6;+662100;+264300;+662149;+264347
2000;13;13;5303;+601100;+174300;+601111;+174302
2012;2;102;15;+511800;+043100;+511828;+043111
2006;5;5;29;+453100;+084200;+453129;+084234
2000;13;13;6603;+585100;+134100;+585108;+134130
1998;53;53;417;+511400;+233000;+511415;+233045
2008;53;53;613;+504500;+184000;+504540;+184040
2003;53;53;704;+504700;+161200;+504730;+161250
2005;1;1;98;+483600;+070800;+483636;+070802
2010;4;3304;706;+490100;+080700;+490116;+080749
2005;5;5;9;+424900;+115400;+424950;+115410
2021;4;3604;1406;+511100;+124900;+511104;+124944
2010;1;1;96;+452500;+060700;+452517;+060753
2003;53;53;702;+505100;+153100;+505110;+153120
2004;58;58;2251;+501700;+162300;+501737;+162327
2003;53;53;406;+514800;+212700;+514840;+212740
2009;63;63;1;+424600;+234500;+424612;+234536
2010;4;2904;901;+492400;+111900;+492449;+111918
2005;4;2904;910;+484200;+124400;+484229;+124400
2006;4;3004;305;+514500;+093400;+514553;+093447
2011;51;51;1;+475300;+195700;+475331;+195731
2015;1;1;70;+473900;+020500;+473936;+020558
2010;1;1;72;+435600;-012000;+435637;-012054
1998;58;58;2361;+490400;+171600;+490420;+171621
2000;55;55;11;+602200;+094400;+602219;+094432
2011;4;3004;304;+514500;+093400;+514541;+093441
2014;5;5;4;+402500;+152600;+402558;+152610
2006;5;5;21;+415400;+142100;+415409;+142100
1996;1;1;52;+491000;-005100;+491057;-005123
1996;2;102;14;+512400;+050300;+512407;+050315
2020;4;3004;307;+525400;+075100;+525428;+075133
2008;53;53;607;+511200;+212300;+511220;+212320
2000;4;3004;308;+531000;+095400;+531040;+095409
2013;53;53;706;+501900;+162500;+501940;+162530
2012;5;5;25;+425200;+104600;+425212;+104634
1998;8;8;12;+561700;+082500;+561725;+082542
2003;53;53;503;+511800;+152500;+511850;+152530
2023;55;55;1;+582300;+081400;+582302;+081424
1994;1;1;96;+452500;+060700;+452517;+060753
2015;1;1;58;+474700;+050400;+474746;+050417
1997;1;1;19;+485200;+062900;+485218;+062902
1998;4;3304;707;+491800;+075200;+491821;+075200
2024;4;3204;505;+511300;+084000;+511319;+084036
2000;58;58;541;+500600;+171200;+500608;+171240
2003;50;50;12;+460100;+085000;+460121;+085002
1991;4;3004;304;+514500;+093400;+514541;+093441
2019;4;3104;1303;+533800;+135600;+533821;+135630
2019;4;3604;1401;+502500;+123200;+502541;+123200
2006;4;2704;1201;+530600;+122500;+530604;+122543
2024;4;3204;566;+510000;+081000;+510050;+081058
1995;1;1;13;+471500;+020700;+471517;+020729
1995;1;1;38;+433800;+025500;+433814;+025516
2007;4;2904;906;+480700;+115500;+480721;+115502
2008;53;53;704;+504700;+161200;+504730;+161250
2019;53;53;201;+535100;+203200;+535150;+203250
1995;1;1;32;+432600;+024200;+432654;+024256
2012;2;102;11;+510400;+030200;+510411;+030214
1998;4;3304;705;+491600;+074800;+491622;+074845
2019;53;53;406;+514800;+212700;+514840;+212740
2009;8;8;64;+550000;+095500;+550047;+095541
2022;4;2704;1204;+521100;+123300;+521130;+123336
2019;58;58;2015;+504400;+153200;+504406;+153224
2009;54;54;203;+485500;+192900;+485531;+192915
2008;5;5;9;+424900;+115400;+424916;+115410
1998;53;53;213;+525100;+234000;+525105;+234030
2008;53;53;806;+491200;+224300;+491210;+224310
1995;1;1;16;+481000;-013200;+481041;-013201
2003;15;15;25;+620300;+242200;+620325;+242241
2003;53;53;515;+501800;+182900;+501840;+182900
2019;53;53;602;+510200;+193600;+510210;+193610
2003;4;3604;1403;+504900;+140500;+504951;+140542
2000;1;1;4;+472700;-000100;+472722;-000152
2014;5;5;19;+454300;+065500;+454326;+065555
1998;53;53;313;+525700;+183100;+525714;+183159
2003;53;53;312;+524800;+162500;+524840;+162530
2011;5;5;2;+403600;+155200;+403642;+155226
2019;51;51;16;+464900;+162400;+464920;+162415
2003;53;53;108;+525200;+154300;+525245;+154315
2011;5;5;6;+440600;+110700;+440631;+110700
1994;4;3004;301;+525000;+101500;+525022;+101559
2011;50;50;16;+470900;+090400;+470954;+090401
2009;5;5;27;+463500;+112600;+463516;+112604
2020;63;63;5;+414100;+244400;+414134;+244417
2010;4;3604;1405;+511400;+134900;+511431;+134908
2006;5;5;25;+425200;+104600;+425212;+104634
1998;4;2904;908;+494500;+122300;+494547;+122348
2003;53;53;303;+535600;+180500;+535616;+180540
1990;4;3004;308;+531000;+095400;+531040;+095409
2004;4;3604;1402;+503800;+131800;+503820;+131808
2008;53;53;809;+493900;+190200;+493907;+190219
2011;50;50;9;+461600;+072600;+461606;+072609
2006;4;3004;605;+503400;+081200;+503409;+081233
2000;13;13;7401;+634500;+192400;+634525;+192456
1998;53;53;413;+512600;+224600;+512630;+224640
2012;5;5;13;+414900;+155900;+414910;+155900
2000;13;13;6508;+573100;+122800;+573132;+122846
2000;4;2804;803;+475900;+085900;+475950;+085938
2014;54;54;207;+491000;+201400;+491049;+201430
2000;13;13;7504;+652700;+192400;+652757;+192439
1996;2;102;11;+510400;+030200;+510411;+030214
2009;5;5;10;+461400;+093300;+461416;+093316
2021;4;3004;304;+514500;+093400;+514541;+093441
2024;58;58;541;+500600;+171200;+500608;+171240
2019;53;53;818;+492400;+215700;+492430;+215700
1998;53;53;106;+524600;+145400;+524656;+145408
2022;4;3004;604;+500900;+092300;+500910;+092345
2015;1;1;66;+432400;+021000;+432438;+021040
1999;54;54;201;+481200;+182300;+481245;+182316
2003;53;53;122;+534600;+190200;+534623;+190251
2006;55;55;11;+602200;+094400;+602219;+094432
1998;15;15;15;+603900;+260700;+603945;+260742
1998;53;53;205;+533900;+200900;+533900;+200900
2002;5;5;10;+461400;+093300;+461416;+093316
2000;13;13;6106;+562200;+134900;+562209;+134905
2019;5;5;3;+382500;+161000;+382538;+161047
2019;53;53;119;+540300;+202400;+540300;+202400
2014;54;54;201;+481200;+182300;+481245;+182316
2005;1;1;75;+474400;+002000;+474453;+002004
2003;50;50;4;+462900;+095300;+462931;+095319
2011;5;5;16;+433000;+102600;+433034;+102619
2018;4;3004;1502;+520300;+121800;+520314;+121841
2007;4;3604;1401;+502500;+123200;+502523;+123203
2003;4;2904;908;+494500;+122300;+494547;+122348
2022;4;3004;301;+525000;+101500;+525022;+101559
2022;2;102;12;+504700;+044200;+504742;+044220
2001;4;3704;1605;+503600;+104700;+503659;+104729
2008;53;53;501;+512200;+154100;+512200;+154100
2010;1;1;52;+491000;-005100;+491057;-005123
1996;4;2804;806;+480100;+075800;+480119;+075807
2007;4;2704;1203;+525800;+133800;+525825;+133838
2014;53;53;301;+525200;+154300;+525245;+154315
2020;4;3004;305;+514500;+093400;+514553;+093447
2005;1;1;77;+445100;+030300;+445140;+030330
2017;2;102;19;+511000;+051900;+511029;+051958
2003;53;53;808;+492700;+221700;+492730;+221701
2024;4;3204;511;+510600;+072000;+510623;+072055
2019;53;53;622;+502800;+220700;+502827;+220756
2005;51;51;6;+473300;+192300;+473351;+192339
2000;4;2904;910;+484200;+124400;+484229;+124400
2009;67;67;1;+450900;+194800;+450926;+194839
2005;1;1;56;+475000;-033200;+475016;-033234
2015;2;202;1;+495700;+044900;+495722;+044959
2008;53;53;304;+532900;+162300;+532930;+162300
2018;55;55;1;+582300;+081400;+582302;+081424
2015;4;2904;921;+494300;+095300;+494354;+095312
2000;1;1;72;+435600;-012000;+435637;-012054
2021;67;67;3;+452700;+191000;+452717;+191028
2014;4;3004;101;+540500;+101400;+540554;+101427
2005;5;5;27;+463500;+112600;+463516;+112604
1995;1;1;10;+461000;+051400;+461017;+051422
2000;8;8;14;+561700;+082500;+561729;+082542
2013;5;5;31;+451200;+104400;+451203;+104408
2019;53;53;511;+503700;+171500;+503730;+171520
2020;5;5;20;+460300;+120100;+460326;+120156
2019;53;53;210;+531200;+230900;+531230;+230930
2009;5;5;1;+415000;+133500;+415051;+133523
2007;2;102;16;+505800;+034800;+505831;+034815
2022;4;3004;1503;+523400;+111100;+523446;+111109
2013;53;53;418;+503800;+234500;+503850;+234540
2008;53;53;703;+510300;+155200;+510310;+155250
2013;53;53;807;+490400;+225100;+490420;+225110
1998;53;53;506;+503800;+165600;+503830;+165630
1995;1;1;94;+465800;+062700;+465834;+062742
2012;2;102;20;+505600;+053600;+505619;+053624
2000;55;55;14;+592000;+054700;+592002;+054745
1999;54;54;208;+491100;+220500;+491141;+220541
2004;4;2904;913;+485500;+114500;+485545;+114540
2015;63;63;4;+425400;+274500;+425441;+274546
1997;4;3004;308;+531000;+095400;+531040;+095409
2006;5;5;10;+461400;+093300;+461416;+093316
2017;51;51;15;+464900;+162400;+464924;+162417
2011;51;51;18;+465700;+193300;+465757;+193318
2011;4;3604;1401;+502500;+123200;+502523;+123203
2013;53;53;312;+524800;+162500;+524840;+162530
1997;50;50;2;+464200;+074500;+464201;+074544
2010;4;3004;305;+514500;+093400;+514553;+093447
2013;53;53;108;+525200;+154300;+525245;+154315
2003;15;15;29;+640700;+264100;+640735;+264142
1998;53;53;605;+504200;+204600;+504240;+204630
2004;5;5;16;+433000;+102600;+433034;+102619
1999;5;5;5;+444300;+101200;+444306;+101213
2005;4;2904;921;+494300;+095300;+494354;+095312
2021;50;50;12;+460100;+085000;+460121;+085003
2003;53;53;319;+520000;+171900;+520010;+171950
2007;51;51;6;+473300;+192300;+473351;+192339
2000;4;3004;304;+514500;+093400;+514541;+093441
2015;1;1;40;+463100;+060300;+463100;+060344
2000;1;1;26;+440200;+014400;+440244;+014456
2000;13;13;5503;+585800;+155100;+585852;+155128
2012;4;3004;1501;+523400;+111000;+523451;+111017
2010;4;3004;1501;+523400;+111000;+523451;+111017
1999;8;8;35;+555700;+122100;+555716;+122110
2019;53;53;803;+495100;+223600;+495158;+223619
2006;5;5;9;+424900;+115400;+424950;+115410
1998;8;8;31;+555700;+122100;+555720;+122114
2005;4;2904;914;+495800;+092700;+495837;+092735
2001;4;2804;803;+475900;+085900;+475950;+085938
2013;53;53;703;+510300;+155200;+510310;+155250
2013;51;51;16;+464900;+162400;+464920;+162415
1988;2;102;15;+511800;+043100;+511828;+043111
2021;4;3004;1501;+523400;+111000;+523451;+111017
2013;53;53;512;+504800;+181000;+504800;+181040
2003;53;53;502;+511500;+152900;+511501;+152950
2024;58;58;2102;+495400;+143200;+495409;+143258
2000;1;1;11;+464000;+024300;+464005;+024337
2003;53;53;622;+502800;+220700;+502827;+220756
2000;1;1;78;+481200;-013300;+481204;-013317
2006;63;63;3;+420400;+234800;+420407;+234859
2006;63;63;1;+424600;+234500;+424612;+234536
2003;15;15;7;+661700;+292700;+661757;+292732
1998;2;202;8;+500600;+041600;+500654;+041644
2002;5;5;16;+433000;+102600;+433034;+102619
1998;53;53;806;+491200;+224300;+491210;+224310
2003;50;50;5;+462600;+084800;+462648;+084843
2002;4;3004;302;+515100;+102400;+515123;+102447
2000;4;2904;903;+502100;+095500;+502110;+095553
1997;1;1;25;+474700;+002200;+474746;+002249
2008;53;53;701;+505000;+152500;+505020;+152510
2019;53;53;804;+493900;+222900;+493930;+222930
2005;1;1;15;+492100;+013000;+492158;+013015
2010;4;2804;859;+483500;+083700;+483532;+083756
2002;4;3604;1405;+511400;+134900;+511431;+134908
2003;4;3004;601;+503800;+094000;+503832;+094040
2018;4;3004;606;+512200;+091600;+512216;+091604
1997;4;3004;305;+514500;+093400;+514553;+093447
1999;53;53;209;+533500;+231600;+533500;+231645
2016;4;3604;1402;+503800;+131800;+503820;+131804
2003;53;53;212;+524000;+234300;+524030;+234320
2010;13;13;6453;+580400;+120100;+580400;+120100
2013;53;53;501;+512200;+154100;+512200;+154100
2015;4;3004;303;+515100;+102500;+515136;+102503
2015;1;1;17;+473400;+011500;+473409;+011536
2016;4;3004;307;+525400;+075100;+525428;+075133
1997;1;1;68;+444200;+063300;+444218;+063342
1998;15;15;27;+615500;+231900;+615553;+231943
2017;4;3004;611;+494200;+083100;+494209;+083116
1997;1;1;60;+483800;+060400;+483857;+060404
2024;58;58;2211;+505000;+152000;+505012;+152011
2005;13;13;6902;+594800;+152900;+594839;+152934
2016;5;5;1;+415000;+133500;+415051;+133523
2003;53;53;813;+494500;+194800;+494501;+194837
2015;1;1;100;+475600;+070700;+475601;+070731
2007;51;51;19;+465600;+193200;+465639;+193257
2003;53;53;313;+525700;+183100;+525714;+183159
2019;53;53;603;+510600;+202500;+510615;+202540
1998;53;53;708;+501400;+164700;+501430;+164700
2021;4;3704;1608;+505600;+110100;+505617;+110140
2003;53;53;616;+502100;+192100;+502153;+192145
2003;53;53;513;+503500;+182700;+503500;+182730
2019;53;53;208;+535400;+231900;+535444;+231951
2019;67;67;1;+450900;+194800;+450926;+194839
1998;53;53;603;+510600;+202500;+510615;+202540
2008;53;53;207;+535800;+230700;+535835;+230750
2014;4;3604;1404;+510700;+143300;+510714;+143303
2019;53;53;110;+534600;+152900;+534610;+152915
2024;4;3204;508;+514200;+085900;+514220;+085922
1998;4;3004;304;+514500;+093400;+514541;+093441
2009;4;3004;609;+504100;+083800;+504101;+083840
2003;4;3604;1404;+510700;+143300;+510709;+143306
2010;1;1;41;+454500;+025700;+454520;+025758
1996;4;2804;809;+483600;+083800;+483608;+083828
2003;4;2904;913;+485500;+114500;+485545;+114540
2013;53;53;511;+503700;+171500;+503730;+171520
2007;51;51;16;+464900;+162400;+464920;+162415
2003;53;53;117;+540500;+190900;+540510;+190938
2003;51;51;6;+473300;+192300;+473351;+192339
2007;2;102;17;+505900;+041200;+505946;+041219
1996;50;50;11;+474100;+083200;+474101;+083208
2012;5;5;12;+454000;+080400;+454055;+080402
2003;50;50;6;+460700;+090000;+460730;+090028
2009;15;15;23;+633300;+222900;+633349;+222915
2007;4;2904;911;+485800;+125200;+485834;+125252
2002;15;15;12;+603900;+234800;+603900;+234800
1995;1;1;8;+475200;+061200;+475214;+061241
2005;4;2904;902;+481300;+124400;+481305;+124434
1998;53;53;407;+531800;+213700;+531840;+213740
1998;53;53;114;+541200;+171300;+541200;+171330
2019;51;51;1;+475300;+195700;+475331;+195731
2003;53;53;325;+513600;+165500;+513650;+165510
2022;2;102;11;+510400;+030200;+510411;+030214
2008;53;53;813;+494500;+194800;+494501;+194837
2017;8;8;101;+560400;+092000;+560423;+092005
2013;53;53;620;+502900;+200700;+502912;+200731
2022;63;63;3;+420400;+234800;+420407;+234859
2001;50;50;8;+463500;+063900;+463501;+063928
1996;1;1;16;+481000;-013200;+481041;-013201
1999;5;5;12;+454000;+080400;+454055;+080402
2019;54;54;213;+483700;+190100;+483735;+190155
1995;1;1;61;+491000;+050000;+491015;+050017
2019;4;3004;308;+531000;+095400;+531040;+095409
2003;53;53;618;+504200;+191300;+504220;+191338
2000;1;1;85;+485500;+072600;+485553;+072640
2010;63;63;4;+425400;+274500;+425441;+274546
2003;53;53;324;+513100;+181500;+513150;+181500
2019;58;58;2161;+494000;+151300;+494031;+151347
2007;4;3004;1502;+520300;+121800;+520314;+121841
2002;4;3004;301;+525000;+101500;+525022;+101559
2000;13;13;7303;+632000;+144500;+632058;+144526
2019;53;53;212;+524000;+234300;+524030;+234320
2000;1;1;93;+425200;+020600;+425202;+020604
2017;4;2704;1205;+514700;+133300;+514754;+133350
1997;4;3004;307;+525400;+075100;+525428;+075133
1998;53;53;815;+492500;+204900;+492543;+204946
1995;1;1;71;+414500;+091200;+414508;+091223
2002;5;5;5;+444300;+101200;+444306;+101213
2019;53;53;810;+493600;+190500;+493646;+190527
2019;15;15;13;+603700;+235000;+603700;+235000
2010;1;1;13;+471500;+020700;+471517;+020729
2005;1;1;91;+444200;+035700;+444236;+035757
1990;4;3004;302;+515100;+102400;+515123;+102447
2005;1;1;37;+495600;+044800;+495651;+044835
2021;4;3704;1606;+512000;+105100;+512005;+105155
1997;4;3004;304;+514500;+093400;+514541;+093441
2015;1;1;79;+473900;+020500;+473914;+020541
2001;4;3704;1608;+505600;+110100;+505617;+110140
2013;53;53;101;+535300;+143000;+535305;+143011
2021;4;3004;306;+513100;+100200;+513142;+100248
2019;53;53;204;+542000;+222100;+542010;+222120
2007;4;3004;604;+500900;+092300;+500910;+092345
2003;53;53;104;+531100;+142900;+531100;+142937
2005;4;3604;1404;+510700;+143300;+510709;+143306
1999;53;53;514;+500500;+183900;+500525;+183942
2005;5;5;10;+461400;+093300;+461416;+093316
2013;53;53;402;+524300;+203600;+524330;+203600
2014;15;15;11;+615100;+241800;+615106;+241833
2003;53;53;214;+532600;+214900;+532630;+214955
2008;53;53;414;+520200;+224300;+520258;+224347
2006;59;59;1;+593300;+260200;+593342;+260246
2013;53;53;213;+525100;+234000;+525105;+234030
2004;4;2704;1203;+525800;+133800;+525825;+133838
2003;53;53;805;+493700;+222800;+493750;+222850
2000;1;1;65;+494200;+011900;+494239;+011934
2004;4;2704;1103;+522500;+133600;+522557;+133654
2001;4;3704;1607;+504700;+113900;+504735;+113943
1996;2;102;17;+505900;+041200;+505946;+041219
2008;4;3604;1404;+510700;+143300;+510709;+143306
2007;2;102;19;+511000;+051900;+511029;+051958
2001;4;2804;802;+492700;+084500;+492734;+084519
2013;53;53;812;+493900;+201500;+493907;+201524
1999;5;5;9;+424900;+115400;+424950;+115410
2013;53;53;306;+533600;+165700;+533620;+165701
2008;4;3604;1403;+504900;+140500;+504951;+140542
2008;53;53;324;+513100;+181500;+513150;+181500
2007;2;102;21;+504400;+042400;+504445;+042447
2005;5;5;2;+403600;+155200;+403638;+155225
2008;53;53;503;+511800;+152500;+511850;+152530
2019;53;53;512;+504800;+181000;+504800;+181040
2003;15;15;19;+611400;+250300;+611434;+250355
2013;5;5;9;+424900;+115400;+424916;+115410
2008;53;53;416;+512900;+232100;+512906;+232152
2015;1;1;21;+465800;+033900;+465813;+033939
2000;13;13;6707;+593500;+122900;+593521;+122946
1998;53;53;101;+535300;+143000;+535305;+143011
2000;8;8;15;+561700;+082500;+561727;+082543
1998;55;55;16;+643900;+121600;+643902;+121641
2005;4;3604;1401;+502500;+123200;+502523;+123203
2019;53;53;515;+501800;+182900;+501840;+182900
2005;1;1;51;+425500;+011600;+425553;+011656
2000;1;1;25;+474700;+002200;+474746;+002249
2013;5;5;12;+454000;+080400;+454055;+080402
2021;4;3004;101;+540500;+101400;+540554;+101427
2012;5;5;27;+463500;+112600;+463516;+112605
2007;4;3004;305;+514500;+093400;+514553;+093447
2014;53;53;602;+540500;+191200;+540523;+191217
2013;53;53;707;+501500;+165900;+501540;+165950
2003;53;53;806;+491200;+224300;+491210;+224310
1994;1;1;58;+474700;+050400;+474746;+050417
2000;1;1;70;+473900;+020500;+473936;+020558
2016;5;5;12;+454000;+080400;+454055;+080402
1999;5;5;11;+431700;+130400;+431738;+130424
1997;59;59;6;+582100;+265800;+582138;+265831
2018;4;3604;1405;+511400;+134900;+511454;+134909
1997;1;1;63;+430900;-003900;+430901;-003929
2022;4;2704;1101;+522800;+131300;+522823;+131330
2009;4;3604;1406;+511100;+124900;+511104;+124932
2006;4;3004;603;+504200;+085300;+504257;+085340
2001;4;2904;913;+485500;+114500;+485545;+114540
1998;15;15;7;+661700;+292700;+661757;+292732
2019;53;53;817;+492900;+213700;+492920;+213700
2005;1;1;94;+465800;+062700;+465834;+062742
2012;2;102;13;+504200;+041800;+504222;+041807
2008;53;53;118;+540500;+191200;+540523;+191217
2008;4;2904;908;+494500;+122300;+494547;+122348
1998;4;2704;1103;+522500;+133600;+522557;+133654
2013;53;53;806;+491200;+224300;+491210;+224310
2015;1;1;85;+485500;+072600;+485553;+072640
2003;53;53;210;+531200;+230900;+531230;+230930
2009;51;51;18;+465700;+193300;+465757;+193318
2005;58;58;2161;+494000;+151300;+494031;+151347
2005;1;1;100;+475600;+070700;+475601;+070731
2005;1;1;65;+494200;+011900;+494239;+011934
2022;4;3004;304;+514500;+093400;+514541;+093441
2019;53;53;215;+531700;+220300;+531710;+220310
2011;50;50;15;+471600;+075300;+471626;+075312
1999;50;50;12;+460100;+085000;+460121;+085002
1998;53;53;303;+535600;+180500;+535616;+180540
2005;1;1;99;+452600;+033100;+452651;+033139
2015;1;1;72;+435600;-012000;+435637;-012054
1998;15;15;26;+615500;+231900;+615555;+231949
2017;4;2804;858;+480000;+095800;+480034;+095813
2003;15;15;20;+630900;+304200;+630935;+304217
2008;53;53;106;+524600;+145400;+524656;+145408
2005;4;2904;913;+485500;+114500;+485545;+114540
2010;1;1;60;+483800;+060400;+483857;+060404
1999;15;15;2;+675700;+240300;+675703;+240311
2013;53;53;324;+513100;+181500;+513150;+181500
2016;5;5;31;+451200;+104400;+451203;+104408
1998;2;202;3;+494600;+052700;+494623;+052717
2021;4;2804;806;+480100;+075800;+480117;+075808
1998;53;53;807;+490400;+225100;+490420;+225110
1999;55;55;15;+631700;+111100;+631714;+111104
2010;7;7;16;+530600;-061400;+530640;-061411
2002;4;3004;303;+515100;+102500;+515136;+102503
2005;8;8;6401;+550000;+095500;+550047;+095541
2010;5;5;2;+403600;+155200;+403642;+155226
1995;1;1;58;+474700;+050400;+474746;+050417
2010;5;5;6;+440600;+110700;+440631;+110700
2000;4;2804;801;+484800;+082300;+484849;+082354
2019;53;53;811;+493100;+185400;+493110;+185424
2023;5;5;12;+454000;+080400;+454055;+080402
2008;53;53;321;+523800;+173900;+523840;+173920
1995;1;1;96;+452500;+060700;+452517;+060753
2020;4;2904;913;+485500;+114500;+485545;+114540
2003;53;53;411;+524600;+224000;+524625;+224050
2019;53;53;708;+501400;+164700;+501430;+164700
2003;15;15;11;+615100;+241800;+615106;+241833
1998;55;55;4;+655300;+134700;+655301;+134745
2003;4;3604;1406;+511100;+124900;+511104;+124932
2014;5;5;10;+461400;+093300;+461416;+093316
2005;1;1;85;+485500;+072600;+485553;+072640
2001;50;50;12;+460100;+085000;+460121;+085002
2000;13;13;6009;+561800;+145100;+561820;+145106
2014;53;53;108;+544800;+175600;+544845;+175646
2004;4;3604;1405;+511400;+134900;+511431;+134908
1999;53;53;108;+525200;+154300;+525245;+154315
2009;53;53;701;+505000;+152500;+505020;+152510
1995;1;1;59;+483000;+064200;+483035;+064223
2008;53;53;115;+543200;+175400;+543230;+175447
2017;4;3004;306;+513100;+100200;+513142;+100248
2014;4;3004;305;+514500;+093400;+514553;+093447
2003;4;3604;1401;+502500;+123200;+502523;+123203
2001;15;15;3;+675900;+241300;+675959;+241354
2024;5;5;27;+463500;+112600;+463516;+112605
2009;58;58;2361;+490400;+171600;+490420;+171621
2001;51;51;8;+465800;+193300;+465801;+193312
2019;15;15;10;+615200;+241300;+615200;+241300
2014;53;53;704;+534600;+190200;+534623;+190251
2011;4;3004;1502;+520300;+121800;+520314;+121841
2005;4;3604;1403;+504900;+140500;+504951;+140542
2014;54;54;208;+491100;+220500;+491141;+220541
2017;4;3004;304;+514500;+093400;+514541;+093441
2010;2;102;14;+512400;+050300;+512407;+050315
2019;53;53;410;+531100;+210500;+531101;+210501
2015;4;3004;101;+540500;+101400;+540554;+101427
2019;53;53;317;+514900;+154700;+514937;+154735
2010;4;3104;1303;+533800;+135600;+533821;+135630
2000;1;1;12;+481700;+042700;+481754;+042736
2023;67;67;2;+431700;+204800;+431730;+204850
1999;55;55;18;+624700;+085300;+624704;+085334
2003;2;202;2;+501300;+053700;+501326;+053705
2022;4;3604;1406;+511100;+124900;+511104;+124944
2000;55;55;5;+692700;+300200;+692715;+300210
2004;4;3004;305;+514500;+093400;+514553;+093447
2014;58;58;2102;+495400;+143200;+495409;+143258
2001;51;51;15;+464900;+162400;+464924;+162417
1998;53;53;111;+544000;+175900;+544057;+175917
2002;4;3604;1402;+503800;+131800;+503820;+131808
1994;1;1;90;+442900;+062700;+442925;+062733
2001;4;2904;919;+482400;+113900;+482430;+113924
2019;54;54;211;+482300;+190000;+482322;+190042
2008;53;53;316;+522100;+154800;+522105;+154849
2015;51;51;19;+465600;+193200;+465639;+193257
2013;53;53;102;+544800;+175600;+544845;+175646
2011;5;5;14;+392000;+083400;+392056;+083408
2020;67;67;1;+450900;+194800;+450926;+194839
1998;53;53;204;+542000;+222100;+542010;+222120
2013;53;53;205;+533900;+200900;+533900;+200900
2003;50;50;2;+464200;+074500;+464201;+074544
2005;1;1;45;+432600;+022600;+432631;+022605
1996;2;102;19;+511000;+051900;+511029;+051958
2005;1;1;93;+425200;+020600;+425202;+020604
2000;1;1;36;+470500;+040500;+470535;+040510
2013;4;3004;303;+515100;+102500;+515136;+102503
1998;53;53;809;+493900;+190200;+493907;+190219
2009;15;15;16;+614600;+292000;+614625;+292002
2010;4;3004;101;+540500;+101400;+540554;+101427
2010;1;1;8;+475200;+061200;+475214;+061241
2013;4;3604;1406;+511100;+124900;+511104;+124944
2009;4;2904;922;+474300;+114000;+474341;+114030
2014;4;3004;302;+515100;+102400;+515123;+102447
2004;5;5;19;+454300;+065500;+454326;+065555
2002;5;5;9;+424900;+115400;+424950;+115410
1999;55;55;19;+602200;+110400;+602219;+110439
2013;53;53;313;+525700;+183100;+525714;+183159
1998;53;53;810;+493600;+190500;+493646;+190527
1996;4;2804;802;+492700;+084500;+492734;+084519
2003;53;53;506;+503800;+165600;+503830;+165630
2013;53;53;118;+540500;+191200;+540523;+191217
1999;53;53;301;+534100;+164600;+534110;+164600
2008;4;3004;612;+511700;+094500;+511754;+094531
2009;4;3604;1401;+502500;+123200;+502523;+123203
2011;4;3004;302;+515100;+102400;+515123;+102447
2008;53;53;105;+525400;+152100;+525450;+152138
2000;1;1;57;+440600;+033200;+440655;+033236
2023;4;3604;1401;+502500;+123200;+502541;+123200
1996;1;1;60;+483800;+060400;+483857;+060404
2020;4;2904;902;+481300;+124400;+481305;+124434
2003;53;53;511;+503700;+171500;+503730;+171520
2012;4;3104;1302;+534000;+120300;+534029;+120331
2003;53;53;512;+504800;+181000;+504800;+181040
2003;15;15;8;+662000;+292100;+662000;+292100
2015;1;1;27;+463700;+002900;+463738;+002944
1999;15;15;8;+662000;+292100;+662000;+292100
2019;53;53;416;+512900;+232100;+512906;+232152
2011;4;3004;306;+513100;+100200;+513142;+100248
2014;67;67;5;+434500;+192900;+434527;+192900
2002;4;3604;1403;+504900;+140500;+504951;+140542
1995;1;1;68;+444200;+063300;+444218;+063342
2000;13;13;7103;+621100;+164300;+621135;+164324
1998;53;53;601;+512000;+191600;+512010;+191610
2003;53;53;606;+513900;+210200;+513920;+210201
2019;53;53;508;+502600;+175700;+502600;+175740
2015;1;1;45;+432600;+022600;+432631;+022605
2019;58;58;2163;+490100;+145800;+490139;+145853
2014;4;3004;303;+515100;+102500;+515136;+102503
2015;1;1;47;+481400;+070600;+481402;+070614
1991;4;3004;308;+531000;+095400;+531040;+095409
1988;2;102;12;+504700;+044200;+504742;+044220
1998;8;8;34;+555700;+122100;+555726;+122117
2000;13;13;7202;+631000;+175500;+631000;+175549
2009;4;2904;921;+494300;+095300;+494354;+095312
2015;4;3004;1502;+520300;+121800;+520314;+121841
2003;55;55;8;+603600;+063100;+603606;+063124
2005;1;1;54;+471100;+061600;+471131;+061641
2000;13;13;6506;+571300;+130600;+571343;+130637
2013;4;3004;301;+525000;+101500;+525022;+101559
2015;4;2904;904;+473400;+125600;+473436;+125631
2000;1;1;40;+463100;+060300;+463100;+060344
2019;53;53;625;+500300;+203400;+500319;+203416
2013;53;53;603;+510600;+202500;+510615;+202540
2001;51;51;2;+475300;+195700;+475338;+195705
2010;1;1;57;+440600;+033200;+440655;+033236
2000;4;2904;901;+492400;+111900;+492449;+111918
2022;2;102;19;+511000;+051900;+511029;+051958
2005;5;5;18;+432700;+122700;+432757;+122757
2015;67;67;1;+450900;+194800;+450926;+194839
2006;4;3004;306;+513100;+100200;+513142;+100248
2005;1;1;23;+483100;+004000;+483123;+004048
2003;53;53;106;+524600;+145400;+524656;+145408
2015;4;3604;1404;+510700;+143300;+510714;+143303
2018;4;3004;303;+515100;+102500;+515136;+102503
2015;63;63;3;+420400;+234800;+420407;+234859
2024;58;58;521;+500200;+123700;+500236;+123730
2004;54;54;203;+485500;+192900;+485531;+192915
2005;5;5;1;+415000;+133500;+415051;+133523
2000;1;1;74;+440200;-000000;+440246;-000002
2020;4;3004;1502;+520300;+121800;+520314;+121841
2000;1;1;41;+454500;+025700;+454520;+025758
2003;53;53;323;+515700;+171200;+515750;+171220
2015;1;1;15;+492100;+013000;+492158;+013015
2009;58;58;2163;+490100;+145800;+490139;+145853
2013;53;53;609;+511000;+215200;+511020;+215224
2010;4;2804;808;+480000;+095700;+480050;+095753
1998;53;53;616;+502100;+192100;+502153;+192145
2010;1;1;46;+454800;+014800;+454800;+014855
2021;50;50;16;+470900;+090400;+470954;+090401
1998;50;50;16;+470900;+090400;+470954;+090401
2012;4;3604;1402;+503800;+131800;+503820;+131808
2003;53;53;119;+540300;+202400;+540300;+202400
2009;5;5;14;+392000;+083400;+392056;+083408
2006;5;5;5;+444300;+101200;+444306;+101213
2017;4;2704;1206;+520800;+140000;+520823;+140042
2019;53;53;601;+512000;+191600;+512010;+191610
2019;50;50;15;+471600;+075300;+471626;+075312
2013;53;53;613;+504500;+184000;+504540;+184040
2001;4;2704;1204;+521100;+123300;+521130;+123336
2010;1;1;18;+490200;+045700;+490200;+045738
2011;4;3604;1403;+504900;+140500;+504951;+140542
2000;4;2704;1202;+530800;+125700;+530805;+125754
1998;53;53;406;+514800;+212700;+514840;+212740
2014;58;58;2341;+494200;+170800;+494233;+170811
2022;4;2704;1208;+520900;+142900;+520954;+142951
2009;4;3204;508;+514200;+085900;+514226;+085929
2017;67;67;4;+440700;+215800;+440755;+215838
1999;4;2904;911;+485800;+125200;+485834;+125252
2014;4;3604;1406;+511100;+124900;+511104;+124944
2024;58;58;2015;+504400;+153200;+504406;+153224
2019;53;53;604;+510500;+200900;+510510;+200930
2010;5;5;29;+453100;+084200;+453129;+084234
2009;9;9;3;+394700;+224600;+394752;+224638
2004;4;2904;911;+485800;+125200;+485834;+125252
2019;53;53;807;+490400;+225100;+490420;+225110
2014;4;3004;308;+531000;+095400;+531040;+095409
2003;4;3004;607;+505500;+092000;+505545;+092029
2019;53;53;309;+525900;+191400;+525952;+191444
2017;4;3004;609;+504100;+083800;+504101;+083840
2003;4;2704;1203;+525800;+133800;+525825;+133838
2009;5;5;3;+382500;+161000;+382538;+161047
2013;53;53;112;+534800;+162100;+534840;+162120
2013;53;53;113;+540900;+170700;+540930;+170720
2001;5;5;5;+444300;+101200;+444306;+101213
2019;53;53;505;+505300;+173800;+505350;+173840
1995;1;1;15;+492100;+013000;+492158;+013015
2024;4;3204;506;+510100;+081000;+510103;+081060
2000;13;13;7003;+600100;+152400;+600154;+152444
1998;8;8;14;+561700;+082500;+561729;+082542
1991;4;3004;302;+515100;+102400;+515123;+102447
2002;5;5;19;+454300;+065500;+454326;+065555
2000;1;1;43;+453500;+064700;+453512;+064723
2017;4;3004;606;+512200;+091600;+512216;+091604
1998;4;3004;303;+515100;+102500;+515136;+102503
2008;50;50;18;+464800;+095100;+464855;+095118
2009;9;9;4;+385200;+215100;+385228;+215157
2003;53;53;812;+493900;+201500;+493907;+201524
2003;53;53;314;+524200;+185500;+524254;+185517
1996;4;3004;304;+514500;+093400;+514541;+093441
1999;4;3604;1405;+511400;+134900;+511431;+134908
1996;4;2804;808;+480000;+095700;+480052;+095758
2003;55;55;1;+582300;+081400;+582302;+081424
2005;4;2904;906;+480700;+115500;+480721;+115502
2008;53;53;114;+541200;+171300;+541200;+171330
2003;15;15;27;+615500;+231900;+615553;+231943
2021;4;2804;858;+480000;+095800;+480034;+095813
1997;1;1;95;+445600;+051900;+445653;+051950
2000;4;2904;918;+491600;+122300;+491636;+122324
2002;4;3004;305;+514500;+093400;+514553;+093447
1998;53;53;613;+504500;+184000;+504540;+184040
2012;4;3604;1404;+510700;+143300;+510709;+143306
2015;1;1;80;+473200;-014800;+473224;-014805
2009;53;53;322;+514600;+173400;+514603;+173431
2011;5;5;15;+375400;+132400;+375432;+132415
2011;4;3704;1607;+504700;+113900;+504735;+113943
2013;53;53;309;+525900;+191400;+525952;+191444
2010;1;1;61;+491000;+050000;+491015;+050017
1999;53;53;107;+524400;+145200;+524445;+145220
2009;58;58;541;+500600;+171200;+500608;+171240
2001;5;5;4;+402500;+152600;+402558;+152610
2002;2;102;14;+512400;+050300;+512407;+050315
2008;53;53;512;+504800;+181000;+504800;+181040
2003;53;53;814;+494100;+201000;+494112;+201055
2017;4;2804;806;+480100;+075800;+480117;+075808
2007;5;5;19;+454300;+065500;+454326;+065555
1995;1;1;69;+421500;+085000;+421556;+085049
2001;15;15;8;+662000;+292100;+662000;+292100
2003;53;53;817;+492900;+213700;+492920;+213700
2017;2;102;14;+512400;+050300;+512407;+050315
2019;59;59;8;+593100;+262400;+593144;+262408
2010;4;2804;858;+480000;+095800;+480033;+095814
2005;8;8;34;+555700;+122100;+555726;+122117
2014;4;3604;1403;+504900;+140500;+504986;+140569
2023;8;8;74;+552200;+113300;+552246;+113336
1998;53;53;206;+534000;+212600;+534001;+212601
2022;4;3004;305;+514500;+093400;+514553;+093447
2013;53;53;405;+520100;+210600;+520100;+210600
2013;53;53;110;+534600;+152900;+534610;+152915
2013;53;53;214;+532600;+214900;+532630;+214955
2000;1;1;15;+492100;+013000;+492158;+013015
2019;53;53;624;+502500;+224500;+502515;+224501
2008;53;53;314;+524200;+185500;+524254;+185517
1995;1;1;72;+435600;-012000;+435637;-012054
2014;53;53;612;+540900;+201000;+540901;+201001
2021;4;2804;862;+484500;+092500;+484529;+092516
2005;8;8;74;+552200;+113300;+552252;+113341
2005;8;8;51;+560500;+092100;+560537;+092122
2019;53;53;802;+494500;+214900;+494520;+214900
2015;1;1;4;+472700;-000100;+472722;-000152
1997;7;7;2;+525800;-061100;+525820;-061101
2016;4;3204;502;+514300;+061000;+514348;+061021
2024;15;15;20;+630900;+304200;+630935;+304217
2015;1;1;13;+471500;+020700;+471517;+020729
2013;53;53;114;+541200;+171300;+541200;+171330
2011;50;50;14;+461700;+075100;+461748;+075129
2003;53;53;123;+532700;+192500;+532732;+192552
2019;53;53;326;+522900;+193600;+522900;+193600
1995;1;1;93;+425200;+020600;+425202;+020604
2019;53;53;510;+503600;+174100;+503640;+174130
2007;51;51;11;+472000;+210500;+472020;+210544
2005;4;2704;1204;+521100;+123300;+521130;+123336
2002;2;102;22;+505800;+034800;+505833;+034816
2000;58;58;531;+501000;+170400;+501055;+170434
2012;5;5;31;+451200;+104400;+451203;+104408
2009;2;202;2;+501300;+053700;+501326;+053705
2009;55;55;19;+602200;+110400;+602219;+110439
1996;50;50;3;+471300;+072400;+471330;+072459
1999;50;50;7;+461300;+061700;+461347;+061727
1995;1;1;46;+454800;+014800;+454800;+014855
2016;4;3704;1609;+502900;+113000;+502959;+113001
1995;1;1;25;+474700;+002200;+474746;+002249
2014;54;54;212;+485700;+192300;+485717;+192320
2019;51;51;15;+464900;+162400;+464924;+162417
2010;4;3004;304;+514500;+093400;+514541;+093441
2017;63;63;5;+414100;+244400;+414134;+244417
2005;51;51;13;+473900;+163100;+473957;+163104
2016;5;5;9;+424900;+115400;+424916;+115410
2019;53;53;616;+502100;+192100;+502153;+192145
1995;50;50;12;+460100;+085000;+460121;+085002
2013;53;53;325;+513600;+165500;+513650;+165510
2023;4;3004;101;+540500;+101400;+540554;+101427
1996;4;3004;306;+513100;+100200;+513142;+100248
2010;5;5;26;+434400;+113400;+434418;+113422
2015;4;3004;609;+504100;+083800;+504101;+083840
2003;53;53;603;+510600;+202500;+510615;+202540
2019;59;59;9;+581600;+262700;+581625;+262732
2000;15;15;13;+603700;+235000;+603700;+235000
1999;5;5;17;+462100;+112900;+462137;+112942
2014;58;58;541;+500600;+171200;+500608;+171240
2018;67;67;3;+452700;+191000;+452717;+191028
2021;8;8;74;+552200;+113300;+552246;+113336
2004;15;15;9;+645800;+262300;+645800;+262300
2019;53;53;815;+492500;+204900;+492543;+204946
1998;4;2704;1206;+520800;+140000;+520817;+140042
2003;4;3604;1402;+503800;+131800;+503820;+131808
2013;53;53;704;+504700;+161200;+504730;+161250
2007;4;3004;304;+514500;+093400;+514541;+093441
2002;4;3604;1406;+511100;+124900;+511104;+124932
2017;8;8;74;+552200;+113300;+552252;+113341
2006;4;2704;1206;+520800;+140000;+520817;+140042
2008;53;53;120;+540900;+201000;+540901;+201001
2014;58;58;2163;+490100;+145800;+490139;+145853
2005;55;55;14;+592000;+054700;+592002;+054745
2008;53;53;811;+493100;+185400;+493110;+185424
2015;1;1;98;+483600;+070800;+483636;+070802
1998;4;3204;503;+514100;+071500;+514111;+071538
2000;1;1;99;+452600;+033100;+452651;+033139
2005;13;13;7504;+652700;+192400;+652757;+192439
2003;50;50;1;+470200;+084200;+470255;+084245
2015;1;1;84;+485100;+074200;+485101;+074239
2021;4;2804;859;+483500;+083800;+483538;+083847
2006;59;59;6;+582100;+265800;+582138;+265831
2009;5;5;17;+462100;+112900;+462137;+112942
2020;4;3004;303;+515100;+102500;+515136;+102503
2023;5;5;25;+425200;+104600;+425212;+104634
2005;4;2704;1103;+522500;+133600;+522557;+133654
2007;4;2904;901;+492400;+111900;+492449;+111918
2008;53;53;209;+533500;+231600;+533500;+231645
2001;5;5;19;+454300;+065500;+454326;+065555
2003;50;50;15;+471600;+075300;+471626;+075312
1996;50;50;9;+461600;+072600;+461606;+072609
2018;4;3004;608;+510900;+090100;+510928;+090150
2005;1;1;2;+464900;+023400;+464933;+023427
2007;5;5;5;+444300;+101200;+444306;+101213
2008;53;53;406;+514800;+212700;+514840;+212740
2010;1;1;100;+475600;+070700;+475601;+070731
2008;53;53;610;+502300;+232700;+502330;+232750
1997;1;1;44;+461300;+062000;+461342;+062058
1998;8;8;22;+550800;+085300;+550831;+085305
1999;4;3304;702;+502500;+070500;+502558;+070527
2019;53;53;415;+515800;+225900;+515845;+225901
2005;8;8;95;+562300;+092000;+562354;+092015
1999;8;8;34;+555700;+122100;+555726;+122117
2005;5;5;26;+434400;+113400;+434418;+113422
2021;4;3704;1605;+503600;+104700;+503659;+104729
2009;4;3604;1402;+503800;+131800;+503820;+131808
2017;4;3004;307;+525400;+075100;+525428;+075133
2003;15;15;10;+615200;+241300;+615200;+241300
2019;53;53;516;+501400;+181900;+501420;+181920
2013;53;53;624;+502500;+224500;+502515;+224501
2013;5;5;11;+431700;+130400;+431738;+130424
1998;53;53;314;+524200;+185500;+524254;+185517
2011;67;67;1;+450900;+194800;+450926;+194839
2015;2;202;3;+494600;+052700;+494623;+052717
1995;1;1;47;+481400;+070600;+481402;+070614
2006;4;2904;908;+494500;+122300;+494547;+122348
2014;63;63;1;+424600;+234500;+424612;+234536
2020;4;2904;920;+502700;+112100;+502754;+112112
1998;4;2704;1205;+514700;+133300;+514754;+133350
2011;5;5;21;+415400;+142100;+415409;+142100
2021;4;3004;301;+525000;+101500;+525022;+101559
2002;5;5;4;+402500;+152600;+402558;+152610
2009;2;202;6;+500300;+051300;+500310;+051317
1994;1;1;35;+455600;+042800;+455651;+042842
2002;2;102;15;+511800;+043100;+511828;+043111
2008;53;53;602;+510200;+193600;+510210;+193610
2019;53;53;812;+493900;+201500;+493907;+201524
1995;1;1;3;+434400;-005000;+434419;-005032
2000;13;13;5203;+593900;+175300;+593941;+175343
2014;4;3604;1405;+511400;+134900;+511454;+134909
2005;1;1;71;+414500;+091200;+414508;+091223
2000;4;3604;1405;+511400;+134900;+511431;+134908
2008;53;53;515;+501800;+182900;+501840;+182900
1999;53;53;515;+501800;+182900;+501840;+182900
2014;54;54;211;+482300;+190000;+482322;+190042
1990;4;3004;305;+514500;+093400;+514553;+093447
2019;15;15;12;+603900;+234800;+603900;+234800
2019;59;59;3;+580300;+260600;+580329;+260653
2003;5;5;9;+424900;+115400;+424950;+115410
2008;53;53;121;+535900;+192600;+535901;+192601
2015;2;202;7;+493100;+053400;+493152;+053417
2000;5;5;2;+403600;+155200;+403638;+155225
2008;53;53;325;+513600;+165500;+513650;+165510
2012;4;2704;1101;+522800;+131300;+522823;+131330
2010;4;3004;301;+525000;+101500;+525022;+101559
2019;15;15;1;+693500;+285300;+693502;+285338
2005;1;1;30;+482700;+024300;+482714;+024302
2019;53;53;610;+502300;+232700;+502330;+232750
2014;15;15;34;+605900;+271600;+605900;+271600
2014;58;58;2361;+490400;+171600;+490420;+171621
2013;53;53;203;+541600;+225000;+541640;+225000
2005;4;2704;1201;+530600;+122500;+530604;+122543
2013;4;3104;1302;+534000;+120300;+534029;+120331
2010;13;13;5752;+570800;+144600;+570818;+144601
2014;58;58;2181;+503800;+143600;+503821;+143655
2018;4;3004;610;+493800;+085000;+493837;+085013
2015;1;1;9;+465800;+051400;+465813;+051436
2005;8;8;26;+550800;+085300;+550843;+085304
2000;1;1;100;+475600;+070700;+475601;+070731
2013;53;53;819;+492700;+195900;+492733;+195927
2009;58;58;2103;+491300;+141800;+491348;+141800
2019;53;53;202;+541700;+230000;+541700;+230020
2013;53;53;814;+494100;+201000;+494112;+201055
2009;58;58;2251;+501700;+162300;+501737;+162327
2019;58;58;2361;+490400;+171600;+490420;+171621
2014;54;54;203;+485500;+192900;+485531;+192915
2000;5;5;13;+414900;+155900;+414910;+155900
2015;1;1;43;+453500;+064700;+453512;+064723
2016;4;3004;303;+515100;+102500;+515136;+102503
2005;1;1;43;+453500;+064700;+453512;+064723
2008;4;3104;1303;+533800;+135600;+533821;+135630
2003;53;53;807;+490400;+225100;+490420;+225110
1995;1;1;21;+465800;+033900;+465813;+033939
2023;4;3604;1405;+511400;+134900;+511454;+134909
2023;5;5;20;+460300;+120100;+460326;+120156
2005;51;51;18;+465700;+193300;+465757;+193318
2021;4;3704;1609;+502900;+112900;+502954;+112955
1988;2;102;19;+511000;+051900;+511029;+051958
2008;53;53;111;+544000;+175900;+544057;+175917
2003;50;50;10;+463900;+101300;+463944;+101347
2019;53;53;501;+512200;+154100;+512200;+154100
2011;63;63;3;+420400;+234800;+420407;+234859
2015;4;2904;906;+480700;+115500;+480721;+115502
2019;58;58;2251;+501700;+162300;+501737;+162327
2012;67;67;3;+452700;+191000;+452717;+191028
1999;54;54;207;+491000;+201400;+491049;+201430
2014;53;53;812;+541600;+225000;+541640;+225000
1995;1;1;30;+482700;+024300;+482714;+024302
2021;4;2804;856;+480100;+075700;+480120;+075749
2008;53;53;621;+503300;+211500;+503301;+211510
2002;15;15;8;+662000;+292100;+662000;+292100
1998;53;53;411;+524600;+224000;+524625;+224050
1999;50;50;3;+471300;+072400;+471330;+072459
2010;4;3304;705;+491600;+074800;+491622;+074845
2010;1;1;43;+453500;+064700;+453512;+064723
2011;51;51;17;+463500;+164400;+463550;+164434
2021;67;67;1;+450900;+194800;+450926;+194839
2000;5;5;19;+454300;+065500;+454326;+065555
2010;4;3604;1406;+511100;+124900;+511104;+124932
2002;4;3004;307;+525400;+075100;+525428;+075133
2011;51;51;16;+464900;+162400;+464920;+162415
2019;53;53;122;+534600;+190200;+534623;+190251
2000;1;1;80;+473200;-014800;+473224;-014805
2003;5;5;5;+444300;+101200;+444306;+101213
2020;4;2904;908;+494500;+122300;+494547;+122348
2000;1;1;83;+452400;+034100;+452421;+034144
1990;4;3004;304;+514500;+093400;+514541;+093441
2010;1;1;87;+484100;+014300;+484137;+014358
2008;53;53;606;+513900;+210200;+513920;+210201
2003;2;102;19;+511000;+051900;+511029;+051958
2015;1;1;29;+485900;+074300;+485925;+074346
2014;4;3004;304;+514500;+093400;+514541;+093441
2003;53;53;103;+534700;+150300;+534720;+150325
2003;51;51;8;+465800;+193300;+465801;+193312
2006;4;3004;101;+540500;+101400;+540554;+101427
2008;53;53;603;+510600;+202500;+510615;+202540
2000;4;2904;912;+494100;+113000;+494142;+113013
2003;53;53;418;+503800;+234500;+503850;+234540
2010;1;1;98;+483600;+070800;+483636;+070802
2002;2;102;18;+505800;+025700;+505815;+025735
1996;1;1;56;+475000;-033200;+475016;-033234
2019;54;54;201;+481200;+182300;+481245;+182316
1996;4;2804;805;+474700;+074200;+474704;+074236
2003;5;5;19;+454300;+065500;+454326;+065555
2012;4;2704;1202;+530800;+125700;+530805;+125754
1998;50;50;10;+463900;+101300;+463944;+101347
2010;4;2804;856;+480100;+075700;+480120;+075749
2007;4;3604;1405;+511400;+134900;+511431;+134908
2013;5;5;7;+454900;+131000;+454958;+131004
2000;4;2804;808;+480000;+095700;+480052;+095758
2009;15;15;32;+662600;+264100;+662602;+264110
2016;55;55;7;+611700;+115100;+611703;+115110
2020;2;202;6;+500300;+051300;+500310;+051317
2015;1;1;91;+444200;+035700;+444236;+035757
2008;53;53;103;+534700;+150300;+534720;+150325
2008;4;3004;302;+515100;+102400;+515123;+102447
2008;53;53;604;+510500;+200900;+510510;+200930
2019;53;53;814;+494100;+201000;+494112;+201055
1998;4;2704;1201;+530600;+122500;+530604;+122543
2000;1;1;76;+440100;+064000;+440130;+064016
2021;4;3004;303;+515100;+102500;+515136;+102503
2005;1;1;70;+473900;+020500;+473936;+020558
2000;1;1;24;+474100;+072800;+474133;+072806
2010;1;1;19;+485200;+062900;+485218;+062902
2002;4;2704;1203;+525800;+133800;+525830;+133840
2005;5;5;8;+462900;+133500;+462928;+133536
1999;50;50;10;+463900;+101300;+463944;+101347
2003;55;55;4;+655300;+134700;+655301;+134745
2005;4;3004;301;+525000;+101500;+525022;+101559
2008;53;53;708;+501400;+164700;+501430;+164700
2019;67;67;5;+434500;+192900;+434527;+192900
2005;4;2904;919;+482400;+113900;+482430;+113924
2016;67;67;5;+434500;+192900;+434527;+192900
2008;53;53;113;+540900;+170700;+540930;+170720
2014;58;58;2211;+505000;+152000;+505012;+152011
2017;2;102;11;+510400;+030200;+510411;+030214
2005;4;2704;1203;+525800;+133800;+525825;+133838
1999;53;53;812;+493900;+201500;+493907;+201524
2010;7;7;10;+532100;-092000;+532141;-092047
2013;53;53;514;+500500;+183900;+500525;+183942
1999;53;53;326;+522900;+193600;+522900;+193600
2015;1;1;64;+430100;+002600;+430136;+002612
2006;4;2704;1204;+521100;+123300;+521130;+123336
2009;5;5;5;+444300;+101200;+444306;+101213
1997;50;50;1;+470200;+084200;+470255;+084245
2011;5;5;8;+462900;+133500;+462928;+133536
2009;5;5;20;+460300;+120100;+460326;+120156
1999;4;2704;1206;+520800;+140000;+520817;+140042
2020;67;67;4;+440700;+215800;+440755;+215838
2017;4;3604;1406;+511100;+124900;+511104;+124944
2021;50;50;15;+471600;+075300;+471626;+075312
2009;51;51;3;+475100;+195800;+475146;+195801
2010;13;13;5753;+571000;+144800;+571026;+144818
2000;13;13;7004;+611200;+151200;+611215;+151203
2013;51;51;19;+465600;+193200;+465639;+193257
1998;53;53;516;+501400;+181900;+501420;+181920
1995;1;1;87;+484100;+014300;+484137;+014358
2013;4;3004;307;+525400;+075100;+525428;+075133
2009;59;59;8;+593100;+262400;+593144;+262408
2008;5;5;10;+461400;+093300;+461416;+093316
1996;2;102;12;+504700;+044200;+504742;+044220
2008;53;53;405;+520100;+210600;+520100;+210600
1994;4;3004;302;+515100;+102400;+515123;+102447
2003;50;50;8;+463500;+063900;+463501;+063928
2001;4;3604;1405;+511400;+134900;+511431;+134908
1998;53;53;304;+532900;+162300;+532930;+162300
2019;53;53;608;+511300;+223900;+511342;+223942
1999;50;50;8;+463500;+063900;+463501;+063928
2000;55;55;13;+580500;+075100;+580554;+075132
2005;1;1;9;+465800;+051400;+465813;+051436
2009;59;59;9;+581600;+262700;+581625;+262732
2001;15;15;2;+675700;+240300;+675703;+240311
2008;53;53;620;+502900;+200700;+502912;+200731
2009;53;53;326;+522900;+193600;+522900;+193600
2009;9;9;2;+394700;+224700;+394708;+224738
2015;1;1;93;+425200;+020600;+425202;+020604
2003;15;15;16;+614600;+292000;+614625;+292002
1999;5;5;13;+414900;+155900;+414910;+155900
1998;4;3204;501;+514500;+060300;+514535;+060343
2008;53;53;516;+501400;+181900;+501420;+181920
2000;1;1;52;+491000;-005100;+491057;-005123
1994;1;1;50;+440700;+054800;+440752;+054800
2013;4;3104;1303;+533800;+135600;+533821;+135630
2015;1;1;31;+460900;+014900;+460947;+014933
2019;58;58;2061;+494400;+125100;+494431;+125141
2006;4;3704;1607;+504700;+113900;+504735;+113943
2004;4;2904;906;+480700;+115500;+480721;+115502
1999;53;53;703;+510300;+155200;+510310;+155250
2008;5;5;7;+454900;+131000;+454958;+131004
2008;53;53;107;+524400;+145200;+524445;+145220
2009;4;3104;1303;+533800;+135600;+533821;+135630
2003;2;202;8;+500600;+041600;+500654;+041644
2010;1;1;56;+475000;-033200;+475016;-033234
2005;63;63;3;+420400;+234800;+420407;+234859
2013;53;53;601;+512000;+191600;+512010;+191610
1996;1;1;28;+480100;+060200;+480136;+060224
2001;4;3704;1609;+502900;+112900;+502954;+112955
2010;1;1;74;+440200;-000000;+440246;-000002
1999;5;5;18;+432700;+122700;+432757;+122757
2015;4;2904;903;+502100;+095500;+502110;+095553
2013;53;53;415;+515800;+225900;+515845;+225901
2002;4;2904;913;+485500;+114500;+485545;+114540
2005;4;3004;101;+540500;+101400;+540554;+101427
2011;50;50;1;+470200;+084200;+470255;+084245
2003;53;53;505;+505300;+173800;+505350;+173840
2024;15;15;13;+603700;+235000;+603700;+235000
2019;53;53;101;+535300;+143000;+535305;+143011
2003;53;53;605;+504200;+204600;+504240;+204630
1995;1;1;48;+491200;+030700;+491221;+030736
2001;50;50;10;+463900;+101300;+463944;+101347
2003;53;53;208;+535400;+231900;+535444;+231951
1998;53;53;113;+540900;+170700;+540930;+170720
2017;4;2804;852;+492800;+084400;+492803;+084439
2005;4;2704;1102;+522800;+131300;+522820;+131336
2001;50;50;14;+461700;+075100;+461748;+075129
2013;53;53;801;+494000;+185800;+494002;+185850
2003;5;5;3;+382500;+161000;+382538;+161047
2003;53;53;811;+493100;+185400;+493110;+185424
2010;1;1;2;+464900;+023400;+464933;+023427
2024;4;3204;504;+515000;+085600;+515002;+085659
2002;4;2904;908;+494500;+122300;+494547;+122348
2006;4;3104;1302;+534000;+120300;+534029;+120331
2008;53;53;627;+501600;+220700;+501640;+220730
2003;53;53;202;+541700;+230000;+541700;+230020
1998;53;53;102;+544800;+175600;+544845;+175646
2008;53;53;401;+530700;+194700;+530701;+194701
2022;4;3004;303;+515100;+102500;+515136;+102503
2001;4;2804;804;+481700;+083900;+481749;+083946
2020;4;3604;1403;+504900;+140500;+504986;+140569
1995;1;1;62;+491900;+025200;+491927;+025234
2019;53;53;325;+513600;+165500;+513650;+165510
2017;51;51;20;+475300;+195700;+475335;+195709
1999;8;8;23;+550800;+085300;+550829;+085310
1994;1;1;54;+471100;+061600;+471131;+061641
2013;53;53;120;+540900;+201000;+540901;+201001
2004;4;2704;1102;+522800;+131300;+522820;+131336
2024;4;3004;1501;+523400;+111000;+523451;+111017
2008;53;53;801;+494000;+185800;+494002;+185850
2017;8;8;85;+554200;+122100;+554204;+122102
2000;1;1;50;+440700;+054800;+440752;+054800
1994;1;1;40;+463100;+060300;+463100;+060344
2011;4;3704;1609;+502900;+112900;+502954;+112955
2007;4;2704;1201;+530600;+122500;+530604;+122543
2019;53;53;413;+512600;+224600;+512630;+224640
2002;4;2904;911;+485800;+125200;+485834;+125252
2015;1;1;88;+481300;+064100;+481317;+064145
1997;1;1;24;+474100;+072800;+474133;+072806
2003;53;53;810;+493600;+190500;+493646;+190527
2020;4;2904;914;+495800;+092700;+495837;+092735
2002;4;2704;1206;+520900;+140100;+520935;+140105
1996;50;50;6;+460700;+090000;+460730;+090028
2021;51;51;19;+465600;+193200;+465639;+193257
2000;13;13;6111;+562000;+130100;+562030;+130151
1998;53;53;624;+502500;+224500;+502515;+224501
1999;53;53;602;+510200;+193600;+510210;+193610
2005;51;51;9;+465700;+193200;+465746;+193252
2003;53;53;626;+500400;+204800;+500421;+204846
2013;67;67;4;+440700;+215800;+440755;+215838
2008;53;53;214;+532600;+214900;+532630;+214955
2015;1;1;5;+490100;+054600;+490121;+054601
2008;53;53;119;+540300;+202400;+540300;+202400
2015;1;1;90;+442900;+062700;+442925;+062733
2000;4;2904;908;+494500;+122300;+494547;+122348
2003;15;15;17;+614800;+291900;+614849;+291909
1998;2;202;6;+500300;+051300;+500310;+051317
2024;15;15;11;+615100;+241800;+615106;+241833
2009;63;63;3;+420400;+234800;+420407;+234859
2013;53;53;411;+524600;+224000;+524625;+224050
2020;4;2904;904;+473400;+125600;+473436;+125631
2009;15;15;13;+603700;+235000;+603700;+235000
2009;8;8;11;+561700;+082500;+561726;+082535
2010;13;13;6851;+594500;+145400;+594523;+145456
2005;4;3004;304;+514500;+093400;+514541;+093441
1999;5;5;6;+440600;+110700;+440631;+110700
1998;53;53;203;+541600;+225000;+541640;+225000
2005;1;1;74;+440200;-000000;+440246;-000002
2003;53;53;403;+522200;+195400;+522200;+195410
2019;53;53;205;+533900;+200900;+533900;+200900
2010;1;1;63;+430900;-003900;+430901;-003929
1996;58;58;561;+491500;+154200;+491552;+154201
1996;50;50;8;+463500;+063900;+463501;+063928
2003;2;202;7;+493100;+053400;+493152;+053417
2021;4;3004;609;+504100;+083800;+504101;+083840
1998;15;15;28;+600200;+230200;+600211;+230227
2024;58;58;2361;+490400;+171600;+490420;+171621
1995;58;58;2029;+503300;+155700;+503339;+155723
1995;1;1;44;+461300;+062000;+461342;+062058
1996;50;50;7;+461300;+061700;+461347;+061727
2017;4;2704;1102;+522800;+131300;+522820;+131336
2009;4;3004;304;+514500;+093400;+514541;+093441
2010;1;1;44;+461300;+062000;+461342;+062058
1999;50;50;9;+461600;+072600;+461606;+072609
1995;58;58;531;+501000;+170400;+501055;+170434
2000;1;1;6;+501000;+034500;+501016;+034516
2001;59;59;5;+580700;+270300;+580731;+270312
2014;53;53;510;+543200;+175400;+543230;+175447
1998;15;15;20;+630900;+304200;+630935;+304217
2023;4;3004;305;+514500;+093400;+514553;+093447
2007;5;5;1;+415000;+133500;+415051;+133523
2022;4;3604;1402;+503800;+131800;+503820;+131804
2013;53;53;504;+512100;+163000;+512120;+163040
1998;4;2704;1102;+522800;+131300;+522820;+131336
2007;2;102;18;+505800;+025700;+505815;+025735
2005;1;1;76;+440100;+064000;+440130;+064016
2005;51;51;19;+465600;+193200;+465639;+193257
2009;2;202;9;+504000;+043600;+504050;+043611
1995;1;1;100;+475600;+070700;+475601;+070731
2015;1;1;52;+491000;-005100;+491057;-005123
2013;53;53;810;+493600;+190500;+493646;+190527
2010;1;1;62;+491900;+025200;+491927;+025234
2022;4;2704;1205;+514700;+133300;+514754;+133350
2017;4;3004;305;+514500;+093400;+514553;+093447
2017;51;51;19;+465600;+193200;+465639;+193257
1995;1;1;65;+494200;+011900;+494239;+011934
2018;4;3004;304;+514500;+093400;+514541;+093441
2009;15;15;35;+605500;+271400;+605500;+271400
1995;1;1;20;+490000;+072700;+490059;+072745
2001;4;2904;908;+494500;+122300;+494547;+122348
1999;5;5;1;+415000;+133500;+415051;+133523
1998;53;53;619;+504300;+201800;+504306;+201802
1996;50;50;4;+462900;+095300;+462931;+095319
2020;4;3004;101;+540500;+101400;+540554;+101427
2015;67;67;2;+431700;+204800;+431730;+204850
2022;67;67;3;+452700;+191000;+452717;+191028
2008;55;55;4;+655300;+134700;+655301;+134745
2010;8;8;64;+550000;+095500;+550047;+095541
2013;67;67;3;+452700;+191000;+452717;+191028
2007;4;3004;607;+505500;+092000;+505545;+092029
2013;53;53;817;+492900;+213700;+492920;+213700
2003;5;5;7;+454900;+131000;+454958;+131004
2018;4;3604;1402;+503800;+131800;+503820;+131804
2019;53;53;214;+532600;+214900;+532630;+214955
2005;4;2904;912;+494100;+113000;+494142;+113013
1998;53;53;606;+513900;+210200;+513920;+210201
2022;4;3004;1501;+523400;+111000;+523451;+111017
2005;1;1;95;+445600;+051900;+445653;+051950
2013;4;3004;609;+504100;+083800;+504101;+083840
2005;1;1;42;+470000;+040700;+470033;+040706
2007;4;3604;1402;+503800;+131800;+503820;+131808
2010;4;2904;904;+473400;+125600;+473436;+125631
2020;2;202;8;+500600;+041600;+500654;+041644
2005;1;1;1;+482000;+041800;+482051;+041817
2011;50;50;5;+462600;+084800;+462648;+084843
2012;2;102;17;+505900;+041200;+505946;+041219
2004;4;2704;1101;+522800;+131300;+522823;+131330
2006;4;2904;919;+482400;+113900;+482430;+113924
2011;63;63;1;+424600;+234500;+424612;+234536
2014;53;53;201;+524600;+145400;+524656;+145408
1998;53;53;623;+503000;+225600;+503057;+225623
1999;50;50;13;+472300;+081300;+472358;+081336
1998;4;2904;911;+485800;+125200;+485834;+125252
2005;4;2904;907;+495100;+103100;+495118;+103145
2008;53;53;507;+502300;+173300;+502310;+173340
2005;1;1;48;+491200;+030700;+491221;+030736
2000;4;2904;913;+485500;+114500;+485545;+114540
1995;1;1;1;+482000;+041800;+482051;+041817
1998;8;8;24;+550800;+085300;+550830;+085308
2019;53;53;209;+533500;+231600;+533500;+231645
1998;15;15;23;+633300;+222900;+633349;+222915
2003;53;53;414;+520200;+224300;+520258;+224347
2021;4;3004;1502;+520300;+121800;+520314;+121841
2003;50;50;7;+461300;+061700;+461347;+061727
2005;4;3604;1406;+511100;+124900;+511104;+124932
2003;4;2904;901;+492400;+111900;+492449;+111918
2013;4;3004;1501;+523400;+111000;+523451;+111017
1998;4;3604;1404;+510700;+143300;+510709;+143306
2017;4;2804;808;+480000;+095700;+480050;+095753
2021;50;50;10;+463900;+101300;+463944;+101348
2017;4;3004;613;+494200;+083200;+494207;+083202
2010;4;3004;307;+525400;+075100;+525428;+075133
2008;53;53;609;+511000;+215200;+511020;+215224
2009;53;53;116;+543300;+181600;+543333;+181614
2009;58;58;561;+491500;+154200;+491552;+154201
2019;4;3004;1502;+520300;+121800;+520314;+121841
2019;53;53;324;+513100;+181500;+513150;+181500
2014;5;5;12;+454000;+080400;+454055;+080402
2008;53;53;212;+524000;+234300;+524030;+234320
2002;4;2904;919;+482400;+113900;+482430;+113924
2019;58;58;521;+500200;+123700;+500236;+123730
1996;4;2804;810;+485200;+093400;+485257;+093448
1996;50;50;10;+463900;+101300;+463944;+101347
2004;4;3004;304;+514500;+093400;+514541;+093441
2009;58;58;2181;+503800;+143600;+503821;+143655
2021;4;3004;305;+514500;+093400;+514553;+093447
2003;15;15;2;+675700;+240300;+675703;+240311
2016;4;3004;606;+512200;+091600;+512216;+091604
2024;58;58;561;+491500;+154200;+491552;+154201
2001;5;5;7;+454900;+131000;+454958;+131004
2000;1;1;34;+430600;-000600;+430600;-000625
2004;55;55;18;+624700;+085300;+624704;+085334
2000;1;1;5;+490100;+054600;+490121;+054601
2012;67;67;2;+431700;+204800;+431730;+204850
1998;53;53;505;+505300;+173800;+505350;+173840
2006;4;2704;1203;+525800;+133800;+525825;+133838
1988;2;102;20;+505600;+053600;+505619;+053624
1995;1;1;31;+460900;+014900;+460947;+014933
1995;1;1;14;+470400;+050400;+470458;+050430
2007;2;102;13;+504200;+041800;+504222;+041807
2011;5;5;11;+431700;+130400;+431738;+130424
2014;67;67;4;+440700;+215800;+440755;+215838
2004;58;58;2015;+504400;+153200;+504406;+153224
2008;53;53;624;+502500;+224500;+502515;+224501
2000;1;1;73;+440600;+000600;+440623;+000634
1998;15;15;16;+614600;+292000;+614625;+292002
2008;4;3004;305;+514500;+093400;+514553;+093447
2004;64;64;5;+564400;+234100;+564436;+234144
2005;5;5;25;+425200;+104600;+425212;+104634
1998;4;3204;504;+515000;+085700;+515010;+085700
1990;4;3004;303;+515100;+102500;+515136;+102503
2008;4;3004;307;+525400;+075100;+525428;+075133
2000;4;2904;907;+495100;+103100;+495118;+103145
2019;5;5;1;+415000;+133500;+415051;+133523
1997;50;50;3;+471300;+072400;+471330;+072459
2015;2;202;9;+504000;+043600;+504050;+043611
2003;53;53;215;+531700;+220300;+531710;+220310
2008;53;53;615;+501200;+192400;+501202;+192438
2008;53;53;307;+531600;+193300;+531619;+193359
2023;4;3604;1403;+504900;+140500;+504986;+140569
2020;4;2904;901;+492400;+111900;+492449;+111918
1995;1;1;81;+474900;+022600;+474912;+022604
2020;4;2904;922;+474300;+114000;+474341;+114030
2014;53;53;515;+540500;+191200;+540523;+191217
2012;2;102;21;+504400;+042400;+504445;+042447
2000;13;13;6602;+580800;+140400;+580818;+140423
1995;1;1;66;+432400;+021000;+432438;+021040
2010;4;2904;919;+482400;+113900;+482430;+113924
2020;4;3604;1401;+502500;+123200;+502541;+123200
2004;4;2904;919;+482400;+113900;+482430;+113924
2013;53;53;602;+510200;+193600;+510210;+193610
1998;53;53;501;+512200;+154100;+512200;+154100
2001;4;3604;1406;+511100;+124900;+511104;+124932
2017;4;3004;308;+531000;+095400;+531040;+095409
2014;58;58;2401;+492700;+182300;+492713;+182352
2003;53;53;508;+502600;+175700;+502600;+175740
2005;1;1;102;+465200;-020800;+465237;-020818
1995;50;50;11;+474100;+083200;+474101;+083208
2011;4;3604;1405;+511400;+134900;+511431;+134908
2008;53;53;502;+511500;+152900;+511501;+152950
2000;1;1;14;+470400;+050400;+470458;+050430
2020;4;3004;302;+515100;+102400;+515123;+102447
1999;53;53;412;+522900;+193600;+522900;+193600
1994;50;50;13;+472300;+081300;+472358;+081336
2011;51;51;19;+465600;+193200;+465639;+193257
2012;4;3604;1401;+502500;+123200;+502523;+123203
2003;53;53;110;+534600;+152900;+534610;+152915
2006;4;3604;1404;+510700;+143300;+510709;+143306
2008;53;53;306;+533600;+165700;+533620;+165701
2014;67;67;2;+431700;+204800;+431730;+204850
2000;4;2704;1201;+530600;+122500;+530604;+122543
2021;50;50;3;+471300;+072400;+471330;+072460
2005;1;1;52;+491000;-005100;+491057;-005123
1999;53;53;317;+514900;+154700;+514937;+154735
1998;53;53;306;+533600;+165700;+533620;+165701
2008;53;53;311;+523100;+145700;+523145;+145715
2013;53;53;211;+531200;+232100;+531240;+232150
2003;4;3604;1405;+511400;+134900;+511431;+134908
2007;51;51;1;+475300;+195700;+475331;+195731
2003;5;5;10;+461400;+093300;+461416;+093316
2010;4;3004;606;+512200;+091600;+512216;+091604
2000;8;8;13;+561700;+082500;+561743;+082539
2009;54;54;201;+481200;+182300;+481245;+182316
2015;1;1;81;+474900;+022600;+474912;+022604
2022;4;3004;307;+525400;+075100;+525428;+075133
2003;15;15;5;+661900;+263800;+661958;+263830
1996;9;9;2;+394700;+224700;+394710;+224710
2003;53;53;412;+522900;+193600;+522900;+193600
2012;4;3004;611;+494200;+083100;+494209;+083116
1998;4;3604;1406;+511100;+124900;+511104;+124932
1998;53;53;816;+492000;+205000;+492049;+205005
2013;51;51;3;+475100;+195800;+475146;+195801
2012;4;3004;305;+514500;+093400;+514553;+093447
2000;4;2904;906;+480700;+115500;+480721;+115502
2020;4;2904;909;+495800;+114800;+495824;+114815
2005;51;51;12;+473900;+162900;+473920;+162903
2009;4;2904;911;+485800;+125200;+485834;+125252
2006;5;5;11;+431700;+130400;+431738;+130424
1998;53;53;309;+525900;+191400;+525952;+191444
1998;53;53;701;+505000;+152500;+505020;+152510
2021;50;50;9;+461600;+072600;+461607;+072610
2006;4;3004;601;+503800;+094000;+503832;+094040
2021;50;50;6;+460700;+090000;+460729;+090029
1991;4;3004;306;+513100;+100200;+513142;+100248
2005;5;5;22;+415000;+133500;+415051;+133523
2008;53;53;201;+535100;+203200;+535150;+203250
2009;4;2904;919;+482400;+113900;+482430;+113924
2023;4;3004;308;+531000;+095400;+531040;+095409
2005;1;1;73;+440600;+000600;+440623;+000634
2006;4;3004;301;+525000;+101500;+525022;+101559
2000;1;1;42;+470000;+040700;+470033;+040706
2002;2;102;13;+504200;+041800;+504222;+041807
1998;53;53;310;+523300;+151500;+523330;+151505
2014;53;53;322;+534600;+152900;+534610;+152915
2008;53;53;403;+522200;+195400;+522200;+195410
2014;53;53;412;+534800;+162100;+534840;+162120
2003;15;15;12;+603900;+234800;+603900;+234800
2013;53;53;815;+492500;+204900;+492543;+204946
1998;53;53;401;+530700;+194700;+530701;+194701
2014;59;59;2;+593400;+260700;+593442;+260757
2024;4;3004;606;+512200;+091600;+512216;+091604
2003;53;53;113;+540900;+170700;+540930;+170720
2023;8;8;101;+560400;+092000;+560423;+092004
2009;51;51;16;+464900;+162400;+464920;+162415
2001;50;50;16;+470900;+090400;+470954;+090401
2000;13;13;6504;+573300;+133000;+573305;+133036
1995;58;58;2161;+494000;+151300;+494031;+151347
2005;4;2704;1202;+530800;+125700;+530805;+125754
2008;53;53;415;+515800;+225900;+515845;+225901
2000;1;1;39;+463400;+055200;+463447;+055237
2013;53;53;618;+504200;+191300;+504220;+191338
2010;1;1;17;+473400;+011500;+473409;+011536
2014;53;53;121;+525400;+152100;+525450;+152138
2003;53;53;310;+523300;+151500;+523330;+151505
2023;4;3004;301;+525000;+101500;+525022;+101559
2022;4;3004;302;+515100;+102400;+515123;+102447
2024;5;5;31;+451200;+104400;+451203;+104408
2000;4;2804;811;+493100;+091000;+493141;+091028
2013;4;3004;606;+512200;+091600;+512216;+091604
2019;4;3004;302;+515100;+102400;+515123;+102447
2011;50;50;11;+474100;+083200;+474101;+083208
2001;50;50;6;+460700;+090000;+460730;+090028
2000;8;8;34;+555700;+122100;+555726;+122117
2000;4;3604;1403;+504900;+140500;+504951;+140542
2015;1;1;48;+491200;+030700;+491221;+030736
2005;1;1;44;+461300;+062000;+461342;+062058
2007;4;2704;1202;+530800;+125700;+530805;+125754
2011;50;50;12;+460100;+085000;+460121;+085002
1999;5;5;10;+461400;+093300;+461416;+093316
2001;4;3104;1302;+534000;+120300;+534029;+120331
1998;8;8;21;+550800;+085300;+550829;+085306
2022;4;3004;613;+494200;+083200;+494207;+083202
2000;1;1;13;+471500;+020700;+471517;+020729
2010;4;2804;862;+484500;+092500;+484528;+092516
1995;1;1;53;+474800;+045100;+474850;+045118
2012;4;2704;1103;+522500;+133600;+522557;+133654
1997;59;59;3;+580300;+260600;+580329;+260653
2022;63;63;1;+424600;+234500;+424612;+234536
2013;53;53;803;+495100;+223600;+495158;+223619
2023;4;3004;1501;+523400;+111000;+523451;+111017
2014;53;53;803;+532700;+192500;+532732;+192552
2022;63;63;4;+425400;+274500;+425441;+274546
2023;4;3004;303;+515100;+102500;+515136;+102503
2000;1;1;64;+430100;+002600;+430136;+002612
2021;4;3004;606;+512200;+091600;+512216;+091604
2000;8;8;33;+555700;+122100;+555717;+122109
2009;4;3004;1501;+523400;+111000;+523451;+111017
2005;5;5;15;+375400;+132400;+375432;+132415
2014;53;53;115;+534700;+150300;+534720;+150325
2012;4;3004;302;+515100;+102400;+515123;+102447
2016;4;3204;503;+514100;+071500;+514111;+071538
2004;4;3104;1302;+534000;+120300;+534029;+120331
1994;1;1;94;+465800;+062700;+465834;+062742
2011;4;3104;1302;+534000;+120300;+534029;+120331
1998;4;3604;1405;+511400;+134900;+511431;+134908
2006;4;2704;1205;+514700;+133300;+514754;+133350
2013;53;53;122;+534600;+190200;+534623;+190251
2015;51;51;1;+475300;+195700;+475331;+195731
2010;4;2904;911;+485800;+125200;+485834;+125252
2011;5;5;9;+424900;+115400;+424950;+115410
2008;4;3004;604;+500900;+092300;+500910;+092345
1999;4;2904;901;+492400;+111900;+492449;+111918
2010;5;5;22;+411400;+130400;+411409;+130449
2005;5;5;11;+431700;+130400;+431738;+130424
2000;1;1;55;+445500;+051700;+445504;+051746
2008;53;53;317;+514900;+154700;+514937;+154735
2009;4;3004;604;+500900;+092300;+500910;+092345
2003;50;50;16;+470900;+090400;+470954;+090401
2001;5;5;11;+431700;+130400;+431738;+130424
2003;51;51;14;+474000;+163000;+474007;+163011
2018;4;3104;1302;+534000;+120300;+534029;+120331
2015;4;3004;604;+500900;+092300;+500910;+092345
1996;2;102;18;+505800;+025700;+505815;+025735
2013;51;51;1;+475300;+195700;+475331;+195731
2004;4;3604;1401;+502500;+123200;+502523;+123203
2005;4;2704;1206;+520800;+140000;+520817;+140042
2015;1;1;51;+425500;+011600;+425553;+011656
2003;53;53;621;+503300;+211500;+503301;+211510
1999;15;15;7;+661700;+292700;+661757;+292732
2008;53;53;605;+504200;+204600;+504240;+204630
2005;5;5;19;+454300;+065500;+454326;+065555
2013;53;53;119;+540300;+202400;+540300;+202400
2015;4;2904;920;+502700;+112100;+502754;+112112
2015;1;1;78;+481200;-013300;+481204;-013317
2007;4;2704;1101;+522800;+131300;+522823;+131330
2013;53;53;104;+531100;+142900;+531100;+142937
2016;4;3004;609;+504100;+083800;+504101;+083840
1999;50;50;11;+474100;+083200;+474101;+083208
2022;2;102;17;+505900;+041200;+505946;+041219
2013;53;53;417;+511400;+233000;+511415;+233045
2019;59;59;7;+574200;+263100;+574202;+263103
1998;53;53;609;+511000;+215200;+511020;+215224
2005;13;13;5803;+574200;+155500;+574233;+155550
2007;51;51;18;+465700;+193300;+465757;+193318
2014;53;53;620;+540900;+201000;+540901;+201001
2008;53;53;808;+492700;+221700;+492730;+221701
1997;1;1;33;+483400;-000400;+483429;-000405
2015;4;3004;301;+525000;+101500;+525022;+101559
2013;53;53;701;+505000;+152500;+505020;+152510
1995;1;1;79;+473900;+020500;+473914;+020541
2001;4;3004;305;+514500;+093400;+514553;+093447
2006;5;5;22;+415000;+133500;+415051;+133523
2023;4;3004;1502;+520300;+121800;+520314;+121841
2009;53;53;206;+534000;+212600;+534001;+212601
2009;53;53;203;+541600;+225000;+541640;+225000
2008;53;53;315;+515200;+153200;+515257;+153212
2008;53;53;601;+512000;+191600;+512010;+191610
2004;55;55;9;+592700;+095200;+592702;+095201
2000;15;15;7;+661700;+292700;+661757;+292732
2010;1;1;78;+481200;-013300;+481204;-013317
2009;59;59;6;+582100;+265800;+582138;+265831
2003;53;53;613;+504500;+184000;+504540;+184040
2003;53;53;402;+524300;+203600;+524330;+203600
2009;54;54;206;+483700;+190200;+483756;+190244
2020;67;67;2;+431700;+204800;+431730;+204850
1999;5;5;3;+382500;+161000;+382538;+161047
1998;53;53;315;+515200;+153200;+515257;+153212
1995;1;1;85;+485500;+072600;+485553;+072640
2015;1;1;50;+440700;+054800;+440752;+054800
2001;51;51;1;+475300;+195700;+475331;+195731
1996;1;1;64;+430100;+002600;+430136;+002612
2013;53;53;320;+514800;+163000;+514830;+163050
2013;53;53;215;+531700;+220300;+531710;+220310
2012;4;2704;1203;+525800;+133800;+525825;+133838
1999;53;53;620;+502900;+200700;+502912;+200731
2015;4;2904;914;+495800;+092700;+495837;+092735
1998;15;15;21;+661800;+292900;+661811;+292951
2008;53;53;817;+492900;+213700;+492920;+213700
2010;2;102;16;+505800;+034800;+505831;+034815
2008;4;3604;1402;+503800;+131800;+503820;+131808
2015;1;1;75;+474400;+002000;+474453;+002004
2005;1;1;19;+485200;+062900;+485218;+062902
2003;4;3004;306;+513100;+100200;+513142;+100248
1995;1;1;102;+465200;-020800;+465237;-020818
2008;4;3004;303;+515100;+102500;+515136;+102503
2013;53;53;610;+502300;+232700;+502330;+232750
2014;15;15;13;+603700;+235000;+603700;+235000
2005;1;1;10;+461000;+051400;+461017;+051422
2013;53;53;606;+513900;+210200;+513920;+210201
2015;1;1;76;+440100;+064000;+440130;+064016
1998;15;15;11;+615100;+241800;+615106;+241833
2009;58;58;2061;+494400;+125100;+494431;+125141
2000;13;13;6704;+595700;+123800;+595722;+123816
2004;4;3004;308;+531000;+095400;+531040;+095409
1999;4;3604;1406;+511100;+124900;+511104;+124932
1998;53;53;123;+532700;+192500;+532732;+192552
2001;51;51;18;+465700;+193300;+465757;+193318
2022;67;67;2;+431700;+204800;+431730;+204850
2013;53;53;506;+503800;+165600;+503830;+165630
2006;58;58;2161;+494000;+151300;+494031;+151347
1995;1;1;64;+430100;+002600;+430136;+002612
2017;4;3004;301;+525000;+101500;+525022;+101559
2003;53;53;107;+524400;+145200;+524445;+145220
2001;50;50;2;+464200;+074500;+464201;+074544
2014;5;5;3;+382500;+161000;+382538;+161047
2015;1;1;39;+463400;+055200;+463447;+055237
1995;55;55;11;+602200;+094400;+602219;+094432
2001;4;3604;1402;+503800;+131800;+503820;+131808
2020;4;2904;919;+482400;+113900;+482430;+113924
2001;15;15;13;+603700;+235000;+603700;+235000
2016;4;3004;305;+514500;+093400;+514553;+093447
2002;2;102;19;+511000;+051900;+511029;+051958
2001;51;51;16;+464900;+162400;+464920;+162415
2001;51;51;17;+463500;+164400;+463550;+164434
2023;67;67;3;+452700;+191000;+452717;+191028
2011;50;50;3;+471300;+072400;+471330;+072459
2019;58;58;2401;+492700;+182300;+492713;+182352
1999;5;5;20;+460300;+120100;+460326;+120156
2009;15;15;21;+661800;+292900;+661811;+292951
1994;4;3004;303;+515100;+102500;+515136;+102503
2013;53;53;319;+520000;+171900;+520010;+171950
2013;53;53;813;+494500;+194800;+494501;+194837
2019;4;3004;609;+504100;+083800;+504101;+083840
2019;4;3004;307;+525400;+075100;+525428;+075133
2000;4;2904;921;+494300;+095300;+494354;+095312
1998;4;3204;505;+511300;+084000;+511340;+084055
2015;1;1;55;+445500;+051700;+445504;+051746
1998;53;53;621;+503300;+211500;+503301;+211510
1994;1;1;9;+465800;+051400;+465813;+051436
2021;8;8;85;+554100;+122000;+554158;+122058
1997;1;1;100;+475600;+070700;+475601;+070731
1999;50;50;5;+462600;+084800;+462648;+084843
2005;5;5;20;+460300;+120100;+460326;+120156
2000;1;1;63;+430900;-003900;+430901;-003929
2014;4;3004;301;+525000;+101500;+525022;+101559
2001;50;50;9;+461600;+072600;+461606;+072609
2003;53;53;301;+534100;+164600;+534110;+164600
2013;53;53;508;+502600;+175700;+502600;+175740
2009;59;59;1;+593300;+260200;+593342;+260246
2017;4;3604;1402;+503800;+131800;+503820;+131804
2011;5;5;3;+382500;+161000;+382538;+161047
2000;1;1;9;+465800;+051400;+465813;+051436
1999;5;5;7;+454900;+131000;+454958;+131004
2001;4;2804;806;+480100;+075800;+480119;+075807
2021;51;51;17;+463500;+164400;+463550;+164434
2005;1;1;47;+481400;+070600;+481402;+070614
2000;8;8;35;+555700;+122100;+555716;+122110
2008;53;53;804;+493900;+222900;+493930;+222930
2020;5;5;31;+451200;+104400;+451203;+104408
2016;5;5;3;+382500;+161000;+382538;+161047
2004;4;2904;908;+494500;+122300;+494547;+122348
2004;4;3604;1406;+511100;+124900;+511104;+124932
2001;59;59;6;+582100;+265800;+582138;+265831
2007;4;3004;601;+503800;+094000;+503832;+094040
2008;53;53;108;+525200;+154300;+525245;+154315
2008;53;53;102;+544800;+175600;+544845;+175646
2024;4;3204;501;+514500;+060300;+514544;+060347
2014;58;58;2015;+504400;+153200;+504406;+153224
2014;4;3004;306;+513100;+100200;+513142;+100248
1994;1;1;14;+470400;+050400;+470458;+050430
2000;1;1;48;+491200;+030700;+491221;+030736
1993;4;3004;306;+513100;+100200;+513142;+100248
2003;53;53;607;+511200;+212300;+511220;+212320
2013;53;53;804;+493900;+222900;+493930;+222930
1998;53;53;610;+502300;+232700;+502330;+232750
2009;59;59;3;+580300;+260600;+580329;+260653
2003;4;3004;605;+503400;+081200;+503409;+081233
2000;58;58;2102;+495400;+143200;+495409;+143258
2013;50;50;19;+472800;+082100;+472842;+082152
2019;54;54;210;+492900;+183400;+492954;+183404
2001;50;50;15;+471600;+075300;+471626;+075312
1998;53;53;811;+493100;+185400;+493110;+185424
2014;4;3004;1502;+520300;+121800;+520314;+121841
2013;53;53;206;+534000;+212600;+534001;+212601
2009;58;58;2401;+492700;+182300;+492713;+182352
2003;53;53;315;+515200;+153200;+515257;+153212
2004;4;3604;1403;+504900;+140500;+504951;+140542
2019;53;53;506;+503800;+165600;+503830;+165630
2009;54;54;207;+491000;+201400;+491049;+201430
2003;53;53;611;+502600;+232400;+502650;+232412
2013;5;5;19;+454300;+065500;+454326;+065555
1997;1;1;59;+483000;+064200;+483035;+064223
2020;4;3004;609;+504100;+083800;+504101;+083840
2009;59;59;2;+593400;+260700;+593442;+260757
2000;4;2904;922;+474300;+114000;+474341;+114030
1999;53;53;121;+535900;+192600;+535901;+192601
2015;1;1;33;+483400;-000400;+483429;-000405
1998;4;3204;507;+504000;+061500;+504015;+061505
2001;5;5;20;+460300;+120100;+460326;+120156
2007;5;5;20;+460300;+120100;+460326;+120156
2013;5;5;16;+433000;+102600;+433034;+102619
2004;4;3104;1303;+533800;+135600;+533821;+135630
2008;53;53;608;+511300;+223900;+511342;+223942
2001;4;2704;1203;+525800;+133800;+525825;+133838
1996;4;3004;302;+515100;+102400;+515123;+102447
2001;15;15;7;+661700;+292700;+661757;+292732
1998;53;53;311;+523100;+145700;+523145;+145715
1996;1;1;95;+445600;+051900;+445653;+051950
1994;50;50;8;+463500;+063900;+463501;+063928
2002;15;15;7;+661700;+292700;+661757;+292732
2013;53;53;105;+525400;+152100;+525450;+152138
2003;53;53;604;+510500;+200900;+510510;+200930
2014;4;3004;604;+500900;+092300;+500910;+092345
2021;50;50;4;+462900;+095300;+462932;+095319
2005;5;5;5;+444300;+101200;+444306;+101213
2011;5;5;23;+455700;+100700;+455727;+100753
2024;58;58;2103;+491300;+141800;+491348;+141800
2023;4;3004;609;+504100;+083800;+504101;+083840
1988;2;102;14;+512400;+050300;+512407;+050315
2003;15;15;15;+603900;+260700;+603945;+260742
1998;53;53;105;+525400;+152100;+525450;+152138
2010;4;2904;922;+474300;+114000;+474341;+114030
1998;53;53;318;+521500;+161900;+521550;+161950
1999;4;3004;306;+513100;+100200;+513142;+100248
2010;5;5;23;+455700;+100700;+455727;+100753
2013;53;53;315;+515200;+153200;+515257;+153212
2024;15;15;12;+603900;+234800;+603900;+234800
2017;63;63;1;+424600;+234500;+424612;+234536
2024;58;58;2161;+494000;+151300;+494031;+151347
2017;4;3004;302;+515100;+102400;+515123;+102447
1996;58;58;511;+501100;+125300;+501136;+125346
2020;63;63;3;+420400;+234800;+420407;+234859
2005;51;51;3;+475100;+195800;+475146;+195801
2009;15;15;3;+675900;+241300;+675959;+241354
2016;4;3604;1404;+510700;+143300;+510714;+143303
2005;5;5;14;+392000;+083400;+392056;+083408
2002;5;5;3;+382500;+161000;+382538;+161047
1999;53;53;704;+504700;+161200;+504730;+161250
2019;53;53;701;+505000;+152500;+505020;+152510
2015;51;51;20;+475300;+195700;+475335;+195709
2014;63;63;4;+425400;+274500;+425441;+274546
2021;4;3704;1607;+504700;+113900;+504735;+113943
1998;53;53;210;+531200;+230900;+531230;+230930
2000;13;13;7005;+601600;+143000;+601659;+143049
2014;15;15;3;+675900;+241300;+675959;+241354
1995;58;58;541;+500600;+171200;+500608;+171240
1998;53;53;508;+502600;+175700;+502600;+175740
1999;53;53;503;+511800;+152500;+511850;+152530
2005;1;1;29;+485900;+074300;+485925;+074346
1997;1;1;101;+455800;-011600;+455859;-011625
2019;53;53;617;+502000;+193900;+502057;+193908
2010;4;3004;609;+504100;+083800;+504101;+083840
2019;53;53;117;+540500;+190900;+540510;+190938
2014;15;15;17;+614800;+291900;+614849;+291909
2011;4;3104;1303;+533800;+135600;+533821;+135630
2011;4;3704;1605;+503600;+104700;+503659;+104729
1988;2;102;17;+505900;+041200;+505946;+041219
2019;53;53;605;+504200;+204600;+504240;+204630
2019;53;53;211;+531200;+232100;+531240;+232150
2015;1;1;101;+455800;-011600;+455859;-011625
2007;2;102;12;+504700;+044200;+504742;+044220
2002;2;102;21;+504400;+042400;+504445;+042447
2013;4;3004;101;+540500;+101400;+540554;+101427
2000;58;58;2161;+494000;+151300;+494031;+151347
2000;1;1;16;+481000;-013200;+481041;-013201
2023;5;5;9;+424900;+115400;+424916;+115410
2004;4;2704;1206;+520800;+140000;+520817;+140042
2012;5;5;16;+433000;+102600;+433034;+102619
2016;4;3004;306;+513100;+100200;+513142;+100248
2018;67;67;4;+440700;+215800;+440755;+215838
2003;53;53;809;+493900;+190200;+493907;+190219
2007;2;102;20;+505600;+053600;+505619;+053624
2003;53;53;818;+492400;+215700;+492430;+215700
2017;4;2804;859;+483500;+083800;+483538;+083847
2010;4;3104;1302;+534000;+120300;+534029;+120331
2000;13;13;5803;+574200;+155500;+574233;+155550
2009;55;55;7;+611700;+115100;+611703;+115110
2003;53;53;105;+525400;+152100;+525450;+152138
2004;4;3604;1404;+510700;+143300;+510709;+143306
2010;4;2804;812;+484500;+092500;+484530;+092545
2006;5;5;30;+461900;+081600;+461958;+081650
2019;53;53;418;+503800;+234500;+503850;+234540
2023;4;3004;1503;+523400;+111100;+523446;+111109
2021;51;51;16;+464900;+162400;+464920;+162415
2005;1;1;72;+435600;-012000;+435637;-012054
2015;1;1;73;+440600;+000600;+440623;+000634
2011;4;3004;305;+514500;+093400;+514553;+093447
2008;53;53;112;+534800;+162100;+534840;+162120
2010;1;1;95;+445600;+051900;+445653;+051950
2015;1;1;54;+471100;+061600;+471131;+061641
2001;4;2804;810;+485200;+093400;+485257;+093448
1998;53;53;614;+510000;+190300;+510010;+190340
2024;5;5;12;+454000;+080400;+454055;+080402
2000;15;15;8;+662000;+292100;+662000;+292100
1994;1;1;10;+461000;+051400;+461017;+051422
2009;58;58;2102;+495400;+143200;+495409;+143258
2004;4;2704;1202;+530800;+125700;+530805;+125754
2005;1;1;36;+470500;+040500;+470535;+040510
2017;67;67;1;+450900;+194800;+450926;+194839
2015;1;1;36;+470500;+040500;+470535;+040510
2009;2;202;3;+494600;+052700;+494623;+052717
1999;4;3304;707;+491800;+075200;+491821;+075200
2015;63;63;1;+424600;+234500;+424612;+234536
2008;4;3004;304;+514500;+093400;+514541;+093441
2005;5;5;13;+414900;+155900;+414910;+155900
2006;4;3104;1303;+533800;+135600;+533821;+135630
2012;4;3604;1405;+511400;+134900;+511431;+134908
2015;1;1;69;+421500;+085000;+421556;+085049
1990;4;3004;306;+513100;+100200;+513142;+100248
2006;4;3004;304;+514500;+093400;+514541;+093441
2007;4;3604;1403;+504900;+140500;+504951;+140542
2011;5;5;28;+442400;+092700;+442410;+092730
2008;4;3004;306;+513100;+100200;+513142;+100248
2019;53;53;618;+504200;+191300;+504220;+191338
2014;64;64;5;+564400;+234100;+564436;+234144
2008;4;2904;911;+485800;+125200;+485834;+125252
2023;8;8;85;+554100;+122000;+554158;+122058
2015;1;1;7;+431200;-000200;+431213;-000217
1997;1;1;88;+481300;+064100;+481317;+064145
2009;54;54;204;+483800;+193200;+483824;+193222
2006;4;2704;1103;+522500;+133600;+522557;+133654
2005;1;1;12;+481700;+042700;+481754;+042736
2001;4;3004;304;+514500;+093400;+514541;+093441
1995;1;1;35;+455600;+042800;+455651;+042842
2008;53;53;101;+535300;+143000;+535305;+143011
2022;67;67;5;+434500;+192900;+434527;+192900
1998;4;2904;913;+485500;+114500;+485545;+114540
1998;53;53;507;+502300;+173300;+502310;+173340
1998;53;53;502;+511500;+152900;+511501;+152950
2017;67;67;5;+434500;+192900;+434527;+192900
2015;67;67;4;+440700;+215800;+440755;+215838
2003;53;53;318;+521500;+161900;+521550;+161950
2008;53;53;707;+501500;+165900;+501540;+165950
1998;15;15;5;+661900;+263800;+661958;+263830
2019;53;53;307;+531600;+193300;+531619;+193359
2014;5;5;16;+433000;+102600;+433034;+102619
2019;53;53;116;+543300;+181600;+543333;+181614
2023;8;8;34;+555700;+122100;+555719;+122111
2003;53;53;115;+543200;+175400;+543230;+175447
2019;53;53;319;+520000;+171900;+520010;+171950
2001;4;2804;808;+480000;+095700;+480052;+095758
2003;53;53;417;+511400;+233000;+511415;+233045
2000;1;1;51;+425500;+011600;+425553;+011656
1999;53;53;412;+522000;+223900;+522038;+223918
2017;4;2804;856;+480100;+075700;+480120;+075749
2018;4;3004;307;+525400;+075100;+525428;+075133
1999;55;55;10;+610000;+091300;+610010;+091322
2013;5;5;4;+402500;+152600;+402558;+152610
2004;54;54;208;+491100;+220500;+491141;+220541
1995;1;1;57;+440600;+033200;+440655;+033236
1995;1;1;18;+490200;+045700;+490200;+045738
2002;4;2704;1202;+530800;+125800;+530810;+125800
2008;53;53;618;+504200;+191300;+504220;+191338
2019;53;53;321;+523800;+173900;+523840;+173920
2024;4;3204;570;+504000;+061500;+504044;+061521
2014;58;58;561;+491500;+154200;+491552;+154201
2024;58;58;2181;+503800;+143600;+503821;+143655
1998;53;53;323;+515700;+171200;+515750;+171220
2014;58;58;2103;+491300;+141800;+491348;+141800
2000;4;3004;307;+525400;+075100;+525428;+075133
2013;53;53;207;+535800;+230700;+535835;+230750
2000;15;15;2;+675700;+240300;+675703;+240311
2003;4;2704;1205;+514700;+133300;+514754;+133350
2017;4;2804;862;+484500;+092500;+484529;+092516
2010;4;2904;906;+480700;+115500;+480721;+115502
1996;1;1;25;+474700;+002200;+474746;+002249
1998;53;53;410;+531100;+210500;+531101;+210501
2019;53;53;403;+522200;+195400;+522200;+195410
2013;53;53;416;+512900;+232100;+512906;+232152
2005;8;8;11;+561700;+082500;+561726;+082535
2014;53;53;511;+543300;+181600;+543333;+181614
2005;1;1;22;+492300;+021800;+492351;+021800
2001;4;2804;805;+474700;+074200;+474704;+074236
1998;53;53;818;+492400;+215700;+492430;+215700
2013;53;53;607;+511200;+212300;+511220;+212320
2000;4;2704;1101;+522800;+131300;+522823;+131330
2000;5;5;4;+402500;+152600;+402558;+152610
2013;67;67;1;+450900;+194800;+450926;+194839
2013;53;53;611;+502600;+232400;+502650;+232412
2003;53;53;407;+531800;+213700;+531840;+213740
1999;8;8;33;+555700;+122100;+555717;+122109
2014;5;5;11;+431700;+130400;+431738;+130424
2012;5;5;22;+411400;+130400;+411409;+130449
2009;15;15;17;+614800;+291900;+614849;+291909
2002;2;102;20;+505600;+053600;+505619;+053624
2014;53;53;116;+531100;+142900;+531100;+142937
1998;8;8;33;+555700;+122100;+555717;+122109
2019;15;15;19;+611400;+250300;+611434;+250355
2011;50;50;4;+462900;+095300;+462931;+095319
2008;53;53;319;+520000;+171900;+520010;+171950
2008;53;53;310;+523300;+151500;+523330;+151505
2014;15;15;5;+661900;+263800;+661958;+263830
2020;2;202;7;+493100;+053400;+493152;+053417
2012;4;3004;306;+513100;+100200;+513142;+100248
2005;1;1;6;+501000;+034500;+501016;+034516
2016;67;67;4;+440700;+215800;+440755;+215838
2008;53;53;815;+492500;+204900;+492543;+204946
2019;53;53;507;+502300;+173300;+502310;+173340
2014;58;58;2161;+494000;+151300;+494031;+151347
2015;1;1;3;+434400;-005000;+434419;-005032
1994;4;3004;305;+514500;+093400;+514553;+093447
2000;1;1;45;+432600;+022600;+432631;+022605
1997;1;1;43;+453500;+064700;+453512;+064723
2010;4;3004;1502;+520300;+121800;+520314;+121841
2009;4;3004;306;+513100;+100200;+513142;+100248
2003;2;202;3;+494600;+052700;+494623;+052717
1998;53;53;801;+494000;+185800;+494002;+185850
2000;4;2904;909;+495800;+114800;+495824;+114815
2000;4;2904;904;+473400;+125600;+473436;+125631
2019;53;53;614;+510000;+190300;+510010;+190340
2015;1;1;28;+480100;+060200;+480136;+060224
2005;4;2904;915;+475200;+104700;+475244;+104746
2019;54;54;204;+483800;+193200;+483824;+193222
1998;53;53;702;+505100;+153100;+505110;+153120
1999;4;2704;1201;+530600;+122500;+530604;+122543
2022;2;102;13;+504200;+041800;+504222;+041807
1998;53;53;118;+540500;+191200;+540523;+191217
2020;63;63;4;+425400;+274500;+425441;+274546
2000;1;1;2;+464900;+023400;+464933;+023427
1997;1;1;8;+475200;+061200;+475214;+061241
2014;67;67;1;+450900;+194800;+450926;+194839
2007;4;3004;1501;+523400;+111000;+523451;+111017
2019;67;67;2;+431700;+204800;+431730;+204850
2000;1;1;87;+484100;+014300;+484137;+014358
2019;53;53;627;+501600;+220700;+501640;+220730
2015;1;1;11;+464000;+024300;+464005;+024337
2003;53;53;707;+501500;+165900;+501540;+165950
1998;53;53;513;+503500;+182700;+503500;+182730
2009;4;2904;906;+480700;+115500;+480721;+115502
2015;1;1;68;+444200;+063300;+444218;+063342
2007;4;3004;101;+540500;+101400;+540554;+101427
2021;4;3604;1402;+503800;+131800;+503820;+131804
2003;51;51;15;+464900;+162400;+464924;+162417
2011;50;50;2;+464200;+074500;+464201;+074544
2017;4;3604;1403;+504900;+140500;+504986;+140569
2013;53;53;612;+503000;+232800;+503002;+232810
2009;4;3004;607;+505500;+092000;+505545;+092029
2014;15;15;20;+630900;+304200;+630935;+304217
2003;4;2704;1204;+521100;+123300;+521130;+123336
1998;53;53;706;+501900;+162500;+501940;+162530
2000;4;2704;1206;+520800;+140000;+520817;+140042
2021;51;51;15;+464900;+162400;+464924;+162417
2000;4;3004;306;+513100;+100200;+513142;+100248
2022;63;63;5;+414100;+244400;+414134;+244417
2010;4;3004;303;+515100;+102500;+515136;+102503
2024;4;3004;302;+515100;+102400;+515123;+102447
2009;15;15;1;+693500;+285300;+693502;+285338
2003;53;53;705;+501600;+163800;+501650;+163800
2019;53;53;318;+521500;+161900;+521550;+161950
2002;4;3004;304;+514500;+093400;+514541;+093441
2003;15;15;18;+604200;+275100;+604200;+275100
1998;4;3304;701;+494100;+070100;+494152;+070138
1997;50;50;11;+474100;+083200;+474101;+083208
1996;4;3004;303;+515100;+102500;+515136;+102503
2009;5;5;11;+431700;+130400;+431738;+130424
2008;53;53;407;+531800;+213700;+531840;+213740
2011;5;5;13;+414900;+155900;+414910;+155900
2008;53;53;626;+500400;+204800;+500421;+204846
2005;1;1;96;+452500;+060700;+452517;+060753
2019;67;67;3;+452700;+191000;+452717;+191028
2008;53;53;109;+530700;+160200;+530740;+160240
2018;67;67;2;+431700;+204800;+431730;+204850
2003;2;102;14;+512400;+050300;+512407;+050315
2005;1;1;67;+480600;+061400;+480621;+061450
1995;1;1;22;+492300;+021800;+492351;+021800
2006;58;58;2163;+490100;+145800;+490139;+145853
2003;50;50;11;+474100;+083200;+474101;+083208
1996;2;102;15;+511800;+043100;+511828;+043111
2010;1;1;93;+425200;+020600;+425202;+020604
2016;4;3604;1401;+502500;+123200;+502541;+123200
2016;67;67;2;+431700;+204800;+431730;+204850
2017;4;3004;1503;+523400;+111100;+523446;+111109
2010;5;5;21;+415400;+142100;+415409;+142100
1998;50;50;13;+472300;+081300;+472358;+081336
2003;53;53;405;+520100;+210600;+520100;+210600
1995;1;1;33;+483400;-000400;+483429;-000405
1997;7;7;1;+530600;-061400;+530620;-061428
2019;53;53;103;+534700;+150300;+534720;+150325
2005;5;5;3;+382500;+161000;+382538;+161047
2008;53;53;110;+534600;+152900;+534610;+152915
2017;4;2704;1203;+525800;+133800;+525822;+133838
2005;5;5;7;+454900;+131000;+454958;+131004
1996;50;50;14;+461700;+075100;+461748;+075129
2001;51;51;10;+472000;+210500;+472029;+210542
2003;15;15;24;+622700;+213100;+622758;+213123
2012;5;5;10;+461400;+093300;+461416;+093316
1999;55;55;9;+592700;+095200;+592702;+095201
2012;5;5;21;+415400;+142100;+415409;+142100
2005;4;2904;916;+473400;+102300;+473428;+102307
1998;53;53;208;+535400;+231900;+535444;+231951
1996;1;1;90;+442900;+062700;+442925;+062733
2003;53;53;114;+541200;+171300;+541200;+171330
1998;53;53;509;+503200;+174200;+503220;+174240
2013;4;3004;610;+493800;+085000;+493837;+085013
1999;50;50;2;+464200;+074500;+464201;+074544
2007;4;3604;1406;+511100;+124900;+511104;+124932
1995;1;1;5;+490100;+054600;+490121;+054601
2012;5;5;3;+382500;+161000;+382538;+161047
2003;4;3004;604;+500900;+092300;+500910;+092345
2009;58;58;2341;+494200;+170800;+494233;+170811
2000;1;1;20;+490000;+072700;+490059;+072745
2006;5;5;7;+454900;+131000;+454958;+131004
1998;53;53;305;+531800;+165000;+531850;+165000
2003;15;15;1;+693500;+285300;+693502;+285338
2019;51;51;17;+463500;+164400;+463550;+164434
2017;4;2704;1208;+520900;+142900;+520954;+142951
2011;4;3004;301;+525000;+101500;+525022;+101559
2007;4;2904;919;+482400;+113900;+482430;+113924
2022;4;3004;308;+531000;+095400;+531040;+095409
1998;15;15;1;+693500;+285300;+693502;+285338
2012;2;102;16;+505800;+034800;+505831;+034815
2024;15;15;3;+675900;+241300;+675959;+241354
1997;7;7;3;+523200;-070200;+523204;-070231
2004;54;54;209;+493000;+183400;+493002;+183414
2011;5;5;26;+434400;+113400;+434418;+113422
2008;53;53;303;+535600;+180500;+535616;+180540
2018;4;3004;301;+525000;+101500;+525022;+101559
1998;15;15;22;+694400;+265700;+694422;+265713
2016;4;3604;1403;+504900;+140500;+504986;+140569
1999;50;50;1;+470200;+084200;+470255;+084245
1998;53;53;626;+500400;+204800;+500421;+204846
2019;15;15;20;+630900;+304200;+630935;+304217
1995;1;1;56;+475000;-033200;+475016;-033234
2003;53;53;516;+501400;+181900;+501420;+181920
2008;5;5;16;+433000;+102600;+433034;+102619
2011;67;67;2;+431700;+204800;+431730;+204850
2024;58;58;2401;+492700;+182300;+492713;+182352
1998;15;15;19;+611400;+250300;+611434;+250355
2019;54;54;206;+483700;+190200;+483756;+190244
2019;4;3604;1402;+503800;+131800;+503820;+131804
2011;50;50;6;+460700;+090000;+460730;+090028
2016;4;3004;604;+500900;+092300;+500910;+092345
2023;4;3004;302;+515100;+102400;+515123;+102447
2012;2;102;14;+512400;+050300;+512407;+050315
2023;5;5;3;+382500;+161000;+382538;+161047
2001;59;59;2;+593400;+260700;+593442;+260757
1998;4;2904;919;+482400;+113900;+482430;+113924
2008;4;3004;606;+512200;+091600;+512216;+091604
2004;5;5;9;+424900;+115400;+424950;+115410
2001;51;51;6;+473300;+192300;+473351;+192339
2006;5;5;2;+403600;+155200;+403638;+155225
2015;1;1;83;+452400;+034100;+452421;+034144
2010;5;5;13;+414900;+155900;+414910;+155900
2010;4;2804;806;+480100;+075800;+480118;+075806
2010;4;3304;704;+502400;+074300;+502421;+074351
2004;54;54;201;+481200;+182300;+481245;+182316
2011;50;50;7;+461300;+061700;+461347;+061727
2005;1;1;101;+455800;-011600;+455859;-011625
1998;53;53;707;+501500;+165900;+501540;+165950
2015;4;3004;304;+514500;+093400;+514541;+093441
2000;1;1;32;+432600;+024200;+432654;+024256
2008;53;53;508;+502600;+175700;+502600;+175740
2013;53;53;816;+492000;+205000;+492049;+205005
2000;4;3004;305;+514500;+093400;+514553;+093447
2006;4;3604;1406;+511100;+124900;+511104;+124932
1995;1;1;19;+485200;+062900;+485218;+062902
2005;1;1;39;+463400;+055200;+463447;+055237
2015;4;2904;919;+482400;+113900;+482430;+113924
1997;50;50;4;+462900;+095300;+462931;+095319
2015;1;1;18;+490200;+045700;+490200;+045738
2000;4;2804;804;+481700;+083900;+481749;+083946
1999;8;8;24;+550800;+085300;+550830;+085308
1998;53;53;212;+524000;+234300;+524030;+234320
2008;53;53;203;+541600;+225000;+541640;+225000
2012;4;3004;609;+504100;+083800;+504101;+083840
1999;53;53;803;+495100;+223600;+495158;+223619
2008;53;53;402;+524300;+203600;+524330;+203600
2001;51;51;12;+473900;+162900;+473920;+162903
2001;5;5;10;+461400;+093300;+461416;+093316
2022;4;2704;1207;+530900;+125900;+530912;+125918
2006;4;3704;1609;+502900;+112900;+502954;+112955
2013;53;53;502;+511500;+152900;+511501;+152950
2015;1;1;56;+475000;-033200;+475016;-033234
2000;4;2704;1205;+514700;+133300;+514754;+133350
1998;4;2704;1203;+525800;+133800;+525825;+133838
2002;4;3004;306;+513100;+100200;+513142;+100248
2010;1;1;84;+485100;+074200;+485101;+074239
2008;53;53;318;+521500;+161900;+521550;+161950
2019;53;53;707;+501500;+165900;+501540;+165950
2006;5;5;19;+454300;+065500;+454326;+065555
2002;4;3604;1401;+502500;+123200;+502523;+123203
2001;15;15;12;+603900;+234800;+603900;+234800
1999;54;54;203;+485500;+192900;+485531;+192915
2008;53;53;805;+493700;+222800;+493750;+222850
2003;53;53;102;+544800;+175600;+544845;+175646
2000;4;2804;809;+483600;+083800;+483608;+083828
2019;58;58;2341;+494200;+170800;+494233;+170811
2019;15;15;2;+675700;+240300;+675703;+240311
2003;53;53;514;+500500;+183900;+500525;+183942
2010;13;13;5751;+570600;+143300;+570648;+143308
2003;53;53;610;+502300;+232700;+502330;+232750
2000;58;58;511;+501100;+125300;+501136;+125346
1995;1;1;86;+492700;+004400;+492714;+004453
2019;53;53;106;+524600;+145400;+524656;+145408
2017;51;51;17;+463500;+164400;+463550;+164434
2015;4;3004;1501;+523400;+111000;+523451;+111017
2021;50;50;14;+461700;+075100;+461749;+075130
2012;67;67;1;+450900;+194800;+450926;+194839
2003;58;58;2015;+504400;+153200;+504406;+153224
2023;4;3004;307;+525400;+075100;+525428;+075133
2019;15;15;3;+675900;+241300;+675959;+241354
2010;13;13;7453;+641500;+194800;+641504;+194850
2010;4;3004;302;+515100;+102400;+515123;+102447
2009;58;58;2015;+504400;+153200;+504406;+153224
2010;13;13;6452;+580300;+120100;+580325;+120138
1998;4;2704;1101;+522800;+131300;+522823;+131330
1998;53;53;202;+541700;+230000;+541700;+230020
2021;50;50;8;+463500;+063900;+463501;+063929
2010;1;1;47;+481400;+070600;+481402;+070614
2008;53;53;322;+514600;+173400;+514603;+173431
2020;5;5;12;+454000;+080400;+454055;+080402
2011;5;5;20;+460300;+120100;+460326;+120156
2000;1;1;44;+461300;+062000;+461342;+062058
2003;53;53;416;+512900;+232100;+512906;+232152
2003;53;53;703;+510300;+155200;+510310;+155250
1995;58;58;551;+492700;+154600;+492723;+154639
2000;4;3604;1402;+503800;+131800;+503820;+131808
2011;4;3704;1606;+512000;+105100;+512005;+105155
2003;53;53;504;+512100;+163000;+512120;+163040
2005;1;1;69;+421500;+085000;+421556;+085049
2001;50;50;4;+462900;+095300;+462931;+095319
1998;50;50;6;+460700;+090000;+460730;+090028
2014;15;15;6;+662100;+264300;+662149;+264347
2015;1;1;77;+445100;+030300;+445140;+030330
2001;5;5;1;+415000;+133500;+415051;+133523
1999;53;53;510;+503600;+174100;+503640;+174130
2008;53;53;417;+511400;+233000;+511415;+233045
1995;58;58;521;+500200;+123700;+500236;+123730
2009;8;8;34;+555700;+122100;+555726;+122117
2013;53;53;621;+503300;+211500;+503301;+211510
2015;51;51;15;+464900;+162400;+464924;+162417
2016;4;3004;302;+515100;+102400;+515123;+102447
2004;55;55;19;+602200;+110400;+602219;+110439
2015;1;1;10;+461000;+051400;+461017;+051422
2005;1;1;88;+481300;+064100;+481317;+064145
1998;53;53;627;+501600;+220700;+501640;+220730
1996;50;50;5;+462600;+084800;+462648;+084843
2003;53;53;507;+502300;+173300;+502310;+173340
2008;53;53;211;+531200;+232100;+531240;+232150
2011;5;5;4;+402500;+152600;+402558;+152610
1998;55;55;8;+603600;+063100;+603606;+063124
2021;50;50;2;+464200;+074500;+464201;+074544
2013;53;53;412;+522900;+193600;+522900;+193600
2003;50;50;13;+472300;+081300;+472358;+081336
2004;5;5;1;+415000;+133500;+415051;+133523
2006;59;59;3;+580300;+260600;+580329;+260653
2003;5;5;20;+460300;+120100;+460326;+120156
2000;1;1;19;+485200;+062900;+485218;+062902
2023;4;3004;604;+500900;+092300;+500910;+092345
2013;53;53;318;+521500;+161900;+521550;+161950
2019;53;53;121;+535900;+192600;+535901;+192601
2000;1;1;23;+483100;+004000;+483123;+004048
2022;2;102;16;+505800;+034800;+505831;+034815
2014;4;3004;1501;+523400;+111000;+523451;+111017
2005;1;1;64;+430100;+002600;+430136;+002612
1997;59;59;5;+580700;+270300;+580731;+270312
2019;67;67;4;+440700;+215800;+440755;+215838
2006;5;5;16;+433000;+102600;+433034;+102619
1995;50;50;7;+461300;+061700;+461347;+061727
2011;4;3004;606;+512200;+091600;+512216;+091604
1995;1;1;9;+465800;+051400;+465813;+051436
2019;53;53;115;+543200;+175400;+543230;+175447
2020;67;67;3;+452700;+191000;+452717;+191028
2014;5;5;5;+444300;+101200;+444306;+101213
2019;53;53;615;+501200;+192400;+501202;+192438
2013;53;53;614;+510000;+190300;+510010;+190340
1999;8;8;25;+550800;+085300;+550827;+085304
2003;53;53;601;+512000;+191600;+512010;+191610
2016;4;3204;508;+514200;+085900;+514226;+085929
2003;2;202;4;+501400;+055900;+501415;+055920
1996;2;102;16;+505800;+034800;+505831;+034815
2020;55;55;19;+602200;+110400;+602219;+110439
2020;4;3004;304;+514500;+093400;+514541;+093441
1998;4;3004;302;+515100;+102400;+515123;+102447
2007;4;3604;1404;+510700;+143300;+510709;+143306
2014;53;53;503;+541200;+171300;+541200;+171330
2005;51;51;1;+475300;+195700;+475331;+195731
2015;1;1;42;+470000;+040700;+470033;+040706
2022;2;102;18;+505800;+025700;+505815;+025735
2008;53;53;418;+503800;+234500;+503850;+234540
2010;4;3604;1401;+502500;+123200;+502523;+123203
2009;2;202;7;+493100;+053400;+493152;+053417
2019;53;53;312;+524800;+162500;+524840;+162530
2008;53;53;104;+531100;+142900;+531100;+142937
2022;4;3004;101;+540500;+101400;+540554;+101427
2000;58;58;2103;+491300;+141800;+491348;+141800
2008;53;53;309;+525900;+191400;+525952;+191444
1998;4;3304;704;+502400;+074300;+502421;+074351
2004;4;3004;306;+513100;+100200;+513142;+100248
2004;5;5;11;+431700;+130400;+431738;+130424
1998;53;53;813;+494500;+194800;+494501;+194837
2009;8;8;74;+552200;+113300;+552252;+113341
2019;53;53;302;+534900;+175100;+534929;+175132
2020;2;202;5;+503500;+060600;+503514;+060606
2004;4;3004;307;+525400;+075100;+525428;+075133
2017;4;3604;1405;+511400;+134900;+511454;+134909
2008;53;53;810;+493600;+190500;+493646;+190527
2024;5;5;20;+460300;+120100;+460326;+120156
1996;2;102;22;+505800;+034800;+505833;+034816
1998;50;50;2;+464200;+074500;+464201;+074544
2015;1;1;41;+454500;+025700;+454520;+025758
2008;4;3604;1406;+511100;+124900;+511104;+124932
2001;4;2704;1103;+522500;+133600;+522557;+133654
1999;8;8;21;+550800;+085300;+550829;+085306
1996;1;1;67;+480600;+061400;+480621;+061450
2024;4;3204;510;+514500;+060200;+514521;+060242
1995;1;1;91;+444200;+035700;+444236;+035757
2003;51;51;18;+465700;+193300;+465757;+193318
2001;4;3104;1303;+533800;+135600;+533821;+135630
1999;50;50;15;+471600;+075300;+471626;+075312
1996;1;1;44;+461300;+062000;+461342;+062058
2009;54;54;211;+482300;+190000;+482322;+190042
2014;63;63;3;+420400;+234800;+420407;+234859
1999;4;2904;906;+480700;+115500;+480721;+115502
2013;53;53;513;+503500;+182700;+503500;+182730
2011;5;5;24;+455300;+092300;+455347;+092318
2005;4;2904;905;+490700;+103500;+490700;+103520
2019;4;3004;303;+515100;+102500;+515136;+102503
2000;1;1;97;+465000;+054700;+465033;+054718
2016;5;5;5;+444300;+101200;+444306;+101213
2008;53;53;812;+493900;+201500;+493907;+201524
1997;1;1;16;+481000;-013200;+481041;-013201
1999;64;64;3;+561300;+210700;+561320;+210750
2000;8;8;32;+555700;+122100;+555722;+122113
2013;53;53;407;+531800;+213700;+531840;+213740
2017;67;67;2;+431700;+204800;+431730;+204850
2019;53;53;306;+533600;+165700;+533620;+165701
2015;1;1;67;+480600;+061400;+480621;+061450
2022;4;3004;610;+493800;+085000;+493837;+085013
1995;1;1;39;+463400;+055200;+463447;+055237
2010;5;5;24;+455300;+092300;+455347;+092318
2007;4;3104;1302;+534000;+120300;+534029;+120331
1991;55;55;1;+582300;+081400;+582302;+081424
2015;1;1;87;+484100;+014300;+484137;+014358
2015;1;1;74;+440200;-000000;+440246;-000002
1995;1;1;2;+464900;+023400;+464933;+023427
2006;5;5;20;+460300;+120100;+460326;+120156
2003;53;53;510;+503600;+174100;+503640;+174130
2003;51;51;13;+473900;+163100;+473957;+163104
2000;4;3604;1401;+502500;+123200;+502523;+123203
2007;2;102;15;+511800;+043100;+511828;+043111
2001;4;2704;1205;+514700;+133300;+514754;+133350
2013;53;53;311;+523100;+145700;+523145;+145715
2003;53;53;109;+530700;+160200;+530740;+160240
2020;4;2904;906;+480700;+115500;+480721;+115502
1995;1;1;88;+481300;+064100;+481317;+064145
1995;1;1;42;+470000;+040700;+470033;+040706
2012;4;3004;606;+512200;+091600;+512216;+091604
1995;4;3004;308;+531000;+095400;+531040;+095409
1999;4;3304;704;+502400;+074300;+502421;+074351
2003;5;5;4;+402500;+152600;+402558;+152610
2012;5;5;15;+375400;+132400;+375432;+132415
2008;53;53;116;+543300;+181600;+543333;+181614
2007;51;51;20;+475300;+195700;+475335;+195709
2010;63;63;1;+424600;+234500;+424612;+234536
2002;4;2704;1201;+530600;+122500;+530610;+122540
2019;53;53;118;+540500;+191200;+540523;+191217
2010;1;1;55;+445500;+051700;+445504;+051746
2013;53;53;702;+505100;+153100;+505110;+153120
2005;51;51;17;+463500;+164400;+463550;+164434
2009;4;3004;301;+525000;+101500;+525022;+101559
2009;15;15;12;+603900;+234800;+603900;+234800
2008;53;53;706;+501900;+162500;+501940;+162530
2015;1;1;57;+440600;+033200;+440655;+033236
2020;4;2904;923;+481700;+110400;+481724;+110419
2014;53;53;107;+535300;+143000;+535305;+143011
2010;7;7;11;+534500;-093300;+534551;-093344
2006;4;2704;1102;+522800;+131300;+522820;+131336
2019;53;53;305;+531800;+165000;+531850;+165000
2003;53;53;321;+523800;+173900;+523840;+173920
2014;59;59;1;+593300;+260200;+593342;+260246
2006;4;3604;1405;+511400;+134900;+511431;+134908
1995;50;50;3;+471300;+072400;+471330;+072459
2009;54;54;208;+491100;+220500;+491141;+220541
2011;4;3004;609;+504100;+083800;+504101;+083840
2015;1;1;61;+491000;+050000;+491015;+050017
1998;15;15;2;+675700;+240300;+675703;+240311
2008;53;53;802;+494500;+214900;+494520;+214900
2015;4;2904;908;+494500;+122300;+494547;+122348
2003;53;53;311;+523100;+145700;+523145;+145715
2000;1;1;96;+452500;+060700;+452517;+060753
2015;1;1;86;+492700;+004400;+492714;+004453
2019;4;3004;304;+514500;+093400;+514541;+093441
2005;4;3604;1402;+503800;+131800;+503820;+131808
2013;53;53;809;+493900;+190200;+493907;+190219
2008;53;53;213;+525100;+234000;+525105;+234030
2024;15;15;1;+693500;+285300;+693502;+285338
2024;58;58;2061;+494400;+125100;+494431;+125141
2003;53;53;701;+505000;+152500;+505020;+152510
2011;5;5;18;+432700;+122700;+432757;+122757
2008;53;53;210;+531200;+230900;+531230;+230930
2011;4;3604;1402;+503800;+131800;+503820;+131808
1996;4;3004;305;+514500;+093400;+514553;+093447
2009;53;53;312;+524800;+162500;+524840;+162530
2008;53;53;619;+504300;+201800;+504306;+201802
2005;4;3004;308;+531000;+095400;+531040;+095409
2016;5;5;20;+460300;+120100;+460326;+120156
2002;2;102;11;+510400;+030200;+510411;+030214
2009;4;3004;307;+525400;+075100;+525428;+075133
2022;2;102;20;+505600;+053600;+505619;+053624
1998;4;3304;702;+502500;+070500;+502558;+070527
2003;51;51;1;+475300;+195700;+475331;+195731
2015;2;202;8;+500600;+041600;+500654;+041644
2007;4;3004;307;+525400;+075100;+525428;+075133
1994;1;1;43;+453500;+064700;+453512;+064723
2019;53;53;123;+532700;+192500;+532732;+192552
2002;15;15;3;+675900;+241300;+675959;+241354
2015;1;1;49;+461100;+025900;+461137;+025954
2013;53;53;210;+531200;+230900;+531230;+230930
1998;8;8;25;+550800;+085300;+550827;+085304
2010;1;1;25;+474700;+002200;+474746;+002249
2009;58;58;521;+500200;+123700;+500236;+123730
1997;59;59;4;+580300;+260600;+580336;+260656
2013;53;53;510;+503600;+174100;+503640;+174130
2001;4;2904;911;+485800;+125200;+485834;+125252
1998;4;2904;906;+480700;+115500;+480721;+115502
2015;1;1;2;+464900;+023400;+464933;+023427
2009;4;3004;101;+540500;+101400;+540554;+101427
2003;53;53;706;+501900;+162500;+501940;+162530
2019;53;53;502;+511500;+152900;+511501;+152950
2021;4;2804;802;+492700;+084500;+492742;+084514
2005;1;1;11;+464000;+024300;+464005;+024337
2003;2;202;5;+503500;+060600;+503514;+060606
2003;53;53;608;+511300;+223900;+511342;+223942
2013;53;53;314;+524200;+185500;+524254;+185517
2014;4;3004;606;+512200;+091600;+512216;+091604
1998;15;15;30;+640700;+264100;+640727;+264147
2010;67;67;1;+450900;+194800;+450926;+194839
2000;13;13;2270;+630200;+172500;+630242;+172513
2015;1;1;26;+440200;+014400;+440244;+014456
2003;4;2904;911;+485800;+125200;+485834;+125252
1999;4;3004;305;+514500;+093400;+514553;+093447
2003;15;15;30;+640700;+264100;+640727;+264147
1999;53;53;116;+543300;+181600;+543333;+181614
2000;1;1;75;+474400;+002000;+474453;+002004
2008;5;5;19;+454300;+065500;+454326;+065555
2001;51;51;9;+465700;+193200;+465746;+193252
2000;5;5;6;+440600;+110700;+440631;+110700
1998;53;53;215;+531700;+220300;+531710;+220310
2010;5;5;19;+454300;+065500;+454326;+065555
2009;4;3004;1502;+520300;+121800;+520314;+121841
1996;4;2804;801;+484800;+082300;+484849;+082354
2003;53;53;501;+512200;+154100;+512200;+154100
2008;53;53;411;+524600;+224000;+524625;+224050
2017;2;102;16;+505800;+034800;+505831;+034815
1998;4;3204;506;+510100;+081100;+510115;+081104
1997;1;1;32;+432600;+024200;+432654;+024256
2014;4;3604;1401;+502500;+123200;+502541;+123200
2000;1;1;90;+442900;+062700;+442925;+062733
2010;4;3604;1403;+504900;+140500;+504951;+140542
2004;55;55;7;+611700;+115100;+611703;+115110
2001;59;59;7;+574200;+263100;+574202;+263103
1997;1;1;52;+491000;-005100;+491057;-005123
2010;4;3604;1402;+503800;+131800;+503820;+131808
2001;4;2804;811;+493100;+091000;+493141;+091028
2013;4;3604;1404;+510700;+143300;+510714;+143303
2004;5;5;3;+382500;+161000;+382538;+161047
1998;53;53;512;+504800;+181000;+504800;+181040
2000;1;1;62;+491900;+025200;+491927;+025234
1999;53;53;322;+514600;+173400;+514603;+173431
2005;1;1;27;+463700;+002900;+463738;+002944
2010;5;5;7;+454900;+131000;+454958;+131004
2017;4;3004;608;+510900;+090100;+510928;+090150
1995;1;1;43;+453500;+064700;+453512;+064723
2013;53;53;401;+530700;+194700;+530701;+194701
2019;53;53;114;+541200;+171300;+541200;+171330
2015;67;67;5;+434500;+192900;+434527;+192900
2009;4;2904;913;+485500;+114500;+485545;+114540
2011;4;3704;1608;+505600;+110100;+505617;+110140
2000;8;8;12;+561700;+082500;+561725;+082542
2007;4;2704;1205;+514700;+133300;+514754;+133350
2005;1;1;4;+472700;-000100;+472722;-000152
2005;5;5;16;+433000;+102600;+433034;+102619
2000;58;58;2029;+503300;+155700;+503339;+155723
2008;53;53;312;+524800;+162500;+524840;+162530
2004;54;54;207;+491000;+201400;+491049;+201430
2021;50;50;5;+462600;+084800;+462648;+084844
2001;4;3604;1401;+502500;+123200;+502523;+123203
2019;53;53;104;+531100;+142900;+531100;+142937
2010;13;13;6852;+595400;+151400;+595428;+151430
2014;58;58;2251;+501700;+162300;+501737;+162327
2019;50;50;16;+470900;+090400;+470954;+090401
2001;5;5;9;+424900;+115400;+424950;+115410
1998;15;15;18;+604200;+275100;+604200;+275100
2021;4;2804;852;+492800;+084400;+492803;+084439
2000;13;13;6309;+570200;+124800;+570224;+124800
1995;1;1;63;+430900;-003900;+430901;-003929
2019;4;3004;101;+540500;+101400;+540554;+101427
2010;13;13;7251;+635100;+180600;+635144;+180655
2016;4;3204;506;+510100;+081100;+510115;+081104
2005;4;2904;911;+485800;+125200;+485834;+125252
2014;53;53;703;+535900;+192600;+535901;+192601
1999;8;8;14;+561700;+082500;+561729;+082542
2000;1;1;101;+455800;-011600;+455859;-011625
1999;8;8;13;+561700;+082500;+561743;+082539
2019;53;53;407;+531800;+213700;+531840;+213740
2013;53;53;412;+522000;+223900;+522038;+223918
2003;51;51;9;+465700;+193200;+465746;+193252
1998;4;2704;1202;+530800;+125700;+530805;+125754
2003;53;53;401;+530700;+194700;+530701;+194701
1999;53;53;612;+503000;+232800;+503002;+232810
2019;4;3004;604;+500900;+092300;+500910;+092345
1996;4;3004;307;+525400;+075100;+525428;+075133
2015;1;1;23;+483100;+004000;+483123;+004048
2013;53;53;516;+501400;+181900;+501420;+181920
2015;51;51;3;+475100;+195800;+475146;+195801
2019;53;53;514;+500500;+183900;+500525;+183942
2009;4;3104;1302;+534000;+120300;+534029;+120331
1997;1;1;67;+480600;+061400;+480621;+061450
2019;53;53;621;+503300;+211500;+503301;+211510
2021;4;2804;808;+480000;+095700;+480050;+095753
2019;53;53;314;+524200;+185500;+524254;+185517
2003;51;51;17;+463500;+164400;+463550;+164434
2010;5;5;28;+442400;+092700;+442410;+092730
2008;53;53;505;+505300;+173800;+505350;+173840
2019;58;58;2103;+491300;+141800;+491348;+141800
2012;4;3004;101;+540500;+101400;+540554;+101427
2022;4;3604;1405;+511400;+134900;+511454;+134909
2020;4;2904;907;+495100;+103100;+495118;+103145
2008;4;3104;1302;+534000;+120300;+534029;+120331
1998;53;53;403;+522200;+195400;+522200;+195410
2000;1;1;66;+432400;+021000;+432438;+021040
2003;53;53;322;+514600;+173400;+514603;+173431
1995;1;1;70;+473900;+020500;+473936;+020558
2005;5;5;4;+402500;+152600;+402558;+152610
1995;1;1;77;+445100;+030300;+445140;+030330
2012;5;5;30;+461600;+081400;+461638;+081404
1998;53;53;805;+493700;+222800;+493750;+222850
2003;51;51;2;+475300;+195700;+475338;+195705
2019;53;53;808;+492700;+221700;+492730;+221701
2016;4;3704;1607;+504700;+113900;+504738;+113951
1999;5;5;8;+462900;+133500;+462928;+133536
1998;4;2904;901;+492400;+111900;+492449;+111918
2015;4;3604;1405;+511400;+134900;+511454;+134909
2014;59;59;7;+574200;+263100;+574202;+263103
2012;5;5;11;+431700;+130400;+431738;+130424
2009;4;2704;1204;+521100;+123300;+521130;+123336
2003;53;53;111;+544000;+175900;+544057;+175917
2021;8;8;34;+555700;+122100;+555719;+122111
2003;53;53;320;+514800;+163000;+514830;+163050
1996;50;50;15;+471600;+075300;+471626;+075312
2000;5;5;9;+424900;+115400;+424950;+115410
2008;53;53;323;+515700;+171200;+515750;+171220
2005;58;58;561;+491500;+154200;+491552;+154201
2002;2;102;16;+505800;+034800;+505831;+034815
1998;53;53;611;+502600;+232400;+502650;+232412
2008;53;53;611;+502600;+232400;+502650;+232412
2007;51;51;9;+465700;+193200;+465746;+193252
2009;4;3604;1405;+511400;+134900;+511431;+134908
2006;58;58;561;+491500;+154200;+491552;+154201
2003;53;53;307;+531600;+193300;+531619;+193359
1997;50;50;13;+472300;+081300;+472358;+081336
2013;5;5;5;+444300;+101200;+444306;+101213
2008;53;53;625;+500300;+203400;+500319;+203416
2023;67;67;5;+434500;+192900;+434527;+192900
2000;58;58;521;+500200;+123700;+500236;+123730
2005;1;1;61;+491000;+050000;+491015;+050017
1998;55;55;6;+585800;+113100;+585852;+113131
1995;1;1;67;+480600;+061400;+480621;+061450
2003;2;102;15;+511800;+043100;+511828;+043111
1998;53;53;405;+520100;+210600;+520100;+210600
2013;53;53;617;+502000;+193900;+502057;+193908
2000;5;5;1;+415000;+133500;+415051;+133523
2010;4;2904;908;+494500;+122300;+494547;+122348
2002;5;5;1;+415000;+133500;+415051;+133523
2018;4;3604;1401;+502500;+123200;+502541;+123200
2005;4;3004;306;+513100;+100200;+513142;+100248
2013;55;55;1;+582300;+081400;+582302;+081424
1998;2;202;2;+501300;+053700;+501326;+053705
2018;4;3004;604;+500900;+092300;+500910;+092345
2024;58;58;2341;+494200;+170800;+494233;+170811
2007;2;102;11;+510400;+030200;+510411;+030214
2019;53;53;801;+494000;+185800;+494002;+185850
1998;53;53;604;+510500;+200900;+510510;+200930
2000;1;1;92;+425100;+012000;+425152;+012043
1999;55;55;2;+601500;+110600;+601507;+110643
1999;5;5;16;+433000;+102600;+433034;+102619
2021;8;8;101;+560400;+092000;+560423;+092004
2019;53;53;303;+535600;+180500;+535616;+180540
2007;4;2704;1206;+520800;+140000;+520817;+140042
2006;4;3604;1402;+503800;+131800;+503820;+131808
2019;53;53;504;+512100;+163000;+512120;+163040
2009;2;202;5;+503500;+060600;+503514;+060606
2000;5;5;3;+382500;+161000;+382538;+161047
2001;51;51;13;+473900;+163100;+473957;+163104
2011;5;5;29;+453100;+084200;+453129;+084234
2005;1;1;78;+481200;-013300;+481204;-013317
2003;53;53;815;+492500;+204900;+492543;+204946
2021;4;3004;302;+515100;+102400;+515123;+102447
2019;53;53;606;+513900;+210200;+513920;+210201
2009;58;58;2151;+490000;+144800;+490015;+144857
2005;4;2904;920;+502700;+112100;+502754;+112112
2014;53;53;317;+534600;+152900;+534610;+152915
2013;5;5;1;+415000;+133500;+415051;+133523
2010;4;3604;1404;+510700;+143300;+510709;+143306
1999;8;8;15;+561700;+082500;+561727;+082543
2003;53;53;112;+534800;+162100;+534840;+162120
2020;4;3004;301;+525000;+101500;+525022;+101559
1998;2;202;4;+501400;+055900;+501415;+055920
2003;5;5;1;+415000;+133500;+415051;+133523
1992;2;102;21;+504400;+042400;+504445;+042447
2010;1;1;101;+455800;-011600;+455859;-011625
2003;5;5;16;+433000;+102600;+433034;+102619
2007;4;2904;908;+494500;+122300;+494547;+122348
2003;53;53;412;+522000;+223900;+522038;+223918
2019;53;53;203;+541600;+225000;+541640;+225000
2011;5;5;31;+451200;+104400;+451203;+104408
2005;1;1;90;+442900;+062700;+442925;+062733
2021;50;50;13;+472300;+081300;+472356;+081336
1998;50;50;9;+461600;+072600;+461606;+072609
2010;1;1;86;+492700;+004400;+492714;+004453
2008;53;53;807;+490400;+225100;+490420;+225110
1997;50;50;8;+463500;+063900;+463501;+063928
2001;4;2704;1101;+522800;+131300;+522823;+131330
2008;55;55;8;+603600;+063100;+603606;+063124
2009;15;15;20;+630900;+304200;+630935;+304217
2016;4;3104;1302;+534000;+120300;+534029;+120331
2010;63;63;3;+420400;+234800;+420407;+234859
2006;4;3604;1401;+502500;+123200;+502523;+123203
1998;4;3204;502;+514300;+061000;+514348;+061021
2008;55;55;1;+582300;+081400;+582302;+081424
1999;54;54;206;+483700;+190200;+483756;+190244
2003;53;53;619;+504300;+201800;+504306;+201802
2009;4;2704;1203;+525800;+133800;+525825;+133838
2003;4;3104;1302;+534000;+120300;+534029;+120331
2002;5;5;20;+460300;+120100;+460326;+120156
2005;15;15;32;+662600;+264100;+662602;+264110
2023;4;3004;304;+514500;+093400;+514541;+093441
2000;1;1;102;+465200;-020800;+465237;-020818
2005;8;8;85;+554200;+122100;+554204;+122102
2012;4;3004;304;+514500;+093400;+514541;+093441
2005;1;1;20;+490000;+072700;+490059;+072745
2001;4;2904;906;+480700;+115500;+480721;+115502
2000;13;13;6110;+561500;+133200;+561511;+133202
2000;8;8;31;+555700;+122100;+555720;+122114
2003;53;53;101;+535300;+143000;+535305;+143011
2001;4;2704;1206;+520800;+140000;+520817;+140042
2019;54;54;208;+491100;+220500;+491141;+220541
2023;4;3004;306;+513100;+100200;+513142;+100248
2021;67;67;5;+434500;+192900;+434527;+192900
2019;53;53;311;+523100;+145700;+523145;+145715
2013;53;53;818;+492400;+215700;+492430;+215700
2019;53;53;105;+525400;+152100;+525450;+152138
1997;1;1;3;+434400;-005000;+434419;-005032
1995;50;50;1;+470200;+084200;+470255;+084245
2016;4;3004;308;+531000;+095400;+531040;+095409
2017;51;51;1;+475300;+195700;+475331;+195731
2013;53;53;106;+524600;+145400;+524656;+145408
2003;15;15;22;+694400;+265700;+694422;+265713
2012;4;3104;1303;+533800;+135600;+533821;+135630
2006;5;5;28;+442400;+092700;+442410;+092730
2009;2;202;8;+500600;+041600;+500654;+041644
2018;67;67;5;+434500;+192900;+434527;+192900
1997;7;7;15;+540800;-074000;+540815;-074043
2011;51;51;3;+475100;+195800;+475146;+195801
2019;4;3004;306;+513100;+100200;+513142;+100248
1996;9;9;1;+385000;+211800;+385051;+211820
2003;53;53;627;+501600;+220700;+501640;+220730
2005;1;1;84;+485100;+074200;+485101;+074239
1994;1;1;55;+445500;+051700;+445504;+051746
1998;53;53;402;+524300;+203600;+524330;+203600
2019;53;53;611;+502600;+232400;+502650;+232412
2004;15;15;33;+614900;+291800;+614901;+291843
2019;53;53;109;+530700;+160200;+530740;+160240
2021;51;51;21;+472900;+185100;+472925;+185123
2015;1;1;32;+432600;+024200;+432654;+024256
2001;59;59;3;+580300;+260600;+580329;+260653
2001;50;50;5;+462600;+084800;+462648;+084843
1995;1;1;89;+475600;+034300;+475657;+034305
2013;53;53;301;+534100;+164600;+534110;+164600
2015;1;1;46;+454800;+014800;+454800;+014855
2013;4;3004;1502;+520300;+121800;+520314;+121841
2015;1;1;59;+483000;+064200;+483035;+064223
2012;4;3004;604;+500900;+092300;+500910;+092345
2009;8;8;85;+554200;+122100;+554204;+122102
2006;5;5;26;+434400;+113400;+434418;+113422
2010;1;1;30;+482700;+024300;+482714;+024302
1994;1;1;76;+440100;+064000;+440130;+064016
2021;50;50;7;+461300;+061700;+461346;+061727
1999;53;53;201;+535100;+203200;+535150;+203250
2022;4;3004;609;+504100;+083800;+504101;+083840
2008;53;53;816;+492000;+205000;+492049;+205005
2009;2;202;1;+495700;+044900;+495722;+044959
2009;5;5;15;+375400;+132400;+375432;+132415
2008;53;53;208;+535400;+231900;+535444;+231951
2019;53;53;206;+534000;+212600;+534001;+212601
2013;67;67;2;+431700;+204800;+431730;+204850
2003;15;15;26;+615500;+231900;+615555;+231949
2003;15;15;3;+675900;+241300;+675959;+241354
2003;53;53;620;+502900;+200700;+502912;+200731
1992;55;55;8;+603600;+063100;+603606;+063124
2009;8;8;95;+562300;+092000;+562354;+092015
2015;1;1;82;+483600;-003000;+483654;-003025
2019;53;53;113;+540900;+170700;+540930;+170720
2005;4;2904;908;+494500;+122300;+494547;+122348
2012;5;5;8;+462900;+133500;+462922;+133536
2006;4;3704;1605;+503600;+104700;+503659;+104729
1995;1;1;45;+432600;+022600;+432631;+022605
2014;5;5;1;+415000;+133500;+415051;+133523
1999;4;3304;705;+491600;+074800;+491622;+074845
2007;4;2904;913;+485500;+114500;+485545;+114540
2015;51;51;16;+464900;+162400;+464920;+162415
1995;1;1;73;+440600;+000600;+440623;+000634
2005;1;1;86;+492700;+004400;+492714;+004453
2002;15;15;2;+675700;+240300;+675703;+240311
2012;4;2704;1204;+521100;+123300;+521130;+123336
1998;53;53;319;+520000;+171900;+520010;+171950
2024;4;3004;1502;+520300;+121800;+520314;+121841
2003;53;53;206;+534000;+212600;+534001;+212601
2021;50;50;11;+474100;+083200;+474101;+083208
2019;53;53;806;+491200;+224300;+491210;+224310
1997;1;1;55;+445500;+051700;+445504;+051746
2020;4;3104;1303;+533800;+135600;+533821;+135630
1998;15;15;13;+603700;+235000;+603700;+235000
2007;5;5;9;+424900;+115400;+424950;+115410
2013;53;53;310;+523300;+151500;+523330;+151505
1994;1;1;39;+463400;+055200;+463447;+055237
2007;4;2704;1102;+522800;+131300;+522820;+131336
2000;1;1;8;+475200;+061200;+475214;+061241
2010;1;1;59;+483000;+064200;+483035;+064223
1997;1;1;5;+490100;+054600;+490121;+054601
2005;4;2904;918;+491600;+122300;+491636;+122324
2013;53;53;307;+531600;+193300;+531619;+193359
1998;53;53;802;+494500;+214900;+494520;+214900
2006;4;2704;1202;+530800;+125700;+530805;+125754
1997;4;3004;306;+513100;+100200;+513142;+100248
2021;50;50;1;+470200;+084200;+470254;+084246
1998;8;8;35;+555700;+122100;+555716;+122110
2005;1;1;80;+473200;-014800;+473224;-014805
2014;53;53;209;+525200;+154300;+525245;+154315
2019;53;53;111;+544000;+175900;+544057;+175917
2018;4;3104;1303;+533800;+135600;+533821;+135630
2014;54;54;206;+483700;+190200;+483756;+190244
2005;1;1;24;+474100;+072800;+474133;+072806
2012;4;3004;1503;+523400;+111100;+523446;+111109
2003;2;202;1;+495700;+044900;+495722;+044959
2013;53;53;515;+501800;+182900;+501840;+182900
2019;53;53;401;+530700;+194700;+530701;+194701
1995;1;1;36;+470500;+040500;+470535;+040510
2019;58;58;2151;+490000;+144800;+490015;+144857
2005;4;3104;1303;+533800;+135600;+533821;+135630
2013;53;53;410;+531100;+210500;+531101;+210501
2005;1;1;53;+474800;+045100;+474850;+045118
2024;4;3004;101;+540500;+101400;+540554;+101427
1998;53;53;625;+500300;+203400;+500319;+203416
2005;1;1;60;+483800;+060400;+483857;+060404
2012;4;3604;1406;+511100;+124900;+511104;+124932
2000;58;58;2163;+490100;+145800;+490139;+145853
2008;53;53;623;+503000;+225600;+503057;+225623
2010;55;55;14;+592000;+054700;+592002;+054745
2018;4;3004;101;+540500;+101400;+540554;+101427
2006;5;5;24;+455300;+092300;+455347;+092318
2008;53;53;122;+534600;+190200;+534623;+190251
2002;5;5;11;+431700;+130400;+431738;+130424
2019;53;53;503;+511800;+152500;+511850;+152530
2013;53;53;303;+535600;+180500;+535616;+180540
1997;7;7;7;+523500;-074000;+523500;-074029
2007;4;3004;306;+513100;+100200;+513142;+100248
2000;1;1;67;+480600;+061400;+480621;+061450
2003;15;15;4;+672000;+263800;+672010;+263842
2021;51;51;3;+475100;+195800;+475146;+195801
2020;4;2904;921;+494300;+095300;+494354;+095312
2003;53;53;816;+492000;+205000;+492049;+205005
1997;7;7;9;+532900;-065100;+532955;-065145
2009;15;15;6;+662100;+264300;+662149;+264347
2017;2;102;18;+505800;+025700;+505815;+025735
2006;5;5;27;+463500;+112600;+463516;+112604
1998;50;50;14;+461700;+075100;+461748;+075129
2019;4;3604;1403;+504900;+140500;+504986;+140569
2024;4;3004;305;+514500;+093400;+514553;+093447
2014;53;53;804;+535100;+203200;+535150;+203250
1998;53;53;307;+531600;+193300;+531619;+193359
1995;1;1;26;+440200;+014400;+440244;+014456
2020;4;2904;911;+485800;+125200;+485834;+125252
2011;5;5;12;+454000;+080400;+454055;+080402
2016;4;3004;301;+525000;+101500;+525022;+101559
2013;53;53;505;+505300;+173800;+505350;+173840
2012;5;5;7;+454900;+131000;+454958;+131004
2012;5;5;4;+402500;+152600;+402558;+152610
1996;2;102;13;+504200;+041800;+504222;+041807
2009;5;5;31;+451200;+104400;+451203;+104408
2009;63;63;2;+430300;+274600;+430306;+274648
2013;53;53;608;+511300;+223900;+511342;+223942
2000;1;1;68;+444200;+063300;+444218;+063342
2002;4;3104;1302;+534000;+120300;+534029;+120331
1999;4;2904;919;+482400;+113900;+482430;+113924
2019;53;53;809;+493900;+190200;+493907;+190219
2022;4;3604;1401;+502500;+123200;+502541;+123200
2017;63;63;3;+420400;+234800;+420407;+234859
2007;4;3104;1303;+533800;+135600;+533821;+135630
2019;53;53;704;+504700;+161200;+504730;+161250
1995;1;1;95;+445600;+051900;+445653;+051950
1999;53;53;115;+543200;+175400;+543230;+175447
2001;50;50;13;+472300;+081300;+472358;+081336
2015;4;2904;913;+485500;+114500;+485545;+114540
2015;2;202;5;+503500;+060600;+503514;+060606
2003;4;3004;305;+514500;+093400;+514553;+093447
2014;15;15;19;+611400;+250300;+611434;+250355
1994;1;1;68;+444200;+063300;+444218;+063342
2020;5;5;3;+382500;+161000;+382538;+161047
2013;53;53;116;+543300;+181600;+543333;+181614
2020;2;202;1;+495700;+044900;+495722;+044959
2024;5;5;9;+424900;+115400;+424916;+115410
2005;51;51;15;+464900;+162400;+464924;+162417
2015;1;1;24;+474100;+072800;+474133;+072806
2019;4;3604;1404;+510700;+143300;+510714;+143303
2003;51;51;11;+472000;+210500;+472020;+210544
2000;8;8;11;+561700;+082500;+561726;+082535
2024;58;58;2251;+501700;+162300;+501737;+162327
2003;53;53;614;+510000;+190300;+510010;+190340
2008;5;5;3;+382500;+161000;+382538;+161047
2003;53;53;209;+533500;+231600;+533500;+231645
2019;53;53;623;+503000;+225600;+503057;+225623
2018;4;3604;1403;+504900;+140500;+504986;+140569
1998;2;202;7;+493100;+053400;+493152;+053417
2021;50;50;19;+472800;+082100;+472842;+082155
2019;59;59;2;+593400;+260700;+593442;+260757
2006;4;3004;307;+525400;+075100;+525428;+075133
2012;4;3004;610;+493800;+085000;+493837;+085013
2019;54;54;212;+485700;+192300;+485717;+192320
2015;1;1;22;+492300;+021800;+492351;+021800
1991;4;3004;305;+514500;+093400;+514553;+093447
2000;58;58;551;+492700;+154600;+492723;+154639
2016;67;67;1;+450900;+194800;+450926;+194839
1997;1;1;28;+480100;+060200;+480136;+060224
2010;4;2904;923;+481700;+110400;+481724;+110419
2013;51;51;20;+475300;+195700;+475335;+195709
2020;2;202;9;+504000;+043600;+504050;+043611
2013;53;53;109;+530700;+160200;+530740;+160240
2015;1;1;38;+433800;+025500;+433814;+025516
2019;53;53;405;+520100;+210600;+520100;+210600
2013;53;53;202;+541700;+230000;+541700;+230020
2015;4;3604;1401;+502500;+123200;+502541;+123200
1998;53;53;607;+511200;+212300;+511220;+212320
2015;1;1;19;+485200;+062900;+485218;+062902
2002;5;5;7;+454900;+131000;+454958;+131004
2009;51;51;19;+465600;+193200;+465639;+193257
1998;53;53;615;+501200;+192400;+501202;+192438
2004;54;54;206;+483700;+190200;+483756;+190244
2001;59;59;1;+593300;+260200;+593342;+260246
1999;50;50;16;+470900;+090400;+470954;+090401
2011;5;5;25;+425200;+104600;+425212;+104634
2005;4;3004;303;+515100;+102500;+515136;+102503
1995;1;1;90;+442900;+062700;+442925;+062733
2008;53;53;819;+492700;+195900;+492733;+195927
2014;4;3604;1402;+503800;+131800;+503820;+131804
2012;5;5;9;+424900;+115400;+424916;+115410
2015;1;1;71;+414500;+091200;+414508;+091223
2015;55;55;19;+602200;+110400;+602219;+110439
2010;55;55;9;+592700;+095200;+592702;+095201
2024;5;5;5;+444300;+101200;+444306;+101213
2005;5;5;21;+415400;+142100;+415409;+142100
1998;15;15;9;+645800;+262300;+645800;+262300
2003;4;2704;1206;+520800;+140000;+520817;+140042
2024;4;3004;1503;+523400;+111100;+523446;+111109
2000;1;1;56;+475000;-033200;+475016;-033234
2006;4;2904;901;+492400;+111900;+492449;+111918
2004;4;2704;1205;+514700;+133300;+514754;+133350
2008;53;53;326;+522900;+193600;+522900;+193600
2011;4;3004;303;+515100;+102500;+515136;+102503
1997;7;7;6;+521800;-083700;+521811;-083750
2015;1;1;6;+501000;+034500;+501016;+034516
2012;5;5;14;+392000;+083400;+392056;+083408
2003;53;53;203;+541600;+225000;+541640;+225000
2015;4;3004;305;+514500;+093400;+514553;+093447
2010;4;2804;852;+492800;+084400;+492804;+084439
1995;1;1;54;+471100;+061600;+471131;+061641
2015;1;1;96;+452500;+060700;+452517;+060753
2000;4;2804;806;+480100;+075800;+480119;+075807
2013;5;5;3;+382500;+161000;+382538;+161047
2003;53;53;509;+503200;+174200;+503220;+174240
2005;1;1;5;+490100;+054600;+490121;+054601
2008;4;2904;919;+482400;+113900;+482430;+113924
2003;53;53;612;+503000;+232800;+503002;+232810
2008;53;53;510;+503600;+174100;+503640;+174130
2018;67;67;1;+450900;+194800;+450926;+194839
2005;51;51;11;+472000;+210500;+472020;+210544
2012;4;3604;1403;+504900;+140500;+504951;+140542
2005;4;2904;904;+473400;+125600;+473436;+125631
1994;1;1;97;+465000;+054700;+465033;+054718
2000;1;1;27;+463700;+002900;+463738;+002944
1998;53;53;321;+523800;+173900;+523840;+173920
2012;4;2704;1201;+530600;+122500;+530604;+122543
2007;4;2704;1103;+522500;+133600;+522557;+133654
2000;13;13;1114;+561000;+130900;+561037;+130909
2024;4;3004;307;+525400;+075100;+525428;+075133
2009;5;5;8;+462900;+133500;+462928;+133536
2002;4;2904;906;+480700;+115500;+480721;+115502
2007;4;3004;605;+503400;+081200;+503409;+081233
2015;1;1;34;+430600;-000600;+430600;-000625
2007;51;51;10;+472000;+210500;+472029;+210542
2021;4;3004;307;+525400;+075100;+525428;+075133
2008;53;53;413;+512600;+224600;+512630;+224640
2009;59;59;7;+574200;+263100;+574202;+263103
2013;53;53;708;+501400;+164700;+501430;+164700
2017;51;51;18;+465700;+193300;+465757;+193318
2016;4;3704;1606;+512000;+105200;+512011;+105200
2009;58;58;2211;+505000;+152000;+505012;+152011
2009;5;5;16;+433000;+102600;+433034;+102619
1998;53;53;416;+512900;+232100;+512906;+232152
2006;4;2904;913;+485500;+114500;+485545;+114540
2004;4;2904;901;+492400;+111900;+492449;+111918
2019;53;53;609;+511000;+215200;+511020;+215224
2017;4;2704;1103;+522500;+133600;+522557;+133654
2013;53;53;619;+504300;+201800;+504306;+201802
1998;53;53;316;+522100;+154800;+522105;+154849
2004;5;5;4;+402500;+152600;+402558;+152610
2019;54;54;207;+491000;+201400;+491049;+201430
2000;13;13;7403;+643000;+172400;+643045;+172427
2024;58;58;2151;+490000;+144800;+490015;+144857
2007;5;5;4;+402500;+152600;+402558;+152610
2009;15;15;11;+615100;+241800;+615106;+241833
2009;54;54;210;+492900;+183400;+492954;+183404
2005;1;1;89;+475600;+034300;+475657;+034305
2003;4;2704;1202;+530800;+125700;+530805;+125754
1998;53;53;324;+513100;+181500;+513150;+181500
1999;4;3604;1404;+510700;+143300;+510709;+143306
2018;4;3004;305;+514500;+093400;+514553;+093447
2000;5;5;12;+454000;+080400;+454055;+080402
2008;53;53;320;+514800;+163000;+514830;+163050
2017;4;2804;802;+492700;+084500;+492742;+084514
2006;5;5;23;+455700;+100700;+455726;+100753
2005;4;3104;1302;+534000;+120300;+534029;+120331
2003;55;55;16;+643900;+121600;+643902;+121641
2024;5;5;25;+425200;+104600;+425212;+104634
2019;53;53;417;+511400;+233000;+511415;+233045
2009;4;2904;908;+494500;+122300;+494547;+122348
1996;4;3004;301;+525000;+101500;+525022;+101559
1995;1;1;23;+483100;+004000;+483123;+004048
2014;4;3104;1302;+534000;+120300;+534029;+120331
2006;59;59;2;+593400;+260700;+593442;+260757
2013;67;67;5;+434500;+192900;+434527;+192900
2001;4;2804;809;+483600;+083800;+483608;+083828
2000;1;1;46;+454800;+014800;+454800;+014855
2013;53;53;322;+514600;+173400;+514603;+173431
2007;51;51;12;+473900;+162900;+473920;+162903
2000;13;13;6402;+582200;+120500;+582218;+120520
2000;58;58;561;+491500;+154200;+491552;+154201
2012;4;2704;1102;+522800;+131300;+522820;+131336
2019;4;3004;301;+525000;+101500;+525022;+101559
1988;2;102;13;+504200;+041800;+504222;+041807
2015;2;202;6;+500300;+051300;+500310;+051317
2019;53;53;120;+540900;+201000;+540901;+201001
2008;53;53;803;+495100;+223600;+495158;+223619
2024;4;3004;304;+514500;+093400;+514541;+093441
2005;1;1;13;+471500;+020700;+471517;+020729
2008;4;2904;906;+480700;+115500;+480721;+115502
2019;5;5;5;+444300;+101200;+444306;+101213
2000;1;1;21;+465800;+033900;+465813;+033939
2015;1;1;12;+481700;+042700;+481754;+042736
2000;4;2904;911;+485800;+125200;+485834;+125252
2019;53;53;315;+515200;+153200;+515257;+153212
2005;5;5;6;+440600;+110700;+440631;+110700
2013;53;53;304;+532900;+162300;+532930;+162300
2019;53;53;323;+515700;+171200;+515750;+171220
2009;5;5;12;+454000;+080400;+454055;+080402
1999;8;8;12;+561700;+082500;+561725;+082542
2017;4;3604;1404;+510700;+143300;+510714;+143303
2010;1;1;24;+474100;+072800;+474133;+072806
2008;53;53;205;+533900;+200900;+533900;+200900
2015;4;2904;909;+495800;+114800;+495824;+114815
2014;59;59;9;+581600;+262700;+581625;+262732
2003;4;2704;1201;+530600;+122500;+530604;+122543
2000;4;2904;917;+482400;+103200;+482445;+103229
1993;4;3004;305;+514500;+093400;+514553;+093447
2009;51;51;15;+464900;+162400;+464924;+162417
1995;1;1;50;+440700;+054800;+440752;+054800
2013;53;53;604;+510500;+200900;+510510;+200930
2005;4;3004;302;+515100;+102400;+515123;+102447
2015;51;51;18;+465700;+193300;+465757;+193318
2005;1;1;63;+430900;-003900;+430901;-003929
2005;4;3604;1405;+511400;+134900;+511431;+134908
2009;55;55;18;+624700;+085300;+624704;+085334
1995;1;1;34;+430600;-000600;+430600;-000625
2010;1;1;37;+495600;+044800;+495651;+044835
1999;8;8;32;+555700;+122100;+555722;+122113
2015;1;1;99;+452600;+033100;+452651;+033139
2014;5;5;9;+424900;+115400;+424916;+115410
2011;4;3004;1501;+523400;+111000;+523451;+111017
1998;53;53;302;+534900;+175100;+534929;+175132
2008;5;5;1;+415000;+133500;+415051;+133523
2000;4;2904;919;+482400;+113900;+482430;+113924
1998;4;3004;307;+525400;+075100;+525428;+075133
2003;53;53;410;+531100;+210500;+531101;+210501
1994;4;3004;307;+525400;+075100;+525428;+075133
2001;4;3604;1404;+510700;+143300;+510709;+143306
2004;4;2704;1201;+530600;+122500;+530604;+122543
2020;5;5;1;+415000;+133500;+415051;+133523
2015;1;1;8;+475200;+061200;+475214;+061241
2015;1;1;60;+483800;+060400;+483857;+060404
2005;51;51;10;+472000;+210500;+472029;+210542
1998;15;15;25;+620300;+242200;+620325;+242241
2003;15;15;14;+603800;+260500;+603810;+260543
2012;5;5;17;+462100;+112900;+462141;+112934
1995;1;1;84;+485100;+074200;+485101;+074239
2013;4;3004;305;+514500;+093400;+514553;+093447
2012;4;3004;308;+531000;+095400;+531040;+095409
2011;4;3004;307;+525400;+075100;+525428;+075133
2014;58;58;2061;+494400;+125100;+494431;+125141
2000;1;1;79;+473900;+020500;+473914;+020541
1998;53;53;312;+524800;+162500;+524840;+162530
2009;15;15;33;+614900;+291800;+614901;+291843
2001;5;5;16;+433000;+102600;+433034;+102619
2002;15;15;13;+603700;+235000;+603700;+235000
2009;15;15;10;+615200;+241300;+615200;+241300
2008;4;3004;101;+540500;+101400;+540554;+101427
2005;1;1;8;+475200;+061200;+475214;+061241
2019;58;58;2211;+505000;+152000;+505012;+152011
2015;4;2904;911;+485800;+125200;+485834;+125252
2012;5;5;19;+454300;+065500;+454326;+065555
2003;53;53;316;+522100;+154800;+522105;+154849
1997;50;50;7;+461300;+061700;+461347;+061727
2005;1;1;3;+434400;-005000;+434419;-005032
1994;1;1;89;+475600;+034300;+475657;+034305
2007;51;51;3;+475100;+195800;+475146;+195801
1998;15;15;31;+662000;+263800;+662009;+263834
2007;4;3004;603;+504200;+085300;+504257;+085340
2020;4;3604;1405;+511400;+134900;+511454;+134909
1998;15;15;17;+614800;+291900;+614849;+291909
2008;53;53;622;+502800;+220700;+502827;+220756
2013;4;3604;1402;+503800;+131800;+503820;+131804
2015;1;1;63;+430900;-003900;+430901;-003929
2015;1;1;53;+474800;+045100;+474850;+045118
1996;50;50;12;+460100;+085000;+460121;+085002
2005;51;51;2;+475300;+195700;+475338;+195705
1998;53;53;705;+501600;+163800;+501650;+163800
1994;1;1;60;+483800;+060400;+483857;+060404
1999;4;2704;1204;+521100;+123300;+521130;+123336
2013;51;51;17;+463500;+164400;+463550;+164434
2017;4;2704;1202;+530800;+125700;+530805;+125754
2004;54;54;204;+483800;+193200;+483824;+193222
2023;5;5;5;+444300;+101200;+444306;+101213
1994;1;1;8;+475200;+061200;+475214;+061241
2015;1;1;30;+482700;+024300;+482714;+024302
2000;1;1;3;+434400;-005000;+434419;-005032
1995;1;1;83;+452400;+034100;+452421;+034144
1999;4;3004;304;+514500;+093400;+514541;+093441
1996;2;102;20;+505600;+053600;+505619;+053624
1994;1;1;78;+481200;-013300;+481204;-013317
2023;4;3604;1406;+511100;+124900;+511104;+124944
2019;53;53;402;+524300;+203600;+524330;+203600
2011;67;67;3;+452700;+191000;+452717;+191028
2014;59;59;3;+580300;+260600;+580329;+260653
2022;4;3604;1403;+504900;+140500;+504986;+140569
1999;4;3004;307;+525400;+075100;+525428;+075133
2013;53;53;413;+512600;+224600;+512630;+224640
2013;53;53;107;+524400;+145200;+524445;+145220
2019;53;53;509;+503200;+174200;+503220;+174240
2007;5;5;7;+454900;+131000;+454958;+131004
2010;1;1;20;+490000;+072700;+490059;+072745
2016;4;3704;1605;+503600;+104700;+503659;+104729
2013;4;3004;306;+513100;+100200;+513142;+100248
2019;53;53;705;+501600;+163800;+501650;+163800
2017;8;8;34;+555700;+122100;+555726;+122117
2000;5;5;20;+460300;+120100;+460326;+120156
2016;4;3104;1303;+533800;+135600;+533821;+135630
1999;8;8;22;+550800;+085300;+550831;+085305
2008;53;53;513;+503500;+182700;+503500;+182730
2020;4;2904;905;+490700;+103500;+490700;+103520
2009;4;3204;506;+510100;+081100;+510115;+081104
2017;2;102;20;+505600;+053600;+505619;+053624
2005;1;1;14;+470400;+050400;+470458;+050430
2017;51;51;16;+464900;+162400;+464920;+162415
2008;4;2904;913;+485500;+114500;+485545;+114540
1998;15;15;24;+622700;+213100;+622758;+213123
2019;53;53;304;+532900;+162300;+532930;+162300
2009;9;9;1;+385000;+211800;+385046;+211818
2009;4;3204;502;+514300;+061000;+514348;+061021
2014;15;15;35;+605500;+271400;+605500;+271400
2000;1;1;98;+483600;+070800;+483636;+070802
2010;4;3004;306;+513100;+100200;+513142;+100248
2003;50;50;9;+461600;+072600;+461606;+072609
2010;1;1;28;+480100;+060200;+480136;+060224
1999;4;2704;1203;+525800;+133800;+525825;+133838
2013;53;53;503;+511800;+152500;+511850;+152530
2003;4;3004;602;+502500;+094000;+502532;+094031
2008;4;3604;1405;+511400;+134900;+511431;+134908
1997;59;59;1;+593300;+260200;+593342;+260246
2010;13;13;6853;+593400;+145000;+593409;+145058
2009;53;53;513;+503500;+182700;+503500;+182730
1999;15;15;12;+603900;+234800;+603900;+234800
2022;2;102;21;+504400;+042400;+504445;+042447
1998;53;53;817;+492900;+213700;+492920;+213700
1995;1;1;92;+425100;+012000;+425152;+012043
1991;4;3004;303;+515100;+102500;+515136;+102503
2003;4;3004;603;+504200;+085300;+504257;+085340
2007;2;102;14;+512400;+050300;+512407;+050315
2006;58;58;521;+500200;+123700;+500236;+123730
2005;5;5;12;+454000;+080400;+454055;+080402
2009;51;51;20;+475300;+195700;+475335;+195709
2019;53;53;706;+501900;+162500;+501940;+162530
2019;53;53;703;+510300;+155200;+510310;+155250
2003;53;53;326;+522900;+193600;+522900;+193600
2005;1;1;32;+432600;+024200;+432654;+024256
1999;64;64;4;+571000;+254200;+571026;+254224
2014;53;53;414;+540900;+170700;+540930;+170720
2007;51;51;15;+464900;+162400;+464924;+162417
2024;4;3004;301;+525000;+101500;+525022;+101559
2003;15;15;13;+603700;+235000;+603700;+235000
2013;53;53;626;+500400;+204800;+500421;+204846
2013;53;53;115;+543200;+175400;+543230;+175447
2000;1;1;71;+414500;+091200;+414508;+091223
1996;4;2804;803;+475900;+085900;+475950;+085938
2020;63;63;1;+424600;+234500;+424612;+234536
2010;4;3004;604;+500900;+092300;+500910;+092345
1997;1;1;56;+475000;-033200;+475016;-033234
2014;54;54;210;+492900;+183400;+492954;+183404
2014;5;5;7;+454900;+131000;+454958;+131004
2010;67;67;2;+431700;+204800;+431730;+204850
2015;4;2904;905;+490700;+103500;+490700;+103520
2003;53;53;609;+511000;+215200;+511020;+215224
2017;4;2804;819;+483500;+083700;+483532;+083757
2003;15;15;21;+661800;+292900;+661811;+292951
2010;13;13;6451;+580300;+120100;+580330;+120123
2017;2;102;15;+511800;+043100;+511828;+043111
2000;1;1;61;+491000;+050000;+491015;+050017
2010;1;1;67;+480600;+061400;+480621;+061450
2013;53;53;623;+503000;+225600;+503057;+225623
2017;4;3004;1501;+523400;+111000;+523451;+111017
1998;4;3304;706;+490100;+080700;+490116;+080749
2019;53;53;411;+524600;+224000;+524625;+224050
2013;4;3004;302;+515100;+102400;+515123;+102447
2001;4;2904;901;+492400;+111900;+492449;+111918
2008;53;53;504;+512100;+163000;+512120;+163040
2019;53;53;513;+503500;+182700;+503500;+182730
2009;64;64;5;+564400;+234100;+564436;+234144
2001;51;51;11;+472000;+210500;+472020;+210544
2017;4;2704;1201;+530600;+122500;+530604;+122543
1995;1;1;82;+483600;-003000;+483654;-003025
2006;5;5;14;+392000;+083400;+392056;+083408
2001;4;3604;1403;+504900;+140500;+504951;+140542
2008;53;53;206;+534000;+212600;+534001;+212601
2024;4;3004;303;+515100;+102500;+515136;+102503
2019;51;51;19;+465600;+193200;+465639;+193257
1998;15;15;6;+662100;+264300;+662149;+264347
2003;53;53;306;+533600;+165700;+533620;+165701
2014;5;5;31;+451200;+104400;+451203;+104408
2010;1;1;6;+501000;+034500;+501016;+034516
2016;4;3704;1608;+505600;+110100;+505621;+110147
1998;53;53;120;+540900;+201000;+540901;+201001
2000;13;13;5605;+572700;+134200;+572742;+134203
2003;53;53;201;+535100;+203200;+535150;+203250
2014;4;3104;1303;+533800;+135600;+533821;+135630
2005;1;1;87;+484100;+014300;+484137;+014358
2011;5;5;1;+415000;+133500;+415051;+133523
2020;5;5;11;+431700;+130400;+431738;+130424
2015;1;1;1;+482000;+041800;+482051;+041817
2010;5;5;25;+425200;+104600;+425212;+104634
2003;2;202;9;+504000;+043600;+504050;+043611
2010;4;3004;308;+531000;+095400;+531040;+095409
2005;1;1;82;+483600;-003000;+483654;-003025
2013;53;53;808;+492700;+221700;+492730;+221701
2003;53;53;302;+534900;+175100;+534929;+175132
2007;5;5;11;+431700;+130400;+431738;+130424
2009;4;2904;901;+492400;+111900;+492449;+111918
1998;8;8;23;+550800;+085300;+550829;+085310
2019;58;58;2181;+503800;+143600;+503821;+143655
2003;53;53;213;+525100;+234000;+525105;+234030
2000;13;13;6108;+561000;+141400;+561033;+141458
2011;5;5;27;+463500;+112600;+463516;+112604
1995;1;1;4;+472700;-000100;+472722;-000152
2017;2;102;12;+504700;+044200;+504742;+044220
2012;4;3004;301;+525000;+101500;+525022;+101559
2000;4;2904;915;+475200;+104700;+475244;+104746
2019;53;53;816;+492000;+205000;+492049;+205005
1998;4;3604;1402;+503800;+131800;+503820;+131808
2007;4;3004;610;+493800;+085000;+493837;+085013
2003;53;53;121;+535900;+192600;+535901;+192601
2021;4;3604;1401;+502500;+123200;+502541;+123200
2022;4;2704;1203;+525800;+133800;+525825;+133838
2012;5;5;20;+460300;+120100;+460326;+120156
2011;5;5;30;+461900;+081600;+461958;+081650
2019;4;3104;1302;+534000;+120300;+534029;+120331
1998;15;15;4;+672000;+263800;+672010;+263842
2010;4;2804;819;+483500;+083800;+483538;+083847
2013;53;53;204;+542000;+222100;+542010;+222120
2013;53;53;622;+502800;+220700;+502827;+220756
2005;1;1;28;+480100;+060200;+480136;+060224
2000;15;15;12;+603900;+234800;+603900;+234800
2010;13;13;7452;+640200;+185500;+640206;+185516
1997;50;50;12;+460100;+085000;+460121;+085002
2000;1;1;10;+461000;+051400;+461017;+051422
2013;53;53;212;+524000;+234300;+524030;+234320
2005;4;2904;917;+482400;+103200;+482445;+103229
2015;4;3004;306;+513100;+100200;+513142;+100248
2003;2;102;20;+505600;+053600;+505619;+053624
2002;2;102;12;+504700;+044200;+504742;+044220
1997;58;58;2015;+504400;+153200;+504406;+153224
2014;15;15;21;+661800;+292900;+661811;+292951
2023;5;5;31;+451200;+104400;+451203;+104408
2018;4;3004;302;+515100;+102400;+515123;+102447
2003;15;15;28;+600200;+230200;+600211;+230227
2019;53;53;805;+493700;+222800;+493750;+222850
2011;5;5;22;+411400;+130500;+411414;+130500
1997;50;50;5;+462600;+084800;+462648;+084843
1996;4;2804;804;+481700;+083900;+481749;+083946
2000;4;2904;920;+502700;+112100;+502754;+112112
1999;4;2904;908;+494500;+122300;+494547;+122348
1999;4;3604;1403;+504900;+140500;+504951;+140542
2013;4;3604;1405;+511400;+134900;+511454;+134909
2017;2;102;17;+505900;+041200;+505946;+041219
2000;5;5;16;+433000;+102600;+433034;+102619
2019;5;5;9;+424900;+115400;+424916;+115410
2013;4;3004;304;+514500;+093400;+514541;+093441
2009;15;15;19;+611400;+250300;+611434;+250355
2019;15;15;11;+615100;+241800;+615106;+241833
2020;4;3004;604;+500900;+092300;+500910;+092345
2009;53;53;804;+493900;+222900;+493930;+222930
1996;9;9;4;+385200;+215200;+385229;+215202
2013;51;51;15;+464900;+162400;+464924;+162417
2005;1;1;33;+483400;-000400;+483429;-000405
1998;53;53;104;+531100;+142900;+531100;+142937
1998;53;53;110;+534600;+152900;+534610;+152915
2012;4;3004;1502;+520300;+121800;+520314;+121841
2003;53;53;804;+493900;+222900;+493930;+222930
2003;51;51;3;+475100;+195800;+475146;+195801
2008;5;5;5;+444300;+101200;+444306;+101213
2019;53;53;412;+522000;+223900;+522038;+223918
1999;4;3604;1401;+502500;+123200;+502523;+123203
2003;53;53;819;+492700;+195900;+492733;+195927
2024;4;3004;609;+504100;+083800;+504101;+083840
2023;4;3004;606;+512200;+091600;+512216;+091604
2005;4;3004;307;+525400;+075100;+525428;+075133
2009;4;2704;1202;+530800;+125700;+530805;+125754
2003;53;53;615;+501200;+192400;+501202;+192438
2019;53;53;619;+504300;+201800;+504306;+201802
2003;51;51;12;+473900;+162900;+473920;+162903
2006;59;59;8;+593100;+262400;+593144;+262408
2020;5;5;9;+424900;+115400;+424916;+115410
2014;15;15;1;+693500;+285300;+693502;+285338
2016;4;3604;1405;+511400;+134900;+511454;+134909
2017;4;3004;101;+540500;+101400;+540554;+101427
1992;2;102;22;+505800;+034800;+505833;+034816
2003;53;53;624;+502500;+224500;+502515;+224501
2018;4;3004;609;+504100;+083800;+504101;+083840
2019;53;53;702;+505100;+153100;+505110;+153120
2008;53;53;616;+502100;+192100;+502153;+192145
2003;53;53;204;+542000;+222100;+542010;+222120
2000;1;1;38;+433800;+025500;+433814;+025516
2006;4;2904;911;+485800;+125200;+485834;+125252
2007;51;51;13;+473900;+163100;+473957;+163104
1998;53;53;618;+504200;+191300;+504220;+191338
2008;53;53;412;+522900;+193600;+522900;+193600
2015;1;1;62;+491900;+025200;+491927;+025234
2011;51;51;20;+475300;+195700;+475335;+195709
1998;15;15;12;+603900;+234800;+603900;+234800
1996;1;1;55;+445500;+051700;+445504;+051746
2014;58;58;521;+500200;+123700;+500236;+123730
2008;53;53;506;+503800;+165600;+503830;+165630
2000;4;2904;916;+473400;+102300;+473428;+102307
1997;59;59;7;+574200;+263100;+574202;+263103
1999;5;5;2;+403600;+155200;+403638;+155225
1999;4;3604;1402;+503800;+131800;+503820;+131808
2009;53;53;801;+494000;+185800;+494002;+185850
2017;4;3104;1302;+534000;+120300;+534029;+120331
2003;2;202;6;+500300;+051300;+500310;+051317
2000;4;3604;1404;+510700;+143300;+510709;+143306
1994;1;1;44;+461300;+062000;+461342;+062058
2000;1;1;54;+471100;+061600;+471131;+061641
2022;4;3004;1502;+520300;+121800;+520314;+121841
2000;1;1;17;+473400;+011500;+473409;+011536
1996;2;102;21;+504400;+042400;+504445;+042447
2001;4;2704;1102;+522800;+131300;+522820;+131336
2005;5;5;28;+442400;+092700;+442410;+092730
1994;1;1;36;+470500;+040500;+470535;+040510
2019;53;53;320;+514800;+163000;+514830;+163050
2003;4;2904;906;+480700;+115500;+480721;+115502
2021;4;2804;812;+484500;+092500;+484532;+092545
2014;5;5;20;+460300;+120100;+460326;+120156
2012;2;102;19;+511000;+051900;+511029;+051958
2006;5;5;3;+382500;+161000;+382538;+161047
2005;58;58;521;+500200;+123700;+500236;+123730
2002;4;3104;1303;+533800;+135600;+533821;+135630
1999;53;53;414;+520200;+224300;+520258;+224347
2003;53;53;304;+532900;+162300;+532930;+162300
2014;59;59;8;+593100;+262400;+593144;+262408
2005;4;2904;901;+492400;+111900;+492449;+111918
2020;4;3604;1406;+511100;+124900;+511104;+124944
2013;53;53;111;+544000;+175900;+544057;+175917
2000;5;5;10;+461400;+093300;+461416;+093316
2015;4;3604;1403;+504900;+140500;+504986;+140569
2014;4;3004;609;+504100;+083800;+504101;+083840
2008;53;53;612;+503000;+232800;+503002;+232810
1998;15;15;8;+662000;+292100;+662000;+292100
1995;1;1;28;+480100;+060200;+480136;+060224
2000;4;2804;802;+492700;+084500;+492734;+084519
2008;53;53;123;+532700;+192500;+532732;+192552
1998;4;2704;1204;+521100;+123300;+521130;+123336
2019;51;51;3;+475100;+195800;+475146;+195801
2003;5;5;11;+431700;+130400;+431738;+130424
2000;5;5;18;+432700;+122700;+432757;+122757
1999;55;55;7;+611700;+115100;+611703;+115110
2002;4;2904;901;+492400;+111900;+492449;+111918
2004;5;5;10;+461400;+093300;+461416;+093316
2003;53;53;305;+531800;+165000;+531850;+165000
